Nama,ID Produk,Rentang GMV,Status daftar produk,GMV,GMV dari LIVE penjual,GMV LIVE penjual,GMV tidak langsung dari LIVE penjual,GMV dari video penjual,GMV video penjual,GMV tidak langsung dari video penjual,GMV dari kreator,GMV dari LIVE kreator,GMV LIVE afiliasi,GMV tidak langsung dari LIVE kreator,GMV dari video afiliasi,GMV video Afiliasi,GMV tidak langsung dari video kreator,GMV kartu produk penjual,Pesanan,Pesanan SKU,Produk terjual,Est. pembeli,AOV (pesanan SKU),Impresi produk,Klik produk,CTR,Jumlah tambahkan ke keranjang,Persentase tambahkan ke keranjang,CTOR (pesanan SKU),Impresi produk unik,Klik unik,CTR unik,Pembeli yang menambahkan ke keranjang,Persentase ATC unik,CTOR unik (pesanan SKU),GMV dengan pajak,Pajak,GMV (dengan subsidi dari TikTok),Shipping fees,Pengembalian dana,Produk yang dikembalikan dananya,Pembeli yang dikembalikan dananya,Impresi produk tab Toko,Klik produk tab Toko,Klik produk tab Toko unik,Est. pembeli tab Toko,CTR tab Toko,CTOR tab Toko (SKU),GMV tab Toko,Produk terjual dari tab Toko,Perolehan GMV,GMV.1,GMV tidak langsung,Pesanan teratribusi,Pesanan SKU teratribusi,Pesanan SKU.1,Pesanan SKU tidak langsung,Produk terjual dengan atribusi,Produk terjual.1,Produk yang terjual secara tidak langsung,Est. pembeli.1,AOV (pesanan SKU teratribusi),Jumlah LIVE baru,Impresi produk.1,Klik produk.1,CTR.1,Jumlah tambahkan ke keranjang.1,Persentase tambahkan ke keranjang.1,CTOR (pesanan SKU).1,Impresi produk unik.1,Klik unik.1,CTR unik.1,Pembeli yang menambahkan ke keranjang.1,Persentase ATC unik.1,CTOR unik (pesanan SKU).1,Perolehan GMV.1,GMV.2,GMV tidak langsung.1,Pesanan teratribusi.1,Pesanan SKU teratribusi.1,Pesanan SKU.2,Pesanan SKU tidak langsung.1,Produk terjual dengan atribusi.1,Produk terjual.2,Produk yang terjual secara tidak langsung.1,Est. pembeli.2,AOV (pesanan SKU teratribusi).1,Jumlah video baru,Impresi produk.2,Klik produk.2,CTR.2,Jumlah tambahkan ke keranjang.2,Persentase tambahkan ke keranjang.2,CTOR (pesanan SKU).2,Impresi produk unik.2,Klik unik.2,CTR unik.2,Pembeli yang menambahkan ke keranjang.2,Persentase ATC unik.2,CTOR unik (pesanan SKU).2,Perolehan GMV.2,GMV dari LIVE,GMV LIVE afiliasi.1,GMV tidak langsung dari LIVE kreator.1,GMV dari video,GMV video Afiliasi.1,GMV tidak langsung dari video kreator.1,Pesanan teratribusi.2,Pesanan SKU teratribusi.2,Produk terjual dengan atribusi.2,Est. pembeli.3,AOV (pesanan SKU teratribusi).2,promoting_creators_metric_name_short_ui,Jumlah LIVE baru.1,Jumlah video baru.1,Impresi produk.3,Klik produk.3,CTR.3,Jumlah tambahkan ke keranjang.3,Persentase tambahkan ke keranjang.3,CTOR (pesanan SKU).3,Impresi produk unik.3,Klik unik.3,CTR unik.3,Pembeli yang menambahkan ke keranjang.3,Persentase ATC unik.3,CTOR unik (pesanan SKU).3,Impresi produk (LIVE),Klik produk (LIVE),CTR (LIVE),Jumlah tambahkan ke keranjang (LIVE),Tambahkan ke keranjang (LIVE),CTOR (pesanan SKU) (LIVE),Impresi produk unik (LIVE),Klik unik (LIVE),CTR unik (LIVE),Pengguna ATC (LIVE),Persentase ATC unik (LIVE),CTOR unik (SKU) (LIVE),Impresi produk (video),Klik produk (video),CTR (video),Jumlah tambahkan ke keranjang (video),Tambahkan ke keranjang (video),CTOR (pesanan SKU) (video),Impresi produk unik (video),Klik unik (video),CTR unik (video),Pengguna ATC (video),Persentase ATC unik (video),CTOR unik (SKU) (video),Perolehan GMV.3,GMV.3,GMV tidak langsung.2,Pesanan teratribusi.3,Pesanan SKU teratribusi.3,Pesanan SKU.3,Pesanan SKU tidak langsung.2,Produk terjual dengan atribusi.3,Produk terjual.3,Produk yang terjual secara tidak langsung.2,Est. pembeli.4,AOV (pesanan SKU teratribusi).3,Impresi produk.4,Klik produk.4,CTR.4,Jumlah tambahkan ke keranjang.4,Persentase tambahkan ke keranjang.4,CTOR (pesanan SKU).4,Impresi produk unik.4,Klik unik.4,CTR unik.4,Pembeli yang menambahkan ke keranjang.4,Persentase ATC unik.4,CTOR unik (pesanan SKU).4
"MIKAYO Paket 6 Mesin Tukang Kayu Japan Tech: Bor 10mm, Gerinda 4in, Serut Kayu, Circular Saw, Profil Router, Jigsaw - Set Lengkap Garansi",1732713633866810877,GMV ≥30rb atau produk terjual ≥1rb,Aktif,Rp1.905.854.672,Rp27.450.988,Rp27.450.988,Rp0,Rp333.322.250,Rp318.697.148,Rp14.625.102,Rp1.497.535.354,Rp752.880.345,Rp746.226.667,Rp6.653.678,Rp721.932.936,Rp704.412.965,Rp17.519.971,Rp43.293.778,865,865,867,840,Rp2.203.300,19109710,366602,1.92%,7500,2.05%,0.24%,14562067,300463,2.06%,5829,1.94%,0.28%,Rp1.905.854.672,Rp0,Rp1.911.150.346,Rp446.354.911,Rp908.784.733,423,418,1127994,15462,12447,67,1.37%,0.45%,Rp149.675.535,70,Rp27.450.988,Rp27.450.988,Rp0,14,14,14,0,14,14,0,14,Rp1.960.785,91,221101,2382,1.08%,46,1.93%,0.59%,147455,1522,1.03%,35,2.30%,0.92%,Rp333.322.250,Rp318.697.148,Rp14.625.102,143,143,138,5,143,138,5,140,Rp2.330.925,5,2269469,56053,2.47%,1229,2.19%,0.26%,1962705,47970,2.44%,820,1.71%,0.29%,Rp1.497.535.354,Rp752.880.345,Rp746.226.667,Rp6.653.678,Rp721.932.936,Rp704.412.965,Rp17.519.971,686,686,688,665,Rp2.182.996,723,584,472,16062553,298112,1.86%,5825,1.95%,0.23%,11094136,234099,2.11%,4688,2.00%,0.28%,8989624,47144,0.52%,2352,4.99%,0.76%,5579862,30722,0.55%,623,2.03%,1.13%,7056492,250542,3.55%,4605,1.84%,0.13%,5640670,204022,3.62%,4064,1.99%,0.15%,Rp43.293.778,Rp43.293.778,Rp0,20,20,20,0,20,20,0,20,Rp2.164.689,556532,10055,1.81%,402,4.00%,0.20%,456658,8367,1.83%,319,3.81%,0.24%
[ PAKET 3 ITEM ] Mesin Profil Router + Planer Serut Kayu + Sirkel Circular Saw Tukang Kayu SET,1729652473327027709,GMV ≥250 atau produk terjual ≥3,Aktif,Rp126.163.127,Rp3.102.505,Rp1.999.585,Rp1.102.920,Rp68.082.427,Rp55.022.217,Rp13.060.210,Rp46.817.672,Rp8.689.674,Rp8.689.674,Rp0,Rp34.042.285,Rp29.084.623,Rp4.957.662,Rp8.160.523,127,127,131,122,Rp993.410,389373,22372,5.75%,520,2.32%,0.57%,271995,16216,5.96%,462,2.85%,0.75%,Rp126.163.127,Rp0,Rp139.903.276,Rp24.302.916,Rp59.222.352,58,54,142848,8562,6255,57,5.99%,0.69%,Rp55.100.037,59,Rp3.102.505,Rp1.999.585,Rp1.102.920,3,3,2,1,3,2,1,3,Rp1.034.168,135,15610,743,4.76%,5,0.67%,0.40%,13024,599,4.60%,5,0.83%,0.50%,Rp68.082.427,Rp55.022.217,Rp13.060.210,71,71,56,15,71,56,15,68,Rp958.907,2,143728,9457,6.58%,236,2.50%,0.75%,106076,7268,6.85%,212,2.92%,0.94%,Rp46.817.672,Rp8.689.674,Rp8.689.674,Rp0,Rp34.042.285,Rp29.084.623,Rp4.957.662,44,44,48,42,Rp1.064.038,152,149,46,130888,7743,5.92%,165,2.13%,0.57%,100561,5836,5.80%,150,2.57%,0.72%,20922,756,3.61%,16,2.12%,1.19%,17166,503,2.93%,13,2.58%,1.59%,106474,6901,6.48%,140,2.03%,0.43%,82194,5288,6.43%,128,2.42%,0.55%,Rp8.160.523,Rp8.160.523,Rp0,9,9,9,0,9,9,0,9,Rp906.725,99146,4429,4.47%,114,2.57%,0.20%,77646,3613,4.65%,107,2.96%,0.25%
Mesin Potong Rumput Gendong Genmaru Tesla BG-328T 2 Tak Portable Brush Cutter Pemotong Rumput BG328T,1730809946766935549,GMV ≥10rb atau produk terjual ≥300,Aktif,Rp101.369.458,Rp756.742,Rp756.742,Rp0,Rp36.553.775,Rp35.485.681,Rp1.068.094,Rp54.242.539,Rp0,Rp0,Rp0,Rp49.805.906,Rp46.413.053,Rp3.392.853,Rp9.816.402,93,93,94,88,Rp1.089.994,376831,26803,7.11%,456,1.70%,0.35%,277551,21291,7.67%,380,1.78%,0.41%,Rp101.369.458,Rp0,Rp107.726.431,Rp18.486.000,Rp28.829.768,29,27,40170,1957,1467,29,4.87%,1.53%,Rp30.544.554,30,Rp756.742,Rp756.742,Rp0,1,1,1,0,1,1,0,1,Rp756.742,19,2097,58,2.77%,0,0.00%,1.72%,1725,41,2.38%,0,0.00%,2.44%,Rp36.553.775,Rp35.485.681,Rp1.068.094,36,36,35,1,36,35,1,34,Rp1.015.383,0,173339,13308,7.68%,218,1.64%,0.27%,133835,11270,8.42%,193,1.71%,0.30%,Rp54.242.539,Rp0,Rp0,Rp0,Rp49.805.906,Rp46.413.053,Rp3.392.853,49,49,50,46,Rp1.106.991,79,81,45,175656,12659,7.21%,225,1.78%,0.39%,131175,9610,7.33%,180,1.87%,0.48%,3954,102,2.58%,3,2.94%,0.00%,2959,80,2.70%,3,3.75%,0.00%,169531,12521,7.39%,221,1.77%,0.36%,127606,9512,7.45%,176,1.85%,0.44%,Rp9.816.402,Rp9.816.402,Rp0,7,7,7,0,7,7,0,7,Rp1.402.343,25712,774,3.01%,15,1.94%,0.90%,19724,599,3.04%,15,2.50%,1.17%
PAKET HEMAT ||  Mesin Bor 10mm dan Gerinda Mikayo Yukido,1729642443690445309,GMV ≥10rb atau produk terjual ≥300,Aktif,Rp100.864.787,Rp4.739.613,Rp4.377.213,Rp362.400,Rp9.113.672,Rp7.738.328,Rp1.375.344,Rp82.172.809,Rp48.367.037,Rp45.605.414,Rp2.761.623,Rp29.419.077,Rp27.102.742,Rp2.316.335,Rp5.156.534,281,281,281,273,Rp358.949,452824,19605,4.33%,652,3.33%,1.43%,340113,14366,4.22%,516,3.59%,1.90%,Rp100.864.787,Rp0,Rp104.056.887,Rp18.131.727,Rp14.114.715,40,40,76496,3383,2476,89,4.42%,2.63%,Rp31.114.759,89,Rp4.739.613,Rp4.377.213,Rp362.400,13,13,12,1,13,12,1,13,Rp364.586,22,25424,567,2.23%,6,1.06%,2.29%,20652,383,1.85%,6,1.57%,3.39%,Rp9.113.672,Rp7.738.328,Rp1.375.344,25,25,21,4,25,21,4,25,Rp364.547,0,15775,951,6.03%,70,7.36%,2.63%,8945,554,6.19%,45,8.12%,4.51%,Rp82.172.809,Rp48.367.037,Rp45.605.414,Rp2.761.623,Rp29.419.077,Rp27.102.742,Rp2.316.335,229,229,229,221,Rp358.833,187,248,69,367618,16146,4.39%,471,2.92%,1.42%,238118,10993,4.62%,384,3.49%,2.01%,287684,8802,3.06%,213,2.42%,1.52%,188186,6027,3.20%,180,2.99%,2.14%,77488,7295,9.41%,254,3.48%,1.12%,52016,5070,9.75%,204,4.02%,1.56%,Rp5.156.534,Rp5.156.534,Rp0,15,15,15,0,15,15,0,15,Rp343.769,43980,1938,4.41%,106,5.47%,0.77%,32088,1380,4.30%,85,6.16%,1.09%
Mesin Router Kayu Besar 2 Tangan Wood Trimmer Profesional Profil Besar Naik Turun 12mm MIKAYO,1731706486487549437,GMV ≥250 atau produk terjual ≥3,Aktif,Rp99.635.826,Rp0,Rp0,Rp0,Rp16.919.168,Rp15.297.154,Rp1.622.014,Rp80.511.863,Rp1.895.290,Rp1.895.290,Rp0,Rp75.643.367,Rp68.465.409,Rp7.177.958,Rp2.204.795,150,150,151,147,Rp664.239,419690,27497,6.55%,540,1.96%,0.55%,261434,19632,7.51%,454,2.31%,0.75%,Rp99.635.826,Rp0,Rp114.176.743,Rp20.595.174,Rp33.240.243,47,46,101655,5332,3973,54,5.25%,1.01%,Rp34.174.891,55,Rp0,Rp0,Rp0,0,0,0,0,0,0,0,0,Rp0,48,2053,64,3.12%,0,0.00%,0.00%,1751,54,3.08%,0,0.00%,0.00%,Rp16.919.168,Rp15.297.154,Rp1.622.014,25,25,22,3,25,22,3,25,Rp676.767,2,95658,4809,5.03%,89,1.85%,0.52%,76663,4083,5.33%,81,1.98%,0.61%,Rp80.511.863,Rp1.895.290,Rp1.895.290,Rp0,Rp75.643.367,Rp68.465.409,Rp7.177.958,121,121,122,118,Rp665.387,262,296,41,273702,21056,7.69%,413,1.96%,0.57%,170878,15317,8.96%,358,2.34%,0.77%,13426,270,2.01%,8,2.96%,1.11%,11205,214,1.91%,6,2.80%,1.40%,258480,20731,8.02%,404,1.95%,0.55%,159357,15100,9.48%,352,2.33%,0.74%,Rp2.204.795,Rp2.204.795,Rp0,4,4,4,0,4,4,0,4,Rp551.199,48280,1568,3.25%,38,2.42%,0.26%,35343,1280,3.62%,35,2.73%,0.31%
Paket Hemat 3 Item Mesin Bor Gerinda Set Cover dengan Mesin Las Mikayo 450Watt,1730458857197766141,produk terjual ≥1,Aktif,Rp94.018.843,Rp4.120.037,Rp4.120.037,Rp0,Rp42.931.633,Rp38.503.269,Rp4.428.364,Rp43.341.626,Rp2.468.370,Rp2.468.370,Rp0,Rp37.845.749,Rp27.459.206,Rp10.386.543,Rp3.625.547,111,111,111,103,Rp847.017,374562,22093,5.90%,960,4.35%,0.50%,274745,17457,6.35%,824,4.72%,0.59%,Rp94.018.843,Rp0,Rp105.448.851,Rp16.838.004,Rp54.215.369,60,58,63229,3170,2294,35,5.01%,1.20%,Rp31.107.168,38,Rp4.120.037,Rp4.120.037,Rp0,5,5,5,0,5,5,0,3,Rp824.007,43,2750,85,3.09%,1,1.18%,5.88%,2049,61,2.98%,1,1.64%,4.92%,Rp42.931.633,Rp38.503.269,Rp4.428.364,50,50,44,6,50,44,6,47,Rp858.633,4,197012,12321,6.25%,559,4.54%,0.41%,160129,10344,6.46%,489,4.73%,0.45%,Rp43.341.626,Rp2.468.370,Rp2.468.370,Rp0,Rp37.845.749,Rp27.459.206,Rp10.386.543,52,52,52,51,Rp833.493,50,31,27,125472,8064,6.43%,337,4.18%,0.64%,95898,6672,6.96%,292,4.38%,0.76%,9177,117,1.27%,4,3.42%,2.56%,5292,99,1.87%,3,3.03%,3.03%,112769,7836,6.95%,328,4.19%,0.57%,89653,6551,7.31%,286,4.37%,0.67%,Rp3.625.547,Rp3.625.547,Rp0,4,4,4,0,4,4,0,4,Rp906.387,49320,1623,3.29%,63,3.88%,0.25%,39399,1223,3.10%,58,4.74%,0.33%
MESIN LAS 450WATT 120A MESIN LAS MMA TRAVO INVERTER WELDER 450W LENGKAP,1730458751284184573,produk terjual ≥1,Aktif,Rp87.428.313,Rp1.097.609,Rp1.097.609,Rp0,Rp39.491.064,Rp38.382.191,Rp1.108.873,Rp41.856.303,Rp356.328,Rp356.328,Rp0,Rp37.253.226,Rp34.532.976,Rp2.720.250,Rp4.983.337,236,236,238,231,Rp370.459,263389,19129,7.26%,811,4.24%,1.23%,203176,15157,7.46%,712,4.70%,1.52%,Rp87.428.313,Rp0,Rp106.955.064,Rp16.306.211,Rp30.195.125,81,80,71969,3709,2805,97,5.15%,2.64%,Rp36.063.472,99,Rp1.097.609,Rp1.097.609,Rp0,3,3,3,0,3,3,0,3,Rp365.870,57,3096,101,3.26%,2,1.98%,2.97%,2485,77,3.10%,2,2.60%,3.90%,Rp39.491.064,Rp38.382.191,Rp1.108.873,104,104,101,3,104,101,3,101,Rp379.722,2,140098,12152,8.67%,593,4.88%,0.86%,122173,10025,8.21%,518,5.17%,1.01%,Rp41.856.303,Rp356.328,Rp356.328,Rp0,Rp37.253.226,Rp34.532.976,Rp2.720.250,116,116,118,114,Rp360.830,21,8,15,85797,5794,6.75%,187,3.23%,2.00%,63455,4732,7.46%,172,3.63%,2.41%,675,40,5.93%,1,2.50%,2.50%,555,37,6.67%,1,2.70%,2.70%,82253,5683,6.91%,183,3.22%,1.81%,61738,4652,7.54%,169,3.63%,2.17%,Rp4.983.337,Rp4.983.337,Rp0,13,13,13,0,13,13,0,13,Rp383.334,34398,1082,3.15%,29,2.68%,1.20%,26915,844,3.14%,29,3.44%,1.54%
Wilmer Sepatu Boot AP Premium Karet Tinggi Panjang Anti Slip 39 40 41 42 43 Shoes,1729932765870787069,GMV ≥3.500 atau produk terjual ≥100,Aktif,Rp80.131.471,Rp58.552,Rp58.552,Rp0,Rp1.923.780,Rp1.748.040,Rp175.740,Rp74.011.357,Rp8.436.892,Rp7.871.781,Rp565.111,Rp63.261.935,Rp60.419.187,Rp2.842.748,Rp4.025.369,1338,1355,1424,1300,Rp59.138,676775,34638,5.12%,849,2.45%,3.91%,515100,26906,5.22%,729,2.71%,4.83%,Rp80.131.471,Rp0,Rp107.301.263,Rp31.440.469,Rp10.666.043,189,177,88397,2968,2155,221,3.36%,8.22%,Rp14.358.620,258,Rp58.552,Rp58.552,Rp0,1,1,1,0,1,1,0,1,Rp58.552,105,5848,80,1.37%,1,1.25%,1.25%,5011,69,1.38%,1,1.45%,1.45%,Rp1.923.780,Rp1.748.040,Rp175.740,34,34,31,3,34,31,3,34,Rp56.582,10,14563,632,4.34%,11,1.74%,5.38%,9854,507,5.15%,11,2.17%,6.71%,Rp74.011.357,Rp8.436.892,Rp7.871.781,Rp565.111,Rp63.261.935,Rp60.419.187,Rp2.842.748,1236,1251,1315,1200,Rp59.162,288,334,153,594325,32181,5.41%,779,2.42%,3.89%,446118,24718,5.54%,676,2.73%,4.85%,106151,3078,2.90%,63,2.05%,4.06%,78220,2188,2.80%,51,2.33%,5.07%,481685,28973,6.01%,705,2.43%,3.74%,368770,22552,6.12%,620,2.75%,4.66%,Rp4.025.369,Rp4.025.369,Rp0,65,67,67,0,72,72,0,64,Rp60.080,62039,1745,2.81%,58,3.32%,3.84%,51613,1294,2.51%,45,3.48%,4.95%
PAKET (6 ITEM) KOMPRESOR YUKIDO Mesin Kompresor Listrik Oilless Silent 3/4 HP 8Liter AB8-88L Spraygun cat+ air duster+air chuck +selang recoil+coupler,1735435521250002429,GMV ≥10rb atau produk terjual ≥300,Aktif,Rp79.672.577,Rp4.860.120,Rp4.860.120,Rp0,Rp6.097.117,Rp6.097.117,Rp0,Rp68.715.340,Rp0,Rp0,Rp0,Rp68.715.340,Rp68.715.340,Rp0,Rp0,40,40,40,40,Rp1.991.814,490491,31522,6.43%,1021,3.24%,0.13%,412097,27843,6.76%,956,3.43%,0.14%,Rp79.672.577,Rp0,Rp84.990.827,Rp20.036.500,Rp54.956.110,27,27,24472,786,626,4,3.21%,0.51%,Rp8.790.030,4,Rp4.860.120,Rp4.860.120,Rp0,2,2,2,0,2,2,0,2,Rp2.430.060,107,35122,812,2.31%,16,1.97%,0.25%,29447,616,2.09%,15,2.44%,0.32%,Rp6.097.117,Rp6.097.117,Rp0,4,4,4,0,4,4,0,4,Rp1.524.279,5,30350,2297,7.57%,50,2.18%,0.17%,21761,1873,8.61%,44,2.35%,0.21%,Rp68.715.340,Rp0,Rp0,Rp0,Rp68.715.340,Rp68.715.340,Rp0,34,34,34,34,Rp2.021.039,90,64,51,408775,27916,6.83%,938,3.36%,0.12%,334804,24026,7.18%,884,3.68%,0.14%,43505,565,1.30%,7,1.24%,0.00%,33622,412,1.23%,7,1.70%,0.00%,363658,27296,7.51%,929,3.40%,0.12%,301027,23598,7.84%,875,3.71%,0.14%,Rp0,Rp0,Rp0,0,0,0,0,0,0,0,0,Rp0,16230,496,3.06%,17,3.43%,0.00%,12349,404,3.27%,16,3.96%,0.00%
Mesin Profil Kayu / Wood Trimmer Mikayo Yukido Bonus Mata 1 Router Kayu,1729642389182712317,GMV ≥250 atau produk terjual ≥3,Aktif,Rp79.111.931,Rp5.330.147,Rp5.124.748,Rp205.399,Rp10.614.159,Rp8.267.915,Rp2.346.244,Rp55.072.093,Rp13.612.172,Rp13.347.552,Rp264.620,Rp37.252.669,Rp31.602.325,Rp5.650.344,Rp8.095.532,304,304,304,297,Rp260.237,384138,19282,5.02%,659,3.42%,1.58%,263256,13531,5.14%,550,4.06%,2.19%,Rp79.111.931,Rp0,Rp92.596.694,Rp17.880.340,Rp13.030.422,49,48,101685,4286,3086,138,4.21%,3.24%,Rp35.262.058,139,Rp5.330.147,Rp5.124.748,Rp205.399,21,21,20,1,21,20,1,20,Rp253.817,112,37463,920,2.46%,19,2.07%,2.28%,29202,699,2.39%,18,2.58%,2.86%,Rp10.614.159,Rp8.267.915,Rp2.346.244,42,42,32,10,42,32,10,42,Rp252.718,5,46098,3749,8.13%,124,3.31%,1.12%,28420,2908,10.23%,110,3.78%,1.44%,Rp55.072.093,Rp13.612.172,Rp13.347.552,Rp264.620,Rp37.252.669,Rp31.602.325,Rp5.650.344,210,210,210,205,Rp262.248,264,316,57,220544,12060,5.47%,387,3.21%,1.74%,155999,8637,5.54%,330,3.82%,2.37%,111098,1759,1.58%,45,2.56%,2.73%,85744,1303,1.52%,40,3.07%,3.53%,106845,10240,9.58%,334,3.26%,1.42%,69772,7352,10.54%,284,3.86%,1.93%,Rp8.095.532,Rp8.095.532,Rp0,31,31,31,0,31,31,0,31,Rp261.146,80021,2552,3.19%,129,5.05%,1.21%,58774,2072,3.53%,114,5.50%,1.50%
Kompressor Basic 550SDS Mesin Compressor 0.75HP Kompresor Listrik Basic 550 SDS 750 watt,1730692824164959741,GMV ≥10rb atau produk terjual ≥300,Aktif,Rp78.924.970,Rp5.932.881,Rp5.932.881,Rp0,Rp46.981.864,Rp43.728.149,Rp3.253.715,Rp22.811.555,Rp0,Rp0,Rp0,Rp21.458.625,Rp18.206.614,Rp3.252.011,Rp3.198.670,51,51,51,51,Rp1.547.548,608021,48994,8.06%,555,1.13%,0.10%,445056,39897,8.96%,520,1.30%,0.13%,Rp78.924.970,Rp0,Rp85.752.777,Rp13.569.000,Rp57.015.536,36,36,99652,8103,6612,9,8.13%,0.11%,Rp12.859.968,9,Rp5.932.881,Rp5.932.881,Rp0,4,4,4,0,4,4,0,4,Rp1.483.220,62,64399,1109,1.72%,19,1.71%,0.36%,44725,669,1.50%,16,2.39%,0.60%,Rp46.981.864,Rp43.728.149,Rp3.253.715,29,29,27,2,29,27,2,29,Rp1.620.064,1,286171,19781,6.91%,252,1.27%,0.15%,234822,17063,7.27%,243,1.42%,0.17%,Rp22.811.555,Rp0,Rp0,Rp0,Rp21.458.625,Rp18.206.614,Rp3.252.011,16,16,16,16,Rp1.425.722,78,60,37,210805,26813,12.72%,260,0.97%,0.06%,131859,21608,16.39%,243,1.12%,0.07%,10192,140,1.37%,2,1.43%,0.00%,5408,71,1.31%,2,2.82%,0.00%,197457,26635,13.49%,254,0.95%,0.06%,125050,21509,17.20%,237,1.10%,0.07%,Rp3.198.670,Rp3.198.670,Rp0,2,2,2,0,2,2,0,2,Rp1.599.335,46646,1291,2.77%,25,1.94%,0.15%,38690,1104,2.85%,23,2.08%,0.18%
Paket Selang Jet Cleaner 5/10/15/20/25 meter + Hosegun Jet Cleaner Semprotan Air Pendek Lakoni Lagua 70 Mollar dll Car,1731563096280958461,GMV ≥250 atau produk terjual ≥3,Aktif,Rp78.740.375,Rp0,Rp0,Rp0,Rp10.992.731,Rp8.779.924,Rp2.212.807,Rp59.149.600,Rp153.341,Rp153.341,Rp0,Rp54.887.655,Rp46.531.790,Rp8.355.865,Rp8.598.044,440,440,440,430,Rp178.955,319013,20286,6.36%,1116,5.50%,2.17%,197481,14120,7.15%,1025,7.26%,3.05%,Rp78.740.375,Rp0,Rp98.321.831,Rp22.111.828,Rp11.129.619,61,59,149043,9384,7015,200,6.30%,2.16%,Rp36.773.041,203,Rp0,Rp0,Rp0,0,0,0,0,0,0,0,0,Rp0,30,1482,31,2.09%,1,3.23%,0.00%,1299,25,1.92%,1,4.00%,0.00%,Rp10.992.731,Rp8.779.924,Rp2.212.807,64,64,51,13,64,51,13,61,Rp171.761,1,36624,2072,5.66%,75,3.62%,3.09%,15355,1456,9.48%,72,4.95%,4.19%,Rp59.149.600,Rp153.341,Rp153.341,Rp0,Rp54.887.655,Rp46.531.790,Rp8.355.865,325,325,325,319,Rp181.999,33,19,18,163366,11583,7.09%,735,6.35%,2.81%,106892,8274,7.74%,682,8.24%,3.86%,1602,56,3.50%,1,1.79%,1.79%,1275,53,4.16%,1,1.89%,1.89%,159695,11475,7.19%,727,6.34%,2.62%,104542,8191,7.84%,675,8.24%,3.61%,Rp8.598.044,Rp8.598.044,Rp0,51,51,51,0,51,51,0,51,Rp168.589,117541,6600,5.62%,305,4.62%,0.77%,96656,5685,5.88%,291,5.12%,0.90%
( 100M/1 ROLL ) Selang Angin Kompresor XENON ELLKA 100 Meter  High Pressure Spray Hose Selang Compressor 100M 120bar XENON / ELLKA FORTEC TORA ORANDA 1 ROLL,1733045200342320637,produk terjual ≥1,Aktif,Rp71.315.959,Rp670.590,Rp670.590,Rp0,Rp44.326.044,Rp44.326.044,Rp0,Rp26.319.325,Rp0,Rp0,Rp0,Rp26.319.325,Rp26.319.325,Rp0,Rp0,95,95,96,93,Rp750.694,294302,18165,6.17%,460,2.53%,0.52%,222961,15161,6.80%,401,2.64%,0.61%,Rp71.315.959,Rp0,Rp83.820.758,Rp21.176.000,Rp35.261.466,44,44,13444,577,418,8,4.29%,1.39%,Rp5.326.076,8,Rp670.590,Rp670.590,Rp0,1,1,1,0,1,1,0,1,Rp670.590,3,504,8,1.59%,1,12.50%,12.50%,437,4,0.92%,1,25.00%,25.00%,Rp44.326.044,Rp44.326.044,Rp0,59,59,59,0,60,60,0,59,Rp751.289,0,208254,13143,6.31%,351,2.67%,0.45%,171257,11718,6.84%,311,2.65%,0.50%,Rp26.319.325,Rp0,Rp0,Rp0,Rp26.319.325,Rp26.319.325,Rp0,35,35,35,33,Rp751.981,22,2,24,75220,4716,6.27%,106,2.25%,0.74%,55005,3812,6.93%,92,2.41%,0.87%,5,0,0.00%,0,0.00%,0.00%,5,0,0.00%,0,0.00%,0.00%,74717,4709,6.30%,106,2.25%,0.74%,54769,3806,6.95%,92,2.42%,0.87%,Rp0,Rp0,Rp0,0,0,0,0,0,0,0,0,Rp0,10324,298,2.89%,2,0.67%,0.00%,8152,237,2.91%,2,0.84%,0.00%
MIKAYO MESIN JIGSAW MESIN GERGAJI KAYU POTONG KAYU TRIPLEK MESIN JIGSAW LISTRIK 600Watt TERMURAHHH,1730743337215428093,GMV ≥250 atau produk terjual ≥3,Aktif,Rp68.837.358,Rp2.288.247,Rp2.094.983,Rp193.264,Rp2.769.125,Rp1.832.365,Rp936.760,Rp56.179.464,Rp2.274.771,Rp2.274.771,Rp0,Rp47.999.490,Rp40.807.827,Rp7.191.663,Rp7.600.522,322,322,323,316,Rp213.781,300660,17498,5.82%,838,4.79%,1.84%,208607,12256,5.88%,739,6.03%,2.58%,Rp68.837.358,Rp0,Rp85.312.328,Rp18.052.348,Rp17.082.663,80,76,116617,6772,4842,168,5.81%,2.53%,Rp36.546.555,172,Rp2.288.247,Rp2.094.983,Rp193.264,12,12,11,1,12,11,1,12,Rp190.687,164,27403,787,2.87%,18,2.29%,1.52%,21867,574,2.62%,17,2.96%,2.09%,Rp2.769.125,Rp1.832.365,Rp936.760,13,13,9,4,13,9,4,13,Rp213.010,5,9788,793,8.10%,37,4.67%,1.64%,7456,640,8.58%,32,5.00%,2.03%,Rp56.179.464,Rp2.274.771,Rp2.274.771,Rp0,Rp47.999.490,Rp40.807.827,Rp7.191.663,263,263,264,257,Rp213.610,189,197,54,173368,11880,6.85%,552,4.65%,2.21%,118709,8325,7.01%,497,5.97%,3.09%,46362,1018,2.20%,36,3.54%,1.08%,35688,744,2.08%,30,4.03%,1.48%,124640,10796,8.66%,507,4.70%,2.08%,82259,7576,9.21%,458,6.05%,2.89%,Rp7.600.522,Rp7.600.522,Rp0,34,34,34,0,34,34,0,34,Rp223.545,90098,4038,4.48%,231,5.72%,0.84%,69895,3310,4.74%,212,6.40%,1.03%
SUPER HEMAT -Konektor Las Socket Konektor Travo Las Female dan Male 10-25MM,1730862411638998525,produk terjual ≥1,Aktif,Rp67.701.578,Rp51.813,Rp51.813,Rp0,Rp32.184.209,Rp31.240.166,Rp944.043,Rp28.486.906,Rp29.189,Rp29.189,Rp0,Rp25.939.316,Rp24.665.431,Rp1.273.885,Rp6.978.650,1668,1668,2215,1649,Rp40.588,1074838,17186,1.60%,1147,6.67%,9.71%,884727,14191,1.60%,1034,7.29%,11.62%,Rp67.701.578,Rp0,Rp100.031.675,Rp35.665.629,Rp6.486.978,192,152,167975,2705,2176,350,1.61%,13.09%,Rp14.794.016,483,Rp51.813,Rp51.813,Rp0,1,1,1,0,1,1,0,1,Rp51.813,55,1051,19,1.81%,1,5.26%,5.26%,951,14,1.47%,1,7.14%,7.14%,Rp32.184.209,Rp31.240.166,Rp944.043,819,819,795,24,1060,1027,33,811,Rp39.297,7,580285,7592,1.31%,563,7.42%,10.79%,516105,6760,1.31%,502,7.43%,12.00%,Rp28.486.906,Rp29.189,Rp29.189,Rp0,Rp25.939.316,Rp24.665.431,Rp1.273.885,702,702,933,693,Rp40.580,137,31,110,331709,7194,2.17%,453,6.30%,9.76%,269510,6036,2.24%,421,6.97%,11.48%,915,6,0.66%,0,0.00%,16.67%,825,6,0.73%,0,0.00%,16.67%,325538,7130,2.19%,449,6.30%,8.89%,266500,5982,2.24%,417,6.97%,10.46%,Rp6.978.650,Rp6.978.650,Rp0,146,146,146,0,221,221,0,145,Rp47.799,161792,2381,1.47%,130,5.46%,6.13%,142184,2073,1.46%,123,5.93%,6.99%
Engsel Pintu Kayu 5 Inch Tebal Silver Sepasang Engsel Pintu Rumah 5 Inc 4 Inci 3 Stainless Anti Karat Perak Chrome,1729628098961769981,GMV ≥10rb atau produk terjual ≥300,Aktif,Rp65.977.699,Rp125.731,Rp26.260,Rp99.471,Rp4.279.059,Rp3.410.944,Rp868.115,Rp53.085.725,Rp2.671.124,Rp2.263.559,Rp407.565,Rp44.347.299,Rp34.423.241,Rp9.924.058,Rp8.487.184,1029,1084,3238,948,Rp60.865,193431,14033,7.25%,1361,9.70%,7.72%,127857,9373,7.33%,1036,11.05%,10.11%,Rp65.977.699,Rp0,Rp89.584.855,Rp27.096.649,Rp11.466.656,514,117,115929,8690,5806,710,7.50%,9.22%,Rp48.995.319,2399,Rp125.731,Rp26.260,Rp99.471,2,2,1,1,7,2,5,2,Rp62.866,92,3261,35,1.07%,4,11.43%,5.71%,2797,28,1.00%,3,10.71%,7.14%,Rp4.279.059,Rp3.410.944,Rp868.115,85,89,76,13,227,176,51,73,Rp48.079,2,8026,611,7.61%,37,6.06%,14.57%,4670,481,10.30%,28,5.82%,15.18%,Rp53.085.725,Rp2.671.124,Rp2.263.559,Rp407.565,Rp44.347.299,Rp34.423.241,Rp9.924.058,806,851,2553,747,Rp62.380,145,141,12,99374,9313,9.37%,852,9.15%,9.14%,65811,6493,9.87%,684,10.53%,11.50%,9378,405,4.32%,22,5.43%,8.64%,6910,285,4.12%,18,6.32%,10.88%,87459,8816,10.08%,810,9.19%,8.05%,58319,6193,10.62%,662,10.69%,10.01%,Rp8.487.184,Rp8.487.184,Rp0,136,142,142,0,451,451,0,127,Rp59.769,82769,4074,4.92%,468,11.49%,3.49%,62786,2894,4.61%,354,12.23%,4.39%
MESIN BOR ELECTRIC DRILL / BOR TANGAN 10MM SET Mesin Bor Listrik,1729638039306668541,produk terjual ≥1,Aktif,Rp65.868.011,Rp388.324,Rp180.416,Rp207.908,Rp44.714.719,Rp39.403.229,Rp5.311.490,Rp12.345.123,Rp843.105,Rp843.105,Rp0,Rp6.411.963,Rp5.298.314,Rp1.113.649,Rp8.419.845,335,335,346,325,Rp196.621,196940,12626,6.41%,668,5.29%,2.65%,131953,8773,6.65%,591,6.74%,3.70%,Rp65.868.011,Rp0,Rp83.897.775,Rp15.552.500,Rp18.639.174,94,82,100954,6123,4213,189,6.07%,3.15%,Rp38.571.544,204,Rp388.324,Rp180.416,Rp207.908,2,2,1,1,2,1,1,2,Rp194.162,28,1800,62,3.44%,1,1.61%,3.23%,1496,42,2.81%,1,2.38%,4.76%,Rp44.714.719,Rp39.403.229,Rp5.311.490,235,235,206,29,235,206,29,230,Rp190.275,1,21430,1538,7.18%,86,5.59%,15.28%,14007,1160,8.28%,70,6.03%,19.83%,Rp12.345.123,Rp843.105,Rp843.105,Rp0,Rp6.411.963,Rp5.298.314,Rp1.113.649,65,65,65,61,Rp189.925,102,90,39,103392,8054,7.79%,455,5.65%,0.81%,70072,5877,8.39%,408,6.94%,1.04%,9971,303,3.04%,8,2.64%,1.65%,9115,242,2.65%,8,3.31%,1.65%,88697,7643,8.62%,439,5.74%,0.43%,58684,5579,9.51%,394,7.06%,0.57%,Rp8.419.845,Rp8.419.845,Rp0,33,33,33,0,44,44,0,33,Rp255.147,70318,2972,4.23%,126,4.24%,1.11%,57104,2263,3.96%,115,5.08%,1.46%
YUKIDO SPRAYGUN HVLP H-827 600 cc PROFESSIONAL ALAT CAT DUCO SEMPROT,1729691845771102717,GMV ≥250 atau produk terjual ≥3,Aktif,Rp65.334.406,Rp416.302,Rp416.302,Rp0,Rp15.669.763,Rp14.179.899,Rp1.489.864,Rp43.510.514,Rp315.463,Rp315.463,Rp0,Rp39.720.754,Rp32.979.503,Rp6.741.251,Rp5.737.827,316,316,320,307,Rp206.754,367569,22606,6.15%,1717,7.60%,1.40%,232517,16621,7.15%,1474,8.87%,1.85%,Rp65.334.406,Rp0,Rp77.413.369,Rp9.543.719,Rp15.881.378,78,75,145660,7418,5438,145,5.09%,2.02%,Rp30.191.097,151,Rp416.302,Rp416.302,Rp0,2,2,2,0,2,2,0,2,Rp208.151,106,4837,77,1.59%,0,0.00%,2.60%,4040,60,1.49%,0,0.00%,3.33%,Rp15.669.763,Rp14.179.899,Rp1.489.864,74,74,66,8,75,67,8,70,Rp211.754,2,34631,2583,7.46%,154,5.96%,2.86%,25748,2166,8.41%,144,6.65%,3.23%,Rp43.510.514,Rp315.463,Rp315.463,Rp0,Rp39.720.754,Rp32.979.503,Rp6.741.251,212,212,215,207,Rp205.238,73,47,37,229465,16292,7.10%,1297,7.96%,1.30%,148689,12399,8.34%,1123,9.06%,1.67%,1289,34,2.64%,1,2.94%,2.94%,1056,28,2.65%,1,3.57%,3.57%,223144,16189,7.25%,1291,7.97%,1.20%,144840,12328,8.51%,1119,9.08%,1.54%,Rp5.737.827,Rp5.737.827,Rp0,28,28,28,0,28,28,0,28,Rp204.922,98636,3654,3.70%,266,7.28%,0.77%,78188,3054,3.91%,243,7.96%,0.92%
BOSCH GHO16-82 Mesin Planner Mesin Serut Ketam Sugu Kayu,1732772670181443069,produk terjual ≥1,Aktif,Rp61.317.655,Rp1.787.899,Rp1.787.899,Rp0,Rp14.649.663,Rp12.208.608,Rp2.441.055,Rp43.941.197,Rp0,Rp0,Rp0,Rp43.941.197,Rp43.941.197,Rp0,Rp938.896,57,57,58,54,Rp1.075.748,332526,31716,9.54%,416,1.31%,0.18%,239956,25227,10.51%,356,1.41%,0.21%,Rp61.317.655,Rp0,Rp69.172.385,Rp7.678.500,Rp33.170.464,32,31,55708,4161,3281,12,7.47%,0.31%,Rp13.740.859,13,Rp1.787.899,Rp1.787.899,Rp0,2,2,2,0,2,2,0,2,Rp893.950,26,7172,213,2.97%,4,1.88%,0.94%,5772,161,2.79%,4,2.48%,1.24%,Rp14.649.663,Rp12.208.608,Rp2.441.055,14,14,12,2,14,12,2,14,Rp1.046.404,2,49596,5076,10.23%,107,2.11%,0.28%,39131,4324,11.05%,85,1.97%,0.32%,Rp43.941.197,Rp0,Rp0,Rp0,Rp43.941.197,Rp43.941.197,Rp0,40,40,41,37,Rp1.098.530,40,26,17,252906,25793,10.20%,293,1.14%,0.16%,194140,21373,11.01%,262,1.23%,0.17%,6181,156,2.52%,1,0.64%,0.00%,5064,112,2.21%,1,0.89%,0.00%,245778,25610,10.42%,292,1.14%,0.16%,188916,21252,11.25%,261,1.23%,0.17%,Rp938.896,Rp938.896,Rp0,1,1,1,0,1,1,0,1,Rp938.896,22852,634,2.77%,12,1.89%,0.16%,18570,535,2.88%,12,2.24%,0.19%
FOREDOM Mesin Bor Gantung - Die Grinder Tuner Kit Korek Motor Alat Porting Cuner,1730796014838384125,produk terjual ≥1,Aktif,Rp60.339.020,Rp477.791,Rp477.791,Rp0,Rp2.091.830,Rp1.088.412,Rp1.003.418,Rp37.961.794,Rp489.060,Rp0,Rp489.060,Rp29.712.825,Rp19.100.335,Rp10.612.490,Rp19.807.605,112,112,112,111,Rp538.741,154644,8909,5.76%,651,7.31%,1.26%,109898,7015,6.38%,580,8.27%,1.58%,Rp60.339.020,Rp0,Rp70.310.536,Rp8.048.000,Rp11.298.882,21,21,58895,2765,2160,71,4.69%,2.57%,Rp37.479.022,71,Rp477.791,Rp477.791,Rp0,1,1,1,0,1,1,0,1,Rp477.791,24,1097,17,1.55%,0,0.00%,5.88%,919,14,1.52%,0,0.00%,7.14%,Rp2.091.830,Rp1.088.412,Rp1.003.418,4,4,2,2,4,2,2,4,Rp522.958,1,14001,881,6.29%,43,4.88%,0.45%,12069,790,6.55%,43,5.44%,0.51%,Rp37.961.794,Rp489.060,Rp0,Rp489.060,Rp29.712.825,Rp19.100.335,Rp10.612.490,71,71,71,71,Rp534.673,48,33,22,81279,5294,6.51%,280,5.29%,1.34%,58444,4392,7.51%,248,5.65%,1.62%,3203,86,2.68%,2,2.33%,1.16%,2699,66,2.45%,2,3.03%,1.52%,75647,5152,6.81%,274,5.32%,1.07%,54920,4287,7.81%,242,5.64%,1.28%,Rp19.807.605,Rp19.807.605,Rp0,36,36,36,0,36,36,0,35,Rp550.211,58267,2717,4.66%,328,12.07%,1.32%,47404,2242,4.73%,297,13.25%,1.56%
"Paket Lengkap 4 Barang Yukido Palu 8 Oz, Geraji 12 In, Meteran 3M, Sendok Semen 7 In",1729796726823945725,GMV ≥3.500 atau produk terjual ≥100,Aktif,Rp58.696.957,Rp127.125,Rp59.489,Rp67.636,Rp22.884.244,Rp20.072.734,Rp2.811.510,Rp27.130.858,Rp65.757,Rp65.757,Rp0,Rp24.331.759,Rp21.391.995,Rp2.939.764,Rp8.554.730,897,897,903,868,Rp65.437,783893,38892,4.96%,1172,3.01%,2.31%,540079,28636,5.30%,1072,3.74%,3.03%,Rp58.696.957,Rp0,Rp77.956.325,Rp20.547.395,Rp12.710.143,192,186,454425,21423,16014,511,4.71%,2.46%,Rp33.820.715,531,Rp127.125,Rp59.489,Rp67.636,2,2,1,1,2,1,1,2,Rp63.562,121,5514,148,2.68%,0,0.00%,1.35%,4749,122,2.57%,0,0.00%,1.64%,Rp22.884.244,Rp20.072.734,Rp2.811.510,352,352,307,45,353,308,45,342,Rp65.012,9,275383,16962,6.16%,417,2.46%,2.08%,200800,13215,6.58%,383,2.90%,2.59%,Rp27.130.858,Rp65.757,Rp65.757,Rp0,Rp24.331.759,Rp21.391.995,Rp2.939.764,416,416,417,404,Rp65.218,61,42,23,204721,11443,5.59%,413,3.61%,3.64%,131694,8345,6.34%,381,4.57%,4.84%,2057,57,2.77%,1,1.75%,1.75%,1755,49,2.79%,1,2.04%,2.04%,195837,11277,5.76%,404,3.58%,3.31%,126145,8215,6.51%,374,4.55%,4.43%,Rp8.554.730,Rp8.554.730,Rp0,127,127,127,0,131,131,0,124,Rp67.360,298283,10340,3.47%,345,3.34%,1.23%,256198,8898,3.47%,326,3.66%,1.39%
Mesin Poles Mobil Polisher Car Motor Disk 5 Inch Alat Poles Mobil Kendaraan IWA MIKAYO 2 IN 1,1729781385258436093,produk terjual ≥1,Aktif,Rp57.831.827,Rp0,Rp0,Rp0,Rp30.634.566,Rp27.564.701,Rp3.069.865,Rp18.151.620,Rp0,Rp0,Rp0,Rp14.809.627,Rp12.793.634,Rp2.015.993,Rp9.045.641,341,341,341,335,Rp169.595,268250,16968,6.33%,1376,8.11%,2.01%,187626,12798,6.82%,1216,9.50%,2.62%,Rp57.831.827,Rp0,Rp73.851.235,Rp14.516.639,Rp12.015.270,69,68,90476,4167,3099,129,4.61%,3.17%,Rp21.830.933,132,Rp0,Rp0,Rp0,0,0,0,0,0,0,0,0,Rp0,53,3677,84,2.28%,2,2.38%,0.00%,3192,72,2.26%,2,2.78%,0.00%,Rp30.634.566,Rp27.564.701,Rp3.069.865,180,180,161,19,180,161,19,177,Rp170.192,4,76999,6167,8.01%,562,9.11%,2.92%,63127,5188,8.22%,496,9.56%,3.41%,Rp18.151.620,Rp0,Rp0,Rp0,Rp14.809.627,Rp12.793.634,Rp2.015.993,106,106,106,106,Rp171.242,84,43,51,108420,8089,7.46%,587,7.26%,1.31%,72711,6061,8.34%,527,8.69%,1.75%,3296,120,3.64%,3,2.50%,0.00%,2833,97,3.42%,3,3.09%,0.00%,100199,7889,7.87%,580,7.35%,1.09%,67013,5909,8.82%,520,8.80%,1.46%,Rp9.045.641,Rp9.045.641,Rp0,55,55,55,0,55,55,0,53,Rp164.466,79152,2628,3.32%,225,8.56%,2.09%,65227,2194,3.36%,206,9.39%,2.42%
Bonchi Mesin Router Bonchi Mikayo Profil Kayu Besar Wood Trimmer Profesional 3612BR 220V 1800W 23000RPM Bahan Berkualitas Tinggi,1729625471546721789,produk terjual ≥1,Aktif,Rp56.957.020,Rp6.550.547,Rp6.550.547,Rp0,Rp10.293.560,Rp7.515.807,Rp2.777.753,Rp35.482.915,Rp1.458.257,Rp1.458.257,Rp0,Rp30.626.970,Rp21.342.255,Rp9.284.715,Rp4.629.998,82,82,82,77,Rp694.598,257153,13478,5.24%,205,1.52%,0.61%,145902,8848,6.06%,166,1.88%,0.87%,Rp56.957.020,Rp0,Rp64.679.503,Rp10.734.632,Rp18.843.235,24,23,68635,3321,2382,39,4.84%,1.20%,Rp27.798.353,40,Rp6.550.547,Rp6.550.547,Rp0,9,9,9,0,9,9,0,9,Rp727.839,157,34267,744,2.17%,9,1.21%,1.21%,27819,592,2.13%,9,1.52%,1.52%,Rp10.293.560,Rp7.515.807,Rp2.777.753,15,15,11,4,15,11,4,15,Rp686.237,4,45757,3592,7.85%,38,1.06%,0.42%,28884,2834,9.81%,36,1.27%,0.53%,Rp35.482.915,Rp1.458.257,Rp1.458.257,Rp0,Rp30.626.970,Rp21.342.255,Rp9.284.715,53,53,53,51,Rp669.489,271,497,41,128370,7656,5.96%,105,1.37%,0.69%,69934,5102,7.30%,81,1.59%,1.00%,34825,741,2.13%,5,0.67%,0.27%,28591,583,2.04%,5,0.86%,0.34%,89902,6838,7.61%,92,1.35%,0.67%,40362,4497,11.14%,71,1.58%,0.98%,Rp4.629.998,Rp4.629.998,Rp0,5,5,5,0,5,5,0,5,Rp926.000,48759,1486,3.05%,53,3.57%,0.34%,35478,1263,3.56%,50,3.96%,0.40%
MESIN LAS MIKAYO 450 W WATT RENDAH 120A  INVERTER TRAVO LISTRIK 120A 20-120A 220V/50HZ~60H,1729649771456924157,produk terjual ≥1,Aktif,Rp56.256.959,Rp324.118,Rp0,Rp324.118,Rp5.588.505,Rp1.872.350,Rp3.716.155,Rp41.179.551,Rp478.235,Rp478.235,Rp0,Rp37.081.097,Rp29.364.940,Rp7.716.157,Rp9.164.785,161,161,161,158,Rp349.422,161460,8315,5.15%,386,4.64%,1.94%,114185,6492,5.69%,346,5.33%,2.43%,Rp56.256.959,Rp0,Rp69.624.974,Rp11.369.118,Rp17.146.896,47,46,82387,3495,2722,104,4.24%,3.00%,Rp35.868.976,105,Rp324.118,Rp0,Rp324.118,1,1,0,1,1,0,1,1,Rp324.118,28,1049,33,3.15%,2,6.06%,3.03%,925,26,2.81%,2,7.69%,3.85%,Rp5.588.505,Rp1.872.350,Rp3.716.155,16,16,5,11,16,5,11,16,Rp349.282,0,3984,229,5.75%,6,2.62%,6.99%,2447,183,7.48%,6,3.28%,8.74%,Rp41.179.551,Rp478.235,Rp478.235,Rp0,Rp37.081.097,Rp29.364.940,Rp7.716.157,117,117,117,115,Rp351.962,54,47,29,89009,5925,6.66%,262,4.42%,1.97%,67373,4842,7.19%,234,4.83%,2.38%,9700,218,2.25%,1,0.46%,0.46%,8485,189,2.23%,1,0.53%,0.53%,74002,5623,7.60%,257,4.57%,1.89%,56251,4597,8.17%,229,4.98%,2.26%,Rp9.164.785,Rp9.164.785,Rp0,27,27,27,0,27,27,0,26,Rp339.436,67418,2128,3.16%,116,5.45%,1.27%,52037,1694,3.26%,109,6.43%,1.53%
Selang  House Kompresor 50 Meter Steam Angin Air Cuci 50 Meter 8.5mm 50 M,1730855204605756925,produk terjual ≥1,Aktif,Rp54.004.132,Rp948.907,Rp759.027,Rp189.880,Rp30.840.989,Rp29.421.929,Rp1.419.060,Rp17.578.586,Rp0,Rp0,Rp0,Rp14.089.011,Rp13.281.928,Rp807.083,Rp4.635.650,135,137,142,133,Rp394.191,250329,16374,6.54%,288,1.76%,0.84%,145532,11281,7.75%,247,2.19%,1.18%,Rp54.004.132,Rp0,Rp62.439.062,Rp16.184.775,Rp13.435.456,29,29,64070,4417,3382,34,6.89%,0.79%,Rp11.978.935,39,Rp948.907,Rp759.027,Rp189.880,3,3,2,1,4,2,2,3,Rp316.302,120,8048,198,2.46%,4,2.02%,1.52%,6834,152,2.22%,4,2.63%,1.97%,Rp30.840.989,Rp29.421.929,Rp1.419.060,82,82,77,5,85,80,5,81,Rp376.110,4,95946,6000,6.25%,87,1.45%,1.37%,47670,4322,9.07%,80,1.85%,1.87%,Rp17.578.586,Rp0,Rp0,Rp0,Rp14.089.011,Rp13.281.928,Rp807.083,38,40,41,37,Rp439.465,76,52,54,87695,6767,7.72%,143,2.11%,0.59%,55587,4967,8.94%,117,2.36%,0.74%,2371,49,2.07%,1,2.04%,0.00%,2111,45,2.13%,1,2.22%,0.00%,82084,6660,8.11%,136,2.04%,0.50%,51947,4890,9.41%,114,2.33%,0.65%,Rp4.635.650,Rp4.635.650,Rp0,12,12,12,0,12,12,0,12,Rp386.304,58641,3409,5.81%,54,1.58%,0.35%,49509,2919,5.90%,53,1.82%,0.41%
Max Strong Branch Cutting Torch Blander Blender Las Potong Model Strong 8 Tekan dengan 3 Tip Potong No 1 2 dan 3 untuk Gas Oxy dan LPG,1731655307705026045,GMV ≥250 atau produk terjual ≥3,Aktif,Rp52.601.741,Rp0,Rp0,Rp0,Rp2.882.016,Rp2.882.016,Rp0,Rp48.245.933,Rp0,Rp0,Rp0,Rp47.519.173,Rp43.821.546,Rp3.697.627,Rp1.473.792,140,140,144,138,Rp375.727,173827,7681,4.42%,231,3.01%,1.82%,116804,5803,4.97%,209,3.60%,2.38%,Rp52.601.741,Rp0,Rp58.423.707,Rp4.109.000,Rp9.616.674,28,26,25373,989,677,31,3.90%,3.13%,Rp11.254.729,31,Rp0,Rp0,Rp0,0,0,0,0,0,0,0,0,Rp0,21,574,4,0.70%,0,0.00%,0.00%,520,4,0.77%,0,0.00%,0.00%,Rp2.882.016,Rp2.882.016,Rp0,8,8,8,0,8,8,0,8,Rp360.252,0,467,27,5.78%,0,0.00%,29.63%,296,22,7.43%,0,0.00%,36.36%,Rp48.245.933,Rp0,Rp0,Rp0,Rp47.519.173,Rp43.821.546,Rp3.697.627,128,128,132,126,Rp376.921,32,10,26,159233,7230,4.54%,211,2.92%,1.77%,108986,5523,5.07%,191,3.46%,2.28%,136,6,4.41%,0,0.00%,0.00%,116,6,5.17%,0,0.00%,0.00%,156824,7202,4.59%,210,2.92%,1.75%,108338,5501,5.08%,190,3.45%,2.25%,Rp1.473.792,Rp1.473.792,Rp0,4,4,4,0,4,4,0,4,Rp368.448,13553,420,3.10%,20,4.76%,0.95%,10091,352,3.49%,19,5.40%,1.14%
Selang Jet Cleaner Double PVC Insulation 10M 15M 20M 25M Meter untuk High Pressure Mesin Jet Cleaner Listrik ( WARNA RANDOM ) Selang Steam Cuci Mobil Motor Universal Untuk Semua Mesin Steam  Car,1730236002600846845,GMV ≥250 atau produk terjual ≥3,Aktif,Rp52.556.139,Rp528.534,Rp326.984,Rp201.550,Rp11.548.575,Rp10.210.441,Rp1.338.134,Rp37.422.819,Rp75.428,Rp75.428,Rp0,Rp34.543.834,Rp31.881.583,Rp2.662.251,Rp3.056.211,347,348,354,340,Rp151.023,225451,12953,5.75%,817,6.31%,2.69%,143508,9622,6.70%,741,7.70%,3.53%,Rp52.556.139,Rp0,Rp63.462.197,Rp12.200.399,Rp11.063.582,68,65,57717,3227,2347,94,5.59%,2.94%,Rp13.454.702,97,Rp528.534,Rp326.984,Rp201.550,3,3,2,1,3,2,1,3,Rp176.178,106,3864,76,1.97%,3,3.95%,3.95%,3380,55,1.63%,3,5.45%,5.45%,Rp11.548.575,Rp10.210.441,Rp1.338.134,77,77,67,10,79,69,10,77,Rp149.981,1,30928,1803,5.83%,84,4.66%,4.27%,20964,1438,6.86%,77,5.35%,5.35%,Rp37.422.819,Rp75.428,Rp75.428,Rp0,Rp34.543.834,Rp31.881.583,Rp2.662.251,244,245,249,239,Rp152.746,53,33,25,150214,9251,6.16%,637,6.89%,2.65%,99773,7201,7.22%,584,8.11%,3.32%,1216,23,1.89%,0,0.00%,4.35%,1110,20,1.80%,0,0.00%,5.00%,147606,9179,6.22%,633,6.90%,2.44%,97835,7155,7.31%,581,8.12%,3.05%,Rp3.056.211,Rp3.056.211,Rp0,23,23,23,0,23,23,0,22,Rp132.879,40439,1823,4.51%,93,5.10%,1.26%,31746,1451,4.57%,88,6.06%,1.52%
4 Pcs Roda Trolley Karet 2 Hidup + 2 Rem Roda Casters 3 Inch Roda Troli Serbaguna Troley Roly 75mm,1730325756454143485,GMV ≥250 atau produk terjual ≥3,Aktif,Rp49.938.756,Rp105.545,Rp105.545,Rp0,Rp433.283,Rp177.586,Rp255.697,Rp46.515.426,Rp2.377.967,Rp2.261.211,Rp116.756,Rp41.261.173,Rp36.115.342,Rp5.145.831,Rp2.884.502,459,462,522,445,Rp108.093,251252,16406,6.53%,822,5.01%,2.82%,136495,10779,7.90%,695,6.45%,4.13%,Rp49.938.756,Rp0,Rp63.918.958,Rp18.660.367,Rp12.441.559,119,80,73763,4323,2846,175,5.86%,4.12%,Rp17.716.700,196,Rp105.545,Rp105.545,Rp0,1,1,1,0,1,1,0,1,Rp105.545,72,3303,64,1.94%,2,3.13%,1.56%,2844,47,1.65%,2,4.26%,2.13%,Rp433.283,Rp177.586,Rp255.697,5,5,2,3,5,2,3,5,Rp86.657,2,1678,127,7.57%,8,6.30%,3.94%,1369,112,8.18%,8,7.14%,4.46%,Rp46.515.426,Rp2.377.967,Rp2.261.211,Rp116.756,Rp41.261.173,Rp36.115.342,Rp5.145.831,425,427,486,412,Rp108.935,133,80,66,194146,14057,7.24%,706,5.02%,3.04%,98433,9319,9.47%,602,6.46%,4.42%,21602,826,3.82%,27,3.27%,2.91%,17323,587,3.39%,24,4.09%,3.75%,168201,13156,7.82%,673,5.12%,2.84%,79692,8724,10.95%,573,6.57%,4.17%,Rp2.884.502,Rp2.884.502,Rp0,28,29,29,0,30,30,0,27,Rp99.466,52126,2158,4.14%,106,4.91%,1.34%,40396,1623,4.02%,95,5.85%,1.66%
Mesin Potong Kayu 58CC 20 Inch Chainsaw Gergaji Kayu 2 Tak Untuk Gergaji Mesin Potong Kayu Pohon dll.,1729761124099917309,GMV ≥250 atau produk terjual ≥3,Aktif,Rp49.521.102,Rp4.112.469,Rp4.112.469,Rp0,Rp1.515.566,Rp1.515.566,Rp0,Rp43.000.732,Rp1.503.890,Rp1.503.890,Rp0,Rp41.496.842,Rp40.394.095,Rp1.102.747,Rp892.335,48,48,48,46,Rp1.031.690,177657,7867,4.43%,121,1.54%,0.61%,134427,6055,4.50%,89,1.47%,0.76%,Rp49.521.102,Rp0,Rp49.857.649,Rp12.056.500,Rp18.489.364,19,19,27710,951,705,6,3.43%,0.63%,Rp5.590.430,6,Rp4.112.469,Rp4.112.469,Rp0,5,5,5,0,5,5,0,5,Rp822.494,39,20754,288,1.39%,3,1.04%,1.74%,12020,202,1.68%,2,0.99%,2.48%,Rp1.515.566,Rp1.515.566,Rp0,2,2,2,0,2,2,0,2,Rp757.783,5,8995,602,6.69%,9,1.50%,0.33%,6554,489,7.46%,6,1.23%,0.41%,Rp43.000.732,Rp1.503.890,Rp1.503.890,Rp0,Rp41.496.842,Rp40.394.095,Rp1.102.747,40,40,40,38,Rp1.075.018,86,87,41,130133,6351,4.88%,93,1.46%,0.63%,88595,4629,5.22%,68,1.47%,0.82%,35812,575,1.61%,6,1.04%,0.35%,21538,360,1.67%,4,1.11%,0.56%,91877,5733,6.24%,83,1.45%,0.66%,66584,4242,6.37%,62,1.46%,0.85%,Rp892.335,Rp892.335,Rp0,1,1,1,0,1,1,0,1,Rp892.335,17769,626,3.52%,16,2.56%,0.16%,12687,474,3.74%,14,2.95%,0.21%
Wilmer Palu Gagang Besi Palu Baja Hammer Martil Hitam 8 12 16 OZ,1729904168036436477,GMV ≥3.500 atau produk terjual ≥100,Aktif,Rp47.662.258,Rp287.337,Rp252.997,Rp34.340,Rp6.158.433,Rp5.204.979,Rp953.454,Rp35.649.183,Rp27.864,Rp0,Rp27.864,Rp32.020.782,Rp28.174.525,Rp3.846.257,Rp5.535.906,1382,1400,1536,1358,Rp34.044,378246,22735,6.01%,1375,6.05%,6.16%,244719,16023,6.55%,1234,7.70%,8.48%,Rp47.662.258,Rp0,Rp69.940.545,Rp22.742.427,Rp5.362.461,167,141,227524,13500,9589,928,5.93%,7.07%,Rp32.153.988,1047,Rp287.337,Rp252.997,Rp34.340,9,9,8,1,9,8,1,9,Rp31.926,105,5047,113,2.24%,1,0.88%,7.96%,4308,88,2.04%,1,1.14%,10.23%,Rp6.158.433,Rp5.204.979,Rp953.454,175,179,152,27,196,164,32,173,Rp34.405,3,5772,393,6.81%,5,1.27%,45.55%,4211,342,8.12%,5,1.46%,50.58%,Rp35.649.183,Rp27.864,Rp0,Rp27.864,Rp32.020.782,Rp28.174.525,Rp3.846.257,1045,1054,1145,1030,Rp33.823,130,28,115,223989,16906,7.55%,992,5.87%,6.23%,145310,12010,8.27%,914,7.61%,8.58%,1592,26,1.63%,0,0.00%,3.85%,1361,26,1.91%,0,0.00%,3.85%,219650,16789,7.64%,974,5.80%,5.72%,142410,11934,8.38%,899,7.53%,7.88%,Rp5.535.906,Rp5.535.906,Rp0,152,157,157,0,185,185,0,147,Rp35.261,143435,5323,3.71%,377,7.08%,2.95%,111112,4261,3.83%,329,7.72%,3.45%
SELANG LAS DOUBLE TROMP TWIN HOUSE WELDING / Selang Blender Las potong Meteran selang  Las LPG Oksigen,1733079018351658493,GMV ≥250 atau produk terjual ≥3,Aktif,Rp45.419.775,Rp291.840,Rp291.840,Rp0,Rp21.202.586,Rp19.313.417,Rp1.889.169,Rp23.740.519,Rp0,Rp0,Rp0,Rp23.117.551,Rp21.918.913,Rp1.198.638,Rp184.830,213,213,215,208,Rp213.238,198331,5863,2.96%,200,3.41%,3.63%,142890,4489,3.14%,178,3.97%,4.63%,Rp45.419.775,Rp0,Rp52.021.974,Rp10.919.000,Rp8.590.278,36,36,20203,581,437,35,2.88%,6.02%,Rp6.727.425,35,Rp291.840,Rp291.840,Rp0,1,1,1,0,1,1,0,1,Rp291.840,97,2667,42,1.57%,0,0.00%,2.38%,2351,38,1.62%,0,0.00%,2.63%,Rp21.202.586,Rp19.313.417,Rp1.889.169,96,96,89,7,98,91,7,94,Rp220.860,10,105486,2621,2.48%,86,3.28%,3.66%,86173,2207,2.56%,80,3.62%,4.26%,Rp23.740.519,Rp0,Rp0,Rp0,Rp23.117.551,Rp21.918.913,Rp1.198.638,114,114,114,111,Rp208.250,47,31,22,75191,2833,3.77%,100,3.53%,4.02%,50340,2193,4.36%,91,4.15%,5.06%,1101,14,1.27%,1,7.14%,0.00%,1014,13,1.28%,1,7.69%,0.00%,73686,2815,3.82%,98,3.48%,3.87%,49127,2176,4.43%,89,4.09%,4.87%,Rp184.830,Rp184.830,Rp0,2,2,2,0,2,2,0,2,Rp92.415,14983,367,2.45%,14,3.81%,0.54%,12203,300,2.46%,14,4.67%,0.67%
Gergaji Mesin Chainsaw 58CC 2Tak 22inch Gergaji Potong Pohon Kayu Gergaji Mesin Potong,1732901206364161533,produk terjual ≥1,Nonaktif,Rp45.231.446,Rp673.165,Rp673.165,Rp0,Rp1.668.420,Rp1.668.420,Rp0,Rp40.000.171,Rp0,Rp0,Rp0,Rp40.000.171,Rp40.000.171,Rp0,Rp2.889.690,46,46,46,45,Rp983.292,146117,7194,4.92%,100,1.39%,0.64%,102073,5286,5.18%,77,1.46%,0.85%,Rp45.231.446,Rp0,Rp49.045.712,Rp9.676.500,Rp28.323.772,28,28,8623,252,185,2,2.92%,0.79%,Rp1.822.650,2,Rp673.165,Rp673.165,Rp0,1,1,1,0,1,1,0,1,Rp673.165,76,9128,192,2.10%,1,0.52%,0.52%,7646,165,2.16%,1,0.61%,0.61%,Rp1.668.420,Rp1.668.420,Rp0,2,2,2,0,2,2,0,2,Rp834.210,4,8784,492,5.60%,10,2.03%,0.41%,7182,422,5.88%,8,1.90%,0.47%,Rp40.000.171,Rp0,Rp0,Rp0,Rp40.000.171,Rp40.000.171,Rp0,40,40,40,39,Rp1.000.004,47,22,28,117307,6181,5.27%,78,1.26%,0.65%,83694,4662,5.57%,63,1.35%,0.84%,2523,47,1.86%,1,2.13%,0.00%,2211,41,1.85%,1,2.44%,0.00%,113623,6109,5.38%,77,1.26%,0.65%,81221,4612,5.68%,62,1.34%,0.85%,Rp2.889.690,Rp2.889.690,Rp0,3,3,3,0,3,3,0,3,Rp963.230,10898,329,3.02%,11,3.34%,0.91%,8995,260,2.89%,9,3.46%,1.15%
MIKAYO Mesin Serut Kayu Ketam Sugu Planner 780 W Mesin Ketam Kayu Original,1729634061973423613,GMV ≥250 atau produk terjual ≥3,Aktif,Rp42.934.162,Rp8.600.627,Rp8.600.627,Rp0,Rp2.651.755,Rp1.451.976,Rp1.199.779,Rp27.876.843,Rp3.966.780,Rp3.966.780,Rp0,Rp19.296.804,Rp16.279.752,Rp3.017.052,Rp3.804.937,130,130,131,126,Rp330.263,203385,8989,4.42%,205,2.28%,1.45%,154356,6891,4.46%,178,2.58%,1.83%,Rp42.934.162,Rp0,Rp51.533.614,Rp9.029.092,Rp12.108.220,35,33,44877,1708,1248,61,3.81%,3.69%,Rp19.865.509,64,Rp8.600.627,Rp8.600.627,Rp0,24,24,24,0,24,24,0,22,Rp358.359,163,55304,958,1.73%,15,1.57%,2.51%,43777,727,1.66%,12,1.65%,3.03%,Rp2.651.755,Rp1.451.976,Rp1.199.779,8,8,4,4,8,4,4,8,Rp331.469,3,12012,1251,10.41%,23,1.84%,0.64%,9228,1051,11.39%,21,2.00%,0.76%,Rp27.876.843,Rp3.966.780,Rp3.966.780,Rp0,Rp19.296.804,Rp16.279.752,Rp3.017.052,86,86,87,84,Rp324.149,263,266,74,100466,5669,5.64%,120,2.12%,1.52%,74907,4471,5.97%,104,2.33%,1.88%,39096,865,2.21%,19,2.20%,1.27%,30052,646,2.15%,15,2.32%,1.70%,58709,4747,8.09%,96,2.02%,1.29%,44114,3806,8.63%,85,2.23%,1.60%,Rp3.804.937,Rp3.804.937,Rp0,12,12,12,0,12,12,0,12,Rp317.078,35599,1111,3.12%,47,4.23%,1.08%,27590,879,3.19%,43,4.89%,1.37%
"Mikayo Circular Saw 7"" Potong Kayu Mesin Sirkel Circular So 7 In Bonus Mata Sirkel Penggaris dan Kunci",1729634076477720061,GMV ≥250 atau produk terjual ≥3,Aktif,Rp42.593.276,Rp2.853.446,Rp2.853.446,Rp0,Rp7.003.316,Rp5.553.372,Rp1.449.944,Rp27.968.057,Rp18.122.496,Rp17.750.917,Rp371.579,Rp8.314.383,Rp5.867.596,Rp2.446.787,Rp4.768.457,101,101,101,99,Rp421.716,256969,6939,2.70%,183,2.64%,1.46%,210664,5469,2.60%,160,2.93%,1.81%,Rp42.593.276,Rp0,Rp48.342.634,Rp9.899.549,Rp14.497.602,35,35,37612,1488,1144,37,3.96%,2.49%,Rp14.637.118,37,Rp2.853.446,Rp2.853.446,Rp0,7,7,7,0,7,7,0,6,Rp407.635,69,13196,291,2.21%,12,4.12%,2.41%,10520,224,2.13%,10,4.46%,2.68%,Rp7.003.316,Rp5.553.372,Rp1.449.944,19,19,15,4,19,15,4,19,Rp368.596,1,21250,1453,6.84%,49,3.37%,1.31%,14487,1187,8.19%,47,3.96%,1.60%,Rp27.968.057,Rp18.122.496,Rp17.750.917,Rp371.579,Rp8.314.383,Rp5.867.596,Rp2.446.787,64,64,64,63,Rp437.001,150,220,28,196639,4234,2.15%,87,2.05%,1.51%,161558,3272,2.03%,72,2.20%,1.93%,170176,2130,1.25%,49,2.30%,1.83%,143829,1619,1.13%,38,2.35%,2.35%,24613,2074,8.43%,40,1.93%,1.01%,17337,1656,9.55%,34,2.05%,1.27%,Rp4.768.457,Rp4.768.457,Rp0,11,11,11,0,11,11,0,11,Rp433.496,25884,962,3.72%,35,3.64%,1.14%,20578,800,3.89%,33,4.13%,1.38%
Yukido Paket Air Filter + Coupler SM20 & PF20 Spraygun Kompressor,1729557851054310909,GMV ≥3.500 atau produk terjual ≥100,Aktif,Rp42.484.152,Rp0,Rp0,Rp0,Rp1.677.613,Rp1.341.976,Rp335.637,Rp36.431.819,Rp0,Rp0,Rp0,Rp34.858.401,Rp32.599.179,Rp2.259.222,Rp4.374.720,848,851,943,842,Rp49.923,452970,15789,3.49%,1662,10.53%,5.39%,328847,12221,3.72%,1548,12.67%,6.89%,Rp42.484.152,Rp0,Rp60.010.724,Rp20.575.251,Rp4.929.462,104,95,160860,4632,3559,303,2.88%,6.61%,Rp14.831.443,339,Rp0,Rp0,Rp0,0,0,0,0,0,0,0,0,Rp0,67,906,18,1.99%,3,16.67%,0.00%,839,15,1.79%,2,13.33%,0.00%,Rp1.677.613,Rp1.341.976,Rp335.637,35,35,29,6,40,33,7,35,Rp47.932,2,1400,52,3.71%,4,7.69%,67.31%,1118,45,4.03%,4,8.89%,77.78%,Rp36.431.819,Rp0,Rp0,Rp0,Rp34.858.401,Rp32.599.179,Rp2.259.222,721,723,798,716,Rp50.390,30,16,17,335997,12808,3.81%,1357,10.59%,5.64%,243081,9769,4.02%,1271,13.01%,7.33%,349,8,2.29%,0,0.00%,0.00%,316,6,1.90%,0,0.00%,0.00%,329251,12706,3.86%,1346,10.59%,5.43%,240578,9725,4.04%,1261,12.97%,7.02%,Rp4.374.720,Rp4.374.720,Rp0,92,93,93,0,105,105,0,91,Rp47.040,114664,2911,2.54%,298,10.24%,3.19%,96299,2576,2.68%,282,10.95%,3.53%
Mesin Bor Listrik Tembok Bor Kayu Besi Variable Speed Bolak Balik Mikayo Japan Tecnology 10mm- Biru Drill Logam 500 Watt,1729673414992366077,GMV ≥250 atau produk terjual ≥3,Aktif,Rp38.982.172,Rp995.739,Rp826.059,Rp169.680,Rp6.208.759,Rp5.568.621,Rp640.138,Rp29.408.945,Rp10.073.259,Rp9.242.036,Rp831.223,Rp17.968.976,Rp16.860.111,Rp1.108.865,Rp2.368.729,239,239,240,232,Rp163.105,328674,16725,5.09%,372,2.22%,1.43%,272615,12960,4.75%,337,2.60%,1.79%,Rp38.982.172,Rp0,Rp47.334.493,Rp7.778.500,Rp11.825.432,72,70,78962,3517,2513,78,4.45%,2.22%,Rp12.161.217,79,Rp995.739,Rp826.059,Rp169.680,6,6,5,1,6,5,1,6,Rp165.956,48,9689,162,1.67%,2,1.23%,3.70%,8391,141,1.68%,2,1.42%,4.26%,Rp6.208.759,Rp5.568.621,Rp640.138,40,40,36,4,40,36,4,40,Rp155.219,0,842,93,11.05%,1,1.08%,43.01%,553,71,12.84%,1,1.41%,56.34%,Rp29.408.945,Rp10.073.259,Rp9.242.036,Rp831.223,Rp17.968.976,Rp16.860.111,Rp1.108.865,177,177,178,170,Rp166.152,161,331,41,284322,15431,5.43%,333,2.16%,1.15%,238752,12001,5.03%,301,2.51%,1.42%,129194,1664,1.29%,33,1.98%,3.49%,115775,1288,1.11%,32,2.48%,4.11%,153413,13716,8.94%,298,2.17%,0.80%,122383,10698,8.74%,267,2.50%,1.01%,Rp2.368.729,Rp2.368.729,Rp0,16,16,16,0,16,16,0,16,Rp148.046,33818,1039,3.07%,36,3.46%,1.54%,27631,784,2.84%,33,4.21%,2.04%
Mesin Planer Serut Ketam Sugu MIKAYO Japan Teknologi 710 Watt 16000 RPM 220V,1732823869891839485,GMV ≥250 atau produk terjual ≥3,Aktif,Rp38.976.147,Rp0,Rp0,Rp0,Rp1.377.065,Rp589.399,Rp787.666,Rp35.848.575,Rp1.366.088,Rp675.488,Rp690.600,Rp32.232.311,Rp31.612.221,Rp620.090,Rp2.066.536,115,115,115,112,Rp338.923,104755,5797,5.53%,152,2.62%,1.98%,75313,4491,5.96%,131,2.92%,2.49%,Rp38.976.147,Rp0,Rp47.682.587,Rp9.056.500,Rp13.293.790,37,36,52910,3036,2266,79,5.74%,2.67%,Rp27.315.911,81,Rp0,Rp0,Rp0,0,0,0,0,0,0,0,0,Rp0,19,1743,47,2.70%,1,2.13%,0.00%,1457,37,2.54%,1,2.70%,0.00%,Rp1.377.065,Rp589.399,Rp787.666,4,4,2,2,4,2,2,4,Rp344.266,2,11008,602,5.47%,8,1.33%,0.66%,5894,488,8.28%,7,1.43%,0.82%,Rp35.848.575,Rp1.366.088,Rp675.488,Rp690.600,Rp32.232.311,Rp31.612.221,Rp620.090,106,106,106,104,Rp338.194,42,18,29,60797,4350,7.15%,125,2.87%,2.44%,46863,3407,7.27%,107,3.14%,3.05%,5121,68,1.33%,0,0.00%,5.88%,4496,60,1.33%,0,0.00%,6.67%,54521,4262,7.82%,122,2.86%,2.23%,41970,3334,7.94%,104,3.12%,2.79%,Rp2.066.536,Rp2.066.536,Rp0,6,6,6,0,6,6,0,5,Rp344.423,31206,798,2.56%,18,2.26%,0.75%,24045,613,2.55%,16,2.61%,0.82%
"PAKET 1BOX 10pcs Amplas Susun 4"" FLAP DISC Mata Batu Gerinda atau Grinda Amplas Susun Bulat KUALITAS TERBAIK",1730479297610352125,GMV ≥250 atau produk terjual ≥3,Aktif,Rp38.768.839,Rp51.057,Rp0,Rp51.057,Rp5.280.916,Rp4.751.588,Rp529.328,Rp28.315.989,Rp51.712,Rp51.712,Rp0,Rp26.193.142,Rp24.592.585,Rp1.600.557,Rp5.120.877,589,614,725,567,Rp63.141,229495,10796,4.70%,564,5.22%,5.69%,168948,8532,5.05%,453,5.31%,6.65%,Rp38.768.839,Rp0,Rp50.375.329,Rp14.339.860,Rp4.680.083,86,69,68554,2223,1707,148,3.24%,7.33%,Rp10.219.803,192,Rp51.057,Rp0,Rp51.057,1,1,0,1,1,0,1,1,Rp51.057,100,1939,32,1.65%,1,3.13%,3.13%,1741,31,1.78%,1,3.23%,3.23%,Rp5.280.916,Rp4.751.588,Rp529.328,86,86,76,10,97,87,10,83,Rp61.406,2,16328,698,4.27%,53,7.59%,12.32%,14378,616,4.28%,46,7.47%,13.47%,Rp28.315.989,Rp51.712,Rp51.712,Rp0,Rp26.193.142,Rp24.592.585,Rp1.600.557,443,464,531,426,Rp61.026,59,28,39,152186,8318,5.47%,400,4.81%,5.58%,111648,6652,5.96%,333,5.01%,6.40%,916,15,1.64%,0,0.00%,6.67%,817,15,1.84%,0,0.00%,6.67%,148107,8248,5.57%,399,4.84%,5.18%,109092,6598,6.05%,332,5.03%,5.96%,Rp5.120.877,Rp5.120.877,Rp0,59,63,63,0,96,96,0,59,Rp81.284,59041,1748,2.96%,110,6.29%,3.60%,50103,1458,2.91%,76,5.21%,4.05%
Oil Can Alat Botol Spray Cairan Minyak Pelumas Semprotan Oil Grease Air Gun 250 ml,1729641693584198141,GMV & produk terjual = 0,Aktif,Rp38.395.462,Rp19.173,Rp19.173,Rp0,Rp37.038.056,Rp36.591.286,Rp446.770,Rp942.994,Rp0,Rp0,Rp0,Rp797.675,Rp776.768,Rp20.907,Rp395.239,1611,1611,1700,1598,Rp23.833,635840,22626,3.56%,2191,9.68%,7.12%,564609,20117,3.56%,1928,9.58%,7.94%,Rp38.395.462,Rp0,Rp65.368.983,Rp29.747.414,Rp4.982.546,205,188,29346,613,519,41,2.09%,6.69%,Rp978.652,45,Rp19.173,Rp19.173,Rp0,1,1,1,0,1,1,0,1,Rp19.173,9,111,5,4.50%,2,40.00%,20.00%,99,4,4.04%,1,25.00%,25.00%,Rp37.038.056,Rp36.591.286,Rp446.770,1551,1551,1533,18,1638,1618,20,1538,Rp23.880,2,586969,21389,3.64%,2121,9.92%,7.25%,532502,19369,3.64%,1880,9.71%,7.94%,Rp942.994,Rp0,Rp0,Rp0,Rp797.675,Rp776.768,Rp20.907,42,42,43,42,Rp22.452,9,1,8,15939,609,3.82%,45,7.39%,6.90%,11847,510,4.30%,39,7.65%,8.24%,12,0,0.00%,0,0.00%,0.00%,12,0,0.00%,0,0.00%,0.00%,15556,604,3.88%,45,7.45%,5.79%,11600,507,4.37%,39,7.69%,6.90%,Rp395.239,Rp395.239,Rp0,17,17,17,0,18,18,0,17,Rp23.249,32822,623,1.90%,23,3.69%,2.73%,28073,549,1.96%,21,3.83%,3.10%
"Paket 3 Item Mesin Las 450w Mesin Bor Elektrik dan Mesin Gerinda Tangan Angle Grinder, Electric Drill, Welding Machine LED Gerinda  Full Tembaga",1732255689119598077,produk terjual ≥1,Aktif,Rp37.854.899,Rp0,Rp0,Rp0,Rp10.370.282,Rp7.458.421,Rp2.911.861,Rp19.799.841,Rp0,Rp0,Rp0,Rp17.775.266,Rp16.036.840,Rp1.738.426,Rp7.684.776,60,60,60,60,Rp630.915,108719,7933,7.30%,300,3.78%,0.76%,80049,5836,7.29%,270,4.63%,1.03%,Rp37.854.899,Rp0,Rp44.449.914,Rp6.503.462,Rp13.383.731,21,21,66161,4750,3475,44,7.18%,0.93%,Rp27.834.962,44,Rp0,Rp0,Rp0,0,0,0,0,0,0,0,0,Rp0,4,61,4,6.56%,0,0.00%,0.00%,52,3,5.77%,0,0.00%,0.00%,Rp10.370.282,Rp7.458.421,Rp2.911.861,16,16,11,5,16,11,5,16,Rp648.143,1,14589,1304,8.94%,46,3.53%,1.23%,11858,1007,8.49%,42,4.17%,1.59%,Rp19.799.841,Rp0,Rp0,Rp0,Rp17.775.266,Rp16.036.840,Rp1.738.426,32,32,32,32,Rp618.745,4,0,4,42869,3724,8.69%,131,3.52%,0.86%,33913,2808,8.28%,122,4.34%,1.14%,0,0,0.00%,0,0.00%,0.00%,0,0,0.00%,0,0.00%,0.00%,42363,3711,8.76%,130,3.50%,0.78%,33629,2796,8.31%,121,4.33%,1.04%,Rp7.684.776,Rp7.684.776,Rp0,12,12,12,0,12,12,0,12,Rp640.398,51200,2901,5.67%,123,4.24%,0.41%,41688,2474,5.93%,112,4.53%,0.49%
Paket 6 Mesin Komplit Las MMA 450W + Sirkel + Gerinda + Bor + Jigsaw + Serut + Circular Saw untuk Kebutuhan Mekanik Anda,1731827364097263101,produk terjual ≥1,Aktif,Rp35.032.478,Rp0,Rp0,Rp0,Rp3.768.411,Rp1.922.535,Rp1.845.876,Rp28.443.642,Rp8.634.490,Rp8.634.490,Rp0,Rp19.809.152,Rp17.380.102,Rp2.429.050,Rp2.820.425,14,14,14,14,Rp2.502.320,73628,2998,4.07%,108,3.60%,0.47%,57724,2266,3.93%,98,4.32%,0.62%,Rp35.032.478,Rp0,Rp38.864.856,Rp11.347.500,Rp15.361.112,7,7,12387,651,500,5,5.26%,0.77%,Rp9.721.777,5,Rp0,Rp0,Rp0,0,0,0,0,0,0,0,0,Rp0,47,3029,123,4.06%,3,2.44%,0.00%,2622,97,3.70%,3,3.09%,0.00%,Rp3.768.411,Rp1.922.535,Rp1.845.876,2,2,1,1,2,1,1,2,Rp1.884.206,1,9806,613,6.25%,22,3.59%,0.33%,5718,505,8.83%,20,3.96%,0.40%,Rp28.443.642,Rp8.634.490,Rp8.634.490,Rp0,Rp19.809.152,Rp17.380.102,Rp2.429.050,11,11,11,11,Rp2.585.786,14,16,10,52329,1888,3.61%,67,3.55%,0.58%,43771,1444,3.30%,61,4.22%,0.76%,27350,244,0.89%,5,2.05%,1.23%,24401,152,0.62%,4,2.63%,1.97%,24163,1627,6.73%,61,3.75%,0.49%,19022,1281,6.73%,56,4.37%,0.62%,Rp2.820.425,Rp2.820.425,Rp0,1,1,1,0,1,1,0,1,Rp2.820.425,8464,374,4.42%,16,4.28%,0.27%,7074,306,4.33%,16,5.23%,0.33%
Paket Lengkap Alat Tukang 3in1- Gergaji Kayu Palu Kambing Cabut Paku Meteran Ukur 3 Meter murah,1729668855125739005,GMV ≥250 atau produk terjual ≥3,Aktif,Rp34.322.398,Rp134.752,Rp134.752,Rp0,Rp5.377.106,Rp4.664.411,Rp712.695,Rp22.825.933,Rp64.473,Rp64.473,Rp0,Rp19.765.056,Rp16.277.581,Rp3.487.475,Rp6.055.241,481,481,490,472,Rp71.356,341151,20521,6.02%,688,3.35%,2.34%,236430,15832,6.70%,639,4.04%,2.98%,Rp34.322.398,Rp0,Rp45.291.265,Rp11.313.275,Rp6.717.227,95,89,150302,6566,4876,243,4.37%,3.75%,Rp17.750.925,252,Rp134.752,Rp134.752,Rp0,2,2,2,0,2,2,0,2,Rp67.376,109,4582,121,2.64%,1,0.83%,1.65%,3898,107,2.74%,1,0.93%,1.87%,Rp5.377.106,Rp4.664.411,Rp712.695,77,77,66,11,77,66,11,77,Rp69.833,2,67872,5999,8.84%,125,2.08%,1.28%,59687,5227,8.76%,118,2.26%,1.47%,Rp22.825.933,Rp64.473,Rp64.473,Rp0,Rp19.765.056,Rp16.277.581,Rp3.487.475,322,322,327,316,Rp70.888,73,36,43,158708,10660,6.72%,388,3.64%,3.02%,112892,8344,7.39%,363,4.35%,3.79%,2787,59,2.12%,1,1.69%,1.69%,2314,55,2.38%,1,1.82%,1.82%,150278,10514,7.00%,383,3.64%,2.66%,107765,8233,7.64%,358,4.35%,3.35%,Rp6.055.241,Rp6.055.241,Rp0,81,81,81,0,85,85,0,78,Rp74.756,109990,3741,3.40%,174,4.65%,2.17%,85802,3070,3.58%,164,5.34%,2.54%
"8pcs Sambungan Selang Kompressor Adaptor Selang Angin Quick Coupler Connector Angin Neple Kompresor Universal Isi 8 SP20, PP20, SF20, PF20, SM20. PM20,SH20 dan PH20",1730801024292324861,GMV ≥3.500 atau produk terjual ≥100,Aktif,Rp34.100.741,Rp0,Rp0,Rp0,Rp5.232.413,Rp4.635.360,Rp597.053,Rp26.651.595,Rp94.233,Rp94.233,Rp0,Rp25.471.684,Rp24.487.941,Rp983.743,Rp2.216.733,542,542,563,535,Rp62.916,216738,8498,3.92%,753,8.86%,6.38%,152589,6630,4.35%,673,10.15%,8.07%,Rp34.100.741,Rp0,Rp46.459.491,Rp15.096.211,Rp3.401.457,58,58,49894,1839,1432,107,3.69%,5.82%,Rp6.620.150,109,Rp0,Rp0,Rp0,0,0,0,0,0,0,0,0,Rp0,59,1124,13,1.16%,0,0.00%,0.00%,1002,10,1.00%,0,0.00%,0.00%,Rp5.232.413,Rp4.635.360,Rp597.053,89,89,79,10,89,79,10,88,Rp58.791,2,29059,1167,4.02%,96,8.23%,7.63%,18486,921,4.98%,87,9.45%,9.55%,Rp26.651.595,Rp94.233,Rp94.233,Rp0,Rp25.471.684,Rp24.487.941,Rp983.743,419,419,439,413,Rp63.608,27,10,20,134352,5633,4.19%,536,9.52%,7.44%,100728,4549,4.52%,481,10.57%,9.08%,624,7,1.12%,1,14.29%,14.29%,559,5,0.89%,1,20.00%,20.00%,132732,5610,4.23%,533,9.50%,7.13%,99519,4531,4.55%,478,10.55%,8.70%,Rp2.216.733,Rp2.216.733,Rp0,34,34,34,0,35,35,0,34,Rp65.198,52203,1685,3.23%,122,7.24%,2.02%,42628,1417,3.32%,115,8.12%,2.40%
8PCS Roda PVC HIDUP 1.5 Inch Roda Kastor Caster Etelase Gerobak Trolley Troli,1729640074160408061,GMV ≥250 atau produk terjual ≥3,Aktif,Rp33.455.292,Rp46.763,Rp46.763,Rp0,Rp3.256.721,Rp2.556.791,Rp699.930,Rp27.010.730,Rp1.363.503,Rp1.289.773,Rp73.730,Rp24.400.280,Rp21.409.541,Rp2.990.739,Rp3.141.078,505,508,602,492,Rp65.857,275770,11181,4.05%,554,4.95%,4.54%,195866,8521,4.35%,492,5.77%,5.77%,Rp33.455.292,Rp0,Rp45.995.325,Rp15.363.761,Rp3.824.627,59,55,80200,2172,1717,129,2.71%,6.17%,Rp9.126.556,159,Rp46.763,Rp46.763,Rp0,1,1,1,0,1,1,0,1,Rp46.763,104,4691,65,1.39%,2,3.08%,1.54%,3268,51,1.56%,2,3.92%,1.96%,Rp3.256.721,Rp2.556.791,Rp699.930,50,51,42,9,59,47,12,46,Rp63.857,3,6670,278,4.17%,11,3.96%,18.35%,4881,241,4.94%,10,4.15%,19.09%,Rp27.010.730,Rp1.363.503,Rp1.289.773,Rp73.730,Rp24.400.280,Rp21.409.541,Rp2.990.739,409,411,485,402,Rp65.720,107,93,25,200244,9105,4.55%,422,4.63%,4.51%,141626,7023,4.96%,387,5.51%,5.72%,21125,697,3.30%,18,2.58%,3.01%,16770,539,3.21%,16,2.97%,3.71%,172523,8320,4.82%,404,4.86%,4.44%,120792,6427,5.32%,371,5.77%,5.63%,Rp3.141.078,Rp3.141.078,Rp0,45,45,45,0,57,57,0,44,Rp69.802,64164,1733,2.70%,119,6.87%,2.60%,52685,1445,2.74%,100,6.92%,3.04%
"Bar + Rantai Chainsaw Set 22"" Inch Guide Bar Sparepart Gergaji Mesin Chainsaw",1735808842820060669,GMV ≥250 atau produk terjual ≥3,Aktif,Rp33.438.988,Rp498.940,Rp339.360,Rp159.580,Rp2.511.490,Rp2.331.710,Rp179.780,Rp29.174.877,Rp529.597,Rp529.597,Rp0,Rp28.298.234,Rp25.337.046,Rp2.961.188,Rp1.253.681,188,188,188,184,Rp177.867,123687,7326,5.92%,405,5.53%,2.57%,86652,5336,6.16%,318,5.96%,3.45%,Rp33.438.988,Rp0,Rp36.576.748,Rp5.682.500,Rp5.576.347,31,31,24383,1223,805,51,5.02%,4.25%,Rp9.183.771,52,Rp498.940,Rp339.360,Rp159.580,3,3,2,1,3,2,1,3,Rp166.313,28,4194,80,1.91%,3,3.75%,3.75%,3508,64,1.82%,2,3.13%,4.69%,Rp2.511.490,Rp2.331.710,Rp179.780,14,14,13,1,14,13,1,14,Rp179.392,1,6658,413,6.20%,14,3.39%,3.39%,3834,314,8.19%,13,4.14%,4.46%,Rp29.174.877,Rp529.597,Rp529.597,Rp0,Rp28.298.234,Rp25.337.046,Rp2.961.188,164,164,164,161,Rp177.896,57,28,34,97353,6184,6.35%,360,5.82%,2.65%,65045,4299,6.61%,288,6.70%,3.75%,3098,73,2.36%,1,1.37%,4.11%,2313,40,1.73%,1,2.50%,7.50%,93065,6085,6.54%,357,5.87%,2.61%,62556,4246,6.79%,285,6.71%,3.67%,Rp1.253.681,Rp1.253.681,Rp0,7,7,7,0,7,7,0,7,Rp179.097,15474,648,4.19%,28,4.32%,1.08%,10176,450,4.42%,22,4.89%,1.56%
Webbing Cargo Tali Krek Lashing Belt 5 Meter Rachet Tie Down TrackBelt Tali Ikat Sabuk,1729631777343243773,GMV ≥3.500 atau produk terjual ≥100,Aktif,Rp30.674.244,Rp62.560,Rp62.560,Rp0,Rp19.443.191,Rp18.213.797,Rp1.229.394,Rp8.473.903,Rp0,Rp0,Rp0,Rp7.039.853,Rp6.343.035,Rp696.818,Rp2.694.590,957,957,1278,941,Rp32.053,475355,20925,4.40%,1856,8.87%,4.57%,367749,16775,4.56%,1631,9.72%,5.61%,Rp30.674.244,Rp0,Rp49.818.568,Rp20.589.393,Rp4.668.343,173,133,136792,4349,3365,295,3.18%,6.90%,Rp8.513.413,370,Rp62.560,Rp62.560,Rp0,1,1,1,0,3,3,0,1,Rp62.560,33,498,5,1.00%,0,0.00%,20.00%,416,5,1.20%,0,0.00%,20.00%,Rp19.443.191,Rp18.213.797,Rp1.229.394,537,537,513,24,785,734,51,528,Rp36.207,4,240951,12054,5.00%,1262,10.47%,4.45%,209176,10373,4.96%,1126,10.86%,5.09%,Rp8.473.903,Rp0,Rp0,Rp0,Rp7.039.853,Rp6.343.035,Rp696.818,313,313,363,307,Rp27.073,77,41,56,114482,5829,5.09%,372,6.38%,5.37%,78359,4481,5.72%,318,7.10%,6.85%,1121,10,0.89%,0,0.00%,0.00%,1001,7,0.70%,0,0.00%,0.00%,110119,5782,5.25%,369,6.38%,4.57%,76098,4452,5.85%,315,7.08%,5.80%,Rp2.694.590,Rp2.694.590,Rp0,106,106,106,0,127,127,0,105,Rp25.421,119415,3036,2.54%,222,7.31%,3.49%,97763,2511,2.57%,214,8.52%,4.18%
SWITCH SAKLAR MODERN Switch M-2100C Saklar Mesin Bor Listrik Tangan 10mm Bolak Balik M2100C M-2100 C M2100 C,1730748329404040701,GMV ≥3.500 atau produk terjual ≥100,Aktif,Rp30.366.079,Rp64.361,Rp64.361,Rp0,Rp3.082.334,Rp2.620.888,Rp461.446,Rp15.126.719,Rp87.813,Rp58.542,Rp29.271,Rp9.787.048,Rp8.884.713,Rp902.335,Rp12.092.665,964,964,1009,937,Rp31.500,256494,9513,3.71%,544,5.72%,10.13%,205463,7437,3.62%,472,6.35%,12.60%,Rp30.366.079,Rp0,Rp44.357.509,Rp17.339.346,Rp3.648.406,112,105,97141,3144,2453,465,3.24%,15.20%,Rp15.108.101,501,Rp64.361,Rp64.361,Rp0,2,2,2,0,2,2,0,2,Rp32.180,6,306,12,3.92%,0,0.00%,16.67%,247,11,4.45%,0,0.00%,18.18%,Rp3.082.334,Rp2.620.888,Rp461.446,94,94,81,13,104,87,17,93,Rp32.791,1,12161,898,7.38%,33,3.67%,10.47%,6388,672,10.52%,32,4.76%,13.84%,Rp15.126.719,Rp87.813,Rp58.542,Rp29.271,Rp9.787.048,Rp8.884.713,Rp902.335,472,472,495,460,Rp32.048,37,30,9,131001,4546,3.47%,234,5.15%,10.38%,89002,3100,3.48%,187,6.03%,14.84%,1291,24,1.86%,1,4.17%,12.50%,1149,23,2.00%,1,4.35%,13.04%,128746,4505,3.50%,235,5.22%,6.75%,87300,3063,3.51%,185,6.04%,9.63%,Rp12.092.665,Rp12.092.665,Rp0,396,396,396,0,408,408,0,385,Rp30.537,113056,4058,3.59%,278,6.85%,9.76%,91384,3109,3.40%,256,8.23%,12.38%
Roda Pintu Pagar Besi Satuan Roda Pagar Model U & V Roda Besi Pagar Roda Rel Roda Gerbang Rel Pagar Roda Gerbang Geser,1729567824650667517,GMV ≥3.500 atau produk terjual ≥100,Aktif,Rp29.910.415,Rp0,Rp0,Rp0,Rp2.373.640,Rp1.872.443,Rp501.197,Rp23.066.898,Rp0,Rp0,Rp0,Rp20.792.881,Rp16.588.697,Rp4.204.184,Rp4.469.877,346,349,1005,319,Rp85.703,166233,8431,5.07%,385,4.57%,4.14%,85389,5364,6.28%,313,5.84%,5.95%,Rp29.910.415,Rp0,Rp37.688.103,Rp8.632.402,Rp3.701.003,112,43,39156,2311,1516,131,5.90%,6.06%,Rp11.537.702,385,Rp0,Rp0,Rp0,0,0,0,0,0,0,0,0,Rp0,113,3035,47,1.55%,1,2.13%,0.00%,2658,44,1.66%,1,2.27%,0.00%,Rp2.373.640,Rp1.872.443,Rp501.197,34,34,27,7,82,64,18,32,Rp69.813,4,20961,794,3.79%,33,4.16%,4.28%,9431,629,6.67%,27,4.29%,5.09%,Rp23.066.898,Rp0,Rp0,Rp0,Rp20.792.881,Rp16.588.697,Rp4.204.184,262,265,772,239,Rp87.045,57,31,33,115366,6251,5.42%,283,4.53%,4.24%,60392,4141,6.86%,240,5.80%,5.77%,1507,18,1.19%,2,11.11%,0.00%,1335,15,1.12%,2,13.33%,0.00%,111004,6187,5.57%,277,4.48%,3.93%,58091,4101,7.06%,235,5.73%,5.34%,Rp4.469.877,Rp4.469.877,Rp0,50,50,50,0,151,151,0,49,Rp89.398,26870,1339,4.98%,68,5.08%,3.73%,19873,1003,5.05%,55,5.48%,4.89%
Mesin Profil Trimer Router Kayu Mikayo Kairos Router Trimmer Mesin Profil Kayu Wood Trimer Ukir RH 435-370 COD,1729634040569890301,GMV ≥250 atau produk terjual ≥3,Aktif,Rp28.361.197,Rp813.999,Rp813.999,Rp0,Rp5.627.098,Rp4.840.571,Rp786.527,Rp19.896.829,Rp255.570,Rp255.570,Rp0,Rp19.113.619,Rp15.309.621,Rp3.803.998,Rp2.023.271,108,108,108,106,Rp262.604,137403,12246,8.91%,233,1.90%,0.88%,81531,8364,10.26%,205,2.45%,1.27%,Rp28.361.197,Rp0,Rp33.866.631,Rp5.963.000,Rp6.060.711,22,22,48755,4224,2892,49,8.66%,1.18%,Rp12.514.845,50,Rp813.999,Rp813.999,Rp0,3,3,3,0,3,3,0,3,Rp271.333,73,3251,114,3.51%,0,0.00%,2.63%,2701,94,3.48%,0,0.00%,3.19%,Rp5.627.098,Rp4.840.571,Rp786.527,22,22,19,3,22,19,3,22,Rp255.777,0,21075,1615,7.66%,29,1.80%,1.36%,14097,1296,9.19%,28,2.16%,1.70%,Rp19.896.829,Rp255.570,Rp255.570,Rp0,Rp19.113.619,Rp15.309.621,Rp3.803.998,75,75,75,73,Rp265.291,45,25,21,77887,8197,10.52%,168,2.05%,0.91%,50894,5904,11.60%,152,2.57%,1.24%,6238,135,2.16%,0,0.00%,0.74%,5298,117,2.21%,0,0.00%,0.85%,69421,8013,11.54%,168,2.10%,0.90%,44443,5760,12.96%,152,2.64%,1.22%,Rp2.023.271,Rp2.023.271,Rp0,8,8,8,0,8,8,0,8,Rp252.909,35193,2320,6.59%,36,1.55%,0.34%,24645,1729,7.02%,29,1.68%,0.46%
TERBARUU MESIN BOR DINDING  BOR LISTRIK 350 W 10MM BOLAK BALIK DAN VARIABEL SPEED,1729637408437406205,GMV ≥250 atau produk terjual ≥3,Aktif,Rp28.139.770,Rp0,Rp0,Rp0,Rp15.677.499,Rp14.477.459,Rp1.200.040,Rp10.268.482,Rp2.139.716,Rp1.954.266,Rp185.450,Rp5.608.864,Rp4.892.201,Rp716.663,Rp2.193.789,183,183,183,179,Rp153.769,130474,10465,8.02%,230,2.20%,1.75%,94955,8118,8.55%,198,2.44%,2.20%,Rp28.139.770,Rp0,Rp32.348.513,Rp4.763.882,Rp6.551.442,43,42,34533,1171,874,38,3.39%,3.33%,Rp5.885.666,39,Rp0,Rp0,Rp0,0,0,0,0,0,0,0,0,Rp0,8,909,46,5.06%,1,2.17%,0.00%,746,39,5.23%,1,2.56%,0.00%,Rp15.677.499,Rp14.477.459,Rp1.200.040,101,101,93,8,101,93,8,100,Rp155.223,1,40152,5116,12.74%,118,2.31%,1.97%,25557,3939,15.41%,101,2.56%,2.54%,Rp10.268.482,Rp2.139.716,Rp1.954.266,Rp185.450,Rp5.608.864,Rp4.892.201,Rp716.663,68,68,68,66,Rp151.007,97,91,27,44258,3869,8.74%,55,1.42%,1.76%,30830,3046,9.88%,49,1.61%,2.17%,19098,430,2.25%,8,1.86%,3.26%,12441,288,2.31%,7,2.43%,4.86%,21436,3359,15.67%,41,1.22%,1.10%,16729,2700,16.14%,36,1.33%,1.30%,Rp2.193.789,Rp2.193.789,Rp0,14,14,14,0,14,14,0,14,Rp156.699,45153,1434,3.18%,56,3.91%,0.98%,35873,1072,2.99%,50,4.66%,1.31%
Pipe Cleaner 10 Meter Pipa Pembersih Saluran Mampet Pipe Cleaner Alat Pembersih Pipa Kawat Pembersih-wc mampet dll.,1729965366214887933,produk terjual ≥1,Aktif,Rp27.229.106,Rp63.385,Rp0,Rp63.385,Rp9.653.895,Rp9.072.227,Rp581.668,Rp16.761.350,Rp136.530,Rp136.530,Rp0,Rp15.918.598,Rp14.473.772,Rp1.444.826,Rp750.476,401,401,402,391,Rp67.903,174677,9986,5.72%,951,9.52%,4.02%,124449,7277,5.85%,789,10.84%,5.37%,Rp27.229.106,Rp0,Rp36.014.624,Rp10.242.000,Rp5.012.399,72,69,27376,1782,1187,98,6.51%,5.50%,Rp6.444.751,98,Rp63.385,Rp0,Rp63.385,1,1,0,1,1,0,1,1,Rp63.385,55,908,17,1.87%,2,11.76%,5.88%,770,9,1.17%,1,11.11%,11.11%,Rp9.653.895,Rp9.072.227,Rp581.668,141,141,132,9,141,132,9,138,Rp68.467,0,73880,3966,5.37%,372,9.38%,3.56%,63240,3357,5.31%,324,9.65%,4.11%,Rp16.761.350,Rp136.530,Rp136.530,Rp0,Rp15.918.598,Rp14.473.772,Rp1.444.826,247,247,248,241,Rp67.860,67,79,10,80540,5126,6.36%,530,10.34%,4.82%,56100,3721,6.63%,439,11.80%,6.48%,4420,94,2.13%,3,3.19%,2.13%,3798,81,2.13%,3,3.70%,2.47%,75687,5005,6.61%,524,10.47%,4.68%,52202,3632,6.96%,437,12.03%,6.28%,Rp750.476,Rp750.476,Rp0,12,12,12,0,12,12,0,12,Rp62.540,19349,877,4.53%,47,5.36%,1.37%,15641,719,4.60%,46,6.40%,1.67%
MESIN GERINDA TERBARU GRATIS BATU POTONG DAN BATU POLES 4INCH 13 MATA MESIN SELEPAN,1729637407818877437,GMV ≥250 atau produk terjual ≥3,Aktif,Rp26.055.251,Rp7.826.504,Rp7.190.772,Rp635.732,Rp9.106.218,Rp8.491.835,Rp614.383,Rp5.801.624,Rp873.645,Rp873.645,Rp0,Rp2.976.439,Rp2.379.175,Rp597.264,Rp3.320.905,130,130,131,123,Rp200.425,135214,6547,4.84%,192,2.93%,1.99%,94056,5104,5.43%,163,3.19%,2.41%,Rp26.055.251,Rp0,Rp32.365.036,Rp6.492.675,Rp7.259.834,37,34,28368,870,670,40,3.07%,4.60%,Rp7.285.831,40,Rp7.826.504,Rp7.190.772,Rp635.732,38,38,35,3,38,35,3,35,Rp205.961,74,47422,921,1.94%,27,2.93%,4.13%,39995,678,1.70%,24,3.54%,5.16%,Rp9.106.218,Rp8.491.835,Rp614.383,47,47,44,3,47,44,3,45,Rp193.749,3,42017,3848,9.16%,88,2.29%,1.22%,21273,3130,14.71%,83,2.65%,1.44%,Rp5.801.624,Rp873.645,Rp873.645,Rp0,Rp2.976.439,Rp2.379.175,Rp597.264,27,27,28,27,Rp214.875,24,9,15,22730,1032,4.54%,36,3.49%,2.62%,17333,860,4.96%,27,3.14%,3.14%,9208,196,2.13%,6,3.06%,2.04%,7619,148,1.94%,4,2.70%,2.70%,12694,823,6.48%,29,3.52%,1.70%,9331,702,7.52%,22,3.13%,1.99%,Rp3.320.905,Rp3.320.905,Rp0,18,18,18,0,18,18,0,16,Rp184.495,23044,746,3.24%,41,5.50%,2.41%,18970,600,3.16%,34,5.67%,2.67%
Makita Bor Gerinda Paket 2 Mesin Makita Bor Portable 10mm dan Gerinda 4 inch,1733578906056427005,produk terjual ≥1,Nonaktif,Rp24.829.221,Rp0,Rp0,Rp0,Rp15.642.443,Rp15.642.443,Rp0,Rp8.386.858,Rp0,Rp0,Rp0,Rp8.386.858,Rp8.386.858,Rp0,Rp799.920,26,26,26,25,Rp954.970,127638,13750,10.77%,131,0.95%,0.19%,101202,11656,11.52%,104,0.89%,0.21%,Rp24.829.221,Rp0,Rp28.274.829,Rp3.260.000,Rp24.829.221,26,25,8037,281,230,1,3.50%,0.36%,Rp799.920,1,Rp0,Rp0,Rp0,0,0,0,0,0,0,0,0,Rp0,1,72,4,5.56%,0,0.00%,0.00%,59,3,5.08%,0,0.00%,0.00%,Rp15.642.443,Rp15.642.443,Rp0,16,16,16,0,16,16,0,16,Rp977.653,0,78851,8936,11.33%,71,0.79%,0.18%,66943,7924,11.84%,62,0.78%,0.20%,Rp8.386.858,Rp0,Rp0,Rp0,Rp8.386.858,Rp8.386.858,Rp0,9,9,9,8,Rp931.873,5,4,1,40020,4607,11.51%,56,1.22%,0.20%,33589,4040,12.03%,39,0.97%,0.20%,580,27,4.66%,0,0.00%,0.00%,490,21,4.29%,0,0.00%,0.00%,39237,4574,11.66%,56,1.22%,0.20%,32968,4015,12.18%,39,0.97%,0.20%,Rp799.920,Rp799.920,Rp0,1,1,1,0,1,1,0,1,Rp799.920,8695,203,2.33%,4,1.97%,0.49%,7555,174,2.30%,4,2.30%,0.57%
MIKAYO  ELECTRIC DRILL / BOR TANGAN 10MM SET RH435-10SET BIRU,1729658622439556605,produk terjual ≥1,Aktif,Rp24.769.367,Rp634.177,Rp634.177,Rp0,Rp6.082.139,Rp5.739.779,Rp342.360,Rp15.387.142,Rp2.137.450,Rp2.137.450,Rp0,Rp12.464.793,Rp12.063.519,Rp401.274,Rp2.665.909,125,125,126,118,Rp198.155,103941,8100,7.79%,324,4.00%,1.54%,83894,6392,7.62%,288,4.51%,1.85%,Rp24.769.367,Rp0,Rp31.876.871,Rp6.799.531,Rp8.468.892,41,40,25138,1008,714,37,4.01%,3.77%,Rp7.016.581,38,Rp634.177,Rp634.177,Rp0,3,3,3,0,3,3,0,3,Rp211.392,63,4478,106,2.37%,2,1.89%,2.83%,3714,85,2.29%,2,2.35%,3.53%,Rp6.082.139,Rp5.739.779,Rp342.360,31,31,29,2,31,29,2,29,Rp196.198,1,20794,2208,10.62%,127,5.75%,1.40%,18216,1960,10.76%,118,6.02%,1.48%,Rp15.387.142,Rp2.137.450,Rp2.137.450,Rp0,Rp12.464.793,Rp12.063.519,Rp401.274,77,77,78,73,Rp199.833,73,88,24,59178,5056,8.54%,163,3.22%,1.52%,50388,4065,8.07%,147,3.62%,1.80%,9513,349,3.67%,17,4.87%,3.15%,7742,241,3.11%,14,5.81%,4.15%,47955,4674,9.75%,143,3.06%,1.33%,41705,3802,9.12%,130,3.42%,1.55%,Rp2.665.909,Rp2.665.909,Rp0,14,14,14,0,14,14,0,13,Rp190.422,19491,730,3.75%,32,4.38%,1.92%,15875,575,3.62%,28,4.87%,2.26%
3 Pcs Paket Selang Kompressor 6 Meter dengan Alat Isi Agin dan Pembersih Debu - Air Chuck Air Duster Dan Selang Recoil,1731863602320213501,GMV ≥250 atau produk terjual ≥3,Aktif,Rp24.744.357,Rp0,Rp0,Rp0,Rp7.432.300,Rp6.760.242,Rp672.058,Rp10.438.884,Rp0,Rp0,Rp0,Rp8.183.440,Rp7.822.424,Rp361.016,Rp6.873.173,333,333,334,322,Rp74.307,170167,5488,3.23%,430,7.84%,6.07%,131360,4307,3.28%,373,8.66%,7.48%,Rp24.744.357,Rp0,Rp33.450.297,Rp9.397.302,Rp4.560.988,59,59,60528,1749,1379,134,2.89%,7.95%,Rp10.285.991,140,Rp0,Rp0,Rp0,0,0,0,0,0,0,0,0,Rp0,28,1133,16,1.41%,1,6.25%,0.00%,1049,13,1.24%,1,7.69%,0.00%,Rp7.432.300,Rp6.760.242,Rp672.058,101,101,91,10,101,91,10,98,Rp73.587,0,42750,1277,2.99%,98,7.67%,7.91%,34826,1093,3.14%,87,7.96%,8.97%,Rp10.438.884,Rp0,Rp0,Rp0,Rp8.183.440,Rp7.822.424,Rp361.016,141,141,141,138,Rp74.035,15,1,16,62649,2365,3.78%,168,7.10%,5.96%,52292,1964,3.76%,150,7.64%,7.03%,241,8,3.32%,1,12.50%,0.00%,221,5,2.26%,1,20.00%,0.00%,62119,2345,3.78%,167,7.12%,4.69%,51933,1952,3.76%,149,7.63%,5.53%,Rp6.873.173,Rp6.873.173,Rp0,91,91,91,0,92,92,0,86,Rp75.529,63635,1830,2.88%,163,8.91%,4.97%,52932,1487,2.81%,145,9.75%,5.78%
PAKET Pisau Potong Rumput Senar Trimmer Head + Dudukan Piringan Senar Nylon Mata Potong Tali Senar Potong Rumput,1729722166966388221,GMV ≥250 atau produk terjual ≥3,Aktif,Rp24.525.314,Rp94.536,Rp94.536,Rp0,Rp16.612.087,Rp15.318.967,Rp1.293.120,Rp6.194.524,Rp156.567,Rp108.417,Rp48.150,Rp4.997.014,Rp4.643.841,Rp353.173,Rp1.624.167,555,558,580,550,Rp43.952,276586,10750,3.89%,545,5.07%,5.19%,174981,8081,4.62%,489,6.05%,6.81%,Rp24.525.314,Rp0,Rp36.076.299,Rp13.130.963,Rp3.257.673,71,71,71472,2526,1900,160,3.53%,6.49%,Rp6.831.730,170,Rp94.536,Rp94.536,Rp0,2,2,2,0,2,2,0,2,Rp47.268,65,5559,84,1.51%,3,3.57%,2.38%,4914,53,1.08%,2,3.77%,3.77%,Rp16.612.087,Rp15.318.967,Rp1.293.120,366,367,335,32,382,350,32,362,Rp45.265,3,122682,4672,3.81%,247,5.29%,7.86%,84649,3856,4.56%,227,5.89%,9.39%,Rp6.194.524,Rp156.567,Rp108.417,Rp48.150,Rp4.997.014,Rp4.643.841,Rp353.173,147,148,154,146,Rp41.855,58,34,28,92367,4362,4.72%,224,5.14%,3.39%,62841,3420,5.44%,208,6.08%,4.27%,3186,38,1.19%,1,2.63%,7.89%,2566,36,1.40%,1,2.78%,8.33%,87524,4294,4.91%,220,5.12%,2.77%,59499,3363,5.65%,204,6.07%,3.51%,Rp1.624.167,Rp1.624.167,Rp0,40,41,41,0,42,42,0,40,Rp39.614,55971,1632,2.92%,71,4.35%,2.51%,45573,1353,2.97%,64,4.73%,2.96%
Mesin Potong Rumput FUMIO / GENMARU BG-328T 2 Tak / SUMURA Portable Brush Cutter Pemotong Rumput BG328T BG 328,1729778503179208189,produk terjual ≥1,Aktif,Rp23.357.543,Rp0,Rp0,Rp0,Rp3.175.592,Rp3.175.592,Rp0,Rp20.181.951,Rp907.485,Rp907.485,Rp0,Rp17.635.312,Rp17.635.312,Rp0,Rp0,21,21,21,19,Rp1.112.264,101773,6673,6.56%,73,1.09%,0.31%,75294,5228,6.94%,59,1.13%,0.36%,Rp23.357.543,Rp0,Rp25.739.518,Rp4.798.500,Rp14.158.893,13,13,14890,564,466,3,3.79%,0.71%,Rp3.538.984,4,Rp0,Rp0,Rp0,0,0,0,0,0,0,0,0,Rp0,11,2070,38,1.84%,1,2.63%,0.00%,1866,33,1.77%,1,3.03%,0.00%,Rp3.175.592,Rp3.175.592,Rp0,3,3,3,0,3,3,0,2,Rp1.058.531,3,11925,786,6.59%,8,1.02%,0.38%,9431,695,7.37%,6,0.86%,0.29%,Rp20.181.951,Rp907.485,Rp907.485,Rp0,Rp17.635.312,Rp17.635.312,Rp0,18,18,18,17,Rp1.121.220,54,33,39,72725,5330,7.33%,53,0.99%,0.34%,54877,4136,7.54%,43,1.04%,0.41%,12391,139,1.12%,2,1.44%,0.72%,11090,111,1.00%,2,1.80%,0.90%,59592,5180,8.69%,50,0.97%,0.29%,43555,4018,9.23%,40,1.00%,0.37%,Rp0,Rp0,Rp0,0,0,0,0,0,0,0,0,Rp0,15054,519,3.45%,11,2.12%,0.00%,11514,427,3.71%,11,2.58%,0.00%
Mesin Planer Serut Ketam Sugu Mikayo Japan Teknologi 475 Watt 16000 RPM 220V,1729641671678659069,GMV ≥250 atau produk terjual ≥3,Aktif,Rp22.874.692,Rp0,Rp0,Rp0,Rp2.184.423,Rp1.610.748,Rp573.675,Rp15.731.522,Rp2.976.209,Rp2.668.184,Rp308.025,Rp9.262.506,Rp5.095.314,Rp4.167.192,Rp4.958.747,74,74,74,72,Rp309.117,91199,3847,4.22%,84,2.18%,1.92%,65374,3079,4.71%,73,2.37%,2.34%,Rp22.874.692,Rp0,Rp27.527.436,Rp3.860.178,Rp3.981.104,13,13,34468,1081,865,42,3.14%,4.07%,Rp13.459.074,44,Rp0,Rp0,Rp0,0,0,0,0,0,0,0,0,Rp0,8,2720,63,2.32%,0,0.00%,0.00%,2263,59,2.61%,0,0.00%,0.00%,Rp2.184.423,Rp1.610.748,Rp573.675,7,7,5,2,7,5,2,7,Rp312.060,0,4702,525,11.17%,4,0.76%,1.33%,2843,413,14.53%,3,0.73%,1.69%,Rp15.731.522,Rp2.976.209,Rp2.668.184,Rp308.025,Rp9.262.506,Rp5.095.314,Rp4.167.192,51,51,51,50,Rp308.461,80,72,33,42504,2126,5.00%,35,1.65%,2.40%,27367,1669,6.10%,31,1.86%,3.00%,14224,326,2.29%,4,1.23%,2.76%,9167,177,1.93%,3,1.69%,5.08%,26875,1769,6.58%,35,1.98%,1.75%,17536,1476,8.42%,28,1.90%,2.03%,Rp4.958.747,Rp4.958.747,Rp0,16,16,16,0,16,16,0,15,Rp309.922,41266,1133,2.75%,45,3.97%,1.41%,31962,895,2.80%,40,4.47%,1.68%
(PROMO 1LUSIN 12 PASANG) SARUNG TANGAN KERJA SAFETY GEKKO GRIP KARET LATEX ANTI SLIP TAHAN POTONG,1733049694157702653,GMV & produk terjual = 0,Aktif,Rp22.551.204,Rp0,Rp0,Rp0,Rp6.433.983,Rp6.000.791,Rp433.192,Rp8.496.241,Rp0,Rp0,Rp0,Rp5.527.078,Rp5.040.971,Rp486.107,Rp7.620.980,423,423,482,416,Rp53.313,254873,6026,2.36%,240,3.98%,7.02%,225693,4989,2.21%,224,4.49%,8.34%,Rp22.551.204,Rp0,Rp32.395.629,Rp11.936.435,Rp4.519.873,79,60,151478,2633,2302,209,1.74%,7.98%,Rp10.298.539,233,Rp0,Rp0,Rp0,0,0,0,0,0,0,0,0,Rp0,4,153,2,1.31%,0,0.00%,0.00%,127,2,1.57%,0,0.00%,0.00%,Rp6.433.983,Rp6.000.791,Rp433.192,127,127,117,10,138,128,10,127,Rp50.661,0,25452,1436,5.64%,62,4.32%,8.84%,21597,1173,5.43%,58,4.94%,10.83%,Rp8.496.241,Rp0,Rp0,Rp0,Rp5.527.078,Rp5.040.971,Rp486.107,141,141,175,135,Rp60.257,8,4,5,29470,1340,4.55%,59,4.40%,10.52%,24234,1115,4.60%,53,4.75%,12.11%,15,0,0.00%,0,0.00%,0.00%,9,0,0.00%,0,0.00%,0.00%,28718,1315,4.58%,55,4.18%,7.00%,23996,1101,4.59%,51,4.63%,8.17%,Rp7.620.980,Rp7.620.980,Rp0,155,155,155,0,169,169,0,154,Rp49.168,199798,3248,1.63%,119,3.66%,4.77%,186919,2928,1.57%,114,3.89%,5.26%
MESIN LAS MIKAYO 450W DAYA WATT RENDAH 120 A Mesin Las  MMA Mesin las Listrik Set Lengkap,1729808433688053245,GMV & produk terjual = 0,Aktif,Rp22.009.806,Rp0,Rp0,Rp0,Rp9.651.940,Rp7.726.772,Rp1.925.168,Rp9.211.389,Rp0,Rp0,Rp0,Rp7.542.642,Rp6.877.244,Rp665.398,Rp3.146.477,63,63,64,61,Rp349.362,71819,4995,6.95%,148,2.96%,1.26%,54400,4054,7.45%,127,3.13%,1.50%,Rp22.009.806,Rp0,Rp26.988.281,Rp3.870.500,Rp8.550.289,24,23,19062,572,477,15,3.00%,2.62%,Rp5.419.774,16,Rp0,Rp0,Rp0,0,0,0,0,0,0,0,0,Rp0,5,293,14,4.78%,0,0.00%,0.00%,251,12,4.78%,0,0.00%,0.00%,Rp9.651.940,Rp7.726.772,Rp1.925.168,28,28,22,6,28,22,6,27,Rp344.712,0,7653,859,11.22%,31,3.61%,3.26%,7142,805,11.27%,25,3.11%,3.35%,Rp9.211.389,Rp0,Rp0,Rp0,Rp7.542.642,Rp6.877.244,Rp665.398,27,27,27,26,Rp341.163,29,14,19,46805,3731,7.97%,101,2.71%,0.72%,37309,3132,8.39%,88,2.81%,0.83%,2482,38,1.53%,2,5.26%,0.00%,2071,31,1.50%,2,6.45%,0.00%,42955,3664,8.53%,97,2.65%,0.60%,34746,3081,8.87%,84,2.73%,0.68%,Rp3.146.477,Rp3.146.477,Rp0,8,8,8,0,9,9,0,8,Rp393.310,17068,391,2.29%,16,4.09%,2.05%,13559,339,2.50%,15,4.42%,2.36%
"Paket Tukang 5 Item Lengkap Gergaji 18 in, Palu 8 Oz, Meteran 3 m, Sendok Semen 7 in, Penggaris besi 30cm",1730477722771228157,GMV ≥250 atau produk terjual ≥3,Aktif,Rp20.699.592,Rp0,Rp0,Rp0,Rp9.440.632,Rp7.737.258,Rp1.703.374,Rp6.121.252,Rp0,Rp0,Rp0,Rp4.173.919,Rp3.255.850,Rp918.069,Rp5.137.708,260,260,260,249,Rp79.614,471196,17534,3.72%,381,2.17%,1.48%,325354,13432,4.13%,343,2.55%,1.85%,Rp20.699.592,Rp0,Rp27.804.636,Rp6.855.932,Rp5.833.532,70,68,166125,6542,5048,131,3.94%,2.08%,Rp10.771.372,136,Rp0,Rp0,Rp0,0,0,0,0,0,0,0,0,Rp0,62,2080,72,3.46%,0,0.00%,0.00%,1771,66,3.73%,0,0.00%,0.00%,Rp9.440.632,Rp7.737.258,Rp1.703.374,120,120,98,22,120,98,22,113,Rp78.672,0,144550,7986,5.52%,155,1.94%,1.50%,98736,6388,6.47%,146,2.29%,1.77%,Rp6.121.252,Rp0,Rp0,Rp0,Rp4.173.919,Rp3.255.850,Rp918.069,78,78,78,78,Rp78.478,51,42,12,169936,4112,2.42%,67,1.63%,1.90%,117286,3294,2.81%,50,1.52%,2.37%,1106,22,1.99%,0,0.00%,0.00%,978,19,1.94%,0,0.00%,0.00%,159937,4008,2.51%,64,1.60%,1.32%,111196,3207,2.88%,47,1.47%,1.65%,Rp5.137.708,Rp5.137.708,Rp0,62,62,62,0,62,62,0,58,Rp82.866,154630,5364,3.47%,159,2.96%,1.16%,128612,4575,3.56%,152,3.32%,1.27%
ALAT SOLDER SOLDERING ALAT PATRI LISTRIK 60 WATT SOLDERING IRON,1729669730298660349,GMV & produk terjual = 0,Nonaktif,Rp20.503.960,Rp15.260,Rp15.260,Rp0,Rp1.394.737,Rp1.182.613,Rp212.124,Rp16.039.889,Rp0,Rp0,Rp0,Rp14.757.774,Rp13.789.829,Rp967.945,Rp3.054.074,1114,1114,1183,1102,Rp18.406,375675,17995,4.79%,1316,7.31%,6.19%,249472,13074,5.24%,1160,8.87%,8.43%,Rp20.503.960,Rp0,Rp38.919.357,Rp18.438.164,Rp3.185.112,180,156,216264,6856,4944,471,3.17%,6.99%,Rp8.310.040,493,Rp15.260,Rp15.260,Rp0,1,1,1,0,1,1,0,1,Rp15.260,12,476,20,4.20%,0,0.00%,5.00%,369,15,4.07%,0,0.00%,6.67%,Rp1.394.737,Rp1.182.613,Rp212.124,72,72,59,13,84,71,13,72,Rp19.371,0,23624,1328,5.62%,79,5.95%,5.42%,17479,1071,6.13%,72,6.72%,6.72%,Rp16.039.889,Rp0,Rp0,Rp0,Rp14.757.774,Rp13.789.829,Rp967.945,872,872,916,864,Rp18.394,37,9,29,179319,12378,6.90%,886,7.16%,7.04%,115087,9197,7.99%,782,8.50%,9.39%,277,9,3.25%,1,11.11%,0.00%,199,7,3.52%,1,14.29%,0.00%,172387,12266,7.12%,873,7.12%,6.51%,111314,9129,8.20%,769,8.42%,8.66%,Rp3.054.074,Rp3.054.074,Rp0,169,169,169,0,182,182,0,165,Rp18.071,172255,4269,2.48%,351,8.22%,3.96%,140825,3543,2.52%,327,9.23%,4.66%
[2SET] HSS Planer Blade 82 mm Mata Serut Kayu Sugu Ketam Pasah,1730253381407901181,GMV ≥3.500 atau produk terjual ≥100,Aktif,Rp20.453.532,Rp0,Rp0,Rp0,Rp15.703.994,Rp14.978.561,Rp725.433,Rp3.567.515,Rp20.604,Rp20.604,Rp0,Rp2.659.222,Rp2.432.939,Rp226.283,Rp1.182.023,595,595,724,581,Rp34.376,364668,15785,4.33%,408,2.58%,3.77%,284262,12731,4.48%,390,3.06%,4.56%,Rp20.453.532,Rp0,Rp31.359.422,Rp12.088.975,Rp2.153.204,81,50,62880,1851,1460,106,2.94%,5.78%,Rp3.930.210,135,Rp0,Rp0,Rp0,0,0,0,0,0,0,0,0,Rp0,24,579,13,2.25%,0,0.00%,0.00%,490,10,2.04%,0,0.00%,0.00%,Rp15.703.994,Rp14.978.561,Rp725.433,468,468,449,19,528,507,21,463,Rp33.556,4,285736,11995,4.20%,313,2.61%,3.90%,232273,10124,4.36%,305,3.01%,4.57%,Rp3.567.515,Rp20.604,Rp20.604,Rp0,Rp2.659.222,Rp2.432.939,Rp226.283,104,104,142,102,Rp34.303,19,13,8,42497,2816,6.63%,64,2.27%,3.69%,35953,2379,6.62%,61,2.56%,4.29%,931,25,2.69%,0,0.00%,4.00%,740,16,2.16%,0,0.00%,6.25%,41201,2771,6.73%,62,2.24%,3.18%,35022,2351,6.71%,60,2.55%,3.66%,Rp1.182.023,Rp1.182.023,Rp0,23,23,23,0,54,54,0,16,Rp51.392,35856,961,2.68%,31,3.23%,2.39%,29194,815,2.79%,30,3.68%,1.96%
4PCS Roda PVC Hidup 1.5 Inch Roda Kastor Caster Etelase Gerobak Trolley Troli Kursi Rak,1729656972538250749,GMV ≥250 atau produk terjual ≥3,Aktif,Rp19.005.829,Rp0,Rp0,Rp0,Rp1.225.559,Rp1.140.379,Rp85.180,Rp16.334.640,Rp0,Rp0,Rp0,Rp15.565.702,Rp14.868.160,Rp697.542,Rp1.445.630,583,584,667,571,Rp32.544,313551,13472,4.30%,698,5.18%,4.33%,226854,10637,4.69%,655,6.16%,5.37%,Rp19.005.829,Rp0,Rp30.592.193,Rp12.602.616,Rp3.299.559,104,95,85494,2348,1767,155,2.75%,6.69%,Rp5.142.974,178,Rp0,Rp0,Rp0,0,0,0,0,0,0,0,0,Rp0,2,57,1,1.75%,0,0.00%,0.00%,53,1,1.89%,0,0.00%,0.00%,Rp1.225.559,Rp1.140.379,Rp85.180,43,43,40,3,45,42,3,43,Rp28.501,0,454,41,9.03%,1,2.44%,104.88%,382,34,8.90%,1,2.94%,126.47%,Rp16.334.640,Rp0,Rp0,Rp0,Rp15.565.702,Rp14.868.160,Rp697.542,499,500,576,488,Rp32.669,33,23,14,239982,11941,4.98%,624,5.23%,4.19%,173371,9594,5.53%,586,6.11%,5.09%,4359,133,3.05%,3,2.26%,0.00%,3363,108,3.21%,3,2.78%,0.00%,232397,11778,5.07%,616,5.23%,4.08%,167877,9463,5.64%,580,6.13%,4.97%,Rp1.445.630,Rp1.445.630,Rp0,41,41,41,0,46,46,0,41,Rp35.259,73058,1489,2.04%,73,4.90%,2.75%,61702,1248,2.02%,70,5.61%,3.29%
Timbangan Duduk Digital 40 KG 35KG Double Display Nankai Japan Technology Timbangan Duduk Digital Cocok Untuk Timbangan Buah Sayur dan lain lain,1730354184198260221,GMV ≥250 atau produk terjual ≥3,Aktif,Rp18.030.032,Rp0,Rp0,Rp0,Rp4.377.260,Rp3.047.197,Rp1.330.063,Rp9.049.541,Rp249.490,Rp249.490,Rp0,Rp5.096.798,Rp4.819.957,Rp276.841,Rp4.603.231,57,57,64,57,Rp316.316,38479,1719,4.47%,38,2.21%,3.32%,24445,1200,4.91%,37,3.08%,4.75%,Rp18.030.032,Rp0,Rp21.061.671,Rp3.036.000,Rp841.768,3,3,15198,585,447,30,3.85%,5.13%,Rp9.543.287,35,Rp0,Rp0,Rp0,0,0,0,0,0,0,0,0,Rp0,89,2415,26,1.08%,0,0.00%,0.00%,2098,20,0.95%,0,0.00%,0.00%,Rp4.377.260,Rp3.047.197,Rp1.330.063,13,13,10,3,14,10,4,13,Rp336.712,5,8545,462,5.41%,9,1.95%,2.81%,4278,342,7.99%,9,2.63%,3.80%,Rp9.049.541,Rp249.490,Rp249.490,Rp0,Rp5.096.798,Rp4.819.957,Rp276.841,28,28,33,28,Rp323.198,106,79,39,15460,748,4.84%,15,2.01%,3.74%,9892,545,5.51%,14,2.57%,5.14%,2000,60,3.00%,0,0.00%,1.67%,1755,46,2.62%,0,0.00%,2.17%,12243,667,5.45%,14,2.10%,2.25%,7677,484,6.30%,13,2.69%,3.10%,Rp4.603.231,Rp4.603.231,Rp0,16,16,16,0,17,17,0,16,Rp287.702,12059,483,4.01%,14,2.90%,3.31%,9745,390,4.00%,14,3.59%,4.10%
FOREDOM CC-30 MESIN BOR GANTUNG / DIE GRINDER TUNER KOREK MOTOR PORTING DARI MIKAYO,1729655469166922237,GMV & produk terjual = 0,Aktif,Rp17.199.138,Rp936.379,Rp936.379,Rp0,Rp6.560.454,Rp4.909.434,Rp1.651.020,Rp6.151.583,Rp0,Rp0,Rp0,Rp5.035.028,Rp3.968.620,Rp1.066.408,Rp3.550.722,32,32,32,32,Rp537.473,49352,3080,6.24%,165,5.36%,1.04%,38217,2623,6.86%,153,5.83%,1.22%,Rp17.199.138,Rp0,Rp19.966.109,Rp2.140.500,Rp5.489.527,10,10,14615,603,468,15,4.13%,2.49%,Rp7.820.571,15,Rp936.379,Rp936.379,Rp0,2,2,2,0,2,2,0,2,Rp468.190,34,966,16,1.66%,0,0.00%,12.50%,849,11,1.30%,0,0.00%,18.18%,Rp6.560.454,Rp4.909.434,Rp1.651.020,12,12,9,3,12,9,3,12,Rp546.704,1,24274,1936,7.98%,95,4.91%,0.62%,20155,1740,8.63%,86,4.94%,0.69%,Rp6.151.583,Rp0,Rp0,Rp0,Rp5.035.028,Rp3.968.620,Rp1.066.408,11,11,11,11,Rp559.235,15,11,6,10149,720,7.09%,44,6.11%,1.53%,8024,609,7.59%,44,7.22%,1.81%,993,16,1.61%,0,0.00%,0.00%,850,15,1.76%,0,0.00%,0.00%,8587,670,7.80%,37,5.52%,1.34%,6847,565,8.25%,37,6.55%,1.59%,Rp3.550.722,Rp3.550.722,Rp0,7,7,7,0,7,7,0,7,Rp507.246,13963,408,2.92%,26,6.37%,1.72%,11738,356,3.03%,25,7.02%,1.97%
"Mikayo Circular Saw 7"" Gergaji Potong Kayu Mesin Sirkel Circular So 7 In Bonus Mata Sirkel Penggaris dan Kunci",1730823822839547389,produk terjual ≥1,Aktif,Rp16.008.322,Rp2.758.448,Rp1.953.973,Rp804.475,Rp0,Rp0,Rp0,Rp13.249.874,Rp3.873.269,Rp3.873.269,Rp0,Rp9.376.605,Rp8.868.918,Rp507.687,Rp0,36,36,36,35,Rp444.676,165423,14959,9.04%,244,1.63%,0.24%,145905,12976,8.89%,211,1.63%,0.27%,Rp16.008.322,Rp0,Rp17.640.741,Rp4.162.728,Rp7.468.374,17,17,17694,1162,936,5,6.57%,0.43%,Rp2.318.463,5,Rp2.758.448,Rp1.953.973,Rp804.475,7,7,5,2,7,5,2,7,Rp394.064,45,14563,267,1.83%,11,4.12%,2.62%,9399,164,1.74%,8,4.88%,4.27%,Rp0,Rp0,Rp0,0,0,0,0,0,0,0,0,Rp0,0,97,6,6.19%,1,16.67%,0.00%,64,5,7.81%,1,20.00%,0.00%,Rp13.249.874,Rp3.873.269,Rp3.873.269,Rp0,Rp9.376.605,Rp8.868.918,Rp507.687,29,29,29,28,Rp456.892,46,79,5,143686,14446,10.05%,228,1.58%,0.20%,125784,12507,9.94%,199,1.59%,0.22%,27384,650,2.37%,21,3.23%,1.23%,21147,479,2.27%,14,2.92%,1.67%,116093,13790,11.88%,207,1.50%,0.15%,104710,12032,11.49%,185,1.54%,0.17%,Rp0,Rp0,Rp0,0,0,0,0,0,0,0,0,Rp0,7075,239,3.38%,4,1.67%,0.00%,5648,177,3.13%,4,2.26%,0.00%
BONCH Hammer Drill Profesional 3 Fungsi Bor Bobok Beton Tembok 800W SDS-Plus 28mm Bonus Mata Bor Bobok,1729618362044941821,GMV & produk terjual = 0,Aktif,Rp15.471.855,Rp0,Rp0,Rp0,Rp6.249.869,Rp5.645.384,Rp604.485,Rp5.603.160,Rp0,Rp0,Rp0,Rp1.840.725,Rp1.840.725,Rp0,Rp3.618.826,27,27,28,27,Rp573.032,24945,1841,7.38%,71,3.86%,1.47%,18315,1487,8.12%,64,4.30%,1.82%,Rp15.471.855,Rp0,Rp18.682.801,Rp1.795.500,Rp2.411.748,4,4,11822,740,578,15,6.26%,2.03%,Rp8.024.508,15,Rp0,Rp0,Rp0,0,0,0,0,0,0,0,0,Rp0,11,361,18,4.99%,0,0.00%,0.00%,297,15,5.05%,0,0.00%,0.00%,Rp6.249.869,Rp5.645.384,Rp604.485,10,10,9,1,11,10,1,10,Rp624.987,0,6881,717,10.42%,28,3.91%,1.39%,5735,630,10.99%,26,4.13%,1.59%,Rp5.603.160,Rp0,Rp0,Rp0,Rp1.840.725,Rp1.840.725,Rp0,10,10,10,10,Rp560.316,10,6,4,7402,489,6.61%,16,3.27%,2.04%,5333,372,6.98%,13,3.49%,2.69%,1509,56,3.71%,0,0.00%,0.00%,1304,36,2.76%,0,0.00%,0.00%,5297,420,7.93%,14,3.33%,0.71%,3692,325,8.80%,12,3.69%,0.92%,Rp3.618.826,Rp3.618.826,Rp0,7,7,7,0,7,7,0,7,Rp516.975,10301,617,5.99%,27,4.38%,1.13%,8011,515,6.43%,26,5.05%,1.36%
Mesin Gergaji Kayu Circular Saw Yukido Mikyao 7 Inchi dengan Daya 900W,1729653898420980221,GMV ≥250 atau produk terjual ≥3,Aktif,Rp14.286.066,Rp2.449.068,Rp2.449.068,Rp0,Rp3.238.211,Rp3.238.211,Rp0,Rp7.040.574,Rp2.600.432,Rp2.231.984,Rp368.448,Rp3.608.859,Rp2.847.416,Rp761.443,Rp1.558.213,34,34,34,34,Rp420.178,68014,3238,4.76%,60,1.85%,1.05%,54275,2526,4.65%,52,2.06%,1.35%,Rp14.286.066,Rp0,Rp14.633.946,Rp2.402.839,Rp3.212.717,8,8,11671,378,295,11,3.24%,2.91%,Rp4.220.705,11,Rp2.449.068,Rp2.449.068,Rp0,6,6,6,0,6,6,0,6,Rp408.178,63,22775,571,2.51%,9,1.58%,1.05%,19247,451,2.34%,9,2.00%,1.33%,Rp3.238.211,Rp3.238.211,Rp0,8,8,8,0,8,8,0,8,Rp404.776,1,7692,657,8.54%,9,1.37%,1.22%,5252,517,9.84%,7,1.35%,1.55%,Rp7.040.574,Rp2.600.432,Rp2.231.984,Rp368.448,Rp3.608.859,Rp2.847.416,Rp761.443,16,16,16,16,Rp440.036,61,44,26,26546,1642,6.19%,30,1.83%,0.97%,21387,1264,5.91%,24,1.90%,1.27%,12262,332,2.71%,9,2.71%,1.51%,10598,256,2.42%,8,3.13%,1.95%,13668,1287,9.42%,18,1.40%,0.70%,10525,995,9.45%,13,1.31%,0.90%,Rp1.558.213,Rp1.558.213,Rp0,4,4,4,0,4,4,0,4,Rp389.553,10994,367,3.34%,12,3.27%,1.09%,8667,278,3.21%,12,4.32%,1.44%
ELLKA SELANG RECOIL HOSE / SELANG SPIRAL ANGIN KOMPRESOR,1729680074470164989,GMV ≥250 atau produk terjual ≥3,Aktif,Rp14.192.133,Rp41.612,Rp41.612,Rp0,Rp7.956.560,Rp7.419.266,Rp537.294,Rp4.292.362,Rp0,Rp0,Rp0,Rp3.545.616,Rp3.343.539,Rp202.077,Rp1.901.599,330,330,349,327,Rp43.006,163042,5011,3.07%,292,5.83%,6.59%,105647,3837,3.63%,257,6.70%,8.52%,Rp14.192.133,Rp0,Rp20.428.409,Rp6.598.959,Rp1.629.192,38,35,55496,1515,1200,125,2.73%,8.32%,Rp5.030.756,132,Rp41.612,Rp41.612,Rp0,1,1,1,0,1,1,0,1,Rp41.612,96,2617,41,1.57%,0,0.00%,2.44%,2402,27,1.12%,0,0.00%,3.70%,Rp7.956.560,Rp7.419.266,Rp537.294,180,180,167,13,191,177,14,179,Rp44.203,1,60391,2088,3.46%,129,6.18%,8.62%,37364,1719,4.60%,117,6.81%,10.41%,Rp4.292.362,Rp0,Rp0,Rp0,Rp3.545.616,Rp3.343.539,Rp202.077,105,105,110,104,Rp40.880,68,30,43,46528,1721,3.70%,74,4.30%,6.10%,31104,1337,4.30%,63,4.71%,7.78%,1203,11,0.91%,0,0.00%,0.00%,1075,9,0.84%,0,0.00%,0.00%,42351,1674,3.95%,70,4.18%,4.96%,28276,1311,4.64%,60,4.58%,6.25%,Rp1.901.599,Rp1.901.599,Rp0,44,44,44,0,47,47,0,43,Rp43.218,53504,1161,2.17%,89,7.67%,3.79%,42898,961,2.24%,79,8.22%,4.47%
Mesin Gergaji BOSCH GKS 130 Circular Saw 1300W Putra Inti,1732997878740387325,GMV & produk terjual = 0,Aktif,Rp12.523.963,Rp0,Rp0,Rp0,Rp7.065.824,Rp5.516.009,Rp1.549.815,Rp5.458.139,Rp1.414.705,Rp1.414.705,Rp0,Rp4.043.434,Rp2.648.927,Rp1.394.507,Rp0,9,9,9,9,Rp1.391.551,51759,3928,7.59%,41,1.04%,0.23%,39241,3400,8.66%,39,1.15%,0.26%,Rp12.523.963,Rp0,Rp14.847.698,Rp2.145.500,Rp9.723.536,7,7,5378,222,182,2,4.13%,0.90%,Rp2.589.539,2,Rp0,Rp0,Rp0,0,0,0,0,0,0,0,0,Rp0,30,7163,164,2.29%,2,1.22%,0.00%,5782,135,2.33%,2,1.48%,0.00%,Rp7.065.824,Rp5.516.009,Rp1.549.815,5,5,4,1,5,4,1,5,Rp1.413.165,0,15640,1810,11.57%,16,0.88%,0.28%,12618,1619,12.83%,16,0.99%,0.31%,Rp5.458.139,Rp1.414.705,Rp1.414.705,Rp0,Rp4.043.434,Rp2.648.927,Rp1.394.507,4,4,4,4,Rp1.364.535,22,24,0,22821,1719,7.53%,14,0.81%,0.23%,18443,1530,8.30%,13,0.85%,0.26%,8302,214,2.58%,4,1.87%,0.47%,6827,178,2.61%,4,2.25%,0.56%,14322,1504,10.50%,10,0.66%,0.20%,11544,1354,11.73%,9,0.66%,0.22%,Rp0,Rp0,Rp0,0,0,0,0,0,0,0,0,Rp0,6135,235,3.83%,9,3.83%,0.00%,4853,206,4.24%,9,4.37%,0.00%
Selang Angin Kompressor 10m 3Ply Tekanan Tinggi High Preassure,1729602827852940797,GMV ≥250 atau produk terjual ≥3,Aktif,Rp12.100.093,Rp0,Rp0,Rp0,Rp4.866.058,Rp4.502.964,Rp363.094,Rp5.424.720,Rp0,Rp0,Rp0,Rp4.606.847,Rp4.064.528,Rp542.319,Rp1.809.315,149,149,157,140,Rp81.209,91716,3741,4.08%,184,4.92%,3.98%,52930,2767,5.23%,158,5.71%,5.06%,Rp12.100.093,Rp0,Rp15.771.154,Rp3.648.353,Rp2.998.255,39,34,24761,749,586,46,3.02%,6.54%,Rp3.907.588,52,Rp0,Rp0,Rp0,0,0,0,0,0,0,0,0,Rp0,85,1502,17,1.13%,0,0.00%,0.00%,1359,12,0.88%,0,0.00%,0.00%,Rp4.866.058,Rp4.502.964,Rp363.094,58,58,53,5,62,57,5,55,Rp83.898,2,24913,1124,4.51%,53,4.72%,5.16%,16349,953,5.83%,50,5.25%,5.77%,Rp5.424.720,Rp0,Rp0,Rp0,Rp4.606.847,Rp4.064.528,Rp542.319,67,67,71,64,Rp80.966,33,6,29,38250,1763,4.61%,77,4.37%,3.80%,20405,1314,6.44%,64,4.87%,4.87%,138,2,1.45%,0,0.00%,0.00%,128,2,1.56%,0,0.00%,0.00%,37178,1745,4.69%,77,4.41%,3.27%,19742,1297,6.57%,64,4.93%,4.16%,Rp1.809.315,Rp1.809.315,Rp0,24,24,24,0,24,24,0,21,Rp75.388,27047,837,3.09%,54,6.45%,2.87%,20901,687,3.29%,48,6.99%,3.06%
3 Pasang Sarung Tangan Kerja Proyek Industri Sarung Tangan Karet Safety Latex Premium,1730727116403279357,GMV & produk terjual = 0,Aktif,Rp11.964.851,Rp0,Rp0,Rp0,Rp6.430.281,Rp5.948.225,Rp482.056,Rp2.353.773,Rp0,Rp0,Rp0,Rp1.274.845,Rp1.103.960,Rp170.885,Rp3.180.797,696,696,747,680,Rp17.191,205387,6609,3.22%,514,7.78%,10.53%,170087,5398,3.17%,439,8.13%,12.60%,Rp11.964.851,Rp0,Rp25.789.824,Rp14.159.500,Rp1.571.589,94,77,118448,2876,2352,331,2.43%,11.89%,Rp5.874.850,373,Rp0,Rp0,Rp0,0,0,0,0,0,0,0,0,Rp0,3,82,1,1.22%,0,0.00%,0.00%,79,1,1.27%,0,0.00%,0.00%,Rp6.430.281,Rp5.948.225,Rp482.056,384,384,355,29,399,368,31,375,Rp16.746,0,62483,3232,5.17%,275,8.51%,11.88%,52837,2707,5.12%,242,8.94%,13.85%,Rp2.353.773,Rp0,Rp0,Rp0,Rp1.274.845,Rp1.103.960,Rp170.885,133,133,150,130,Rp17.698,14,1,14,10672,564,5.28%,40,7.09%,23.58%,8273,476,5.75%,32,6.72%,27.31%,25,0,0.00%,0,0.00%,0.00%,23,0,0.00%,0,0.00%,0.00%,9614,540,5.62%,39,7.22%,12.41%,7891,454,5.75%,31,6.83%,14.32%,Rp3.180.797,Rp3.180.797,Rp0,179,179,179,0,198,198,0,175,Rp17.770,132151,2812,2.13%,199,7.08%,6.37%,115291,2413,2.09%,170,7.05%,7.25%
Kabel POWER AC 2jalur parts pengganti Kabel mesin Power tools  kabel mesin Gerinda  Bor Kulkas Las DLL,1730370747364574717,GMV ≥250 atau produk terjual ≥3,Aktif,Rp11.819.964,Rp43.699,Rp43.699,Rp0,Rp7.470.378,Rp7.051.891,Rp418.487,Rp3.611.815,Rp0,Rp0,Rp0,Rp2.972.575,Rp2.415.455,Rp557.120,Rp694.072,314,314,519,308,Rp37.643,199034,7583,3.81%,517,6.82%,4.14%,153081,6257,4.09%,465,7.43%,4.92%,Rp11.819.964,Rp0,Rp17.525.867,Rp6.161.221,Rp1.364.283,63,25,72723,2182,1883,75,3.00%,3.57%,Rp3.060.264,135,Rp43.699,Rp43.699,Rp0,2,2,2,0,2,2,0,2,Rp21.850,67,1712,41,2.39%,0,0.00%,4.88%,1514,35,2.31%,0,0.00%,5.71%,Rp7.470.378,Rp7.051.891,Rp418.487,200,200,191,9,328,308,20,198,Rp37.352,3,77937,3671,4.71%,339,9.23%,5.45%,62541,3195,5.11%,310,9.70%,6.20%,Rp3.611.815,Rp0,Rp0,Rp0,Rp2.972.575,Rp2.415.455,Rp557.120,88,88,158,85,Rp41.043,47,36,14,43634,1725,3.95%,86,4.99%,5.10%,29122,1393,4.78%,81,5.81%,6.10%,1259,28,2.22%,1,3.57%,0.00%,1158,24,2.07%,1,4.17%,0.00%,41594,1681,4.04%,84,5.00%,4.64%,27484,1355,4.93%,79,5.83%,5.61%,Rp694.072,Rp694.072,Rp0,24,24,24,0,31,31,0,24,Rp28.920,75751,2146,2.83%,92,4.29%,1.12%,67723,1989,2.94%,84,4.22%,1.21%
MESIN SIRKEL CIRCULAR RYU 7 INCHI MESIN POTONG KAYU ORIGINAL RYU,1729644129059572221,GMV & produk terjual = 0,Aktif,Rp11.598.967,Rp1.417.546,Rp1.417.546,Rp0,Rp2.609.470,Rp1.922.356,Rp687.114,Rp4.433.123,Rp1.225.758,Rp1.225.758,Rp0,Rp3.207.365,Rp1.965.641,Rp1.241.724,Rp3.138.828,18,18,18,18,Rp644.387,29122,1906,6.54%,46,2.41%,0.94%,20092,1429,7.11%,40,2.80%,1.26%,Rp11.598.967,Rp0,Rp13.491.837,Rp1.155.500,Rp3.957.419,6,6,9001,462,336,11,5.13%,2.38%,Rp6.956.187,11,Rp1.417.546,Rp1.417.546,Rp0,2,2,2,0,2,2,0,2,Rp708.773,43,2390,57,2.38%,0,0.00%,3.51%,1992,43,2.16%,0,0.00%,4.65%,Rp2.609.470,Rp1.922.356,Rp687.114,4,4,3,1,4,3,1,4,Rp652.368,0,5873,583,9.93%,12,2.06%,0.69%,3452,457,13.24%,11,2.41%,0.88%,Rp4.433.123,Rp1.225.758,Rp1.225.758,Rp0,Rp3.207.365,Rp1.965.641,Rp1.241.724,7,7,7,7,Rp633.303,30,23,13,11421,840,7.35%,18,2.14%,0.83%,9058,683,7.54%,16,2.34%,1.02%,3225,70,2.17%,1,1.43%,2.86%,2718,52,1.91%,1,1.92%,3.85%,7970,767,9.62%,15,1.96%,0.65%,6250,631,10.10%,13,2.06%,0.79%,Rp3.138.828,Rp3.138.828,Rp0,5,5,5,0,5,5,0,5,Rp627.766,9438,426,4.51%,16,3.76%,1.17%,7150,348,4.87%,16,4.60%,1.44%
ALAT SOLDER SOLDERING ALAT PATRI LISTRIK 60 WATT SOLDERING IRON,1730489894516000253,GMV ≥250 atau produk terjual ≥3,Nonaktif,Rp11.341.132,Rp0,Rp0,Rp0,Rp6.969.313,Rp6.684.309,Rp285.004,Rp3.041.015,Rp0,Rp0,Rp0,Rp2.632.503,Rp2.521.399,Rp111.104,Rp1.330.804,593,593,629,590,Rp19.125,343681,14229,4.14%,865,6.08%,4.17%,273629,11698,4.28%,806,6.89%,5.04%,Rp11.341.132,Rp0,Rp22.005.792,Rp10.352.683,Rp2.039.163,107,95,105869,2458,2026,130,2.32%,5.29%,Rp2.328.868,138,Rp0,Rp0,Rp0,0,0,0,0,0,0,0,0,Rp0,6,70,1,1.43%,0,0.00%,0.00%,68,1,1.47%,0,0.00%,0.00%,Rp6.969.313,Rp6.684.309,Rp285.004,359,359,344,15,387,372,15,357,Rp19.413,1,182607,8611,4.72%,565,6.56%,4.17%,157670,7589,4.81%,531,7.00%,4.70%,Rp3.041.015,Rp0,Rp0,Rp0,Rp2.632.503,Rp2.521.399,Rp111.104,164,164,165,163,Rp18.543,37,10,31,48172,3251,6.75%,113,3.48%,5.04%,33050,2632,7.96%,106,4.03%,6.19%,648,2,0.31%,0,0.00%,0.00%,555,2,0.36%,0,0.00%,0.00%,46413,3229,6.96%,110,3.41%,4.30%,32222,2619,8.13%,104,3.97%,5.27%,Rp1.330.804,Rp1.330.804,Rp0,70,70,70,0,77,77,0,70,Rp19.011,112832,2366,2.10%,187,7.90%,2.96%,97681,2039,2.09%,181,8.88%,3.43%
Kunci Pipa Heavy Duty 12 INCI 14 INCI 18INCI 24 INCI / Pipe Wrench YUKIDO KUNCI LEDENG,1729971249275505149,produk terjual ≥1,Aktif,Rp11.153.404,Rp51.900,Rp0,Rp51.900,Rp8.818.737,Rp8.525.433,Rp293.304,Rp1.532.432,Rp0,Rp0,Rp0,Rp1.405.054,Rp1.145.585,Rp259.469,Rp750.335,103,103,115,97,Rp108.285,118770,4763,4.01%,93,1.95%,2.16%,99555,3879,3.90%,85,2.19%,2.50%,Rp11.153.404,Rp0,Rp13.608.004,Rp2.536.385,Rp2.975.905,27,23,16233,892,674,24,5.49%,2.69%,Rp2.372.788,27,Rp51.900,Rp0,Rp51.900,1,1,0,1,1,0,1,1,Rp51.900,61,1211,19,1.57%,0,0.00%,5.26%,1061,16,1.51%,0,0.00%,6.25%,Rp8.818.737,Rp8.525.433,Rp293.304,85,85,81,4,92,88,4,79,Rp103.750,0,100141,3849,3.84%,76,1.97%,2.21%,86156,3235,3.75%,70,2.16%,2.44%,Rp1.532.432,Rp0,Rp0,Rp0,Rp1.405.054,Rp1.145.585,Rp259.469,11,11,14,11,Rp139.312,7,3,4,5031,341,6.78%,0,0.00%,3.23%,4051,286,7.06%,0,0.00%,3.85%,68,1,1.47%,0,0.00%,0.00%,63,1,1.59%,0,0.00%,0.00%,4829,340,7.04%,0,0.00%,2.65%,3899,285,7.31%,0,0.00%,3.16%,Rp750.335,Rp750.335,Rp0,6,6,6,0,8,8,0,6,Rp125.056,12384,554,4.47%,17,3.07%,1.08%,10393,471,4.53%,15,3.18%,1.27%
Toolbox Tempat Penyimpanan Alat Perkakas HL Uk 12 inch 16 inch 18 inch,1729731362793948669,produk terjual ≥1,Aktif,Rp10.976.346,Rp0,Rp0,Rp0,Rp887.682,Rp722.500,Rp165.182,Rp9.500.557,Rp0,Rp0,Rp0,Rp9.048.754,Rp8.190.466,Rp858.288,Rp588.107,202,204,208,199,Rp53.806,149415,12225,8.18%,902,7.38%,1.67%,112998,8917,7.89%,842,9.44%,2.23%,Rp10.976.346,Rp0,Rp16.450.186,Rp5.950.066,Rp1.971.286,36,36,43449,2615,1921,50,6.02%,1.95%,Rp2.504.123,53,Rp0,Rp0,Rp0,0,0,0,0,0,0,0,0,Rp0,2,296,6,2.03%,0,0.00%,0.00%,232,5,2.16%,0,0.00%,0.00%,Rp887.682,Rp722.500,Rp165.182,16,16,13,3,16,13,3,16,Rp55.480,1,4986,328,6.58%,21,6.40%,4.88%,3320,252,7.59%,19,7.54%,6.35%,Rp9.500.557,Rp0,Rp0,Rp0,Rp9.048.754,Rp8.190.466,Rp858.288,173,175,179,170,Rp54.289,36,4,42,116384,10532,9.05%,811,7.70%,1.66%,91531,7711,8.42%,765,9.92%,2.20%,43,0,0.00%,0,0.00%,0.00%,37,0,0.00%,0,0.00%,0.00%,115104,10515,9.14%,810,7.70%,1.60%,91061,7703,8.46%,765,9.93%,2.12%,Rp588.107,Rp588.107,Rp0,13,13,13,0,13,13,0,13,Rp45.239,27749,1359,4.90%,70,5.15%,0.96%,22722,1144,5.03%,64,5.59%,1.14%
BOSCH Paket Mesin Gerinda dan Mesin Bor Listrik - Bosch Angle Grinder GWS 700 + Electric Drill GBM 400 10mm,1732700435532973565,GMV & produk terjual = 0,Aktif,Rp10.783.264,Rp0,Rp0,Rp0,Rp2.112.819,Rp2.112.819,Rp0,Rp8.670.445,Rp0,Rp0,Rp0,Rp8.670.445,Rp8.670.445,Rp0,Rp0,11,11,11,11,Rp980.297,96868,11058,11.42%,132,1.19%,0.10%,78670,9690,12.32%,116,1.20%,0.11%,Rp10.783.264,Rp0,Rp11.521.764,Rp1.018.500,Rp7.817.005,8,8,11607,461,363,1,3.97%,0.22%,Rp909.909,1,Rp0,Rp0,Rp0,0,0,0,0,0,0,0,0,Rp0,7,487,11,2.26%,0,0.00%,0.00%,416,9,2.16%,0,0.00%,0.00%,Rp2.112.819,Rp2.112.819,Rp0,2,2,2,0,2,2,0,2,Rp1.056.410,1,5580,595,10.66%,6,1.01%,0.34%,4581,519,11.33%,5,0.96%,0.39%,Rp8.670.445,Rp0,Rp0,Rp0,Rp8.670.445,Rp8.670.445,Rp0,9,9,9,9,Rp963.383,9,2,9,82992,10261,12.36%,122,1.19%,0.09%,69244,9153,13.22%,107,1.17%,0.10%,24,0,0.00%,0,0.00%,0.00%,23,0,0.00%,0,0.00%,0.00%,82644,10240,12.39%,122,1.19%,0.09%,69120,9141,13.22%,107,1.17%,0.10%,Rp0,Rp0,Rp0,0,0,0,0,0,0,0,0,Rp0,7809,191,2.45%,4,2.09%,0.00%,6753,166,2.46%,4,2.41%,0.00%
"COD Mesin Potong Kayu 58CC 22inch Chainsaw 2 Tak Untuk Gergaji Mesin Alat Outdoor Mesin Gergaji Kayu Gergaji Potong Pohon Kayu Pemotong Kayu Cepat & Irit Bahan Bakar Gergaji Mesin Portable Anti Macet - Untuk Kayu, Bambu & Kebun Mata Pisau Kuat Tahan Lama",1732805299510216189,produk terjual ≥1,Aktif,Rp10.397.375,Rp0,Rp0,Rp0,Rp3.525.260,Rp3.525.260,Rp0,Rp5.218.745,Rp942.835,Rp942.835,Rp0,Rp3.586.005,Rp3.586.005,Rp0,Rp1.653.370,10,10,10,10,Rp1.039.738,22348,986,4.41%,8,0.81%,1.01%,18341,777,4.24%,6,0.77%,1.29%,Rp10.397.375,Rp0,Rp8.634.335,Rp2.415.000,Rp2.873.810,3,3,6255,292,246,2,4.67%,0.68%,Rp2.072.375,2,Rp0,Rp0,Rp0,0,0,0,0,0,0,0,0,Rp0,0,4,2,50.00%,0,0.00%,0.00%,4,2,50.00%,0,0.00%,0.00%,Rp3.525.260,Rp3.525.260,Rp0,3,3,3,0,3,3,0,3,Rp1.175.087,1,5516,283,5.13%,3,1.06%,1.06%,3800,206,5.42%,3,1.46%,1.46%,Rp5.218.745,Rp942.835,Rp942.835,Rp0,Rp3.586.005,Rp3.586.005,Rp0,5,5,5,5,Rp1.043.749,15,11,9,12326,517,4.19%,1,0.19%,0.97%,9904,346,3.49%,1,0.29%,1.45%,8637,234,2.71%,1,0.43%,0.43%,7470,144,1.93%,1,0.69%,0.69%,3382,280,8.28%,0,0.00%,1.07%,2366,199,8.41%,0,0.00%,1.51%,Rp1.653.370,Rp1.653.370,Rp0,2,2,2,0,2,2,0,2,Rp826.685,4497,184,4.09%,4,2.17%,1.09%,3342,133,3.98%,2,1.50%,1.50%
Paket Hemat 3 Item Mesin Bor Gerinda Set Cover dengan Mesin Serut Planer Ketam Sugu Kayu,1730821931034052093,produk terjual ≥1,Aktif,Rp10.258.129,Rp1.612.980,Rp1.612.980,Rp0,Rp1.519.421,Rp685.285,Rp834.136,Rp7.125.728,Rp1.362.812,Rp1.362.812,Rp0,Rp5.762.916,Rp5.762.916,Rp0,Rp0,12,12,12,12,Rp854.844,91348,6645,7.27%,133,2.00%,0.18%,75441,5732,7.60%,115,2.01%,0.21%,Rp10.258.129,Rp0,Rp10.613.600,Rp2.561.000,Rp4.935.006,6,6,15399,614,479,3,3.99%,0.49%,Rp2.467.306,3,Rp1.612.980,Rp1.612.980,Rp0,2,2,2,0,2,2,0,2,Rp806.490,55,6948,170,2.45%,5,2.94%,1.18%,5589,125,2.24%,2,1.60%,1.60%,Rp1.519.421,Rp685.285,Rp834.136,2,2,1,1,2,1,1,2,Rp759.710,1,3831,249,6.50%,6,2.41%,0.80%,2920,206,7.05%,6,2.91%,0.97%,Rp7.125.728,Rp1.362.812,Rp1.362.812,Rp0,Rp5.762.916,Rp5.762.916,Rp0,8,8,8,8,Rp890.716,41,56,5,71860,6004,8.36%,118,1.97%,0.13%,54916,5118,9.32%,103,2.01%,0.16%,19783,355,1.79%,6,1.69%,0.56%,9685,216,2.23%,4,1.85%,0.93%,51864,5644,10.88%,112,1.98%,0.11%,45227,4899,10.83%,99,2.02%,0.12%,Rp0,Rp0,Rp0,0,0,0,0,0,0,0,0,Rp0,8710,222,2.55%,4,1.80%,0.00%,7401,182,2.46%,4,2.20%,0.00%
Mata Pengganti Pisau Bolt Cutter YUKIDO Kepala Gunting Beton Replacement Bolt Cutter,1729668948394739197,produk terjual ≥1,Aktif,Rp9.967.127,Rp146.854,Rp146.854,Rp0,Rp4.072.404,Rp3.931.711,Rp140.693,Rp5.192.571,Rp0,Rp0,Rp0,Rp4.500.801,Rp3.930.151,Rp570.650,Rp555.298,65,66,67,63,Rp151.017,77301,5097,6.59%,88,1.73%,1.29%,42925,3232,7.53%,77,2.38%,1.95%,Rp9.967.127,Rp0,Rp12.611.781,Rp3.385.000,Rp2.995.701,17,16,15448,867,615,12,5.61%,1.50%,Rp1.707.881,13,Rp146.854,Rp146.854,Rp0,1,1,1,0,1,1,0,1,Rp146.854,78,2667,63,2.36%,2,3.17%,1.59%,2319,46,1.98%,2,4.35%,2.17%,Rp4.072.404,Rp3.931.711,Rp140.693,27,27,26,1,27,26,1,26,Rp150.830,5,32048,2318,7.23%,40,1.73%,1.16%,17701,1676,9.47%,38,2.27%,1.55%,Rp5.192.571,Rp0,Rp0,Rp0,Rp4.500.801,Rp3.930.151,Rp570.650,33,34,35,32,Rp152.723,39,10,33,27617,2068,7.49%,31,1.50%,1.64%,14518,1416,9.75%,26,1.84%,2.26%,219,3,1.37%,0,0.00%,0.00%,196,3,1.53%,0,0.00%,0.00%,25590,2021,7.90%,30,1.48%,1.39%,13643,1383,10.14%,25,1.81%,1.95%,Rp555.298,Rp555.298,Rp0,4,4,4,0,4,4,0,4,Rp138.824,14964,648,4.33%,15,2.31%,0.62%,12734,507,3.98%,13,2.56%,0.79%
YUKIDO KEPALA POMPA GEMUK MODEL JEPIT PLUS KONEKTOR SELANG,1729711111053937149,produk terjual ≥1,Aktif,Rp9.798.355,Rp0,Rp0,Rp0,Rp5.107.269,Rp5.043.639,Rp63.630,Rp3.086.374,Rp0,Rp0,Rp0,Rp2.543.679,Rp2.298.047,Rp245.632,Rp1.604.712,116,116,128,114,Rp84.469,48843,1785,3.65%,79,4.43%,6.50%,32746,1339,4.09%,63,4.71%,8.51%,Rp9.798.355,Rp0,Rp13.123.664,Rp3.847.500,Rp1.279.183,16,15,13794,464,352,40,3.36%,8.84%,Rp3.149.711,43,Rp0,Rp0,Rp0,0,0,0,0,0,0,0,0,Rp0,2,27,0,0.00%,0,0.00%,0.00%,25,0,0.00%,0,0.00%,0.00%,Rp5.107.269,Rp5.043.639,Rp63.630,60,60,59,1,68,67,1,59,Rp85.121,1,18793,812,4.32%,35,4.31%,7.39%,10739,602,5.61%,27,4.49%,9.80%,Rp3.086.374,Rp0,Rp0,Rp0,Rp2.543.679,Rp2.298.047,Rp245.632,36,36,38,35,Rp85.733,7,4,3,15352,599,3.90%,24,4.01%,6.01%,10868,470,4.32%,18,3.83%,7.45%,163,1,0.61%,0,0.00%,0.00%,141,1,0.71%,0,0.00%,0.00%,14290,593,4.15%,23,3.88%,4.89%,10068,466,4.63%,18,3.86%,6.01%,Rp1.604.712,Rp1.604.712,Rp0,20,20,20,0,22,22,0,20,Rp80.236,14667,374,2.55%,20,5.35%,5.35%,12493,309,2.47%,19,6.15%,6.47%
BOSCH Gerinda GWS 700 - original bosch - gerinda tangan - gerinda bosch,1733172994453439997,GMV & produk terjual = 0,Aktif,Rp9.764.911,Rp0,Rp0,Rp0,Rp1.778.752,Rp1.778.752,Rp0,Rp7.986.159,Rp422.887,Rp422.887,Rp0,Rp3.550.679,Rp3.147.588,Rp403.091,Rp0,19,19,21,14,Rp513.943,12253,748,6.10%,19,2.54%,2.54%,8478,598,7.05%,19,3.18%,2.34%,Rp9.764.911,Rp0,Rp11.329.976,Rp1.460.000,Rp4.402.622,9,6,3587,135,103,5,3.76%,4.44%,Rp2.679.355,6,Rp0,Rp0,Rp0,0,0,0,0,0,0,0,0,Rp0,6,487,11,2.26%,1,9.09%,0.00%,415,11,2.65%,1,9.09%,0.00%,Rp1.778.752,Rp1.778.752,Rp0,4,4,4,0,4,4,0,3,Rp444.688,0,2845,227,7.98%,4,1.76%,1.76%,1661,187,11.26%,4,2.14%,1.60%,Rp7.986.159,Rp422.887,Rp422.887,Rp0,Rp3.550.679,Rp3.147.588,Rp403.091,15,15,17,11,Rp532.411,15,7,10,6714,434,6.46%,10,2.30%,3.46%,5147,372,7.23%,10,2.69%,2.96%,1015,42,4.14%,0,0.00%,2.38%,838,33,3.94%,0,0.00%,3.03%,5490,385,7.01%,10,2.60%,2.08%,4217,336,7.97%,10,2.98%,2.08%,Rp0,Rp0,Rp0,0,0,0,0,0,0,0,0,Rp0,2208,76,3.44%,4,5.26%,0.00%,1843,61,3.31%,4,6.56%,0.00%
FUJIYAMA Diamond Asah TCT 4 Inch 100x10x20x12x1.5mm (2 sisi) S.2 1pcs,1729983265727154685,produk terjual ≥1,Aktif,Rp9.597.730,Rp0,Rp0,Rp0,Rp2.435.573,Rp1.839.097,Rp596.476,Rp6.575.690,Rp0,Rp0,Rp0,Rp5.956.383,Rp5.353.858,Rp602.525,Rp586.467,77,77,77,75,Rp124.646,42274,2184,5.17%,77,3.53%,3.53%,27189,1616,5.94%,70,4.33%,4.64%,Rp9.597.730,Rp0,Rp11.570.209,Rp1.999.195,Rp1.951.540,15,15,12801,538,375,30,4.20%,5.76%,Rp3.830.700,31,Rp0,Rp0,Rp0,0,0,0,0,0,0,0,0,Rp0,75,1242,23,1.85%,0,0.00%,0.00%,1122,23,2.05%,0,0.00%,0.00%,Rp2.435.573,Rp1.839.097,Rp596.476,20,20,15,5,20,15,5,20,Rp121.779,0,5478,270,4.93%,8,2.96%,7.41%,2911,211,7.25%,8,3.79%,9.48%,Rp6.575.690,Rp0,Rp0,Rp0,Rp5.956.383,Rp5.353.858,Rp602.525,52,52,52,50,Rp126.456,37,16,24,25930,1603,6.18%,51,3.18%,3.24%,17816,1246,6.99%,46,3.69%,4.01%,441,4,0.91%,0,0.00%,0.00%,408,4,0.98%,0,0.00%,0.00%,24783,1579,6.37%,50,3.17%,2.98%,17162,1234,7.19%,45,3.65%,3.65%,Rp586.467,Rp586.467,Rp0,5,5,5,0,5,5,0,5,Rp117.293,9624,288,2.99%,18,6.25%,1.74%,7655,225,2.94%,17,7.56%,2.22%
YUKIDO Topeng Helm Las Welding Gerinda Face Shield Safety Logam,1729990410195929597,GMV ≥250 atau produk terjual ≥3,Aktif,Rp9.419.499,Rp65.650,Rp0,Rp65.650,Rp123.665,Rp0,Rp123.665,Rp5.607.009,Rp0,Rp0,Rp0,Rp4.171.338,Rp3.164.625,Rp1.006.713,Rp3.623.175,192,192,227,186,Rp49.060,142004,2971,2.09%,193,6.50%,6.46%,116944,2459,2.10%,172,6.99%,7.56%,Rp9.419.499,Rp0,Rp14.183.862,Rp5.454.352,Rp1.336.046,29,29,77008,1547,1309,98,2.01%,6.46%,Rp4.981.917,120,Rp65.650,Rp0,Rp65.650,1,1,0,1,1,0,1,1,Rp65.650,0,17,0,0.00%,0,0.00%,0.00%,14,0,0.00%,0,0.00%,0.00%,Rp123.665,Rp0,Rp123.665,2,2,0,2,3,0,3,2,Rp61.832,0,166,3,1.81%,0,0.00%,66.67%,136,3,2.21%,0,0.00%,66.67%,Rp5.607.009,Rp0,Rp0,Rp0,Rp4.171.338,Rp3.164.625,Rp1.006.713,112,112,134,108,Rp50.063,5,0,5,45514,1139,2.50%,65,5.71%,9.83%,32509,917,2.82%,58,6.32%,11.78%,0,0,0.00%,0,0.00%,0.00%,0,0,0.00%,0,0.00%,0.00%,44333,1122,2.53%,65,5.79%,7.31%,32000,910,2.84%,58,6.37%,8.57%,Rp3.623.175,Rp3.623.175,Rp0,77,77,77,0,89,89,0,75,Rp47.054,96306,1829,1.90%,128,7.00%,4.21%,85065,1590,1.87%,118,7.42%,4.72%
Gembok Chrome Leher Panjang 30mm 40 mm Chrome Wilmer 3 Anak Kunci 50 mm 60 mm,1729930411197826557,GMV ≥3.500 atau produk terjual ≥100,Aktif,Rp9.371.256,Rp0,Rp0,Rp0,Rp513.503,Rp194.890,Rp318.613,Rp3.450.229,Rp0,Rp0,Rp0,Rp1.590.374,Rp1.228.336,Rp362.038,Rp5.407.524,385,397,575,378,Rp23.605,127901,3856,3.01%,327,8.48%,10.30%,110516,3224,2.92%,274,8.50%,11.72%,Rp9.371.256,Rp0,Rp13.758.718,Rp4.973.721,Rp635.390,36,30,98591,2901,2413,304,2.94%,10.69%,Rp6.841.054,406,Rp0,Rp0,Rp0,0,0,0,0,0,0,0,0,Rp0,73,1072,10,0.93%,0,0.00%,0.00%,992,9,0.91%,0,0.00%,0.00%,Rp513.503,Rp194.890,Rp318.613,8,8,2,6,40,16,24,7,Rp64.188,1,178,9,5.06%,0,0.00%,88.89%,165,8,4.85%,0,0.00%,87.50%,Rp3.450.229,Rp0,Rp0,Rp0,Rp1.590.374,Rp1.228.336,Rp362.038,159,164,215,156,Rp21.038,55,33,27,15543,712,4.58%,46,6.46%,23.03%,12628,559,4.43%,39,6.98%,27.91%,1311,7,0.53%,0,0.00%,0.00%,1186,6,0.51%,0,0.00%,0.00%,13180,675,5.12%,38,5.63%,10.81%,10824,533,4.92%,34,6.38%,12.76%,Rp5.407.524,Rp5.407.524,Rp0,218,225,225,0,320,320,0,215,Rp24.033,111107,3125,2.81%,281,8.99%,7.20%,94569,2616,2.77%,236,9.02%,8.22%
Paket Kompresor Bengkel 6 Item YUKIDO Japan Technology Spraygun Pengecatan dan Isi Angin,1729672462215776765,produk terjual ≥1,Aktif,Rp9.325.835,Rp0,Rp0,Rp0,Rp1.161.500,Rp1.161.500,Rp0,Rp8.164.335,Rp5.482.280,Rp5.482.280,Rp0,Rp2.682.055,Rp2.682.055,Rp0,Rp0,5,5,5,5,Rp1.865.167,20238,1064,5.26%,21,1.97%,0.47%,16673,862,5.17%,20,2.32%,0.58%,Rp9.325.835,Rp0,Rp9.864.335,Rp3.583.000,Rp3.310.780,1,1,7046,393,302,1,5.58%,0.25%,Rp1.691.245,1,Rp0,Rp0,Rp0,0,0,0,0,0,0,0,0,Rp0,0,18,1,5.56%,0,0.00%,0.00%,11,1,9.09%,0,0.00%,0.00%,Rp1.161.500,Rp1.161.500,Rp0,1,1,1,0,1,1,0,1,Rp1.161.500,0,1159,59,5.09%,0,0.00%,1.69%,1120,52,4.64%,0,0.00%,1.92%,Rp8.164.335,Rp5.482.280,Rp5.482.280,Rp0,Rp2.682.055,Rp2.682.055,Rp0,4,4,4,4,Rp2.041.084,20,13,8,16461,860,5.22%,15,1.74%,0.47%,13699,714,5.21%,14,1.96%,0.56%,7700,133,1.73%,2,1.50%,1.50%,6741,102,1.51%,2,1.96%,1.96%,8541,718,8.41%,13,1.81%,0.28%,6866,604,8.80%,12,1.99%,0.33%,Rp0,Rp0,Rp0,0,0,0,0,0,0,0,0,Rp0,2600,144,5.54%,6,4.17%,0.00%,2184,108,4.95%,6,5.56%,0.00%
Katrol Kapal Kerekan Sumur Camel 1 Ton 4 Timba Besi 4 Inch 1000kg 3 Inch 500Kg,1732514027538646525,produk terjual ≥1,Aktif,Rp9.235.892,Rp0,Rp0,Rp0,Rp3.326.402,Rp3.169.676,Rp156.726,Rp5.630.967,Rp0,Rp0,Rp0,Rp5.383.139,Rp4.626.671,Rp756.468,Rp278.523,113,113,137,109,Rp81.734,65007,2372,3.65%,101,4.26%,4.76%,36325,1647,4.53%,95,5.77%,6.62%,Rp9.235.892,Rp0,Rp12.458.187,Rp3.817.000,Rp1.356.512,18,14,16517,510,366,31,3.09%,6.08%,Rp2.406.860,38,Rp0,Rp0,Rp0,0,0,0,0,0,0,0,0,Rp0,58,973,17,1.75%,0,0.00%,0.00%,870,13,1.49%,0,0.00%,0.00%,Rp3.326.402,Rp3.169.676,Rp156.726,44,44,41,3,50,47,3,44,Rp75.600,4,20775,615,2.96%,21,3.41%,7.15%,9876,488,4.94%,21,4.30%,9.02%,Rp5.630.967,Rp0,Rp0,Rp0,Rp5.383.139,Rp4.626.671,Rp756.468,65,65,83,62,Rp86.630,9,0,9,35106,1519,4.33%,72,4.74%,4.28%,23743,1104,4.65%,67,6.07%,5.62%,0,0,0.00%,0,0.00%,0.00%,0,0,0.00%,0,0.00%,0.00%,34616,1508,4.36%,72,4.77%,4.05%,23473,1096,4.67%,67,6.11%,5.29%,Rp278.523,Rp278.523,Rp0,4,4,4,0,4,4,0,4,Rp69.631,8153,221,2.71%,8,3.62%,1.81%,6319,196,3.10%,8,4.08%,2.04%
PAKET TUKANG KAYU (6 ITEM LENGKAP) MESIN CIRCULAR SAW / MESIN LAS 450W / MESIN BOR 10MM / MESIN GERINDA / MESIN SERUT / MESIN PROFIL KAYU,1735769067973346813,produk terjual ≥1,Aktif,Rp8.975.466,Rp0,Rp0,Rp0,Rp0,Rp0,Rp0,Rp5.869.110,Rp1.898.295,Rp1.898.295,Rp0,Rp0,Rp0,Rp0,Rp3.106.356,4,4,4,4,Rp2.243.866,26424,760,2.88%,28,3.68%,0.53%,22697,643,2.83%,28,4.35%,0.62%,Rp8.975.466,Rp0,Rp9.854.866,Rp2.175.000,Rp8.975.466,4,4,11480,399,362,2,3.48%,0.50%,Rp3.970.815,2,Rp0,Rp0,Rp0,0,0,0,0,0,0,0,0,Rp0,19,2157,74,3.43%,0,0.00%,0.00%,1849,71,3.84%,0,0.00%,0.00%,Rp0,Rp0,Rp0,0,0,0,0,0,0,0,0,Rp0,0,3,0,0.00%,0,0.00%,0.00%,3,0,0.00%,0,0.00%,0.00%,Rp5.869.110,Rp1.898.295,Rp1.898.295,Rp0,Rp0,Rp0,Rp0,3,3,3,3,Rp1.956.370,9,11,4,12411,215,1.73%,5,2.33%,1.40%,10658,155,1.45%,5,3.23%,1.94%,10176,100,0.98%,3,3.00%,1.00%,8962,61,0.68%,3,4.92%,1.64%,1869,101,5.40%,2,1.98%,0.00%,1613,90,5.58%,2,2.22%,0.00%,Rp3.106.356,Rp3.106.356,Rp0,1,1,1,0,1,1,0,1,Rp3.106.356,11853,471,3.97%,23,4.88%,0.21%,10339,423,4.09%,23,5.44%,0.24%
Mata Bor Beton Bobok Panjang 250mm SDS Plus Point Flat Chisel 40mm Mata Bor Tembok Beton,1731657436256896509,produk terjual ≥1,Aktif,Rp8.776.717,Rp40.133,Rp0,Rp40.133,Rp1.399.264,Rp1.294.123,Rp105.141,Rp5.923.265,Rp0,Rp0,Rp0,Rp5.485.481,Rp4.946.254,Rp539.227,Rp1.414.055,251,258,300,241,Rp34.018,105148,4658,4.43%,189,4.06%,5.54%,75560,3483,4.61%,160,4.59%,6.92%,Rp8.776.717,Rp0,Rp13.013.713,Rp5.067.019,Rp2.164.429,77,61,33800,1173,908,84,3.47%,7.93%,Rp3.091.806,111,Rp40.133,Rp0,Rp40.133,1,1,0,1,1,0,1,1,Rp40.133,75,1149,21,1.83%,0,0.00%,4.76%,1024,21,2.05%,0,0.00%,4.76%,Rp1.399.264,Rp1.294.123,Rp105.141,42,43,40,3,46,43,3,40,Rp32.541,0,11390,677,5.94%,26,3.84%,6.35%,8286,566,6.83%,22,3.89%,7.07%,Rp5.923.265,Rp0,Rp0,Rp0,Rp5.485.481,Rp4.946.254,Rp539.227,166,170,196,160,Rp34.843,9,4,5,56871,2800,4.92%,111,3.96%,6.07%,40098,2183,5.44%,93,4.26%,7.33%,362,20,5.52%,0,0.00%,0.00%,300,18,6.00%,0,0.00%,0.00%,56111,2777,4.95%,110,3.96%,5.62%,39531,2163,5.47%,92,4.25%,6.89%,Rp1.414.055,Rp1.414.055,Rp0,42,44,44,0,57,57,0,41,Rp32.138,35738,1160,3.25%,52,4.48%,3.79%,30597,989,3.23%,46,4.65%,4.15%
Staples Tembak Angin / Air Nailer Mesin Hekter Stapler Udara H&L PRO Series F30 dan 1022J STAPLES PRO,1730294050739291645,produk terjual ≥1,Aktif,Rp8.728.922,Rp187.391,Rp187.391,Rp0,Rp1.878.635,Rp1.878.635,Rp0,Rp4.376.524,Rp0,Rp0,Rp0,Rp4.017.804,Rp3.411.650,Rp606.154,Rp2.286.372,41,41,42,41,Rp212.901,45790,2503,5.47%,78,3.12%,1.64%,26230,1814,6.92%,68,3.75%,2.26%,Rp8.728.922,Rp0,Rp10.241.404,Rp1.377.100,Rp1.610.681,8,8,11409,670,467,20,5.87%,2.99%,Rp4.241.711,21,Rp187.391,Rp187.391,Rp0,1,1,1,0,1,1,0,1,Rp187.391,86,3064,65,2.12%,2,3.08%,1.54%,2604,50,1.92%,2,4.00%,2.00%,Rp1.878.635,Rp1.878.635,Rp0,9,9,9,0,9,9,0,9,Rp208.737,2,8692,555,6.39%,11,1.98%,1.62%,5230,441,8.43%,10,2.27%,2.04%,Rp4.376.524,Rp0,Rp0,Rp0,Rp4.017.804,Rp3.411.650,Rp606.154,20,20,21,20,Rp218.826,29,7,26,25304,1476,5.83%,41,2.78%,1.36%,13929,1115,8.00%,34,3.05%,1.79%,843,9,1.07%,0,0.00%,0.00%,639,7,1.10%,0,0.00%,0.00%,22703,1444,6.36%,41,2.84%,1.25%,12150,1090,8.97%,34,3.12%,1.65%,Rp2.286.372,Rp2.286.372,Rp0,11,11,11,0,11,11,0,11,Rp207.852,8730,407,4.66%,24,5.90%,2.70%,6641,322,4.85%,22,6.83%,3.42%
Hemat 3 Mesin Las 120A 450w Bor Multifungsi MT-120 dengan Gerinda Potong Poles & Mata Siap Pakai,1731808856202249725,produk terjual ≥1,Aktif,Rp8.686.259,Rp0,Rp0,Rp0,Rp2.159.824,Rp2.159.824,Rp0,Rp6.526.435,Rp0,Rp0,Rp0,Rp5.023.755,Rp3.461.855,Rp1.561.900,Rp0,11,11,11,11,Rp789.660,18123,1120,6.18%,50,4.46%,0.98%,13228,827,6.25%,45,5.44%,1.33%,Rp8.686.259,Rp0,Rp9.750.219,Rp1.421.000,Rp1.926.405,2,2,10871,606,455,6,5.57%,0.99%,Rp4.608.290,6,Rp0,Rp0,Rp0,0,0,0,0,0,0,0,0,Rp0,0,0,0,0.00%,0,0.00%,0.00%,0,0,0.00%,0,0.00%,0.00%,Rp2.159.824,Rp2.159.824,Rp0,3,3,3,0,3,3,0,3,Rp719.941,0,1936,134,6.92%,8,5.97%,2.24%,1572,102,6.49%,7,6.86%,2.94%,Rp6.526.435,Rp0,Rp0,Rp0,Rp5.023.755,Rp3.461.855,Rp1.561.900,8,8,8,8,Rp815.804,2,1,1,7669,589,7.68%,29,4.92%,1.36%,5548,441,7.95%,26,5.90%,1.81%,53,11,20.75%,0,0.00%,0.00%,33,5,15.15%,0,0.00%,0.00%,7259,568,7.82%,29,5.11%,1.06%,5287,427,8.08%,26,6.09%,1.41%,Rp0,Rp0,Rp0,0,0,0,0,0,0,0,0,Rp0,8518,397,4.66%,13,3.27%,0.00%,6987,345,4.94%,13,3.77%,0.00%
"YUKIDO Kikir Plat Kasar Flat File Gagang Karet 6"" 8"" 10"" 12"" Flat Gepeng Datar Kikir Kayu Logam Batu  Kaca dll",1729644769665582589,produk terjual ≥1,Aktif,Rp8.334.836,Rp29.542,Rp29.542,Rp0,Rp103.454,Rp103.454,Rp0,Rp7.938.130,Rp0,Rp0,Rp0,Rp7.388.084,Rp6.853.337,Rp534.747,Rp263.710,198,198,225,195,Rp42.095,82816,4838,5.84%,204,4.22%,4.09%,56548,3697,6.54%,185,5.00%,5.27%,Rp8.334.836,Rp0,Rp12.329.545,Rp4.373.708,Rp1.394.393,36,35,20822,925,661,58,4.44%,6.27%,Rp2.297.096,63,Rp29.542,Rp29.542,Rp0,1,1,1,0,1,1,0,1,Rp29.542,0,3,0,0.00%,0,0.00%,0.00%,3,0,0.00%,0,0.00%,0.00%,Rp103.454,Rp103.454,Rp0,3,3,3,0,3,3,0,3,Rp34.485,0,44,1,2.27%,0,0.00%,300.00%,31,1,3.23%,0,0.00%,300.00%,Rp7.938.130,Rp0,Rp0,Rp0,Rp7.388.084,Rp6.853.337,Rp534.747,188,188,214,185,Rp42.224,25,21,7,72380,4531,6.26%,199,4.39%,4.15%,49468,3499,7.07%,180,5.14%,5.29%,544,10,1.84%,0,0.00%,0.00%,491,7,1.43%,0,0.00%,0.00%,69839,4474,6.41%,196,4.38%,4.02%,47326,3456,7.30%,177,5.12%,5.15%,Rp263.710,Rp263.710,Rp0,6,6,6,0,7,7,0,6,Rp43.952,10385,305,2.94%,5,1.64%,1.97%,8450,227,2.69%,5,2.20%,2.64%
MIKAYO Combo Mesin Planer + Circular Saw 7 in | Paket 2 Item Tukang Kayu Mesin Sugu + Circular Saw Set Lengkap,1729708350667916797,produk terjual ≥1,Aktif,Rp8.308.220,Rp3.320.623,Rp3.320.623,Rp0,Rp0,Rp0,Rp0,Rp4.987.597,Rp1.570.520,Rp1.570.520,Rp0,Rp3.417.077,Rp2.109.031,Rp1.308.046,Rp0,10,10,10,10,Rp830.822,52091,2151,4.13%,61,2.84%,0.46%,41230,1763,4.28%,53,3.01%,0.57%,Rp8.308.220,Rp0,Rp8.768.940,Rp2.048.448,Rp2.067.459,3,3,12269,463,371,5,3.77%,1.08%,Rp3.417.077,5,Rp3.320.623,Rp3.320.623,Rp0,3,3,3,0,3,3,0,3,Rp1.106.874,103,10089,255,2.53%,4,1.57%,1.18%,8297,215,2.59%,2,0.93%,1.40%,Rp0,Rp0,Rp0,0,0,0,0,0,0,0,0,Rp0,2,1347,107,7.94%,2,1.87%,0.00%,1062,96,9.04%,2,2.08%,0.00%,Rp4.987.597,Rp1.570.520,Rp1.570.520,Rp0,Rp3.417.077,Rp2.109.031,Rp1.308.046,7,7,7,7,Rp712.514,101,107,21,31512,1403,4.45%,30,2.14%,0.50%,22792,1112,4.88%,28,2.52%,0.63%,18227,467,2.56%,5,1.07%,0.43%,13182,344,2.61%,5,1.45%,0.58%,12636,916,7.25%,22,2.40%,0.55%,9383,757,8.07%,21,2.77%,0.66%,Rp0,Rp0,Rp0,0,0,0,0,0,0,0,0,Rp0,9141,386,4.22%,25,6.48%,0.00%,7254,317,4.37%,21,6.62%,0.00%
REDFOX MESIN LAS LISTRIK MIG 120T MULTIFUNGSI Flux Core Bisa Tanpa Gas-less Digital Free Kawat Las FJY,1729710513152363005,GMV & produk terjual = 0,Aktif,Rp8.281.730,Rp0,Rp0,Rp0,Rp0,Rp0,Rp0,Rp2.606.239,Rp0,Rp0,Rp0,Rp1.354.695,Rp0,Rp1.354.695,Rp5.675.491,6,6,6,6,Rp1.380.288,50066,2465,4.92%,59,2.39%,0.24%,33755,2009,5.95%,55,2.74%,0.30%,Rp8.281.730,Rp0,Rp9.309.221,Rp896.000,Rp5.675.491,4,4,8852,360,307,2,4.07%,0.56%,Rp2.999.364,2,Rp0,Rp0,Rp0,0,0,0,0,0,0,0,0,Rp0,10,635,7,1.10%,0,0.00%,0.00%,526,5,0.95%,0,0.00%,0.00%,Rp0,Rp0,Rp0,0,0,0,0,0,0,0,0,Rp0,0,496,29,5.85%,1,3.45%,0.00%,334,25,7.49%,1,4.00%,0.00%,Rp2.606.239,Rp0,Rp0,Rp0,Rp1.354.695,Rp0,Rp1.354.695,2,2,2,2,Rp1.303.120,8,5,3,36606,1959,5.35%,45,2.30%,0.10%,22075,1579,7.15%,43,2.72%,0.13%,221,1,0.45%,0,0.00%,0.00%,190,1,0.53%,0,0.00%,0.00%,34486,1932,5.60%,42,2.17%,0.05%,20782,1555,7.48%,40,2.57%,0.06%,Rp5.675.491,Rp5.675.491,Rp0,4,4,4,0,4,4,0,4,Rp1.418.873,12327,470,3.81%,13,2.77%,0.85%,10763,378,3.51%,11,2.91%,1.06%
REDIMAX Pompa Gemuk Tekanan Tinggi High Pressure Grease 500cc + Konektor Model Jepit,1730316229779555837,GMV ≥250 atau produk terjual ≥3,Aktif,Rp8.193.889,Rp0,Rp0,Rp0,Rp4.080.349,Rp3.720.587,Rp359.762,Rp4.027.182,Rp164.630,Rp164.630,Rp0,Rp3.534.202,Rp3.092.196,Rp442.006,Rp86.358,75,75,75,75,Rp109.252,49331,2159,4.38%,85,3.94%,3.47%,39519,1668,4.22%,72,4.32%,4.50%,Rp8.193.889,Rp0,Rp9.067.760,Rp2.625.200,Rp423.673,4,4,7923,225,172,14,2.84%,6.22%,Rp1.699.832,14,Rp0,Rp0,Rp0,0,0,0,0,0,0,0,0,Rp0,24,1102,13,1.18%,0,0.00%,0.00%,1026,11,1.07%,0,0.00%,0.00%,Rp4.080.349,Rp3.720.587,Rp359.762,38,38,35,3,38,35,3,38,Rp107.378,1,21995,1026,4.66%,51,4.97%,3.70%,16641,746,4.48%,43,5.76%,5.09%,Rp4.027.182,Rp164.630,Rp164.630,Rp0,Rp3.534.202,Rp3.092.196,Rp442.006,36,36,36,36,Rp111.866,9,3,6,17671,928,5.25%,29,3.13%,3.88%,13618,716,5.26%,25,3.49%,5.03%,709,9,1.27%,0,0.00%,11.11%,582,7,1.20%,0,0.00%,14.29%,16755,914,5.46%,28,3.06%,3.50%,12933,709,5.48%,24,3.39%,4.51%,Rp86.358,Rp86.358,Rp0,1,1,1,0,1,1,0,1,Rp86.358,8563,192,2.24%,5,2.60%,0.52%,6758,147,2.18%,5,3.40%,0.68%
4PCS Roda PVC HIDUP 2 Inch Roda Kastor Caster Etelase Gerobak Trolley Troli,1729911902310926845,GMV ≥250 atau produk terjual ≥3,Aktif,Rp8.131.985,Rp87.603,Rp87.603,Rp0,Rp2.563.605,Rp2.293.473,Rp270.132,Rp3.927.864,Rp0,Rp0,Rp0,Rp3.037.654,Rp2.669.042,Rp368.612,Rp1.552.913,191,191,233,186,Rp42.576,92187,3859,4.19%,193,5.00%,4.95%,62216,3057,4.91%,174,5.69%,6.08%,Rp8.131.985,Rp0,Rp12.095.657,Rp4.260.071,Rp1.571.263,39,33,26548,831,651,65,3.13%,8.18%,Rp2.843.685,80,Rp87.603,Rp87.603,Rp0,1,1,1,0,3,3,0,1,Rp87.603,115,2639,47,1.78%,1,2.13%,2.13%,2325,43,1.85%,1,2.33%,2.33%,Rp2.563.605,Rp2.293.473,Rp270.132,64,64,57,7,72,64,8,63,Rp40.056,0,28667,1415,4.94%,64,4.52%,4.52%,16545,1175,7.10%,56,4.77%,5.36%,Rp3.927.864,Rp0,Rp0,Rp0,Rp3.037.654,Rp2.669.042,Rp368.612,91,91,112,90,Rp43.163,47,24,26,36748,1643,4.47%,81,4.93%,5.54%,25698,1335,5.19%,76,5.69%,6.74%,832,15,1.80%,0,0.00%,0.00%,710,14,1.97%,0,0.00%,0.00%,34262,1573,4.59%,72,4.58%,4.90%,23899,1278,5.35%,67,5.24%,6.03%,Rp1.552.913,Rp1.552.913,Rp0,35,35,35,0,46,46,0,34,Rp44.369,24122,754,3.13%,47,6.23%,4.64%,19690,607,3.08%,42,6.92%,5.60%
MESIN POLES MULTI FUNGSI MESIN POLISHER 2 IN 1 VARIABLE SPEED POLES BODY MOBIL BISA JADI POLES Motor,1729748317420489213,produk terjual ≥1,Aktif,Rp8.070.807,Rp0,Rp0,Rp0,Rp466.928,Rp169.528,Rp297.400,Rp4.849.770,Rp186.850,Rp186.850,Rp0,Rp3.319.988,Rp3.319.988,Rp0,Rp2.754.109,45,45,45,41,Rp179.351,55041,2086,3.79%,116,5.56%,2.16%,43161,1682,3.90%,108,6.42%,2.44%,Rp8.070.807,Rp0,Rp9.849.007,Rp1.999.000,Rp3.412.705,17,15,33113,1157,942,26,3.49%,2.59%,Rp5.390.695,30,Rp0,Rp0,Rp0,0,0,0,0,0,0,0,0,Rp0,49,4081,113,2.77%,1,0.88%,0.00%,3378,82,2.43%,1,1.22%,0.00%,Rp466.928,Rp169.528,Rp297.400,3,3,1,2,3,1,2,3,Rp155.643,0,79,2,2.53%,0,0.00%,150.00%,60,2,3.33%,0,0.00%,150.00%,Rp4.849.770,Rp186.850,Rp186.850,Rp0,Rp3.319.988,Rp3.319.988,Rp0,27,27,27,26,Rp179.621,17,8,12,23963,1247,5.20%,64,5.13%,2.17%,19342,1010,5.22%,58,5.74%,2.57%,3008,35,1.16%,0,0.00%,2.86%,2603,27,1.04%,0,0.00%,3.70%,20332,1198,5.89%,63,5.26%,1.50%,16333,970,5.94%,57,5.88%,1.75%,Rp2.754.109,Rp2.754.109,Rp0,15,15,15,0,15,15,0,13,Rp183.607,26917,724,2.69%,51,7.04%,2.07%,22132,636,2.87%,50,7.86%,2.04%
"Set 4 Roda Karet Bulat BRANCH 2 Inch untuk Lemari, Kulkas, dan Etalase",1729661349620909565,GMV ≥250 atau produk terjual ≥3,Aktif,Rp8.003.673,Rp0,Rp0,Rp0,Rp3.810.776,Rp3.378.585,Rp432.191,Rp2.770.037,Rp100.223,Rp100.223,Rp0,Rp2.139.937,Rp1.634.808,Rp505.129,Rp1.422.860,178,178,226,171,Rp44.964,56201,2376,4.23%,198,8.33%,7.49%,35048,1738,4.96%,171,9.84%,9.84%,Rp8.003.673,Rp0,Rp11.391.679,Rp4.141.000,Rp1.043.906,30,24,21580,949,717,78,4.40%,8.64%,Rp3.874.448,108,Rp0,Rp0,Rp0,0,0,0,0,0,0,0,0,Rp0,0,14,0,0.00%,0,0.00%,0.00%,9,0,0.00%,0,0.00%,0.00%,Rp3.810.776,Rp3.378.585,Rp432.191,85,85,76,9,106,95,11,82,Rp44.833,0,160,3,1.88%,1,33.33%,2833.33%,72,2,2.78%,0,0.00%,4100.00%,Rp2.770.037,Rp100.223,Rp100.223,Rp0,Rp2.139.937,Rp1.634.808,Rp505.129,58,58,78,56,Rp47.759,65,71,8,40718,1698,4.17%,145,8.54%,3.42%,24108,1264,5.24%,127,10.05%,4.43%,5089,116,2.28%,1,0.86%,1.72%,4043,96,2.37%,1,1.04%,2.08%,34141,1539,4.51%,141,9.16%,2.79%,19353,1144,5.91%,123,10.75%,3.58%,Rp1.422.860,Rp1.422.860,Rp0,35,35,35,0,42,42,0,34,Rp40.653,15306,675,4.41%,52,7.70%,5.19%,12399,535,4.31%,46,8.60%,6.36%
MIKAYO Demolition Hammer AB0810HD Jack Hammer Mesin Bobok Beton 35mm 1200W Anti Debu Performa Tinggi dengan Gagang Tambahan dan Mata Pahat Runcing,1729639151101512189,produk terjual ≥1,Aktif,Rp7.885.484,Rp0,Rp0,Rp0,Rp697.405,Rp0,Rp697.405,Rp5.070.157,Rp0,Rp0,Rp0,Rp5.070.157,Rp4.373.257,Rp696.900,Rp2.117.922,11,11,11,11,Rp716.862,26005,1554,5.98%,25,1.61%,0.71%,19337,1233,6.38%,20,1.62%,0.89%,Rp7.885.484,Rp0,Rp8.946.704,Rp1.032.000,Rp3.058.431,4,4,3866,145,118,3,3.75%,2.07%,Rp2.341.665,3,Rp0,Rp0,Rp0,0,0,0,0,0,0,0,0,Rp0,13,3760,60,1.60%,0,0.00%,0.00%,3269,53,1.62%,0,0.00%,0.00%,Rp697.405,Rp0,Rp697.405,1,1,0,1,1,0,1,1,Rp697.405,4,1820,161,8.85%,5,3.11%,0.62%,1389,134,9.65%,5,3.73%,0.75%,Rp5.070.157,Rp0,Rp0,Rp0,Rp5.070.157,Rp4.373.257,Rp696.900,7,7,7,7,Rp724.308,69,55,24,17334,1202,6.93%,17,1.41%,0.58%,12377,941,7.60%,13,1.38%,0.74%,4514,134,2.97%,0,0.00%,0.00%,3773,112,2.97%,0,0.00%,0.00%,12642,1064,8.42%,17,1.60%,0.66%,8505,827,9.72%,13,1.57%,0.85%,Rp2.117.922,Rp2.117.922,Rp0,3,3,3,0,3,3,0,3,Rp705.974,3089,131,4.24%,3,2.29%,2.29%,2346,105,4.48%,3,2.86%,2.86%
BONCH I Kabel Las Tembaga Kabel Las Set Tang Massa + Kabel 3M Tang Las + Kabel 7M/10M Welding Cable Set,1732147000256464381,produk terjual ≥1,Aktif,Rp7.779.638,Rp444.097,Rp444.097,Rp0,Rp632.173,Rp373.613,Rp258.560,Rp6.112.360,Rp180.386,Rp180.386,Rp0,Rp5.526.823,Rp4.615.627,Rp911.196,Rp591.008,32,32,33,32,Rp243.114,39187,1980,5.05%,52,2.63%,1.62%,29257,1566,5.35%,49,3.13%,2.04%,Rp7.779.638,Rp0,Rp9.397.299,Rp1.759.000,Rp1.176.650,5,5,17788,911,710,23,5.12%,2.52%,Rp5.656.465,24,Rp444.097,Rp444.097,Rp0,2,2,2,0,2,2,0,2,Rp222.048,115,3700,93,2.51%,1,1.08%,2.15%,3194,75,2.35%,1,1.33%,2.67%,Rp632.173,Rp373.613,Rp258.560,2,2,1,1,2,1,1,2,Rp316.086,2,3090,236,7.64%,4,1.69%,0.85%,2083,190,9.12%,4,2.11%,1.05%,Rp6.112.360,Rp180.386,Rp180.386,Rp0,Rp5.526.823,Rp4.615.627,Rp911.196,25,25,26,25,Rp244.494,54,36,20,19189,1168,6.09%,33,2.83%,2.14%,14820,935,6.31%,31,3.32%,2.67%,1543,25,1.62%,0,0.00%,4.00%,1391,20,1.44%,0,0.00%,5.00%,16920,1138,6.73%,33,2.90%,2.02%,13033,911,6.99%,31,3.40%,2.52%,Rp591.008,Rp591.008,Rp0,3,3,3,0,3,3,0,3,Rp197.003,13208,483,3.66%,14,2.90%,0.62%,10961,440,4.01%,13,2.95%,0.68%
"COD (PAKET HEMAT) TATAKAN AMPLAS 4"" INCH 1PC + 10 PCS AMPLAS TEMPEL VELCRO ukuran 60 80 100 dan 120",1729736343069689341,GMV ≥250 atau produk terjual ≥3,Aktif,Rp7.645.825,Rp35.855,Rp22.725,Rp13.130,Rp78.073,Rp64.943,Rp13.130,Rp5.255.525,Rp0,Rp0,Rp0,Rp4.565.217,Rp4.105.095,Rp460.122,Rp2.276.372,507,517,576,498,Rp14.789,153539,5742,3.74%,345,6.01%,9.00%,117736,4492,3.82%,299,6.66%,11.09%,Rp7.645.825,Rp0,Rp15.398.268,Rp8.101.162,Rp696.041,51,43,90939,2668,2110,255,2.93%,10.01%,Rp3.898.233,294,Rp35.855,Rp22.725,Rp13.130,3,3,2,1,3,2,1,3,Rp11.952,1,137,4,2.92%,0,0.00%,75.00%,114,3,2.63%,0,0.00%,100.00%,Rp78.073,Rp64.943,Rp13.130,5,5,4,1,5,4,1,5,Rp15.615,3,400,26,6.50%,0,0.00%,19.23%,347,21,6.05%,0,0.00%,23.81%,Rp5.255.525,Rp0,Rp0,Rp0,Rp4.565.217,Rp4.105.095,Rp460.122,355,361,400,349,Rp14.558,32,17,20,75582,3495,4.62%,148,4.23%,10.33%,57689,2734,4.74%,133,4.86%,12.77%,535,5,0.93%,0,0.00%,0.00%,466,5,1.07%,0,0.00%,0.00%,74118,3471,4.68%,146,4.21%,8.93%,56816,2715,4.78%,131,4.83%,11.09%,Rp2.276.372,Rp2.276.372,Rp0,144,148,148,0,168,168,0,141,Rp15.381,77421,2217,2.86%,197,8.89%,6.68%,64989,1889,2.91%,172,9.11%,7.46%
Redfox Pompa Celup DC 12V Bilge Pump  Awet dan Hemat Listrik,1729932366161873405,produk terjual ≥1,Aktif,Rp7.549.635,Rp0,Rp0,Rp0,Rp1.565.096,Rp1.318.252,Rp246.844,Rp5.984.539,Rp0,Rp0,Rp0,Rp5.737.695,Rp4.901.415,Rp836.280,Rp0,27,27,31,27,Rp279.616,29289,1494,5.10%,33,2.21%,1.81%,16402,1169,7.13%,30,2.57%,2.31%,Rp7.549.635,Rp0,Rp8.868.294,Rp1.211.000,Rp1.259.350,5,5,5196,227,172,3,4.37%,1.32%,Rp1.285.527,6,Rp0,Rp0,Rp0,0,0,0,0,0,0,0,0,Rp0,1,3,0,0.00%,0,0.00%,0.00%,3,0,0.00%,0,0.00%,0.00%,Rp1.565.096,Rp1.318.252,Rp246.844,5,5,4,1,6,5,1,5,Rp313.019,1,6212,297,4.78%,8,2.69%,1.68%,3216,237,7.37%,6,2.53%,2.11%,Rp5.984.539,Rp0,Rp0,Rp0,Rp5.737.695,Rp4.901.415,Rp836.280,22,22,25,22,Rp272.024,7,0,7,20147,1105,5.48%,24,2.17%,1.99%,12577,902,7.17%,23,2.55%,2.44%,0,0,0.00%,0,0.00%,0.00%,0,0,0.00%,0,0.00%,0.00%,19832,1104,5.57%,24,2.17%,1.90%,12425,901,7.25%,23,2.55%,2.33%,Rp0,Rp0,Rp0,0,0,0,0,0,0,0,0,Rp0,2927,92,3.14%,1,1.09%,0.00%,2381,83,3.49%,1,1.20%,0.00%
SWITCH Saklar Bor MAKTEC MT60 MT603 MT80 HP1630 Switch Skakel Sparepart Mesin Bor,1730748431690270205,GMV ≥250 atau produk terjual ≥3,Aktif,Rp7.491.324,Rp0,Rp0,Rp0,Rp1.584.617,Rp1.494.128,Rp90.489,Rp2.407.509,Rp31.792,Rp31.792,Rp0,Rp1.273.101,Rp964.288,Rp308.813,Rp3.499.198,200,200,225,197,Rp37.457,57616,2075,3.60%,145,6.99%,9.64%,43279,1687,3.90%,116,6.88%,11.68%,Rp7.491.324,Rp0,Rp10.862.073,Rp3.718.490,Rp856.632,26,22,31226,1024,841,115,3.28%,11.33%,Rp4.356.941,132,Rp0,Rp0,Rp0,0,0,0,0,0,0,0,0,Rp0,3,171,1,0.58%,0,0.00%,0.00%,147,1,0.68%,0,0.00%,0.00%,Rp1.584.617,Rp1.494.128,Rp90.489,43,43,40,3,48,45,3,42,Rp36.852,0,9329,288,3.09%,6,2.08%,14.93%,5513,222,4.03%,4,1.80%,18.92%,Rp2.407.509,Rp31.792,Rp31.792,Rp0,Rp1.273.101,Rp964.288,Rp308.813,65,65,73,64,Rp37.039,24,23,3,12494,570,4.56%,45,7.89%,11.40%,11219,508,4.53%,39,7.68%,12.60%,738,22,2.98%,0,0.00%,4.55%,628,19,3.03%,0,0.00%,5.26%,11524,547,4.75%,45,8.23%,6.22%,10407,488,4.69%,39,7.99%,6.76%,Rp3.499.198,Rp3.499.198,Rp0,92,92,92,0,104,104,0,91,Rp38.035,35622,1216,3.41%,94,7.73%,7.57%,28513,1002,3.51%,74,7.39%,9.08%
"INNER OUTER FLANGE MUR PENJEPIT MA,TA GERINDA SET",1729666653172042237,GMV ≥250 atau produk terjual ≥3,Aktif,Rp7.112.773,Rp0,Rp0,Rp0,Rp790.103,Rp752.629,Rp37.474,Rp5.567.337,Rp8.555,Rp8.555,Rp0,Rp5.232.103,Rp4.863.630,Rp368.473,Rp755.333,450,450,661,442,Rp15.806,158829,5004,3.15%,295,5.90%,8.99%,111233,3901,3.51%,252,6.46%,11.33%,Rp7.112.773,Rp0,Rp12.764.241,Rp7.133.023,Rp901.245,72,55,52078,1205,954,141,2.31%,11.78%,Rp2.187.557,186,Rp0,Rp0,Rp0,0,0,0,0,0,0,0,0,Rp0,0,7,0,0.00%,0,0.00%,0.00%,5,0,0.00%,0,0.00%,0.00%,Rp790.103,Rp752.629,Rp37.474,58,58,56,2,69,67,2,58,Rp13.622,1,20124,461,2.29%,29,6.29%,12.58%,7224,371,5.14%,23,6.20%,15.63%,Rp5.567.337,Rp8.555,Rp8.555,Rp0,Rp5.232.103,Rp4.863.630,Rp368.473,345,345,532,339,Rp16.137,37,31,9,89454,3591,4.01%,225,6.27%,9.61%,67216,2898,4.31%,195,6.73%,11.70%,1304,11,0.84%,0,0.00%,9.09%,1179,9,0.76%,0,0.00%,11.11%,87200,3547,4.07%,223,6.29%,9.05%,65502,2870,4.38%,194,6.76%,11.01%,Rp755.333,Rp755.333,Rp0,47,47,47,0,60,60,0,46,Rp16.071,49240,952,1.93%,41,4.31%,4.94%,41915,827,1.97%,38,4.59%,5.56%
RYU Switch Saklar Mesin Bor Ryu 10mm 13mm RDR 10-3 RE Electric Drill RID 13-1 RE Original Variable Speed Bolak Balik,1730500748767364605,GMV & produk terjual = 0,Aktif,Rp6.944.309,Rp20.793,Rp20.793,Rp0,Rp29.271,Rp0,Rp29.271,Rp4.853.532,Rp33.260,Rp33.260,Rp0,Rp3.925.155,Rp3.543.452,Rp381.703,Rp2.040.713,210,210,219,203,Rp33.068,79816,2915,3.65%,147,5.04%,7.20%,55112,2243,4.07%,134,5.97%,9.05%,Rp6.944.309,Rp0,Rp10.062.976,Rp3.631.000,Rp923.122,25,24,32788,1095,882,113,3.34%,10.59%,Rp3.899.552,122,Rp20.793,Rp20.793,Rp0,1,1,1,0,1,1,0,1,Rp20.793,45,1526,38,2.49%,0,0.00%,2.63%,1312,33,2.52%,0,0.00%,3.03%,Rp29.271,Rp0,Rp29.271,1,1,0,1,1,0,1,1,Rp29.271,0,42,0,0.00%,0,0.00%,0.00%,33,0,0.00%,0,0.00%,0.00%,Rp4.853.532,Rp33.260,Rp33.260,Rp0,Rp3.925.155,Rp3.543.452,Rp381.703,150,150,156,144,Rp32.357,20,15,6,40000,1636,4.09%,77,4.71%,9.17%,23381,1263,5.40%,71,5.62%,11.40%,1171,31,2.65%,0,0.00%,3.23%,1019,28,2.75%,0,0.00%,3.57%,36935,1568,4.25%,71,4.53%,7.72%,20680,1200,5.80%,65,5.42%,9.58%,Rp2.040.713,Rp2.040.713,Rp0,58,58,58,0,61,61,0,57,Rp35.185,38248,1241,3.24%,70,5.64%,4.67%,32664,1019,3.12%,66,6.48%,5.59%
Tang Set 3 Pcs Tekipo / Tang kombinasi 7 Inch + Tang Potong 6 Inch + Tang Lancip 6 Inch / Tang Plires Set 3 Pcs,1731796724110034429,produk terjual ≥1,Aktif,Rp6.895.558,Rp0,Rp0,Rp0,Rp4.819.406,Rp4.819.406,Rp0,Rp1.542.896,Rp0,Rp0,Rp0,Rp1.248.996,Rp1.113.457,Rp135.539,Rp533.256,50,50,50,50,Rp137.911,70467,3632,5.15%,212,5.84%,1.38%,59870,3251,5.43%,191,5.88%,1.54%,Rp6.895.558,Rp0,Rp8.629.732,Rp1.445.000,Rp1.843.513,13,13,8379,373,311,12,4.45%,3.22%,Rp1.638.488,12,Rp0,Rp0,Rp0,0,0,0,0,0,0,0,0,Rp0,19,440,9,2.05%,0,0.00%,0.00%,380,8,2.11%,0,0.00%,0.00%,Rp4.819.406,Rp4.819.406,Rp0,35,35,35,0,35,35,0,35,Rp137.697,0,11,3,27.27%,1,33.33%,1166.67%,11,2,18.18%,1,50.00%,1750.00%,Rp1.542.896,Rp0,Rp0,Rp0,Rp1.248.996,Rp1.113.457,Rp135.539,11,11,11,11,Rp140.263,0,0,0,63243,3401,5.38%,189,5.56%,0.32%,54446,3077,5.65%,169,5.49%,0.36%,0,0,0.00%,0,0.00%,0.00%,0,0,0.00%,0,0.00%,0.00%,63136,3399,5.38%,189,5.56%,0.26%,54375,3075,5.66%,169,5.50%,0.29%,Rp533.256,Rp533.256,Rp0,4,4,4,0,4,4,0,4,Rp133.314,6773,219,3.23%,22,10.05%,1.83%,5696,190,3.34%,21,11.05%,2.11%
"Elektrik blower 2 inch mesin blower keong Blower Keong Branch Blower Duduk Elektrik Blower Tiup 2""inch",1732067555018573309,GMV & produk terjual = 0,Aktif,Rp6.738.776,Rp0,Rp0,Rp0,Rp3.803.115,Rp3.482.440,Rp320.675,Rp1.437.857,Rp0,Rp0,Rp0,Rp567.540,Rp567.540,Rp0,Rp1.497.804,22,22,23,22,Rp306.308,23634,1002,4.24%,32,3.19%,2.20%,13574,800,5.89%,28,3.50%,2.75%,Rp6.738.776,Rp0,Rp7.906.521,Rp1.225.000,Rp1.890.083,6,6,7319,166,137,7,2.27%,4.22%,Rp2.157.334,7,Rp0,Rp0,Rp0,0,0,0,0,0,0,0,0,Rp0,35,98,1,1.02%,0,0.00%,0.00%,98,1,1.02%,0,0.00%,0.00%,Rp3.803.115,Rp3.482.440,Rp320.675,13,13,12,1,13,12,1,13,Rp292.547,0,14,1,7.14%,0,0.00%,1300.00%,8,1,12.50%,0,0.00%,1300.00%,Rp1.437.857,Rp0,Rp0,Rp0,Rp567.540,Rp567.540,Rp0,4,4,5,4,Rp359.464,4,1,3,19045,870,4.57%,27,3.10%,0.46%,10936,705,6.45%,23,3.26%,0.57%,0,0,0.00%,0,0.00%,0.00%,0,0,0.00%,0,0.00%,0.00%,18780,855,4.55%,27,3.16%,0.23%,10875,697,6.41%,23,3.30%,0.29%,Rp1.497.804,Rp1.497.804,Rp0,5,5,5,0,5,5,0,5,Rp299.561,4477,130,2.90%,5,3.85%,3.85%,3424,112,3.27%,5,4.46%,4.46%
4PCS Roda KARET REM 3 Inch 4 inch Roda Kastor Caster Etelase Gerobak Trolley Troli,1729587222042609149,produk terjual ≥1,Aktif,Rp6.697.838,Rp0,Rp0,Rp0,Rp1.480.000,Rp666.182,Rp813.818,Rp4.701.466,Rp1.449.724,Rp1.308.900,Rp140.824,Rp2.942.783,Rp2.607.880,Rp334.903,Rp516.372,39,39,45,38,Rp171.739,55868,2704,4.84%,112,4.14%,1.44%,39229,2159,5.50%,103,4.77%,1.76%,Rp6.697.838,Rp0,Rp8.126.472,Rp1.727.500,Rp2.978.148,18,9,13631,644,503,10,4.72%,1.55%,Rp1.555.984,10,Rp0,Rp0,Rp0,0,0,0,0,0,0,0,0,Rp0,33,1285,24,1.87%,0,0.00%,0.00%,1113,18,1.62%,0,0.00%,0.00%,Rp1.480.000,Rp666.182,Rp813.818,7,7,5,2,10,5,5,7,Rp211.429,0,5953,428,7.19%,13,3.04%,1.64%,2981,346,11.61%,13,3.76%,2.02%,Rp4.701.466,Rp1.449.724,Rp1.308.900,Rp140.824,Rp2.942.783,Rp2.607.880,Rp334.903,29,29,32,28,Rp162.120,69,61,15,36771,1720,4.68%,83,4.83%,1.69%,27426,1404,5.12%,74,5.27%,1.99%,14393,565,3.93%,14,2.48%,1.77%,11675,421,3.61%,13,3.09%,2.14%,21047,1129,5.36%,66,5.85%,1.51%,14797,962,6.50%,58,6.03%,1.77%,Rp516.372,Rp516.372,Rp0,3,3,3,0,3,3,0,3,Rp172.124,11855,532,4.49%,16,3.01%,0.56%,9370,450,4.80%,16,3.56%,0.67%
"REDIMAX Raskam 10"" Inch Kotak GG PVC Plester Paint",1729861047294593533,GMV ≥250 atau produk terjual ≥3,Aktif,Rp6.608.627,Rp68.134,Rp68.134,Rp0,Rp1.212.480,Rp1.169.100,Rp43.380,Rp4.874.431,Rp0,Rp0,Rp0,Rp4.791.005,Rp4.467.301,Rp323.704,Rp453.582,266,266,276,256,Rp24.844,139707,7437,5.32%,233,3.13%,3.58%,90585,5393,5.95%,201,3.73%,4.75%,Rp6.608.627,Rp0,Rp11.971.279,Rp5.727.226,Rp1.065.225,39,37,52968,1645,1195,77,3.11%,4.92%,Rp2.123.369,86,Rp68.134,Rp68.134,Rp0,3,3,3,0,3,3,0,3,Rp22.711,39,2083,34,1.63%,1,2.94%,8.82%,1851,28,1.51%,1,3.57%,10.71%,Rp1.212.480,Rp1.169.100,Rp43.380,50,50,48,2,51,49,2,49,Rp24.250,0,24920,1110,4.45%,26,2.34%,4.50%,17011,926,5.44%,23,2.48%,5.29%,Rp4.874.431,Rp0,Rp0,Rp0,Rp4.791.005,Rp4.467.301,Rp323.704,200,200,206,195,Rp24.372,23,12,14,80333,5374,6.69%,180,3.35%,3.72%,56431,4057,7.19%,158,3.89%,4.81%,229,4,1.75%,0,0.00%,0.00%,189,4,2.12%,0,0.00%,0.00%,79483,5356,6.74%,180,3.36%,3.68%,55995,4045,7.22%,158,3.91%,4.75%,Rp453.582,Rp453.582,Rp0,13,13,13,0,16,16,0,10,Rp34.891,32371,919,2.84%,26,2.83%,1.41%,26569,775,2.92%,25,3.23%,1.29%
STANG LAS ARGON WP17V - 4 METER / TIG TORCH LAS ARGON WP17 V - 4M / STANG LAS TIG ARGON WP17 WP17V,1730863188386743805,produk terjual ≥1,Aktif,Rp6.576.458,Rp0,Rp0,Rp0,Rp1.081.407,Rp730.148,Rp351.259,Rp4.330.644,Rp0,Rp0,Rp0,Rp3.961.429,Rp2.531.729,Rp1.429.700,Rp1.164.407,16,16,18,16,Rp411.029,35384,1826,5.16%,88,4.82%,0.88%,17253,1340,7.77%,72,5.37%,1.19%,Rp6.576.458,Rp0,Rp7.484.745,Rp722.274,Rp1.498.979,4,4,9128,588,469,6,6.44%,1.02%,Rp2.222.693,6,Rp0,Rp0,Rp0,0,0,0,0,0,0,0,0,Rp0,0,5,0,0.00%,0,0.00%,0.00%,5,0,0.00%,0,0.00%,0.00%,Rp1.081.407,Rp730.148,Rp351.259,3,3,2,1,3,2,1,3,Rp360.469,0,2570,109,4.24%,4,3.67%,2.75%,1407,84,5.97%,4,4.76%,3.57%,Rp4.330.644,Rp0,Rp0,Rp0,Rp3.961.429,Rp2.531.729,Rp1.429.700,10,10,12,10,Rp433.064,84,89,25,22288,1028,4.61%,38,3.70%,0.97%,9972,766,7.68%,32,4.18%,1.31%,1373,45,3.28%,1,2.22%,0.00%,1130,38,3.36%,1,2.63%,0.00%,20472,957,4.67%,37,3.87%,0.94%,8611,711,8.26%,31,4.36%,1.27%,Rp1.164.407,Rp1.164.407,Rp0,3,3,3,0,3,3,0,3,Rp388.136,10522,689,6.55%,46,6.68%,0.44%,7593,557,7.34%,39,7.00%,0.54%
"PAKET HEMAT ALAT KELENGKAPAN KOMPRESOR Recoil Hose Selang Angin Kompresor Spiral, Air chuck, Air Daster, inflator alat isi angin ban",1729708760359863805,GMV ≥250 atau produk terjual ≥3,Aktif,Rp6.507.137,Rp0,Rp0,Rp0,Rp1.865.370,Rp1.279.943,Rp585.427,Rp2.736.689,Rp0,Rp0,Rp0,Rp1.950.349,Rp1.162.419,Rp787.930,Rp1.905.078,80,82,84,79,Rp79.355,50127,3462,6.91%,106,3.06%,2.37%,28461,2334,8.20%,92,3.94%,3.38%,Rp6.507.137,Rp0,Rp8.405.150,Rp1.826.142,Rp899.744,13,11,24443,1790,1300,52,7.32%,3.02%,Rp4.200.571,56,Rp0,Rp0,Rp0,0,0,0,0,0,0,0,0,Rp0,16,551,12,2.18%,0,0.00%,0.00%,510,12,2.35%,0,0.00%,0.00%,Rp1.865.370,Rp1.279.943,Rp585.427,24,24,16,8,25,16,9,23,Rp77.724,0,7876,597,7.58%,15,2.51%,4.02%,3503,399,11.39%,13,3.26%,5.76%,Rp2.736.689,Rp0,Rp0,Rp0,Rp1.950.349,Rp1.162.419,Rp787.930,30,31,32,30,Rp88.280,11,7,4,18659,1348,7.22%,21,1.56%,2.30%,9417,932,9.90%,20,2.15%,3.22%,103,0,0.00%,0,0.00%,0.00%,94,0,0.00%,0,0.00%,0.00%,17757,1335,7.52%,20,1.50%,1.65%,8779,920,10.48%,19,2.07%,2.39%,Rp1.905.078,Rp1.905.078,Rp0,26,27,27,0,27,27,0,26,Rp70.558,23039,1505,6.53%,70,4.65%,1.79%,17559,1194,6.80%,61,5.11%,2.18%
Tekipo by TEKIRO 4pcs Kunci T 8 10 12 14mm Kunci Sock T 1 Set Kunci T 8 Kunci T 10 Kunci T 12 Kunci T 14,1730905542315509245,GMV & produk terjual = 0,Aktif,Rp6.438.080,Rp0,Rp0,Rp0,Rp651.915,Rp651.915,Rp0,Rp2.769.261,Rp83.325,Rp83.325,Rp0,Rp1.178.321,Rp1.015.307,Rp163.014,Rp3.016.904,77,77,77,74,Rp83.611,26238,1314,5.01%,134,10.20%,5.86%,20376,1043,5.12%,126,12.08%,7.09%,Rp6.438.080,Rp0,Rp8.199.974,Rp1.674.902,Rp1.269.315,15,14,16107,746,612,49,4.63%,6.84%,Rp4.238.334,51,Rp0,Rp0,Rp0,0,0,0,0,0,0,0,0,Rp0,50,859,27,3.14%,3,11.11%,0.00%,684,20,2.92%,3,15.00%,0.00%,Rp651.915,Rp651.915,Rp0,8,8,8,0,8,8,0,8,Rp81.489,0,2006,127,6.33%,11,8.66%,6.30%,1133,94,8.30%,11,11.70%,8.51%,Rp2.769.261,Rp83.325,Rp83.325,Rp0,Rp1.178.321,Rp1.015.307,Rp163.014,33,33,33,33,Rp83.917,15,2,14,5081,301,5.92%,14,4.65%,10.96%,4043,254,6.28%,14,5.51%,12.99%,203,2,0.99%,0,0.00%,50.00%,166,2,1.20%,0,0.00%,50.00%,4225,283,6.70%,12,4.24%,4.95%,3547,239,6.74%,12,5.02%,5.86%,Rp3.016.904,Rp3.016.904,Rp0,36,36,36,0,36,36,0,34,Rp83.803,18292,859,4.70%,106,12.34%,4.19%,15148,711,4.69%,98,13.78%,4.78%
PAKET Spray Gun - Alat Semprot Cat spet Spray Gun F75G Semprotan Cat Kompresor Angin tabung atas+Air Daster+AIR FILTER++Selang recoil compresor,1730245035550672381,produk terjual ≥1,Aktif,Rp6.417.274,Rp455.582,Rp296.523,Rp159.059,Rp315.431,Rp0,Rp315.431,Rp1.152.841,Rp0,Rp0,Rp0,Rp142.920,Rp0,Rp142.920,Rp4.493.420,40,40,40,38,Rp160.432,20753,1143,5.51%,67,5.86%,3.50%,16540,906,5.48%,63,6.95%,4.19%,Rp6.417.274,Rp0,Rp8.134.185,Rp1.532.500,Rp1.398.584,8,8,14386,789,616,34,5.48%,4.56%,Rp5.819.722,36,Rp455.582,Rp296.523,Rp159.059,3,3,2,1,3,2,1,3,Rp151.861,12,562,24,4.27%,0,0.00%,12.50%,449,16,3.56%,0,0.00%,18.75%,Rp315.431,Rp0,Rp315.431,2,2,0,2,2,0,2,2,Rp157.716,0,12,0,0.00%,0,0.00%,0.00%,11,0,0.00%,0,0.00%,0.00%,Rp1.152.841,Rp0,Rp0,Rp0,Rp142.920,Rp0,Rp142.920,8,8,8,8,Rp144.105,14,9,5,2412,118,4.89%,2,1.69%,6.78%,2090,95,4.55%,2,2.11%,8.42%,529,14,2.65%,0,0.00%,0.00%,465,13,2.80%,0,0.00%,0.00%,1560,96,6.15%,2,2.08%,1.04%,1395,77,5.52%,2,2.60%,1.30%,Rp4.493.420,Rp4.493.420,Rp0,27,27,27,0,27,27,0,27,Rp166.423,17767,1001,5.63%,65,6.49%,2.70%,14151,803,5.67%,61,7.60%,3.36%
PAKET 3 ITEM Sirkel Circular Saw Tukang+ Mesin Profil Router + Planer Serut Kayu Paket Tukang Kayu isi 3 Paket Usaha Mebel,1735526535125304829,produk terjual ≥1,Aktif,Rp6.315.047,Rp2.082.115,Rp2.082.115,Rp0,Rp2.074.540,Rp0,Rp2.074.540,Rp882.257,Rp882.257,Rp882.257,Rp0,Rp0,Rp0,Rp0,Rp1.276.135,4,4,4,4,Rp1.578.762,10319,277,2.68%,4,1.44%,1.44%,8652,233,2.69%,4,1.72%,1.72%,Rp6.315.047,Rp0,Rp6.775.047,Rp2.507.000,Rp2.074.540,1,1,2800,87,71,1,3.11%,1.15%,Rp1.276.135,1,Rp2.082.115,Rp2.082.115,Rp0,1,1,1,0,1,1,0,1,Rp2.082.115,46,2920,72,2.47%,1,1.39%,1.39%,2602,62,2.38%,1,1.61%,1.61%,Rp2.074.540,Rp0,Rp2.074.540,1,1,0,1,1,0,1,1,Rp2.074.540,0,1,0,0.00%,0,0.00%,0.00%,1,0,0.00%,0,0.00%,0.00%,Rp882.257,Rp882.257,Rp882.257,Rp0,Rp0,Rp0,Rp0,1,1,1,1,Rp882.257,12,20,1,3639,87,2.39%,0,0.00%,1.15%,2964,77,2.60%,0,0.00%,1.30%,3233,59,1.82%,0,0.00%,1.69%,2658,50,1.88%,0,0.00%,2.00%,321,26,8.10%,0,0.00%,0.00%,272,25,9.19%,0,0.00%,0.00%,Rp1.276.135,Rp1.276.135,Rp0,1,1,1,0,1,1,0,1,Rp1.276.135,3759,118,3.14%,3,2.54%,0.85%,3012,92,3.05%,3,3.26%,1.09%
RACHET TIE DOWN CARGO LASHING TALI KREK PENGIKAT BARANG 5 - 10 METER WEBBING CARGO,1729723037518628349,GMV ≥250 atau produk terjual ≥3,Aktif,Rp6.305.791,Rp84.334,Rp84.334,Rp0,Rp1.674.294,Rp1.268.614,Rp405.680,Rp2.245.746,Rp0,Rp0,Rp0,Rp1.512.990,Rp1.324.620,Rp188.370,Rp2.301.417,206,206,229,202,Rp30.611,246453,9568,3.88%,223,2.33%,2.15%,196867,7726,3.92%,207,2.68%,2.61%,Rp6.305.791,Rp0,Rp10.983.705,Rp4.822.000,Rp1.185.257,40,39,188008,6972,5703,146,3.71%,2.15%,Rp4.508.901,168,Rp84.334,Rp84.334,Rp0,1,1,1,0,1,1,0,1,Rp84.334,4,189,9,4.76%,0,0.00%,11.11%,159,7,4.40%,0,0.00%,14.29%,Rp1.674.294,Rp1.268.614,Rp405.680,44,44,35,9,47,38,9,43,Rp38.052,0,21901,1504,6.87%,30,1.99%,2.93%,18651,1248,6.69%,27,2.16%,3.45%,Rp2.245.746,Rp0,Rp0,Rp0,Rp1.512.990,Rp1.324.620,Rp188.370,82,82,87,80,Rp27.387,22,25,6,29293,1993,6.80%,39,1.96%,4.11%,21979,1545,7.03%,34,2.20%,5.18%,373,8,2.14%,0,0.00%,0.00%,344,8,2.33%,0,0.00%,0.00%,27301,1957,7.17%,39,1.99%,2.86%,20798,1520,7.31%,34,2.24%,3.55%,Rp2.301.417,Rp2.301.417,Rp0,79,79,79,0,94,94,0,79,Rp29.132,195065,6062,3.11%,154,2.54%,1.30%,168944,5424,3.21%,147,2.71%,1.46%
DEKWE Bor Listrik 13mm Tangan Beton Tembok Kayu Besi Electric Drill 10 mm Reversible Variable Speed Mesin Bor Tangan Listrik Set Perlengkapan dan Toolbox 580 WRPM 3000 RPM,1729641199834860029,produk terjual ≥1,Aktif,Rp6.230.409,Rp1.492.679,Rp1.288.999,Rp203.680,Rp1.759.615,Rp1.113.013,Rp646.602,Rp2.371.481,Rp1.500.309,Rp1.500.309,Rp0,Rp229.573,Rp229.573,Rp0,Rp606.634,28,28,28,27,Rp222.515,25149,876,3.48%,31,3.54%,3.20%,19781,667,3.37%,28,4.20%,4.05%,Rp6.230.409,Rp0,Rp7.846.154,Rp1.433.000,Rp835.830,3,3,6184,227,178,8,3.67%,3.52%,Rp1.715.346,8,Rp1.492.679,Rp1.288.999,Rp203.680,7,7,6,1,7,6,1,6,Rp213.240,57,7405,141,1.90%,7,4.96%,4.96%,5861,99,1.69%,5,5.05%,6.06%,Rp1.759.615,Rp1.113.013,Rp646.602,8,8,5,3,8,5,3,8,Rp219.952,3,3951,312,7.90%,11,3.53%,2.56%,2778,239,8.60%,10,4.18%,3.35%,Rp2.371.481,Rp1.500.309,Rp1.500.309,Rp0,Rp229.573,Rp229.573,Rp0,10,10,10,10,Rp237.148,27,24,6,8027,201,2.50%,8,3.98%,4.98%,6784,160,2.36%,8,5.00%,6.25%,6818,99,1.45%,1,1.01%,6.06%,5780,71,1.23%,1,1.41%,8.45%,1060,97,9.15%,4,4.12%,1.03%,898,85,9.47%,4,4.71%,1.18%,Rp606.634,Rp606.634,Rp0,3,3,3,0,3,3,0,3,Rp202.211,5766,222,3.85%,5,2.25%,1.35%,4777,188,3.94%,5,2.66%,1.60%
Mesin Gerinda X Kualitas Model Mesin GERINDA TANGAN LISTRIK HARGA TERMURAH,1730392793375475197,produk terjual ≥1,Aktif,Rp6.228.947,Rp845.522,Rp845.522,Rp0,Rp1.155.349,Rp800.031,Rp355.318,Rp3.667.529,Rp606.983,Rp606.983,Rp0,Rp2.716.508,Rp2.716.508,Rp0,Rp560.547,36,36,36,36,Rp173.026,38294,1333,3.48%,26,1.95%,2.70%,27703,1013,3.66%,20,1.97%,3.55%,Rp6.228.947,Rp0,Rp7.851.534,Rp1.445.000,Rp1.159.150,6,6,15327,543,400,17,3.54%,3.13%,Rp2.876.810,17,Rp845.522,Rp845.522,Rp0,5,5,5,0,5,5,0,5,Rp169.104,12,3381,75,2.22%,3,4.00%,6.67%,2826,56,1.98%,3,5.36%,8.93%,Rp1.155.349,Rp800.031,Rp355.318,7,7,5,2,7,5,2,7,Rp165.050,0,4308,226,5.25%,2,0.88%,3.10%,3484,159,4.56%,2,1.26%,4.40%,Rp3.667.529,Rp606.983,Rp606.983,Rp0,Rp2.716.508,Rp2.716.508,Rp0,21,21,21,21,Rp174.644,11,8,4,23012,786,3.42%,17,2.16%,2.67%,15855,631,3.98%,11,1.74%,3.33%,7619,107,1.40%,2,1.87%,2.80%,6735,85,1.26%,1,1.18%,3.53%,15142,675,4.46%,15,2.22%,2.37%,8985,544,6.05%,10,1.84%,2.94%,Rp560.547,Rp560.547,Rp0,3,3,3,0,3,3,0,3,Rp186.849,7593,246,3.24%,4,1.63%,1.22%,6645,210,3.16%,4,1.90%,1.43%
1 Box Grosir Konektor Las Male dan Female isi 20 Pcs,1731892249217107453,produk terjual ≥1,Aktif,Rp6.159.243,Rp0,Rp0,Rp0,Rp370.418,Rp370.418,Rp0,Rp4.941.955,Rp0,Rp0,Rp0,Rp4.187.769,Rp2.943.629,Rp1.244.140,Rp846.870,35,39,46,31,Rp157.929,19087,767,4.02%,35,4.56%,5.08%,14506,588,4.05%,25,4.25%,5.27%,Rp6.159.243,Rp0,Rp7.310.492,Rp981.240,Rp137.663,1,1,5094,226,173,10,4.44%,5.75%,Rp2.318.786,17,Rp0,Rp0,Rp0,0,0,0,0,0,0,0,0,Rp0,71,1721,28,1.63%,0,0.00%,0.00%,1571,26,1.65%,0,0.00%,0.00%,Rp370.418,Rp370.418,Rp0,2,2,2,0,3,3,0,2,Rp185.209,3,2156,68,3.15%,2,2.94%,2.94%,1410,55,3.90%,2,3.64%,3.64%,Rp4.941.955,Rp0,Rp0,Rp0,Rp4.187.769,Rp2.943.629,Rp1.244.140,28,31,37,24,Rp159.418,25,19,7,10115,455,4.50%,23,5.05%,6.81%,7993,359,4.49%,18,5.01%,6.69%,451,4,0.89%,0,0.00%,0.00%,433,4,0.92%,0,0.00%,0.00%,9443,446,4.72%,23,5.16%,5.61%,7416,350,4.72%,18,5.14%,5.71%,Rp846.870,Rp846.870,Rp0,5,6,6,0,6,6,0,5,Rp141.145,5092,216,4.24%,10,4.63%,2.78%,4072,178,4.37%,7,3.93%,2.81%
Gembok Stanless Anti Karat/Anti Maling/Gembok Anti Rust/Gembok Anti Cut,1729582267468056061,GMV ≥250 atau produk terjual ≥3,Aktif,Rp6.088.357,Rp0,Rp0,Rp0,Rp3.935.333,Rp3.797.419,Rp137.914,Rp1.297.310,Rp0,Rp0,Rp0,Rp1.034.013,Rp939.594,Rp94.419,Rp855.714,417,431,590,406,Rp14.126,61612,3473,5.64%,232,6.68%,12.41%,47468,2689,5.66%,180,6.69%,15.10%,Rp6.088.357,Rp0,Rp10.426.574,Rp5.200.561,Rp728.448,66,48,32440,1027,842,126,3.17%,12.76%,Rp1.790.301,176,Rp0,Rp0,Rp0,0,0,0,0,0,0,0,0,Rp0,0,11,0,0.00%,0,0.00%,0.00%,10,0,0.00%,0,0.00%,0.00%,Rp3.935.333,Rp3.797.419,Rp137.914,262,271,260,11,377,365,12,255,Rp14.522,1,19572,2029,10.37%,117,5.77%,13.36%,12609,1535,12.17%,90,5.86%,16.61%,Rp1.297.310,Rp0,Rp0,Rp0,Rp1.034.013,Rp939.594,Rp94.419,103,104,130,99,Rp12.474,11,7,5,12672,705,5.56%,37,5.25%,14.75%,10457,562,5.37%,32,5.69%,17.62%,359,2,0.56%,0,0.00%,0.00%,307,2,0.65%,0,0.00%,0.00%,11944,698,5.84%,36,5.16%,12.32%,9903,555,5.60%,31,5.59%,14.59%,Rp855.714,Rp855.714,Rp0,53,56,56,0,83,83,0,53,Rp15.281,29351,739,2.52%,78,10.55%,7.58%,25025,626,2.50%,64,10.22%,8.47%
Kepala Palu batu  Bodem  Martil Tanpa gagang 2LB/3LB/8LB/10LB/12LB/14LB/ PALU BATU *ONLY / Palu BODEM,1730466319874426365,produk terjual ≥1,Aktif,Rp5.956.634,Rp0,Rp0,Rp0,Rp169.084,Rp0,Rp169.084,Rp4.618.813,Rp0,Rp0,Rp0,Rp3.912.245,Rp3.599.595,Rp312.650,Rp1.168.737,110,111,126,104,Rp53.663,129215,7243,5.61%,267,3.69%,1.53%,83581,5405,6.47%,229,4.24%,1.92%,Rp5.956.634,Rp0,Rp8.348.266,Rp3.309.667,Rp1.423.325,22,20,59353,2480,1979,35,4.18%,1.49%,Rp1.866.418,47,Rp0,Rp0,Rp0,0,0,0,0,0,0,0,0,Rp0,27,1148,37,3.22%,0,0.00%,0.00%,999,32,3.20%,0,0.00%,0.00%,Rp169.084,Rp0,Rp169.084,2,2,0,2,2,0,2,2,Rp84.542,0,24,1,4.17%,0,0.00%,200.00%,24,1,4.17%,0,0.00%,200.00%,Rp4.618.813,Rp0,Rp0,Rp0,Rp3.912.245,Rp3.599.595,Rp312.650,84,85,89,79,Rp54.339,32,4,32,71098,5059,7.12%,160,3.16%,1.68%,39972,3630,9.08%,133,3.66%,2.18%,53,4,7.55%,0,0.00%,0.00%,47,4,8.51%,0,0.00%,0.00%,69293,5038,7.27%,158,3.14%,1.53%,39295,3618,9.21%,132,3.65%,1.96%,Rp1.168.737,Rp1.168.737,Rp0,24,24,24,0,35,35,0,23,Rp48.697,56944,2146,3.77%,107,4.99%,1.12%,48195,1905,3.95%,102,5.35%,1.21%
"Mesin Gerinda Tangan Listrik 4 Inch Kulitas Tinggi Mesin Selepan Tangan Angle Grinder 4"" Bonus Mata Potong dan mata Poles",1729639142403770877,produk terjual ≥1,Aktif,Rp5.886.108,Rp526.311,Rp526.311,Rp0,Rp873.195,Rp873.195,Rp0,Rp4.148.656,Rp1.129.705,Rp1.129.705,Rp0,Rp2.540.466,Rp1.922.454,Rp618.012,Rp337.946,34,34,34,34,Rp173.121,35539,1973,5.55%,54,2.74%,1.72%,25230,1557,6.17%,46,2.95%,2.18%,Rp5.886.108,Rp0,Rp7.766.265,Rp1.726.000,Rp1.696.093,9,9,15634,649,499,16,4.15%,2.47%,Rp2.701.631,16,Rp526.311,Rp526.311,Rp0,3,3,3,0,3,3,0,3,Rp175.437,21,1953,81,4.15%,3,3.70%,3.70%,1542,72,4.67%,3,4.17%,4.17%,Rp873.195,Rp873.195,Rp0,5,5,5,0,5,5,0,5,Rp174.639,0,7311,404,5.53%,9,2.23%,1.24%,3640,332,9.12%,9,2.71%,1.51%,Rp4.148.656,Rp1.129.705,Rp1.129.705,Rp0,Rp2.540.466,Rp1.922.454,Rp618.012,24,24,24,24,Rp172.861,6,6,1,18751,1165,6.21%,28,2.40%,2.06%,15113,968,6.41%,21,2.17%,2.48%,3879,137,3.53%,1,0.73%,4.38%,3375,118,3.50%,1,0.85%,5.08%,14591,1024,7.02%,27,2.64%,1.46%,11611,847,7.29%,20,2.36%,1.77%,Rp337.946,Rp337.946,Rp0,2,2,2,0,2,2,0,2,Rp168.973,7524,323,4.29%,14,4.33%,0.62%,6296,250,3.97%,13,5.20%,0.80%
RACHET TIE DOWN CARGO LASHING 5 METER DAN 10 METER,1729668525799606781,GMV ≥250 atau produk terjual ≥3,Aktif,Rp5.821.440,Rp0,Rp0,Rp0,Rp440.177,Rp0,Rp440.177,Rp1.673.310,Rp0,Rp0,Rp0,Rp386.940,Rp283.737,Rp103.203,Rp3.707.953,264,264,288,259,Rp22.051,350844,7686,2.19%,368,4.79%,3.43%,302348,6826,2.26%,349,5.11%,3.79%,Rp5.821.440,Rp0,Rp11.416.866,Rp5.469.143,Rp806.377,42,37,290082,6171,5514,196,2.13%,3.24%,Rp4.422.086,217,Rp0,Rp0,Rp0,0,0,0,0,0,0,0,0,Rp0,48,1269,23,1.81%,0,0.00%,0.00%,1106,21,1.90%,0,0.00%,0.00%,Rp440.177,Rp0,Rp440.177,16,16,0,16,21,0,21,16,Rp27.511,0,37,2,5.41%,0,0.00%,800.00%,35,2,5.71%,0,0.00%,800.00%,Rp1.673.310,Rp0,Rp0,Rp0,Rp386.940,Rp283.737,Rp103.203,79,79,85,77,Rp21.181,4,4,2,10362,334,3.22%,10,2.99%,23.65%,8803,264,3.00%,10,3.79%,29.17%,12,0,0.00%,0,0.00%,0.00%,9,0,0.00%,0,0.00%,0.00%,9734,310,3.18%,9,2.90%,6.45%,8417,247,2.93%,9,3.64%,7.29%,Rp3.707.953,Rp3.707.953,Rp0,169,169,169,0,182,182,0,167,Rp21.941,339168,7327,2.16%,358,4.89%,2.31%,289788,6499,2.24%,339,5.22%,2.57%
"Mesin Potong Kayu 58CC 22"" Sinso Gergaji 2 Tak Mesin Chainsaw Potong Kayu Mesin Gergaji Senso",1729643049216281085,GMV & produk terjual = 0,Nonaktif,Rp5.718.089,Rp0,Rp0,Rp0,Rp0,Rp0,Rp0,Rp1.778.079,Rp0,Rp0,Rp0,Rp0,Rp0,Rp0,Rp3.940.010,7,7,7,7,Rp816.870,10456,463,4.43%,7,1.51%,1.51%,8267,345,4.17%,7,2.03%,2.03%,Rp5.718.089,Rp0,Rp6.622.429,Rp581.500,Rp3.369.764,4,4,6282,202,146,5,3.22%,2.48%,Rp3.958.770,5,Rp0,Rp0,Rp0,0,0,0,0,0,0,0,0,Rp0,24,626,14,2.24%,0,0.00%,0.00%,531,13,2.45%,0,0.00%,0.00%,Rp0,Rp0,Rp0,0,0,0,0,0,0,0,0,Rp0,2,314,28,8.92%,0,0.00%,0.00%,272,27,9.93%,0,0.00%,0.00%,Rp1.778.079,Rp0,Rp0,Rp0,Rp0,Rp0,Rp0,2,2,2,2,Rp889.040,19,13,10,4285,229,5.34%,4,1.75%,0.87%,3319,162,4.88%,4,2.47%,1.23%,947,12,1.27%,0,0.00%,0.00%,809,10,1.24%,0,0.00%,0.00%,2989,205,6.86%,4,1.95%,0.00%,2408,142,5.90%,4,2.82%,0.00%,Rp3.940.010,Rp3.940.010,Rp0,5,5,5,0,5,5,0,5,Rp788.002,5231,192,3.67%,3,1.56%,2.60%,4350,148,3.40%,3,2.03%,3.38%
"Double Head Socket 39 x 41 Mata Sok Blok CVT 39x41 mm / Kunci Shock Sock CVT 1/2"" Socket CVT",1729656544999213565,GMV & produk terjual = 0,Aktif,Rp5.606.315,Rp0,Rp0,Rp0,Rp1.440.870,Rp1.218.213,Rp222.657,Rp2.282.908,Rp67.070,Rp67.070,Rp0,Rp1.500.664,Rp1.327.179,Rp173.485,Rp1.882.537,145,145,148,144,Rp38.664,56274,2733,4.86%,242,8.85%,5.31%,43836,2143,4.89%,217,10.13%,6.72%,Rp5.606.315,Rp0,Rp8.180.973,Rp2.661.714,Rp594.805,14,13,23613,776,625,74,3.29%,9.66%,Rp2.877.248,76,Rp0,Rp0,Rp0,0,0,0,0,0,0,0,0,Rp0,9,157,2,1.27%,0,0.00%,0.00%,146,2,1.37%,0,0.00%,0.00%,Rp1.440.870,Rp1.218.213,Rp222.657,38,38,32,6,38,32,6,38,Rp37.918,1,10433,812,7.78%,73,8.99%,4.68%,9145,712,7.79%,72,10.11%,5.34%,Rp2.282.908,Rp67.070,Rp67.070,Rp0,Rp1.500.664,Rp1.327.179,Rp173.485,59,59,61,59,Rp38.693,32,12,22,20553,1150,5.60%,85,7.39%,5.13%,17062,936,5.49%,75,8.01%,6.30%,685,15,2.19%,2,13.33%,13.33%,573,14,2.44%,2,14.29%,14.29%,19319,1109,5.74%,81,7.30%,3.52%,16277,905,5.56%,71,7.85%,4.31%,Rp1.882.537,Rp1.882.537,Rp0,48,48,48,0,49,49,0,47,Rp39.220,25131,769,3.06%,84,10.92%,6.24%,20220,637,3.15%,76,11.93%,7.38%
Pompa Celup Air Bersih Keruh 1 Inch Bonchi Submersible Pump 250 Watt Pompa Kolam Otomatis,1730973652672087549,GMV & produk terjual = 0,Aktif,Rp5.564.765,Rp0,Rp0,Rp0,Rp2.102.517,Rp2.102.517,Rp0,Rp2.528.524,Rp0,Rp0,Rp0,Rp2.147.260,Rp2.147.260,Rp0,Rp933.724,8,8,11,8,Rp695.596,15594,802,5.14%,19,2.37%,1.00%,9706,648,6.68%,16,2.47%,1.23%,Rp5.564.765,Rp0,Rp6.503.001,Rp947.000,Rp2.469.429,5,5,4277,154,124,3,3.60%,1.95%,Rp1.472.559,3,Rp0,Rp0,Rp0,0,0,0,0,0,0,0,0,Rp0,59,896,9,1.00%,0,0.00%,0.00%,797,8,1.00%,0,0.00%,0.00%,Rp2.102.517,Rp2.102.517,Rp0,1,1,1,0,4,4,0,1,Rp2.102.517,1,1433,76,5.30%,2,2.63%,1.32%,904,70,7.74%,1,1.43%,1.43%,Rp2.528.524,Rp0,Rp0,Rp0,Rp2.147.260,Rp2.147.260,Rp0,5,5,5,5,Rp505.705,14,3,12,10219,625,6.12%,15,2.40%,0.80%,5947,512,8.61%,13,2.54%,0.98%,102,1,0.98%,0,0.00%,0.00%,85,1,1.18%,0,0.00%,0.00%,9365,620,6.62%,14,2.26%,0.65%,5692,508,8.92%,12,2.36%,0.79%,Rp933.724,Rp933.724,Rp0,2,2,2,0,2,2,0,2,Rp466.862,3046,92,3.02%,2,2.17%,2.17%,2555,75,2.94%,2,2.67%,2.67%
[ PAKET 2 ITEM ] Mesin Profil Router + Planer Serut Kayu - Paket Tukang Kayu,1729652333566264829,produk terjual ≥1,Aktif,Rp5.504.630,Rp581.384,Rp581.384,Rp0,Rp498.583,Rp0,Rp498.583,Rp4.424.663,Rp552.470,Rp552.470,Rp0,Rp3.872.193,Rp3.280.838,Rp591.355,Rp0,9,9,9,9,Rp611.626,31708,1585,5.00%,46,2.90%,0.57%,25468,1274,5.00%,41,3.22%,0.71%,Rp5.504.630,Rp0,Rp6.500.300,Rp1.180.000,Rp1.632.160,2,2,11511,523,395,4,4.54%,0.76%,Rp2.210.270,4,Rp581.384,Rp581.384,Rp0,1,1,1,0,1,1,0,1,Rp581.384,65,5173,126,2.44%,0,0.00%,0.79%,4601,108,2.35%,0,0.00%,0.93%,Rp498.583,Rp0,Rp498.583,1,1,0,1,1,0,1,1,Rp498.583,0,3,0,0.00%,0,0.00%,0.00%,3,0,0.00%,0,0.00%,0.00%,Rp4.424.663,Rp552.470,Rp552.470,Rp0,Rp3.872.193,Rp3.280.838,Rp591.355,7,7,7,7,Rp632.095,46,56,5,18750,1213,6.47%,35,2.89%,0.58%,14760,986,6.68%,31,3.14%,0.71%,5335,125,2.34%,3,2.40%,0.80%,3978,91,2.29%,1,1.10%,1.10%,13209,1082,8.19%,31,2.87%,0.55%,10696,891,8.33%,29,3.25%,0.67%,Rp0,Rp0,Rp0,0,0,0,0,0,0,0,0,Rp0,7782,246,3.16%,11,4.47%,0.00%,6007,185,3.08%,11,5.95%,0.00%
Set Tang 3 Pcs 6 Inch Tang Kombinasi Tang Potong Tang Lancip VTS ELLKA - Paket Tang 3 Pcs,1729642377266170365,GMV ≥250 atau produk terjual ≥3,Aktif,Rp5.440.899,Rp58.752,Rp58.752,Rp0,Rp115.811,Rp0,Rp115.811,Rp4.219.859,Rp0,Rp0,Rp0,Rp3.679.770,Rp3.294.317,Rp385.453,Rp1.046.477,125,127,135,123,Rp42.842,74451,4062,5.46%,164,4.04%,3.13%,58552,3394,5.80%,146,4.30%,3.62%,Rp5.440.899,Rp0,Rp7.701.447,Rp2.524.990,Rp789.712,19,18,28551,1309,1096,52,4.58%,4.05%,Rp2.079.873,56,Rp58.752,Rp58.752,Rp0,1,1,1,0,1,1,0,1,Rp58.752,52,1248,20,1.60%,0,0.00%,5.00%,1124,17,1.51%,0,0.00%,5.88%,Rp115.811,Rp0,Rp115.811,4,4,0,4,4,0,4,4,Rp28.953,1,97,6,6.19%,0,0.00%,66.67%,89,6,6.74%,0,0.00%,66.67%,Rp4.219.859,Rp0,Rp0,Rp0,Rp3.679.770,Rp3.294.317,Rp385.453,95,97,102,94,Rp43.504,22,6,17,47310,2999,6.34%,68,2.27%,3.23%,35886,2491,6.94%,63,2.53%,3.77%,40,3,7.50%,0,0.00%,0.00%,34,1,2.94%,0,0.00%,0.00%,45221,2961,6.55%,66,2.23%,2.84%,34408,2460,7.15%,61,2.48%,3.29%,Rp1.046.477,Rp1.046.477,Rp0,25,25,25,0,28,28,0,24,Rp41.859,25794,1037,4.02%,96,9.26%,2.41%,21804,883,4.05%,84,9.51%,2.72%
Engsel Pintu Jendela 6pcs 1 Box 5 Inch 4 Inch 3 Inch Engsel Pintu Kayu Tebal Sepasang Komplit Mur Warna Silver Gold Pintu Rumah Stainless Anti Karat Chrome Gold,1730330627774645757,produk terjual ≥1,Aktif,Rp5.182.488,Rp0,Rp0,Rp0,Rp3.137.933,Rp2.481.145,Rp656.788,Rp563.000,Rp0,Rp0,Rp0,Rp0,Rp0,Rp0,Rp1.481.555,37,38,42,35,Rp136.381,14486,829,5.72%,77,9.29%,4.58%,10600,584,5.51%,57,9.76%,5.99%,Rp5.182.488,Rp0,Rp6.818.748,Rp1.586.380,Rp252.516,2,2,9622,500,355,22,5.20%,4.80%,Rp3.480.405,28,Rp0,Rp0,Rp0,0,0,0,0,0,0,0,0,Rp0,0,0,0,0.00%,0,0.00%,0.00%,0,0,0.00%,0,0.00%,0.00%,Rp3.137.933,Rp2.481.145,Rp656.788,21,21,16,5,24,19,5,19,Rp149.425,0,4237,340,8.02%,27,7.94%,6.18%,3332,237,7.11%,23,9.70%,8.02%,Rp563.000,Rp0,Rp0,Rp0,Rp0,Rp0,Rp0,4,5,5,4,Rp112.600,28,53,5,1246,58,4.65%,1,1.72%,8.62%,910,47,5.16%,1,2.13%,8.51%,472,8,1.69%,0,0.00%,0.00%,393,6,1.53%,0,0.00%,0.00%,387,40,10.34%,1,2.50%,0.00%,323,32,9.91%,1,3.13%,0.00%,Rp1.481.555,Rp1.481.555,Rp0,12,12,12,0,13,13,0,12,Rp123.463,9002,431,4.79%,49,11.37%,2.78%,6735,325,4.83%,34,10.46%,3.69%
NEWW MESIN LAS MIKAYO MK-120A 450 WATT RENDAH INVERTER TRAVO LISTRIK,1729461139783255549,produk terjual ≥1,Aktif,Rp5.120.007,Rp0,Rp0,Rp0,Rp724.499,Rp0,Rp724.499,Rp2.591.365,Rp0,Rp0,Rp0,Rp2.255.156,Rp2.255.156,Rp0,Rp1.804.143,14,14,14,14,Rp365.715,24085,797,3.31%,24,3.01%,1.76%,19617,663,3.38%,22,3.32%,2.11%,Rp5.120.007,Rp0,Rp6.492.639,Rp1.257.500,Rp1.567.116,4,4,15923,405,330,7,2.54%,1.73%,Rp2.572.955,7,Rp0,Rp0,Rp0,0,0,0,0,0,0,0,0,Rp0,0,1,0,0.00%,0,0.00%,0.00%,1,0,0.00%,0,0.00%,0.00%,Rp724.499,Rp0,Rp724.499,2,2,0,2,2,0,2,2,Rp362.250,0,44,5,11.36%,0,0.00%,40.00%,39,3,7.69%,0,0.00%,66.67%,Rp2.591.365,Rp0,Rp0,Rp0,Rp2.255.156,Rp2.255.156,Rp0,7,7,7,7,Rp370.195,12,7,5,10161,496,4.88%,10,2.02%,1.41%,8680,429,4.94%,10,2.33%,1.63%,40,1,2.50%,0,0.00%,0.00%,26,1,3.85%,0,0.00%,0.00%,9807,491,5.01%,10,2.04%,1.22%,8414,424,5.04%,10,2.36%,1.42%,Rp1.804.143,Rp1.804.143,Rp0,5,5,5,0,5,5,0,5,Rp360.829,13879,296,2.13%,14,4.73%,1.69%,11639,245,2.10%,12,4.90%,2.04%
"Gergaji Compass Saw 16'' 12"" Gergaji kayu lancip 16 Inch 12 Inch Gergaji Tangan Wood hand saw Gergaji serbaguna potong kayu/plastik/laminasi dll",1729723879292241405,GMV ≥250 atau produk terjual ≥3,Aktif,Rp5.119.711,Rp27.270,Rp27.270,Rp0,Rp3.591.175,Rp3.443.105,Rp148.070,Rp977.633,Rp0,Rp0,Rp0,Rp768.819,Rp481.280,Rp287.539,Rp523.633,147,147,164,143,Rp34.828,37397,2430,6.50%,73,3.00%,6.05%,25046,1876,7.49%,66,3.52%,7.62%,Rp5.119.711,Rp0,Rp7.429.016,Rp2.634.391,Rp532.674,16,15,11769,550,400,44,4.67%,8.36%,Rp1.367.020,46,Rp27.270,Rp27.270,Rp0,1,1,1,0,1,1,0,1,Rp27.270,2,119,6,5.04%,0,0.00%,16.67%,98,3,3.06%,0,0.00%,33.33%,Rp3.591.175,Rp3.443.105,Rp148.070,99,99,94,5,116,111,5,97,Rp36.274,0,1454,93,6.40%,3,3.23%,106.45%,1156,73,6.31%,2,2.74%,132.88%,Rp977.633,Rp0,Rp0,Rp0,Rp768.819,Rp481.280,Rp287.539,29,29,29,28,Rp33.711,7,1,6,24699,1862,7.54%,39,2.09%,1.56%,15405,1454,9.44%,38,2.61%,1.93%,11,0,0.00%,0,0.00%,0.00%,11,0,0.00%,0,0.00%,0.00%,24402,1861,7.63%,38,2.04%,1.18%,15181,1453,9.57%,37,2.55%,1.45%,Rp523.633,Rp523.633,Rp0,18,18,18,0,18,18,0,17,Rp29.091,11120,469,4.22%,31,6.61%,3.84%,8608,363,4.22%,27,7.44%,4.68%
Gunting Kodok 8 inch / Gunting Kulit / Gunting Kain Serbaguna / Gunting Wangmace no 1Gunting kodok Wilmer 21cm,1729805308002928125,produk terjual ≥1,Aktif,Rp5.105.566,Rp0,Rp0,Rp0,Rp3.510.382,Rp3.246.471,Rp263.911,Rp1.449.629,Rp0,Rp0,Rp0,Rp1.190.158,Rp1.091.907,Rp98.251,Rp145.555,275,275,410,271,Rp18.566,51752,2629,5.08%,149,5.67%,10.46%,34141,1956,5.73%,131,6.70%,13.85%,Rp5.105.566,Rp0,Rp9.206.350,Rp4.160.339,Rp556.840,41,30,22529,951,679,131,4.22%,13.99%,Rp2.589.471,213,Rp0,Rp0,Rp0,0,0,0,0,0,0,0,0,Rp0,40,258,10,3.88%,0,0.00%,0.00%,236,5,2.12%,0,0.00%,0.00%,Rp3.510.382,Rp3.246.471,Rp263.911,183,183,170,13,285,263,22,182,Rp19.182,0,42,0,0.00%,0,0.00%,0.00%,32,0,0.00%,0,0.00%,0.00%,Rp1.449.629,Rp0,Rp0,Rp0,Rp1.190.158,Rp1.091.907,Rp98.251,79,79,111,77,Rp18.350,22,2,20,38921,2264,5.82%,124,5.48%,3.49%,24643,1713,6.95%,109,6.36%,4.50%,41,0,0.00%,0,0.00%,0.00%,36,0,0.00%,0,0.00%,0.00%,37927,2241,5.91%,123,5.49%,2.81%,24106,1704,7.07%,108,6.34%,3.64%,Rp145.555,Rp145.555,Rp0,13,13,13,0,14,14,0,12,Rp11.197,12531,355,2.83%,25,7.04%,3.66%,10561,290,2.75%,24,8.28%,4.14%
"Tjap Mata 18"" Gergaji Tangan Gagang Kayu 18 Inch Gergaji kayu cap mata / solingen tjap mata 18""",1732396310641608189,GMV ≥250 atau produk terjual ≥3,Aktif,Rp5.067.462,Rp191.092,Rp191.092,Rp0,Rp714.958,Rp528.698,Rp186.260,Rp3.234.962,Rp0,Rp0,Rp0,Rp2.409.579,Rp2.314.336,Rp95.243,Rp926.450,51,51,56,51,Rp99.362,30120,2382,7.91%,102,4.28%,2.14%,22303,1770,7.94%,81,4.58%,2.88%,Rp5.067.462,Rp0,Rp5.979.954,Rp906.400,Rp996.231,11,11,9394,461,330,22,4.91%,4.77%,Rp1.948.583,22,Rp191.092,Rp191.092,Rp0,2,2,2,0,2,2,0,2,Rp95.546,29,1096,25,2.28%,1,4.00%,8.00%,888,17,1.91%,1,5.88%,11.76%,Rp714.958,Rp528.698,Rp186.260,8,8,6,2,8,6,2,8,Rp89.370,0,64,4,6.25%,0,0.00%,200.00%,63,4,6.35%,0,0.00%,200.00%,Rp3.234.962,Rp0,Rp0,Rp0,Rp2.409.579,Rp2.314.336,Rp95.243,30,30,35,30,Rp107.832,25,11,17,19675,1937,9.84%,75,3.87%,1.55%,14459,1453,10.05%,57,3.92%,2.06%,806,28,3.47%,1,3.57%,0.00%,611,19,3.11%,1,5.26%,0.00%,18427,1902,10.32%,72,3.79%,1.37%,13602,1428,10.50%,54,3.78%,1.82%,Rp926.450,Rp926.450,Rp0,11,11,11,0,11,11,0,11,Rp84.223,9283,416,4.48%,26,6.25%,2.64%,7242,309,4.27%,24,7.77%,3.56%
COD Mesin Gerinda Tangan Listrik 4 in Mesin Selepan Angle Grinder Kualitas Tinggi Grenda 600 Watt MIKAYO,1730282156825413117,produk terjual ≥1,Aktif,Rp4.915.379,Rp533.722,Rp533.722,Rp0,Rp1.550.317,Rp1.362.457,Rp187.860,Rp2.317.610,Rp1.325.625,Rp1.138.775,Rp186.850,Rp829.537,Rp829.537,Rp0,Rp513.730,25,25,25,24,Rp196.615,42392,838,1.98%,21,2.51%,2.98%,34870,671,1.92%,16,2.38%,3.58%,Rp4.915.379,Rp0,Rp6.152.855,Rp1.420.000,Rp1.925.980,9,9,5607,173,138,8,3.09%,5.20%,Rp1.869.477,9,Rp533.722,Rp533.722,Rp0,3,3,3,0,3,3,0,3,Rp177.907,10,12214,245,2.01%,4,1.63%,1.22%,8960,165,1.84%,3,1.82%,1.82%,Rp1.550.317,Rp1.362.457,Rp187.860,8,8,7,1,8,7,1,7,Rp193.790,0,1466,58,3.96%,1,1.72%,13.79%,1156,46,3.98%,1,2.17%,15.22%,Rp2.317.610,Rp1.325.625,Rp1.138.775,Rp186.850,Rp829.537,Rp829.537,Rp0,12,12,12,12,Rp193.134,29,29,5,25596,435,1.70%,9,2.07%,2.76%,18860,330,1.75%,6,1.82%,3.64%,22869,311,1.36%,5,1.61%,2.25%,16620,235,1.41%,2,0.85%,2.98%,2601,113,4.34%,4,3.54%,3.54%,2180,92,4.22%,4,4.35%,4.35%,Rp513.730,Rp513.730,Rp0,2,2,2,0,2,2,0,2,Rp256.865,3115,100,3.21%,7,7.00%,2.00%,2724,87,3.19%,6,6.90%,2.30%
Dudukan Mesin Bor Jadi Bor Duduk Adapter Bor Duduk Stand Holder Mesin Bor,1730807128092214781,GMV & produk terjual = 0,Aktif,Rp4.895.560,Rp0,Rp0,Rp0,Rp1.570.385,Rp1.570.385,Rp0,Rp2.708.382,Rp0,Rp0,Rp0,Rp2.556.135,Rp2.264.660,Rp291.475,Rp616.793,36,36,36,36,Rp135.988,36192,2137,5.90%,109,5.10%,1.68%,23934,1589,6.64%,91,5.73%,2.27%,Rp4.895.560,Rp0,Rp6.439.129,Rp1.418.731,Rp429.364,3,3,12617,471,348,11,3.73%,2.34%,Rp1.376.729,11,Rp0,Rp0,Rp0,0,0,0,0,0,0,0,0,Rp0,33,569,10,1.76%,0,0.00%,0.00%,504,9,1.79%,0,0.00%,0.00%,Rp1.570.385,Rp1.570.385,Rp0,11,11,11,0,11,11,0,11,Rp142.762,1,5284,460,8.71%,16,3.48%,2.39%,4392,392,8.93%,14,3.57%,2.81%,Rp2.708.382,Rp0,Rp0,Rp0,Rp2.556.135,Rp2.264.660,Rp291.475,20,20,20,20,Rp135.419,16,9,9,17387,1269,7.30%,62,4.89%,1.58%,11177,950,8.50%,53,5.58%,2.11%,299,2,0.67%,0,0.00%,0.00%,280,2,0.71%,0,0.00%,0.00%,16556,1264,7.63%,62,4.91%,1.50%,10553,945,8.95%,53,5.61%,2.01%,Rp616.793,Rp616.793,Rp0,5,5,5,0,5,5,0,5,Rp123.359,12952,398,3.07%,31,7.79%,1.26%,10239,345,3.37%,27,7.83%,1.45%
Solder 60W Paket Lengkap PEMANAS TEMBAGA Soldering Iron 40W Paket Timah dan Minyak,1732901171233457661,GMV & produk terjual = 0,Nonaktif,Rp4.833.184,Rp33.330,Rp33.330,Rp0,Rp2.876.025,Rp2.418.505,Rp457.520,Rp1.384.586,Rp0,Rp0,Rp0,Rp1.034.476,Rp922.406,Rp112.070,Rp539.243,133,133,136,132,Rp36.340,47952,2904,6.06%,133,4.58%,4.58%,34784,2292,6.59%,125,5.45%,5.76%,Rp4.833.184,Rp0,Rp7.755.912,Rp2.597.500,Rp673.796,20,20,18090,750,556,52,4.15%,7.07%,Rp1.923.925,55,Rp33.330,Rp33.330,Rp0,1,1,1,0,1,1,0,1,Rp33.330,8,317,5,1.58%,0,0.00%,20.00%,262,4,1.53%,0,0.00%,25.00%,Rp2.876.025,Rp2.418.505,Rp457.520,78,78,65,13,81,66,15,77,Rp36.872,1,21347,1424,6.67%,57,4.00%,5.48%,17666,1234,6.99%,55,4.46%,6.24%,Rp1.384.586,Rp0,Rp0,Rp0,Rp1.034.476,Rp922.406,Rp112.070,39,39,39,39,Rp35.502,5,0,5,9344,826,8.84%,38,4.60%,4.72%,7430,708,9.53%,37,5.23%,5.51%,0,0,0.00%,0,0.00%,0.00%,0,0,0.00%,0,0.00%,0.00%,9140,814,8.91%,37,4.55%,3.56%,7375,701,9.51%,36,5.14%,4.14%,Rp539.243,Rp539.243,Rp0,15,15,15,0,15,15,0,15,Rp35.950,16945,649,3.83%,38,5.86%,2.31%,13160,526,4.00%,36,6.84%,2.85%
ELLKA STAND GERINDA +MATA GERINDA KAYU TCT 4 INCH ADAPTOR GERINDA TO CIRCULAR SAW MINI TATAKAN GRINDA,1729656728258577917,produk terjual ≥1,Aktif,Rp4.782.090,Rp0,Rp0,Rp0,Rp1.500.660,Rp1.334.090,Rp166.570,Rp2.361.510,Rp0,Rp0,Rp0,Rp2.060.498,Rp1.931.739,Rp128.759,Rp919.920,104,104,104,102,Rp45.982,58129,2962,5.10%,157,5.30%,3.51%,45731,2442,5.34%,142,5.81%,4.18%,Rp4.782.090,Rp0,Rp7.040.155,Rp2.821.044,Rp1.004.600,21,21,23044,731,602,27,3.17%,3.83%,Rp1.270.102,28,Rp0,Rp0,Rp0,0,0,0,0,0,0,0,0,Rp0,76,1874,36,1.92%,1,2.78%,0.00%,1685,32,1.90%,1,3.13%,0.00%,Rp1.500.660,Rp1.334.090,Rp166.570,29,29,26,3,29,26,3,29,Rp51.747,3,7056,682,9.67%,31,4.55%,4.25%,6020,605,10.05%,29,4.79%,4.79%,Rp2.361.510,Rp0,Rp0,Rp0,Rp2.060.498,Rp1.931.739,Rp128.759,53,53,53,51,Rp44.557,14,4,10,21780,1514,6.95%,73,4.82%,3.50%,17510,1315,7.51%,65,4.94%,3.88%,394,4,1.02%,0,0.00%,0.00%,345,4,1.16%,0,0.00%,0.00%,20163,1492,7.40%,73,4.89%,3.08%,16501,1297,7.86%,65,5.01%,3.47%,Rp919.920,Rp919.920,Rp0,22,22,22,0,22,22,0,22,Rp41.815,27419,730,2.66%,52,7.12%,3.01%,23219,624,2.69%,48,7.69%,3.53%
Kunci Rachet Ring Pas 7 Pcs / Ratchet Wrench Set 7 Pcs racet Recet Ringpas,1729903629167921661,produk terjual ≥1,Aktif,Rp4.643.226,Rp0,Rp0,Rp0,Rp1.487.124,Rp1.297.749,Rp189.375,Rp1.664.303,Rp0,Rp0,Rp0,Rp1.299.289,Rp892.188,Rp407.101,Rp1.491.799,25,25,25,25,Rp185.729,16712,835,5.00%,59,7.07%,2.99%,13800,664,4.81%,56,8.43%,3.77%,Rp4.643.226,Rp0,Rp5.620.518,Rp902.500,Rp2.633.242,14,13,10534,574,444,20,5.45%,3.48%,Rp3.745.208,20,Rp0,Rp0,Rp0,0,0,0,0,0,0,0,0,Rp0,0,0,0,0.00%,0,0.00%,0.00%,0,0,0.00%,0,0.00%,0.00%,Rp1.487.124,Rp1.297.749,Rp189.375,8,8,7,1,8,7,1,8,Rp185.890,1,113,7,6.19%,0,0.00%,114.29%,87,6,6.90%,0,0.00%,133.33%,Rp1.664.303,Rp0,Rp0,Rp0,Rp1.299.289,Rp892.188,Rp407.101,9,9,9,9,Rp184.923,16,5,11,10217,557,5.45%,40,7.18%,1.62%,8450,430,5.09%,38,8.84%,2.09%,1066,7,0.66%,1,14.29%,0.00%,973,7,0.72%,1,14.29%,0.00%,8379,533,6.36%,38,7.13%,1.31%,6923,413,5.97%,36,8.72%,1.69%,Rp1.491.799,Rp1.491.799,Rp0,8,8,8,0,8,8,0,8,Rp186.475,6382,271,4.25%,19,7.01%,2.95%,5369,235,4.38%,18,7.66%,3.40%
"1 Lusin Kapi Kape Cat Gagang Karet 12 Pcs UKURAN 2 Inch 2,5 Inch 3 Inch 4 Inch",1733588435303892477,GMV & produk terjual = 0,Nonaktif,Rp4.635.867,Rp0,Rp0,Rp0,Rp2.979.693,Rp2.595.338,Rp384.355,Rp550.249,Rp0,Rp0,Rp0,Rp54.338,Rp54.338,Rp0,Rp1.105.925,56,61,78,51,Rp75.998,9616,533,5.54%,43,8.07%,11.44%,7948,434,5.46%,31,7.14%,11.75%,Rp4.635.867,Rp0,Rp5.844.362,Rp1.489.500,Rp4.267.558,72,45,2145,84,63,12,3.92%,17.86%,Rp1.965.780,30,Rp0,Rp0,Rp0,0,0,0,0,0,0,0,0,Rp0,12,246,5,2.03%,0,0.00%,0.00%,194,4,2.06%,0,0.00%,0.00%,Rp2.979.693,Rp2.595.338,Rp384.355,44,48,45,3,52,46,6,41,Rp62.077,0,6078,400,6.58%,28,7.00%,12.00%,5458,344,6.30%,22,6.40%,11.92%,Rp550.249,Rp0,Rp0,Rp0,Rp54.338,Rp54.338,Rp0,7,8,10,5,Rp68.781,3,1,2,860,41,4.77%,4,9.76%,19.51%,677,33,4.87%,4,12.12%,15.15%,0,0,0.00%,0,0.00%,0.00%,0,0,0.00%,0,0.00%,0.00%,650,30,4.62%,4,13.33%,3.33%,603,29,4.81%,4,13.79%,3.45%,Rp1.105.925,Rp1.105.925,Rp0,5,5,5,0,16,16,0,5,Rp221.185,2432,87,3.58%,11,12.64%,5.75%,1890,72,3.81%,6,8.33%,6.94%
Batu Asah Fujiyama Mata Pisau Planer TCT Sugu Serut Pasah - Batu Gosok Pengasah Mata Pisau Planner Serut TCT Sharpening Stone / Batu Asah 150x90x20 MM,1730668467651905021,produk terjual ≥1,Aktif,Rp4.552.814,Rp0,Rp0,Rp0,Rp1.473.331,Rp1.473.331,Rp0,Rp2.742.705,Rp89.183,Rp89.183,Rp0,Rp2.220.042,Rp1.635.746,Rp584.296,Rp255.546,46,46,48,44,Rp98.974,33954,1459,4.30%,33,2.26%,3.15%,17068,1052,6.16%,29,2.76%,4.18%,Rp4.552.814,Rp0,Rp5.667.335,Rp1.432.500,Rp932.664,9,8,10624,438,326,20,4.12%,4.57%,Rp1.940.530,21,Rp0,Rp0,Rp0,0,0,0,0,0,0,0,0,Rp0,58,774,11,1.42%,0,0.00%,0.00%,677,10,1.48%,0,0.00%,0.00%,Rp1.473.331,Rp1.473.331,Rp0,14,14,14,0,15,15,0,12,Rp105.238,0,6879,371,5.39%,11,2.96%,3.77%,3770,288,7.64%,10,3.47%,4.17%,Rp2.742.705,Rp89.183,Rp89.183,Rp0,Rp2.220.042,Rp1.635.746,Rp584.296,29,29,29,29,Rp94.576,3,1,2,18916,853,4.51%,11,1.29%,3.40%,8693,622,7.16%,11,1.77%,4.66%,708,10,1.41%,0,0.00%,10.00%,582,7,1.20%,0,0.00%,14.29%,17804,841,4.72%,11,1.31%,2.73%,7857,614,7.81%,11,1.79%,3.75%,Rp255.546,Rp255.546,Rp0,2,2,2,0,3,3,0,2,Rp127.773,7387,224,3.03%,11,4.91%,0.89%,5832,181,3.10%,9,4.97%,1.10%
PAKET HEMAT Selang recoil Kompresor dan Saringan Kompresor AIR FILTER PAKET PLUS COUPLER SM PF Siap Pakai,1729746676784268797,produk terjual ≥1,Aktif,Rp4.494.741,Rp0,Rp0,Rp0,Rp131.330,Rp0,Rp131.330,Rp993.273,Rp0,Rp0,Rp0,Rp161.600,Rp0,Rp161.600,Rp3.370.138,58,58,58,55,Rp77.496,30227,1096,3.63%,123,11.22%,5.29%,25129,943,3.75%,118,12.51%,5.83%,Rp4.494.741,Rp0,Rp5.977.134,Rp1.496.045,Rp490.556,6,6,24039,867,749,46,3.61%,5.54%,Rp3.715.674,48,Rp0,Rp0,Rp0,0,0,0,0,0,0,0,0,Rp0,25,358,6,1.68%,0,0.00%,0.00%,306,5,1.63%,0,0.00%,0.00%,Rp131.330,Rp0,Rp131.330,2,2,0,2,2,0,2,2,Rp65.665,0,2,0,0.00%,0,0.00%,0.00%,2,0,0.00%,0,0.00%,0.00%,Rp993.273,Rp0,Rp0,Rp0,Rp161.600,Rp0,Rp161.600,13,13,13,13,Rp76.406,7,8,1,1057,23,2.18%,3,13.04%,56.52%,791,20,2.53%,3,15.00%,65.00%,140,1,0.71%,0,0.00%,0.00%,132,1,0.76%,0,0.00%,0.00%,683,19,2.78%,3,15.79%,10.53%,591,16,2.71%,3,18.75%,12.50%,Rp3.370.138,Rp3.370.138,Rp0,43,43,43,0,43,43,0,40,Rp78.375,28811,1067,3.70%,120,11.25%,4.03%,23973,919,3.83%,115,12.51%,4.35%
Wilmer Palu Batu Bodem Gagang Besi 2 LB - 20 LB Bodem 2 LB/3 LB/4 LB/6 LB/8 LB/10 LB/12 LB/14 LB/16 LB/18 LB/20 LB Rubber Grip Gagang Besi Lapis Karet,1732079906372355581,produk terjual ≥1,Aktif,Rp4.412.825,Rp266.377,Rp266.377,Rp0,Rp3.468.435,Rp3.401.432,Rp67.003,Rp400.263,Rp0,Rp0,Rp0,Rp335.623,Rp300.273,Rp35.350,Rp277.750,55,55,56,54,Rp80.233,74105,4858,6.56%,180,3.71%,1.13%,38465,3416,8.88%,157,4.60%,1.58%,Rp4.412.825,Rp0,Rp5.723.933,Rp1.853.500,Rp941.902,8,8,21062,1395,948,24,6.62%,1.79%,Rp1.781.890,26,Rp266.377,Rp266.377,Rp0,2,2,2,0,2,2,0,2,Rp133.188,85,3259,52,1.60%,1,1.92%,3.85%,2070,27,1.30%,1,3.70%,7.41%,Rp3.468.435,Rp3.401.432,Rp67.003,41,41,39,2,42,40,2,40,Rp84.596,2,40230,2971,7.39%,104,3.50%,1.38%,22510,2270,10.08%,93,4.10%,1.76%,Rp400.263,Rp0,Rp0,Rp0,Rp335.623,Rp300.273,Rp35.350,8,8,8,8,Rp50.033,20,16,5,22236,1554,6.99%,52,3.35%,0.51%,13039,1158,8.88%,45,3.89%,0.69%,1154,16,1.39%,0,0.00%,0.00%,967,13,1.34%,0,0.00%,0.00%,20861,1537,7.37%,52,3.38%,0.46%,11973,1144,9.55%,45,3.93%,0.61%,Rp277.750,Rp277.750,Rp0,4,4,4,0,4,4,0,4,Rp69.438,8376,281,3.35%,23,8.19%,1.42%,6464,222,3.43%,22,9.91%,1.80%
Gunting Dahan Tarik Pisau Tali Multifungsi Gergaji Graji Kopi Cengkeh pete rambutan dan lain lain,1730203877571921405,GMV ≥250 atau produk terjual ≥3,Aktif,Rp4.363.479,Rp0,Rp0,Rp0,Rp1.426.533,Rp1.168.315,Rp258.218,Rp999.627,Rp0,Rp0,Rp0,Rp266.948,Rp266.948,Rp0,Rp1.937.319,55,55,56,54,Rp79.336,19868,1250,6.29%,68,5.44%,4.40%,15947,970,6.08%,58,5.98%,5.57%,Rp4.363.479,Rp0,Rp5.681.184,Rp1.328.000,Rp685.049,8,8,12561,772,610,41,6.15%,5.44%,Rp3.394.122,43,Rp0,Rp0,Rp0,0,0,0,0,0,0,0,0,Rp0,16,751,12,1.60%,0,0.00%,0.00%,673,12,1.78%,0,0.00%,0.00%,Rp1.426.533,Rp1.168.315,Rp258.218,18,18,15,3,18,15,3,17,Rp79.252,0,4249,378,8.90%,22,5.82%,4.76%,3023,279,9.23%,19,6.81%,6.09%,Rp999.627,Rp0,Rp0,Rp0,Rp266.948,Rp266.948,Rp0,13,13,13,13,Rp76.894,0,0,0,1692,127,7.51%,6,4.72%,10.24%,1416,88,6.21%,5,5.68%,14.77%,0,0,0.00%,0,0.00%,0.00%,0,0,0.00%,0,0.00%,0.00%,1472,125,8.49%,6,4.80%,2.40%,1254,86,6.86%,5,5.81%,3.49%,Rp1.937.319,Rp1.937.319,Rp0,24,24,24,0,25,25,0,24,Rp80.722,13176,733,5.56%,40,5.46%,3.27%,11316,610,5.39%,34,5.57%,3.93%
"MIKAYO EDON MESIN JIGSAW GERGAJI  KAYU FREE 5 MATA JIGSAW - Daya 600W, Listrik 220v 50hz, Kecepatan 3000rpm, Gratis 5 Mata Jigsaw",1729685497483856381,produk terjual ≥1,Aktif,Rp4.276.118,Rp398.707,Rp207.908,Rp190.799,Rp1.093.618,Rp695.930,Rp397.688,Rp2.783.793,Rp200.990,Rp200.990,Rp0,Rp2.351.715,Rp1.709.909,Rp641.806,Rp0,19,19,19,18,Rp225.059,31654,2120,6.70%,50,2.36%,0.90%,22078,1685,7.63%,48,2.85%,1.07%,Rp4.276.118,Rp0,Rp5.213.458,Rp1.060.000,Rp939.941,4,4,8268,355,286,7,4.29%,1.97%,Rp1.475.162,7,Rp398.707,Rp207.908,Rp190.799,2,2,1,1,2,1,1,1,Rp199.354,3,286,7,2.45%,0,0.00%,28.57%,180,6,3.33%,0,0.00%,16.67%,Rp1.093.618,Rp695.930,Rp397.688,5,5,3,2,5,3,2,5,Rp218.724,0,1198,87,7.26%,3,3.45%,5.75%,963,73,7.58%,3,4.11%,6.85%,Rp2.783.793,Rp200.990,Rp200.990,Rp0,Rp2.351.715,Rp1.709.909,Rp641.806,12,12,12,12,Rp231.983,28,25,4,21466,1687,7.86%,39,2.31%,0.71%,14413,1366,9.48%,37,2.71%,0.88%,2036,72,3.54%,1,1.39%,1.39%,1694,58,3.42%,1,1.72%,1.72%,18155,1598,8.80%,37,2.32%,0.63%,12086,1296,10.72%,35,2.70%,0.77%,Rp0,Rp0,Rp0,0,0,0,0,0,0,0,0,Rp0,8700,339,3.90%,8,2.36%,0.00%,7108,281,3.95%,8,2.85%,0.00%
PAKET HEMAT || Mesin Bor 10mm dan Gerinda 4in Koper SET Mata bor + Batu Gerinda Listrik,1729658610251564541,produk terjual ≥1,Aktif,Rp4.267.706,Rp1.765.166,Rp1.765.166,Rp0,Rp0,Rp0,Rp0,Rp2.502.540,Rp1.043.995,Rp1.043.995,Rp0,Rp1.458.545,Rp1.150.188,Rp308.357,Rp0,12,12,12,12,Rp355.642,31949,1007,3.15%,43,4.27%,1.19%,27072,813,3.00%,32,3.94%,1.48%,Rp4.267.706,Rp0,Rp3.803.541,Rp517.846,Rp637.112,2,2,5569,198,142,3,3.56%,1.52%,Rp1.014.852,3,Rp1.765.166,Rp1.765.166,Rp0,5,5,5,0,5,5,0,5,Rp353.033,51,14230,258,1.81%,5,1.94%,1.94%,7717,123,1.59%,2,1.63%,4.07%,Rp0,Rp0,Rp0,0,0,0,0,0,0,0,0,Rp0,4,1164,129,11.08%,1,0.78%,0.00%,907,107,11.80%,1,0.93%,0.00%,Rp2.502.540,Rp1.043.995,Rp1.043.995,Rp0,Rp1.458.545,Rp1.150.188,Rp308.357,7,7,7,7,Rp357.506,19,12,9,12205,419,3.43%,23,5.49%,1.67%,10151,342,3.37%,16,4.68%,2.05%,6954,113,1.62%,0,0.00%,2.65%,5921,91,1.54%,0,0.00%,3.30%,5047,299,5.92%,21,7.02%,1.34%,4105,248,6.04%,14,5.65%,1.61%,Rp0,Rp0,Rp0,0,0,0,0,0,0,0,0,Rp0,4347,201,4.62%,15,7.46%,0.00%,3421,160,4.68%,13,8.13%,0.00%
Ellka Mesin Poles 5in Polisher Body Motor Mobil  Hemat Listrik 125mm Car Multifungsi,1729659689840182781,produk terjual ≥1,Aktif,Rp4.105.630,Rp0,Rp0,Rp0,Rp910.870,Rp566.556,Rp344.314,Rp1.352.402,Rp0,Rp0,Rp0,Rp1.173.035,Rp1.173.035,Rp0,Rp1.842.358,22,22,22,20,Rp186.620,30622,1419,4.63%,68,4.79%,1.55%,23484,1049,4.47%,61,5.82%,1.91%,Rp4.105.630,Rp0,Rp5.201.296,Rp946.700,Rp896.767,5,5,16595,655,481,16,3.95%,2.60%,Rp3.095.918,17,Rp0,Rp0,Rp0,0,0,0,0,0,0,0,0,Rp0,24,909,15,1.65%,0,0.00%,0.00%,782,13,1.66%,0,0.00%,0.00%,Rp910.870,Rp566.556,Rp344.314,5,5,3,2,5,3,2,5,Rp182.174,3,3098,261,8.42%,6,2.30%,1.92%,2335,200,8.57%,6,3.00%,2.50%,Rp1.352.402,Rp0,Rp0,Rp0,Rp1.173.035,Rp1.173.035,Rp0,7,7,7,7,Rp193.200,10,1,10,13745,720,5.24%,32,4.44%,0.97%,10839,539,4.97%,32,5.94%,1.30%,265,10,3.77%,0,0.00%,0.00%,218,8,3.67%,0,0.00%,0.00%,12419,700,5.64%,32,4.57%,0.86%,9967,524,5.26%,32,6.11%,1.15%,Rp1.842.358,Rp1.842.358,Rp0,10,10,10,0,10,10,0,9,Rp184.236,12870,423,3.29%,30,7.09%,2.36%,10475,340,3.25%,26,7.65%,2.65%
Dudukan Gerinda 45 Derajat Stand Holder Gerinda Menjadi Sirkel Bisa di Modifikasi Dengan Penggiling Sudut 100/115  Adapter Bracket Angle Grinder To Circular Saw,1730871835768030717,produk terjual ≥1,Aktif,Rp4.024.417,Rp0,Rp0,Rp0,Rp2.763.425,Rp2.118.129,Rp645.296,Rp1.171.304,Rp0,Rp0,Rp0,Rp987.098,Rp793.307,Rp193.791,Rp89.688,43,43,43,41,Rp93.591,24667,1510,6.12%,156,10.33%,2.85%,20621,1185,5.75%,133,11.22%,3.46%,Rp4.024.417,Rp0,Rp5.007.506,Rp1.134.304,Rp1.325.286,14,14,10561,614,442,18,5.81%,3.09%,Rp1.802.274,19,Rp0,Rp0,Rp0,0,0,0,0,0,0,0,0,Rp0,15,148,2,1.35%,0,0.00%,0.00%,136,2,1.47%,0,0.00%,0.00%,Rp2.763.425,Rp2.118.129,Rp645.296,30,30,23,7,30,23,7,28,Rp92.114,0,12471,943,7.56%,124,13.15%,3.18%,11023,775,7.03%,104,13.42%,3.61%,Rp1.171.304,Rp0,Rp0,Rp0,Rp987.098,Rp793.307,Rp193.791,12,12,12,12,Rp97.609,4,4,0,3099,234,7.55%,12,5.13%,5.13%,2667,183,6.86%,12,6.56%,6.56%,9,0,0.00%,0,0.00%,0.00%,8,0,0.00%,0,0.00%,0.00%,2968,231,7.78%,11,4.76%,4.33%,2564,181,7.06%,11,6.08%,5.52%,Rp89.688,Rp89.688,Rp0,1,1,1,0,1,1,0,1,Rp89.688,8948,331,3.70%,20,6.04%,0.30%,7366,262,3.56%,18,6.87%,0.38%
SATUAN Sambungan Selang Kompresor Adaptor Selang Angin Quick Coupler Connector Angin Neple Kompresor Universal SATUAN Gambar untuk cek perbedaannya,1729989575042238973,GMV ≥250 atau produk terjual ≥3,Aktif,Rp4.019.225,Rp0,Rp0,Rp0,Rp85.214,Rp0,Rp85.214,Rp2.903.796,Rp0,Rp0,Rp0,Rp2.580.001,Rp2.173.428,Rp406.573,Rp1.030.215,180,232,311,174,Rp17.324,81468,4063,4.99%,355,8.74%,5.71%,56023,2910,5.19%,204,7.01%,5.98%,Rp4.019.225,Rp0,Rp6.337.900,Rp3.139.634,Rp367.056,25,17,35989,1537,1153,89,4.27%,7.68%,Rp2.196.850,170,Rp0,Rp0,Rp0,0,0,0,0,0,0,0,0,Rp0,2,38,1,2.63%,0,0.00%,0.00%,31,1,3.23%,0,0.00%,0.00%,Rp85.214,Rp0,Rp85.214,4,7,0,7,7,0,7,4,Rp12.173,0,67,1,1.49%,0,0.00%,700.00%,62,1,1.61%,0,0.00%,400.00%,Rp2.903.796,Rp0,Rp0,Rp0,Rp2.580.001,Rp2.173.428,Rp406.573,130,169,207,125,Rp17.182,9,10,2,46766,2768,5.92%,215,7.77%,6.11%,28279,1923,6.80%,126,6.55%,6.50%,689,9,1.31%,0,0.00%,0.00%,626,7,1.12%,0,0.00%,0.00%,45536,2753,6.05%,214,7.77%,5.48%,27238,1912,7.02%,125,6.54%,5.81%,Rp1.030.215,Rp1.030.215,Rp0,46,56,56,0,97,97,0,45,Rp18.397,34592,1293,3.74%,140,10.83%,4.33%,29063,1043,3.59%,83,7.96%,4.31%
YUKIDO Mata Gerinda Potong 4''X1/Batu gerinda Potong Besi 4 inch 10 pcs,1729642283884710397,GMV ≥250 atau produk terjual ≥3,Aktif,Rp3.935.633,Rp0,Rp0,Rp0,Rp203.321,Rp203.321,Rp0,Rp2.979.632,Rp0,Rp0,Rp0,Rp2.510.251,Rp2.195.858,Rp314.393,Rp752.680,96,96,111,94,Rp40.996,50802,3034,5.97%,155,5.11%,3.16%,37134,2457,6.62%,133,5.41%,3.83%,Rp3.935.633,Rp0,Rp5.603.890,Rp1.843.372,Rp511.772,14,13,25465,1275,1027,55,5.01%,4.39%,Rp2.222.311,63,Rp0,Rp0,Rp0,0,0,0,0,0,0,0,0,Rp0,1,45,0,0.00%,0,0.00%,0.00%,40,0,0.00%,0,0.00%,0.00%,Rp203.321,Rp203.321,Rp0,5,5,5,0,6,6,0,5,Rp40.664,0,1388,74,5.33%,3,4.05%,6.76%,818,64,7.82%,2,3.13%,7.81%,Rp2.979.632,Rp0,Rp0,Rp0,Rp2.510.251,Rp2.195.858,Rp314.393,71,71,84,69,Rp41.967,29,34,5,28373,2118,7.46%,101,4.77%,3.35%,20915,1706,8.16%,85,4.98%,4.04%,818,9,1.10%,0,0.00%,0.00%,655,8,1.22%,0,0.00%,0.00%,24873,2077,8.35%,98,4.72%,2.94%,19123,1679,8.78%,83,4.94%,3.51%,Rp752.680,Rp752.680,Rp0,20,20,20,0,21,21,0,20,Rp37.634,20995,842,4.01%,51,6.06%,2.38%,17235,749,4.35%,48,6.41%,2.67%
"LAKONI PROMO 3 IN 1 MESIN LAS 450W, MESIN BOR, MESIN GERINDA ELEKTRIK SET LENGKAP DENGAN KIT LAKONIXMIKAYO",1732963438530758141,produk terjual ≥1,Aktif,Rp3.928.158,Rp0,Rp0,Rp0,Rp3.928.158,Rp2.723.430,Rp1.204.728,Rp0,Rp0,Rp0,Rp0,Rp0,Rp0,Rp0,Rp0,4,4,4,4,Rp982.040,7934,413,5.21%,17,4.12%,0.97%,6515,318,4.88%,12,3.77%,1.26%,Rp3.928.158,Rp0,Rp4.424.893,Rp572.000,Rp0,0,0,2533,135,94,2,5.33%,1.48%,Rp2.044.038,2,Rp0,Rp0,Rp0,0,0,0,0,0,0,0,0,Rp0,0,2,0,0.00%,0,0.00%,0.00%,2,0,0.00%,0,0.00%,0.00%,Rp3.928.158,Rp2.723.430,Rp1.204.728,4,4,3,1,4,3,1,4,Rp982.040,0,2031,160,7.88%,10,6.25%,2.50%,1130,89,7.88%,6,6.74%,4.49%,Rp0,Rp0,Rp0,Rp0,Rp0,Rp0,Rp0,0,0,0,0,Rp0,12,6,9,3572,195,5.46%,6,3.08%,0.00%,2552,135,5.29%,5,3.70%,0.00%,882,23,2.61%,0,0.00%,0.00%,741,13,1.75%,0,0.00%,0.00%,2514,171,6.80%,6,3.51%,0.00%,1788,122,6.82%,5,4.10%,0.00%,Rp0,Rp0,Rp0,0,0,0,0,0,0,0,0,Rp0,2326,57,2.45%,1,1.75%,0.00%,1535,40,2.61%,1,2.50%,0.00%
HAND STAPLES TRACKER GUN STAPLER TEMBAK MANUAL R23 RAPIDE FREE ISI 5000 PCS,1729737449312519677,produk terjual ≥1,Aktif,Rp3.871.388,Rp0,Rp0,Rp0,Rp2.102.681,Rp1.926.070,Rp176.611,Rp637.942,Rp0,Rp0,Rp0,Rp532.179,Rp385.224,Rp146.955,Rp1.130.765,45,45,50,45,Rp86.031,25149,981,3.90%,47,4.79%,4.59%,19556,741,3.79%,43,5.80%,6.07%,Rp3.871.388,Rp0,Rp4.730.056,Rp810.250,Rp684.488,8,7,17789,672,494,36,3.78%,5.36%,Rp3.126.466,41,Rp0,Rp0,Rp0,0,0,0,0,0,0,0,0,Rp0,0,2,0,0.00%,0,0.00%,0.00%,2,0,0.00%,0,0.00%,0.00%,Rp2.102.681,Rp1.926.070,Rp176.611,27,27,25,2,27,25,2,27,Rp77.877,0,230,2,0.87%,0,0.00%,1350.00%,169,2,1.18%,0,0.00%,1350.00%,Rp637.942,Rp0,Rp0,Rp0,Rp532.179,Rp385.224,Rp146.955,8,8,9,8,Rp79.743,2,0,2,13162,612,4.65%,29,4.74%,1.31%,10505,475,4.52%,28,5.89%,1.68%,0,0,0.00%,0,0.00%,0.00%,0,0,0.00%,0,0.00%,0.00%,12904,606,4.70%,29,4.79%,0.99%,10364,471,4.54%,28,5.94%,1.27%,Rp1.130.765,Rp1.130.765,Rp0,10,10,10,0,14,14,0,10,Rp113.076,11753,367,3.12%,18,4.90%,2.72%,9660,295,3.05%,15,5.08%,3.39%
"PAKET 4 MESIN KAYU - CIRCULAR SAW MESIN SERUT KAYU MESIN PLANNER KAYU, MESIN BOR TANGAN, GERINDA LISTRIK",1731182796920489469,produk terjual ≥1,Aktif,Rp3.866.543,Rp0,Rp0,Rp0,Rp959.864,Rp0,Rp959.864,Rp2.906.679,Rp1.176.650,Rp1.176.650,Rp0,Rp1.730.029,Rp0,Rp1.730.029,Rp0,3,3,3,3,Rp1.288.848,7988,213,2.67%,13,6.10%,1.41%,6923,173,2.50%,12,6.94%,1.73%,Rp3.866.543,Rp0,Rp4.196.783,Rp1.004.500,Rp2.429.555,2,2,1281,55,40,2,4.29%,3.64%,Rp2.689.893,2,Rp0,Rp0,Rp0,0,0,0,0,0,0,0,0,Rp0,7,367,9,2.45%,0,0.00%,0.00%,314,8,2.55%,0,0.00%,0.00%,Rp959.864,Rp0,Rp959.864,1,1,0,1,1,0,1,1,Rp959.864,0,0,0,0.00%,0,0.00%,0.00%,0,0,0.00%,0,0.00%,0.00%,Rp2.906.679,Rp1.176.650,Rp1.176.650,Rp0,Rp1.730.029,Rp0,Rp1.730.029,2,2,2,2,Rp1.453.340,20,25,0,4953,94,1.90%,2,2.13%,2.13%,3976,67,1.69%,2,2.99%,2.99%,4711,82,1.74%,2,2.44%,1.22%,3816,56,1.47%,2,3.57%,1.79%,2,0,0.00%,0,0.00%,0.00%,2,0,0.00%,0,0.00%,0.00%,Rp0,Rp0,Rp0,0,0,0,0,0,0,0,0,Rp0,2668,110,4.12%,11,10.00%,0.00%,2305,88,3.82%,10,11.36%,0.00%
TEKIPO Dongkrak MOBIL BUAYA 2 Ton HIDROLIK HYDRAULIC FLOOR JACK,1731706108818327037,GMV & produk terjual = 0,Aktif,Rp3.732.987,Rp0,Rp0,Rp0,Rp0,Rp0,Rp0,Rp895.100,Rp450.344,Rp450.344,Rp0,Rp0,Rp0,Rp0,Rp2.837.887,8,8,8,8,Rp466.623,5109,319,6.24%,21,6.58%,2.51%,4148,257,6.20%,18,7.00%,3.11%,Rp3.732.987,Rp0,Rp4.636.091,Rp442.112,Rp952.535,2,2,3201,211,172,6,6.59%,2.84%,Rp2.837.887,6,Rp0,Rp0,Rp0,0,0,0,0,0,0,0,0,Rp0,0,7,0,0.00%,0,0.00%,0.00%,3,0,0.00%,0,0.00%,0.00%,Rp0,Rp0,Rp0,0,0,0,0,0,0,0,0,Rp0,0,286,15,5.24%,1,6.67%,0.00%,216,13,6.02%,1,7.69%,0.00%,Rp895.100,Rp450.344,Rp450.344,Rp0,Rp0,Rp0,Rp0,2,2,2,2,Rp447.550,2,1,1,1049,33,3.15%,1,3.03%,6.06%,800,23,2.88%,1,4.35%,8.70%,901,28,3.11%,1,3.57%,3.57%,694,19,2.74%,1,5.26%,5.26%,64,4,6.25%,0,0.00%,0.00%,50,3,6.00%,0,0.00%,0.00%,Rp2.837.887,Rp2.837.887,Rp0,6,6,6,0,6,6,0,6,Rp472.981,3767,271,7.19%,19,7.01%,2.21%,3156,226,7.16%,16,7.08%,2.65%
NEW COD Mikayo Mesin Bor 10 mm Set Mata Bor Electric Drill 10 mm RH 435 Japan Technology Original,1729634113614546429,produk terjual ≥1,Aktif,Rp3.678.065,Rp1.076.064,Rp874.981,Rp201.083,Rp1.227.732,Rp465.246,Rp762.486,Rp894.115,Rp336.486,Rp336.486,Rp0,Rp557.629,Rp458.245,Rp99.384,Rp480.154,22,22,22,20,Rp167.185,43241,1158,2.68%,37,3.20%,1.90%,33334,898,2.69%,29,3.23%,2.23%,Rp3.678.065,Rp0,Rp3.827.871,Rp883.500,Rp0,0,0,9159,353,261,9,3.85%,2.55%,Rp1.229.878,9,Rp1.076.064,Rp874.981,Rp201.083,6,6,5,1,6,5,1,4,Rp179.344,38,14097,240,1.70%,3,1.25%,2.50%,10245,157,1.53%,2,1.27%,2.55%,Rp1.227.732,Rp465.246,Rp762.486,7,7,3,4,7,3,4,7,Rp175.390,0,2678,237,8.85%,6,2.53%,2.95%,1602,182,11.36%,5,2.75%,3.85%,Rp894.115,Rp336.486,Rp336.486,Rp0,Rp557.629,Rp458.245,Rp99.384,6,6,6,6,Rp149.019,14,12,5,16353,383,2.34%,11,2.87%,1.57%,5898,239,4.05%,9,3.77%,2.51%,12000,137,1.14%,4,2.92%,1.46%,2609,56,2.15%,1,1.79%,3.57%,3849,238,6.18%,7,2.94%,1.68%,2978,179,6.01%,7,3.91%,2.23%,Rp480.154,Rp480.154,Rp0,3,3,3,0,3,3,0,3,Rp160.051,10112,298,2.95%,17,5.70%,1.01%,8220,251,3.05%,13,5.18%,1.20%
TERMURAH !! Mata Pisau Potong Rumput Super Tajam - Grass Cutter Blade REDFOX BLADE LONG 410X70X1.6,1730203970594571773,GMV ≥250 atau produk terjual ≥3,Aktif,Rp3.664.077,Rp0,Rp0,Rp0,Rp1.228.562,Rp1.228.562,Rp0,Rp1.992.378,Rp63.125,Rp63.125,Rp0,Rp1.816.764,Rp1.584.009,Rp232.755,Rp443.137,99,100,113,97,Rp36.641,34755,2092,6.02%,60,2.87%,4.78%,22879,1516,6.63%,47,3.10%,6.40%,Rp3.664.077,Rp0,Rp4.841.668,Rp1.948.616,Rp305.868,9,9,12153,599,428,30,4.93%,5.18%,Rp1.133.640,34,Rp0,Rp0,Rp0,0,0,0,0,0,0,0,0,Rp0,23,1418,24,1.69%,0,0.00%,0.00%,1245,19,1.53%,0,0.00%,0.00%,Rp1.228.562,Rp1.228.562,Rp0,35,35,35,0,38,38,0,34,Rp35.102,1,11039,488,4.42%,11,2.25%,7.17%,6178,388,6.28%,11,2.84%,8.76%,Rp1.992.378,Rp63.125,Rp63.125,Rp0,Rp1.816.764,Rp1.584.009,Rp232.755,54,55,60,54,Rp36.225,8,1,7,15598,1306,8.37%,39,2.99%,4.21%,10829,888,8.20%,26,2.93%,6.08%,131,2,1.53%,0,0.00%,100.00%,107,2,1.87%,0,0.00%,50.00%,15316,1299,8.48%,39,3.00%,3.85%,10633,883,8.30%,25,2.83%,5.66%,Rp443.137,Rp443.137,Rp0,10,10,10,0,15,15,0,10,Rp44.314,6695,274,4.09%,10,3.65%,3.65%,5238,211,4.03%,10,4.74%,4.74%
BOSCH Mesin 13 mm GSB 600 Electric Impact Drill Untuk Beton Tembok Kayu dan Besi Baja bor,1732667989184382461,GMV & produk terjual = 0,Nonaktif,Rp3.519.883,Rp0,Rp0,Rp0,Rp1.385.720,Rp1.385.720,Rp0,Rp2.134.163,Rp0,Rp0,Rp0,Rp2.134.163,Rp1.462.735,Rp671.428,Rp0,5,5,5,5,Rp703.977,9581,644,6.72%,17,2.64%,0.78%,7336,489,6.67%,17,3.48%,1.02%,Rp3.519.883,Rp0,Rp3.929.751,Rp465.000,Rp2.942.918,4,4,3554,171,133,1,4.81%,0.58%,Rp576.965,1,Rp0,Rp0,Rp0,0,0,0,0,0,0,0,0,Rp0,66,2389,91,3.81%,1,1.10%,0.00%,1909,75,3.93%,1,1.33%,0.00%,Rp1.385.720,Rp1.385.720,Rp0,2,2,2,0,2,2,0,2,Rp692.860,1,340,39,11.47%,0,0.00%,5.13%,274,36,13.14%,0,0.00%,5.56%,Rp2.134.163,Rp0,Rp0,Rp0,Rp2.134.163,Rp1.462.735,Rp671.428,3,3,3,3,Rp711.388,5,3,2,3722,392,10.53%,13,3.32%,0.77%,2697,288,10.68%,13,4.51%,1.04%,115,3,2.61%,0,0.00%,0.00%,102,2,1.96%,0,0.00%,0.00%,3512,387,11.02%,13,3.36%,0.78%,2536,284,11.20%,13,4.58%,1.06%,Rp0,Rp0,Rp0,0,0,0,0,0,0,0,0,Rp0,3130,122,3.90%,3,2.46%,0.00%,2689,104,3.87%,3,2.88%,0.00%
16 pcs Mata Gerinda Multifungsi Diamond Wheel Mata Potong Besi Keramik Kayu Granit Amplas Poles Asah PAKET MURAH,1733450527194842621,produk terjual ≥1,Aktif,Rp3.436.298,Rp0,Rp0,Rp0,Rp921.174,Rp815.629,Rp105.545,Rp1.898.109,Rp0,Rp0,Rp0,Rp1.718.861,Rp1.597.931,Rp120.930,Rp617.015,58,58,58,58,Rp59.247,27949,1363,4.88%,80,5.87%,4.26%,22207,1060,4.77%,75,7.08%,5.47%,Rp3.436.298,Rp0,Rp4.915.229,Rp1.455.335,Rp509.933,8,8,19548,973,754,46,4.98%,4.73%,Rp2.727.826,46,Rp0,Rp0,Rp0,0,0,0,0,0,0,0,0,Rp0,17,688,13,1.89%,0,0.00%,0.00%,552,10,1.81%,0,0.00%,0.00%,Rp921.174,Rp815.629,Rp105.545,15,15,14,1,15,14,1,15,Rp61.412,0,3988,221,5.54%,14,6.33%,6.79%,3449,176,5.10%,12,6.82%,8.52%,Rp1.898.109,Rp0,Rp0,Rp0,Rp1.718.861,Rp1.597.931,Rp120.930,33,33,33,33,Rp57.518,2,0,2,9758,508,5.21%,28,5.51%,6.50%,8005,396,4.95%,27,6.82%,8.33%,0,0,0.00%,0,0.00%,0.00%,0,0,0.00%,0,0.00%,0.00%,9633,503,5.22%,28,5.57%,5.77%,7955,392,4.93%,27,6.89%,7.40%,Rp617.015,Rp617.015,Rp0,10,10,10,0,10,10,0,10,Rp61.702,13515,621,4.59%,38,6.12%,1.61%,11370,538,4.73%,38,7.06%,1.86%
KAIROS SHEET SANDER MESIN AMPLAS LISTRIK 180W 10000rpm 93x185mm 50Hz 220V,1729639146045606397,produk terjual ≥1,Aktif,Rp3.431.225,Rp577.590,Rp577.590,Rp0,Rp638.388,Rp638.388,Rp0,Rp1.111.837,Rp0,Rp0,Rp0,Rp584.285,Rp584.285,Rp0,Rp1.103.410,12,12,12,10,Rp285.935,25076,623,2.48%,18,2.89%,1.93%,20351,538,2.64%,17,3.16%,1.86%,Rp3.431.225,Rp0,Rp4.140.176,Rp653.000,Rp860.188,3,2,7667,206,172,5,2.69%,3.40%,Rp1.962.051,7,Rp577.590,Rp577.590,Rp0,2,2,2,0,2,2,0,2,Rp288.795,126,7854,107,1.36%,1,0.93%,1.87%,6873,86,1.25%,1,1.16%,2.33%,Rp638.388,Rp638.388,Rp0,2,2,2,0,2,2,0,2,Rp319.194,0,1884,78,4.14%,3,3.85%,2.56%,1125,67,5.96%,3,4.48%,2.99%,Rp1.111.837,Rp0,Rp0,Rp0,Rp584.285,Rp584.285,Rp0,4,4,4,4,Rp277.959,48,39,13,10848,328,3.02%,13,3.96%,1.22%,9013,294,3.26%,12,4.08%,1.36%,3352,56,1.67%,3,5.36%,0.00%,2853,53,1.86%,3,5.66%,0.00%,6621,267,4.03%,9,3.37%,0.75%,5472,237,4.33%,8,3.38%,0.84%,Rp1.103.410,Rp1.103.410,Rp0,4,4,4,0,4,4,0,2,Rp275.852,4487,109,2.43%,1,0.92%,3.67%,3787,95,2.51%,1,1.05%,2.11%
Makita Planer Mesin Serut Kayu Ketam Sugu Kayu mesin planner pasrah ketam serut M 1902 B planner 82mm ( Dahulu MT 192 MT192 Maktec ),1733578956243305981,GMV & produk terjual = 0,Aktif,Rp3.341.080,Rp0,Rp0,Rp0,Rp1.085.750,Rp1.085.750,Rp0,Rp2.255.330,Rp0,Rp0,Rp0,Rp2.255.330,Rp2.255.330,Rp0,Rp0,3,3,3,3,Rp1.113.693,20347,2391,11.75%,10,0.42%,0.13%,15551,1999,12.85%,7,0.35%,0.15%,Rp3.341.080,Rp0,Rp3.769.080,Rp504.000,Rp5.830.982,5,5,3000,161,139,1,5.37%,0.62%,Rp1.166.045,1,Rp0,Rp0,Rp0,0,0,0,0,0,0,0,0,Rp0,5,340,3,0.88%,0,0.00%,0.00%,298,3,1.01%,0,0.00%,0.00%,Rp1.085.750,Rp1.085.750,Rp0,1,1,1,0,1,1,0,1,Rp1.085.750,2,12768,1955,15.31%,5,0.26%,0.05%,10129,1669,16.48%,5,0.30%,0.06%,Rp2.255.330,Rp0,Rp0,Rp0,Rp2.255.330,Rp2.255.330,Rp0,2,2,2,2,Rp1.127.665,5,3,3,4054,350,8.63%,4,1.14%,0.57%,3278,316,9.64%,3,0.95%,0.63%,409,2,0.49%,0,0.00%,0.00%,364,2,0.55%,0,0.00%,0.00%,3435,348,10.13%,4,1.15%,0.57%,2857,314,10.99%,3,0.96%,0.64%,Rp0,Rp0,Rp0,0,0,0,0,0,0,0,0,Rp0,3185,83,2.61%,1,1.20%,0.00%,2654,75,2.83%,1,1.33%,0.00%
PAKET LENGKAP  Mesin Las TRAVO LED MMA 120 Ampere Inverter 450 Watt Freee Kawat las Dan Siku Maghnet TERMURAHHH,1730193466557892093,GMV & produk terjual = 0,Aktif,Rp3.248.960,Rp788.319,Rp788.319,Rp0,Rp0,Rp0,Rp0,Rp2.460.641,Rp0,Rp0,Rp0,Rp1.349.915,Rp1.349.915,Rp0,Rp0,8,8,8,8,Rp406.120,11703,449,3.84%,18,4.01%,1.78%,9687,357,3.69%,18,5.04%,2.24%,Rp3.248.960,Rp0,Rp4.132.967,Rp722.500,Rp870.836,2,2,6939,256,207,6,3.69%,2.34%,Rp2.460.641,6,Rp788.319,Rp788.319,Rp0,2,2,2,0,2,2,0,2,Rp394.160,56,2363,80,3.39%,1,1.25%,2.50%,1861,66,3.55%,1,1.52%,3.03%,Rp0,Rp0,Rp0,0,0,0,0,0,0,0,0,Rp0,0,2,0,0.00%,0,0.00%,0.00%,2,0,0.00%,0,0.00%,0.00%,Rp2.460.641,Rp0,Rp0,Rp0,Rp1.349.915,Rp1.349.915,Rp0,6,6,6,6,Rp410.107,5,4,1,3166,130,4.11%,6,4.62%,4.62%,2754,103,3.74%,6,5.83%,5.83%,667,8,1.20%,0,0.00%,0.00%,599,7,1.17%,0,0.00%,0.00%,2376,119,5.01%,5,4.20%,2.52%,2078,93,4.48%,5,5.38%,3.23%,Rp0,Rp0,Rp0,0,0,0,0,0,0,0,0,Rp0,6172,239,3.87%,11,4.60%,0.00%,5298,196,3.70%,11,5.61%,0.00%
YUKIDO Paket 2 Item Kunci Mahkota Double Crown Socket 13mm-38mm + Gagang Shock L 1/2 Universal untuk Honda,1732312397550421501,produk terjual ≥1,Aktif,Rp3.244.397,Rp0,Rp0,Rp0,Rp163.115,Rp124.129,Rp38.986,Rp2.809.094,Rp0,Rp0,Rp0,Rp2.717.386,Rp2.381.173,Rp336.213,Rp272.188,60,60,60,60,Rp54.073,31247,2025,6.48%,122,6.02%,2.96%,22829,1423,6.23%,115,8.08%,4.22%,Rp3.244.397,Rp0,Rp4.664.390,Rp1.642.417,Rp1.212.574,17,17,17971,1127,769,41,6.27%,3.64%,Rp2.234.516,41,Rp0,Rp0,Rp0,0,0,0,0,0,0,0,0,Rp0,4,53,1,1.89%,0,0.00%,0.00%,52,1,1.92%,0,0.00%,0.00%,Rp163.115,Rp124.129,Rp38.986,4,4,3,1,4,3,1,4,Rp40.779,1,2335,140,6.00%,6,4.29%,2.86%,1839,113,6.14%,6,5.31%,3.54%,Rp2.809.094,Rp0,Rp0,Rp0,Rp2.717.386,Rp2.381.173,Rp336.213,51,51,51,51,Rp55.080,5,0,5,16824,1329,7.90%,90,6.77%,3.84%,13093,961,7.34%,85,8.84%,5.31%,0,0,0.00%,0,0.00%,0.00%,0,0,0.00%,0,0.00%,0.00%,16681,1324,7.94%,88,6.65%,3.78%,12994,957,7.36%,84,8.78%,5.22%,Rp272.188,Rp272.188,Rp0,5,5,5,0,5,5,0,5,Rp54.438,12034,555,4.61%,26,4.68%,0.90%,9609,435,4.53%,24,5.52%,1.15%
YUKIDO Mata Obeng Ketok S2 ph1 ph2 ph3 Magnetic Heavy Duty Bits Kualitas japan,1729758877535798781,GMV ≥250 atau produk terjual ≥3,Aktif,Rp3.153.700,Rp43.632,Rp43.632,Rp0,Rp821.326,Rp708.323,Rp113.003,Rp1.325.965,Rp0,Rp0,Rp0,Rp1.031.461,Rp866.934,Rp164.527,Rp962.777,92,102,123,91,Rp30.919,48814,1687,3.46%,150,8.89%,6.05%,39698,1430,3.60%,118,8.25%,6.36%,Rp3.153.700,Rp0,Rp4.672.984,Rp1.801.396,Rp616.459,28,14,30288,872,743,54,2.88%,7.00%,Rp1.954.162,79,Rp43.632,Rp43.632,Rp0,1,1,1,0,1,1,0,1,Rp43.632,1,70,8,11.43%,0,0.00%,12.50%,54,5,9.26%,0,0.00%,20.00%,Rp821.326,Rp708.323,Rp113.003,25,26,23,3,29,26,3,25,Rp31.589,3,7825,371,4.74%,24,6.47%,7.01%,5901,301,5.10%,23,7.64%,8.31%,Rp1.325.965,Rp0,Rp0,Rp0,Rp1.031.461,Rp866.934,Rp164.527,31,36,52,30,Rp36.832,14,6,9,8953,448,5.00%,36,8.04%,8.04%,7757,399,5.14%,29,7.27%,7.52%,135,0,0.00%,0,0.00%,0.00%,123,0,0.00%,0,0.00%,0.00%,8540,446,5.22%,35,7.85%,5.16%,7434,397,5.34%,28,7.05%,5.04%,Rp962.777,Rp962.777,Rp0,35,39,39,0,41,41,0,35,Rp24.687,31969,860,2.69%,90,10.47%,4.53%,27906,755,2.71%,70,9.27%,4.64%
Penggaris Siku L Waterpass Kombinasi Square Ruler Sudut Presisi Ukur Geser Serbaguna Busur Derajat,1729646453311441405,produk terjual ≥1,Aktif,Rp3.152.399,Rp25.750,Rp25.750,Rp0,Rp1.988.995,Rp1.886.292,Rp102.703,Rp863.933,Rp0,Rp0,Rp0,Rp809.080,Rp652.859,Rp156.221,Rp273.721,109,109,110,103,Rp28.921,54696,2060,3.77%,90,4.37%,5.29%,44456,1746,3.93%,82,4.70%,5.90%,Rp3.152.399,Rp0,Rp5.239.199,Rp2.291.905,Rp593.531,14,12,23032,434,379,25,1.88%,6.22%,Rp693.951,28,Rp25.750,Rp25.750,Rp0,1,1,1,0,1,1,0,1,Rp25.750,68,1737,29,1.67%,1,3.45%,3.45%,1556,23,1.48%,1,4.35%,4.35%,Rp1.988.995,Rp1.886.292,Rp102.703,66,66,63,3,67,63,4,61,Rp30.136,0,20794,1169,5.62%,44,3.76%,5.65%,17622,1037,5.88%,38,3.66%,5.88%,Rp863.933,Rp0,Rp0,Rp0,Rp809.080,Rp652.859,Rp156.221,31,31,31,30,Rp27.869,7,0,7,8625,469,5.44%,8,1.71%,6.61%,7096,393,5.54%,8,2.04%,7.63%,0,0,0.00%,0,0.00%,0.00%,0,0,0.00%,0,0.00%,0.00%,8351,466,5.58%,8,1.72%,6.22%,6927,390,5.63%,8,2.05%,7.18%,Rp273.721,Rp273.721,Rp0,11,11,11,0,11,11,0,11,Rp24.884,23538,393,1.67%,37,9.41%,2.80%,20503,350,1.71%,35,10.00%,3.14%
YUKIDO DONGKRAK BOTOL 2 -3 -5  TON/HYDRAULIC JACK TON CAR TIRE,1729650791476005373,produk terjual ≥1,Aktif,Rp3.147.840,Rp0,Rp0,Rp0,Rp0,Rp0,Rp0,Rp710.575,Rp0,Rp0,Rp0,Rp505.707,Rp505.707,Rp0,Rp2.437.265,13,13,13,12,Rp242.142,15222,677,4.45%,21,3.10%,1.92%,12171,568,4.67%,18,3.17%,2.11%,Rp3.147.840,Rp0,Rp3.896.552,Rp657.000,Rp450.880,2,2,5864,268,211,8,4.57%,3.36%,Rp2.122.240,9,Rp0,Rp0,Rp0,0,0,0,0,0,0,0,0,Rp0,75,1177,22,1.87%,0,0.00%,0.00%,993,15,1.51%,0,0.00%,0.00%,Rp0,Rp0,Rp0,0,0,0,0,0,0,0,0,Rp0,1,323,15,4.64%,2,13.33%,0.00%,259,15,5.79%,2,13.33%,0.00%,Rp710.575,Rp0,Rp0,Rp0,Rp505.707,Rp505.707,Rp0,3,3,3,3,Rp236.858,10,3,8,7198,352,4.89%,1,0.28%,0.85%,5629,316,5.61%,1,0.32%,0.95%,257,1,0.39%,0,0.00%,0.00%,216,1,0.46%,0,0.00%,0.00%,6411,337,5.26%,1,0.30%,0.59%,5106,306,5.99%,1,0.33%,0.65%,Rp2.437.265,Rp2.437.265,Rp0,10,10,10,0,10,10,0,9,Rp243.726,6524,288,4.41%,18,6.25%,3.47%,5426,233,4.29%,16,6.87%,3.86%
"Kawat Las Nikko Steel RD260 Welding Electrodes 2,0mm - 2,6mm 1pack isi 1KG",1729647987190303229,produk terjual ≥1,Aktif,Rp3.141.144,Rp50.399,Rp50.399,Rp0,Rp144.967,Rp54.388,Rp90.579,Rp2.735.594,Rp0,Rp0,Rp0,Rp2.264.444,Rp2.122.988,Rp141.456,Rp210.184,46,47,60,46,Rp66.833,24129,1384,5.74%,40,2.89%,3.40%,15859,1113,7.02%,37,3.32%,4.13%,Rp3.141.144,Rp0,Rp4.265.510,Rp1.081.107,Rp350.682,7,7,6669,345,271,21,5.17%,6.38%,Rp1.179.280,23,Rp50.399,Rp50.399,Rp0,1,1,1,0,1,1,0,1,Rp50.399,78,1890,27,1.43%,1,3.70%,3.70%,1610,18,1.12%,1,5.56%,5.56%,Rp144.967,Rp54.388,Rp90.579,3,3,1,2,3,1,2,3,Rp48.322,0,730,30,4.11%,0,0.00%,10.00%,473,27,5.71%,0,0.00%,11.11%,Rp2.735.594,Rp0,Rp0,Rp0,Rp2.264.444,Rp2.122.988,Rp141.456,38,39,52,38,Rp70.143,27,7,22,16681,1104,6.62%,19,1.72%,3.53%,10467,911,8.70%,18,1.98%,4.17%,157,1,0.64%,0,0.00%,0.00%,127,1,0.79%,0,0.00%,0.00%,15947,1097,6.88%,19,1.73%,2.92%,10034,905,9.02%,18,1.99%,3.43%,Rp210.184,Rp210.184,Rp0,4,4,4,0,4,4,0,4,Rp52.546,4828,223,4.62%,20,8.97%,1.79%,3950,185,4.68%,18,9.73%,2.16%
BRANCH Hand Blower - Blower Tangan Listrik 2In 3In 4Inch Blower Electeric BBLK,1729582931747243517,GMV & produk terjual = 0,Aktif,Rp3.125.087,Rp0,Rp0,Rp0,Rp1.131.675,Rp1.131.675,Rp0,Rp1.993.412,Rp0,Rp0,Rp0,Rp1.993.412,Rp1.993.412,Rp0,Rp0,6,6,6,6,Rp520.848,9858,543,5.51%,8,1.47%,1.10%,7136,429,6.01%,8,1.86%,1.40%,Rp3.125.087,Rp0,Rp3.495.642,Rp411.000,Rp902.637,2,2,2869,125,86,2,4.36%,1.60%,Rp1.090.775,2,Rp0,Rp0,Rp0,0,0,0,0,0,0,0,0,Rp0,60,910,13,1.43%,0,0.00%,0.00%,810,12,1.48%,0,0.00%,0.00%,Rp1.131.675,Rp1.131.675,Rp0,2,2,2,0,2,2,0,2,Rp565.838,0,53,5,9.43%,1,20.00%,40.00%,38,5,13.16%,1,20.00%,40.00%,Rp1.993.412,Rp0,Rp0,Rp0,Rp1.993.412,Rp1.993.412,Rp0,4,4,4,4,Rp498.353,11,9,2,7278,471,6.47%,6,1.27%,0.85%,5138,382,7.43%,6,1.57%,1.05%,775,5,0.65%,0,0.00%,0.00%,683,5,0.73%,0,0.00%,0.00%,6291,461,7.33%,6,1.30%,0.87%,4397,378,8.60%,6,1.59%,1.06%,Rp0,Rp0,Rp0,0,0,0,0,0,0,0,0,Rp0,1617,54,3.34%,1,1.85%,0.00%,1393,38,2.73%,1,2.63%,0.00%
Makita Paket 4 Mesin Tukang Kayu - Mesin Bor Tangan Mesin Gerinda Mesin Profil Kayu Ukir Kayu Mesin Serut Kayu Sugu Kayu,1734537811484444157,GMV & produk terjual = 0,Aktif,Rp3.099.185,Rp0,Rp0,Rp0,Rp0,Rp0,Rp0,Rp3.099.185,Rp0,Rp0,Rp0,Rp0,Rp0,Rp0,Rp0,1,1,1,1,Rp3.099.185,13160,693,5.27%,24,3.46%,0.14%,11021,623,5.65%,23,3.69%,0.16%,Rp3.099.185,Rp0,Rp3.439.185,Rp210.000,Rp3.099.185,1,1,9233,442,395,1,4.79%,0.23%,Rp3.099.185,1,Rp0,Rp0,Rp0,0,0,0,0,0,0,0,0,Rp0,0,2,0,0.00%,0,0.00%,0.00%,2,0,0.00%,0,0.00%,0.00%,Rp0,Rp0,Rp0,0,0,0,0,0,0,0,0,Rp0,0,2,0,0.00%,0,0.00%,0.00%,1,0,0.00%,0,0.00%,0.00%,Rp3.099.185,Rp0,Rp0,Rp0,Rp0,Rp0,Rp0,1,1,1,1,Rp3.099.185,6,2,4,561,37,6.60%,0,0.00%,2.70%,465,35,7.53%,0,0.00%,2.86%,21,2,9.52%,0,0.00%,0.00%,19,2,10.53%,0,0.00%,0.00%,437,33,7.55%,0,0.00%,0.00%,402,31,7.71%,0,0.00%,0.00%,Rp0,Rp0,Rp0,0,0,0,0,0,0,0,0,Rp0,12595,656,5.21%,24,3.66%,0.00%,10566,591,5.59%,23,3.89%,0.00%
"PAKET HEMAT TANG RIVET 2 PCS / Paket Tang Rivet & Gunting Seng Baja Ringan 10"" Tang Keling Gunting Holo / tang rivet set komplit Murah",1729762244365092349,produk terjual ≥1,Aktif,Rp3.082.656,Rp0,Rp0,Rp0,Rp106.564,Rp38.986,Rp67.578,Rp1.098.687,Rp0,Rp0,Rp0,Rp727.841,Rp551.741,Rp176.100,Rp1.877.405,60,60,65,60,Rp51.378,94136,5784,6.14%,141,2.44%,1.04%,79975,4962,6.20%,132,2.66%,1.21%,Rp3.082.656,Rp0,Rp4.295.569,Rp1.196.276,Rp528.111,14,14,65702,3957,3432,45,6.02%,1.14%,Rp2.093.848,45,Rp0,Rp0,Rp0,0,0,0,0,0,0,0,0,Rp0,40,1441,43,2.98%,0,0.00%,0.00%,1294,37,2.86%,0,0.00%,0.00%,Rp106.564,Rp38.986,Rp67.578,3,3,1,2,3,1,2,3,Rp35.521,2,3641,352,9.67%,5,1.42%,0.85%,2832,295,10.42%,5,1.69%,1.02%,Rp1.098.687,Rp0,Rp0,Rp0,Rp727.841,Rp551.741,Rp176.100,22,22,22,22,Rp49.940,7,2,5,8015,957,11.94%,13,1.36%,2.30%,6576,765,11.63%,12,1.57%,2.88%,118,4,3.39%,0,0.00%,0.00%,89,3,3.37%,0,0.00%,0.00%,7561,939,12.42%,13,1.38%,1.38%,6244,754,12.08%,12,1.59%,1.72%,Rp1.877.405,Rp1.877.405,Rp0,35,35,35,0,40,40,0,35,Rp53.640,81038,4432,5.47%,123,2.78%,0.79%,70816,4024,5.68%,116,2.88%,0.87%
Bearing Klaher Gerobak Sorong Artco / Bearing Klahar Gerobak Sorong Artco Murah kualitas terbaik,1730340311657776637,GMV ≥250 atau produk terjual ≥3,Aktif,Rp3.051.542,Rp0,Rp0,Rp0,Rp0,Rp0,Rp0,Rp2.638.486,Rp13.715,Rp13.715,Rp0,Rp2.529.512,Rp2.085.810,Rp443.702,Rp413.056,112,117,333,104,Rp26.082,54739,2172,3.97%,87,4.01%,5.39%,39468,1611,4.08%,77,4.78%,6.46%,Rp3.051.542,Rp0,Rp4.834.716,Rp1.928.500,Rp140.208,15,10,28788,1060,779,65,3.68%,7.08%,Rp1.893.347,207,Rp0,Rp0,Rp0,0,0,0,0,0,0,0,0,Rp0,1,32,0,0.00%,0,0.00%,0.00%,21,0,0.00%,0,0.00%,0.00%,Rp0,Rp0,Rp0,0,0,0,0,0,0,0,0,Rp0,0,42,0,0.00%,0,0.00%,0.00%,32,0,0.00%,0,0.00%,0.00%,Rp2.638.486,Rp13.715,Rp13.715,Rp0,Rp2.529.512,Rp2.085.810,Rp443.702,93,98,289,88,Rp26.923,17,15,4,32067,1497,4.67%,65,4.34%,6.55%,22292,1101,4.94%,58,5.27%,7.99%,3498,51,1.46%,1,1.96%,1.96%,2569,43,1.67%,1,2.33%,2.33%,28403,1446,5.09%,64,4.43%,6.36%,19635,1058,5.39%,57,5.39%,7.75%,Rp413.056,Rp413.056,Rp0,19,19,19,0,44,44,0,16,Rp21.740,22593,675,2.99%,22,3.26%,2.81%,18766,573,3.05%,20,3.49%,2.79%
Mikayo Mesin BOR X Kualtas Model 10MM VARIABLE SPEED HARGA TERMURAHHH,1730392999351191037,produk terjual ≥1,Nonaktif,Rp3.039.775,Rp0,Rp0,Rp0,Rp799.756,Rp524.332,Rp275.424,Rp1.283.842,Rp488.562,Rp354.131,Rp134.431,Rp501.420,Rp501.420,Rp0,Rp956.177,21,21,21,20,Rp144.751,21466,1005,4.68%,50,4.98%,2.09%,17228,793,4.60%,47,5.93%,2.52%,Rp3.039.775,Rp0,Rp3.932.468,Rp841.047,Rp687.043,5,5,11986,486,375,10,4.05%,2.26%,Rp1.546.003,11,Rp0,Rp0,Rp0,0,0,0,0,0,0,0,0,Rp0,6,240,6,2.50%,0,0.00%,0.00%,203,5,2.46%,0,0.00%,0.00%,Rp799.756,Rp524.332,Rp275.424,6,6,4,2,6,4,2,6,Rp133.293,0,6,1,16.67%,0,0.00%,600.00%,5,1,20.00%,0,0.00%,600.00%,Rp1.283.842,Rp488.562,Rp354.131,Rp134.431,Rp501.420,Rp501.420,Rp0,8,8,8,8,Rp160.480,33,41,1,10899,594,5.45%,25,4.21%,1.35%,8928,467,5.23%,23,4.93%,1.71%,4169,161,3.86%,6,3.73%,1.86%,3441,125,3.63%,6,4.80%,2.40%,6590,432,6.56%,19,4.40%,0.69%,5393,341,6.32%,17,4.99%,0.88%,Rp956.177,Rp956.177,Rp0,7,7,7,0,7,7,0,6,Rp136.597,10321,404,3.91%,25,6.19%,1.73%,8567,339,3.96%,25,7.37%,1.77%
Mikayo Mesin Bor Tembok Besi Kayu Listrik 10mm Chuck Bor Tangan Listrik MultifungsiBisa Bolak-Balik Variable Speed Bisa,1730199402948953597,produk terjual ≥1,Aktif,Rp3.001.080,Rp127.841,Rp0,Rp127.841,Rp416.164,Rp0,Rp416.164,Rp2.317.309,Rp280.268,Rp280.268,Rp0,Rp1.609.809,Rp1.609.809,Rp0,Rp139.766,20,20,20,19,Rp150.054,11675,847,7.25%,22,2.60%,2.36%,9770,707,7.24%,19,2.69%,2.69%,Rp3.001.080,Rp0,Rp2.920.462,Rp702.333,Rp575.409,4,4,4019,153,122,5,3.81%,3.27%,Rp687.690,5,Rp127.841,Rp0,Rp127.841,1,1,0,1,1,0,1,1,Rp127.841,20,291,9,3.09%,0,0.00%,11.11%,245,7,2.86%,0,0.00%,14.29%,Rp416.164,Rp0,Rp416.164,3,3,0,3,3,0,3,3,Rp138.721,0,2,1,50.00%,0,0.00%,300.00%,2,1,50.00%,0,0.00%,300.00%,Rp2.317.309,Rp280.268,Rp280.268,Rp0,Rp1.609.809,Rp1.609.809,Rp0,15,15,15,14,Rp154.487,17,14,4,6304,625,9.91%,14,2.24%,2.40%,4634,443,9.56%,13,2.93%,3.16%,2324,69,2.97%,2,2.90%,2.90%,2034,61,3.00%,2,3.28%,3.28%,3778,551,14.58%,13,2.36%,1.81%,2539,382,15.05%,11,2.88%,2.36%,Rp139.766,Rp139.766,Rp0,1,1,1,0,1,1,0,1,Rp139.766,5073,212,4.18%,9,4.25%,0.47%,3775,134,3.55%,6,4.48%,0.75%
"WILMER Grendel Pintu Stainless / Grendel Jendela / Selot Pintu  2"" 3"" 6"" 8'' 10''12'' Inch",1729858112164760061,GMV ≥250 atau produk terjual ≥3,Aktif,Rp2.972.999,Rp0,Rp0,Rp0,Rp38.640,Rp8.585,Rp30.055,Rp1.649.837,Rp0,Rp0,Rp0,Rp1.222.792,Rp766.739,Rp456.053,Rp1.284.522,90,108,306,86,Rp27.528,19641,1006,5.12%,170,16.90%,10.74%,15466,741,4.79%,116,15.65%,11.61%,Rp2.972.999,Rp0,Rp4.306.624,Rp1.557.265,Rp576.247,53,14,14858,797,588,65,5.36%,10.41%,Rp2.067.985,215,Rp0,Rp0,Rp0,0,0,0,0,0,0,0,0,Rp0,0,2,0,0.00%,0,0.00%,0.00%,2,0,0.00%,0,0.00%,0.00%,Rp38.640,Rp8.585,Rp30.055,4,4,1,3,6,1,5,4,Rp9.660,0,835,36,4.31%,2,5.56%,11.11%,776,25,3.22%,2,8.00%,16.00%,Rp1.649.837,Rp0,Rp0,Rp0,Rp1.222.792,Rp766.739,Rp456.053,49,59,152,46,Rp27.963,5,1,4,6177,338,5.47%,44,13.02%,17.46%,5155,264,5.12%,24,9.09%,17.42%,43,1,2.33%,0,0.00%,0.00%,24,1,4.17%,0,0.00%,0.00%,6038,330,5.47%,43,13.03%,12.73%,5082,259,5.10%,23,8.88%,12.36%,Rp1.284.522,Rp1.284.522,Rp0,37,45,45,0,148,148,0,36,Rp28.545,12628,632,5.00%,124,19.62%,7.12%,9862,470,4.77%,92,19.57%,7.66%
Spraygun F75 Tabung Atas Spray Gun Semprotan Cat Nozzle Kuningan Sistem Gravity Lebar Pengecatan 150-200mm Penggunaan Udara 2-6 scfm,1729642351357102589,produk terjual ≥1,Aktif,Rp2.964.102,Rp157.532,Rp157.532,Rp0,Rp720.048,Rp498.788,Rp221.260,Rp1.461.929,Rp0,Rp0,Rp0,Rp1.068.509,Rp959.640,Rp108.869,Rp624.593,24,24,24,23,Rp123.504,28063,1179,4.20%,61,5.17%,2.04%,20292,938,4.62%,53,5.65%,2.45%,Rp2.964.102,Rp0,Rp3.681.592,Rp481.170,Rp483.456,4,4,12195,492,382,14,4.03%,2.85%,Rp1.712.683,14,Rp157.532,Rp157.532,Rp0,1,1,1,0,1,1,0,1,Rp157.532,16,749,20,2.67%,0,0.00%,5.00%,523,13,2.49%,0,0.00%,7.69%,Rp720.048,Rp498.788,Rp221.260,6,6,4,2,6,4,2,5,Rp120.008,2,5673,223,3.93%,8,3.59%,2.69%,4697,192,4.09%,8,4.17%,2.60%,Rp1.461.929,Rp0,Rp0,Rp0,Rp1.068.509,Rp959.640,Rp108.869,12,12,12,12,Rp121.827,15,4,12,13373,627,4.69%,37,5.90%,1.91%,8883,491,5.53%,31,6.31%,2.44%,302,2,0.66%,0,0.00%,0.00%,191,2,1.05%,0,0.00%,0.00%,10944,603,5.51%,35,5.80%,1.49%,7852,469,5.97%,29,6.18%,1.92%,Rp624.593,Rp624.593,Rp0,5,5,5,0,5,5,0,5,Rp124.919,8266,308,3.73%,16,5.19%,1.62%,6837,269,3.93%,16,5.95%,1.86%
YUKIDO ALAT PEMOTONG KERAMIK & KACA MANUAL SET,1729651543415097853,produk terjual ≥1,Aktif,Rp2.892.743,Rp99.384,Rp99.384,Rp0,Rp82.012,Rp82.012,Rp0,Rp1.222.944,Rp0,Rp0,Rp0,Rp827.301,Rp724.988,Rp102.313,Rp1.488.403,27,27,28,27,Rp107.139,19786,1044,5.28%,44,4.21%,2.59%,15738,869,5.52%,43,4.95%,3.11%,Rp2.892.743,Rp0,Rp3.676.511,Rp814.308,Rp244.521,2,2,11931,543,436,16,4.55%,2.95%,Rp1.605.739,16,Rp99.384,Rp99.384,Rp0,1,1,1,0,1,1,0,1,Rp99.384,2,46,2,4.35%,0,0.00%,50.00%,38,2,5.26%,0,0.00%,50.00%,Rp82.012,Rp82.012,Rp0,1,1,1,0,1,1,0,1,Rp82.012,0,1903,75,3.94%,1,1.33%,1.33%,1353,57,4.21%,1,1.75%,1.75%,Rp1.222.944,Rp0,Rp0,Rp0,Rp827.301,Rp724.988,Rp102.313,12,12,12,12,Rp101.912,4,1,3,6908,478,6.92%,17,3.56%,2.51%,5550,392,7.06%,17,4.34%,3.06%,1,0,0.00%,0,0.00%,0.00%,1,0,0.00%,0,0.00%,0.00%,6414,467,7.28%,16,3.43%,1.71%,5248,386,7.36%,16,4.15%,2.07%,Rp1.488.403,Rp1.488.403,Rp0,13,13,13,0,14,14,0,13,Rp114.493,10928,489,4.47%,26,5.32%,2.66%,9162,430,4.69%,25,5.81%,3.02%
SELANG POMPA ANGIN SEPEDA MOTORNGSI VALVE WARNA,1729737695848203773,GMV & produk terjual = 0,Aktif,Rp2.890.256,Rp17.679,Rp17.679,Rp0,Rp17.935,Rp0,Rp17.935,Rp2.379.826,Rp0,Rp0,Rp0,Rp2.094.677,Rp2.029.891,Rp64.786,Rp474.816,272,272,295,270,Rp10.626,164920,4079,2.47%,243,5.96%,6.67%,145102,3546,2.44%,219,6.18%,7.61%,Rp2.890.256,Rp0,Rp6.694.239,Rp3.958.967,Rp378.345,32,32,122481,2646,2367,142,2.16%,5.40%,Rp1.439.910,146,Rp17.679,Rp17.679,Rp0,2,2,2,0,2,2,0,2,Rp8.840,16,410,9,2.20%,1,11.11%,22.22%,353,7,1.98%,1,14.29%,28.57%,Rp17.935,Rp0,Rp17.935,2,2,0,2,2,0,2,1,Rp8.968,1,52,3,5.77%,0,0.00%,66.67%,40,3,7.50%,0,0.00%,33.33%,Rp2.379.826,Rp0,Rp0,Rp0,Rp2.094.677,Rp2.029.891,Rp64.786,218,218,241,218,Rp10.917,4,1,3,38517,1507,3.91%,104,6.90%,14.47%,30360,1214,4.00%,97,7.99%,17.96%,0,0,0.00%,0,0.00%,0.00%,0,0,0.00%,0,0.00%,0.00%,38201,1498,3.92%,104,6.94%,12.82%,30210,1211,4.01%,97,8.01%,15.85%,Rp474.816,Rp474.816,Rp0,50,50,50,0,50,50,0,49,Rp9.496,125940,2560,2.03%,138,5.39%,1.95%,117172,2371,2.02%,122,5.15%,2.07%
Armature For Disc Grinda Makita 9553B / 9554 / Angker Dinamo Gerinda 9553 B / Rotor Gulungan Gurinda Grinder 9553NB / 9553 NB,1732738757556209149,produk terjual ≥1,Aktif,Rp2.856.405,Rp0,Rp0,Rp0,Rp0,Rp0,Rp0,Rp1.537.703,Rp0,Rp0,Rp0,Rp99.900,Rp0,Rp99.900,Rp1.318.702,26,26,29,25,Rp109.862,8967,443,4.94%,25,5.64%,5.87%,7008,335,4.78%,22,6.57%,7.46%,Rp2.856.405,Rp0,Rp3.341.865,Rp423.682,Rp489.834,5,5,6013,293,230,14,4.87%,4.78%,Rp1.501.470,15,Rp0,Rp0,Rp0,0,0,0,0,0,0,0,0,Rp0,1,264,4,1.52%,0,0.00%,0.00%,211,3,1.42%,0,0.00%,0.00%,Rp0,Rp0,Rp0,0,0,0,0,0,0,0,0,Rp0,0,0,0,0.00%,0,0.00%,0.00%,0,0,0.00%,0,0.00%,0.00%,Rp1.537.703,Rp0,Rp0,Rp0,Rp99.900,Rp0,Rp99.900,13,13,16,12,Rp118.285,14,14,0,965,30,3.11%,0,0.00%,43.33%,801,22,2.75%,0,0.00%,54.55%,819,19,2.32%,0,0.00%,0.00%,735,16,2.18%,0,0.00%,0.00%,0,0,0.00%,0,0.00%,0.00%,0,0,0.00%,0,0.00%,0.00%,Rp1.318.702,Rp1.318.702,Rp0,13,13,13,0,13,13,0,13,Rp101.439,7738,409,5.29%,25,6.11%,3.18%,6014,315,5.24%,22,6.98%,4.13%
HEMAT!! 1 SET KONEKTOR MESIN LAS SOCKET KABEL TRAVOLAS SET FAMELE-MALE 10-25MM,1729762854001739261,produk terjual ≥1,Aktif,Rp2.813.203,Rp116.958,Rp116.958,Rp0,Rp84.162,Rp0,Rp84.162,Rp2.437.226,Rp0,Rp0,Rp0,Rp2.158.167,Rp1.906.970,Rp251.197,Rp174.857,77,79,204,73,Rp35.610,32098,1323,4.12%,40,3.02%,5.97%,23423,1048,4.47%,32,3.05%,6.97%,Rp2.813.203,Rp0,Rp4.099.198,Rp1.396.480,Rp422.266,25,11,12134,471,387,19,3.88%,4.67%,Rp715.696,58,Rp116.958,Rp116.958,Rp0,2,2,2,0,7,7,0,2,Rp58.479,53,904,10,1.11%,0,0.00%,20.00%,826,9,1.09%,0,0.00%,22.22%,Rp84.162,Rp0,Rp84.162,2,2,0,2,3,0,3,2,Rp42.081,0,272,5,1.84%,0,0.00%,40.00%,162,5,3.09%,0,0.00%,40.00%,Rp2.437.226,Rp0,Rp0,Rp0,Rp2.158.167,Rp1.906.970,Rp251.197,68,70,179,64,Rp34.818,2,0,2,19061,956,5.02%,25,2.62%,7.32%,12988,741,5.71%,20,2.70%,8.64%,0,0,0.00%,0,0.00%,0.00%,0,0,0.00%,0,0.00%,0.00%,18457,943,5.11%,24,2.55%,7.10%,12560,734,5.84%,20,2.72%,8.31%,Rp174.857,Rp174.857,Rp0,5,5,5,0,15,15,0,5,Rp34.971,11860,352,2.97%,15,4.26%,1.42%,10006,308,3.08%,13,4.22%,1.62%
Spraygun Cat Tabung Atas F100G Spraygun Tabung 400 cc 14 Lubang Motor Mobil Cat,1732074268680095229,produk terjual ≥1,Aktif,Rp2.744.689,Rp0,Rp0,Rp0,Rp698.912,Rp698.912,Rp0,Rp1.398.046,Rp0,Rp0,Rp0,Rp1.398.046,Rp1.241.819,Rp156.227,Rp647.731,13,13,13,13,Rp211.130,14582,855,5.86%,35,4.09%,1.52%,9703,621,6.40%,28,4.51%,2.09%,Rp2.744.689,Rp0,Rp3.112.337,Rp249.000,Rp356.290,2,2,5186,259,201,6,4.99%,2.32%,Rp1.160.248,6,Rp0,Rp0,Rp0,0,0,0,0,0,0,0,0,Rp0,72,1292,27,2.09%,0,0.00%,0.00%,1088,23,2.11%,0,0.00%,0.00%,Rp698.912,Rp698.912,Rp0,3,3,3,0,3,3,0,3,Rp232.971,1,3801,286,7.52%,11,3.85%,1.05%,2198,211,9.60%,9,4.27%,1.42%,Rp1.398.046,Rp0,Rp0,Rp0,Rp1.398.046,Rp1.241.819,Rp156.227,7,7,7,7,Rp199.721,17,14,3,5091,334,6.56%,16,4.79%,2.10%,3535,251,7.10%,14,5.58%,2.79%,644,6,0.93%,0,0.00%,0.00%,560,6,1.07%,0,0.00%,0.00%,4307,326,7.57%,16,4.91%,2.15%,2892,243,8.40%,14,5.76%,2.88%,Rp647.731,Rp647.731,Rp0,3,3,3,0,3,3,0,3,Rp215.910,4396,208,4.73%,8,3.85%,1.44%,3600,185,5.14%,8,4.32%,1.62%
4PCS Roda Karet Troley 4 in troli Serbaguna 2 Hidup 2 Rem Roda Karet Caster Kaster Troli,1730325994805560829,produk terjual ≥1,Aktif,Rp2.742.522,Rp0,Rp0,Rp0,Rp243.861,Rp243.861,Rp0,Rp2.251.975,Rp1.119.587,Rp1.119.587,Rp0,Rp1.132.388,Rp711.313,Rp421.075,Rp246.686,20,20,20,19,Rp137.126,14451,641,4.44%,49,7.64%,3.12%,10988,493,4.49%,37,7.51%,3.85%,Rp2.742.522,Rp0,Rp3.531.879,Rp641.000,Rp656.653,5,5,2830,85,69,4,3.00%,5.88%,Rp650.385,5,Rp0,Rp0,Rp0,0,0,0,0,0,0,0,0,Rp0,11,195,1,0.51%,0,0.00%,0.00%,171,1,0.58%,0,0.00%,0.00%,Rp243.861,Rp243.861,Rp0,2,2,2,0,2,2,0,2,Rp121.930,0,3,0,0.00%,0,0.00%,0.00%,3,0,0.00%,0,0.00%,0.00%,Rp2.251.975,Rp1.119.587,Rp1.119.587,Rp0,Rp1.132.388,Rp711.313,Rp421.075,16,16,16,15,Rp140.748,28,26,3,11153,526,4.72%,39,7.41%,3.04%,8509,404,4.75%,28,6.93%,3.71%,6550,197,3.01%,10,5.08%,4.06%,5309,147,2.77%,7,4.76%,5.44%,4260,323,7.58%,29,8.98%,2.48%,3093,251,8.12%,21,8.37%,2.79%,Rp246.686,Rp246.686,Rp0,2,2,2,0,2,2,0,2,Rp123.343,3098,113,3.65%,10,8.85%,1.77%,2477,99,4.00%,10,10.10%,2.02%
Mesin Gerinda RYU 4 Inch Original - Angle Grinder Ryu Gurinda Tangan,1729644142375307773,GMV & produk terjual = 0,Aktif,Rp2.728.796,Rp0,Rp0,Rp0,Rp296.764,Rp296.764,Rp0,Rp1.711.599,Rp0,Rp0,Rp0,Rp1.711.599,Rp1.711.599,Rp0,Rp720.433,8,8,8,8,Rp341.100,8244,285,3.46%,13,4.56%,2.81%,6393,222,3.47%,13,5.86%,3.60%,Rp2.728.796,Rp0,Rp3.297.180,Rp513.000,Rp735.167,2,2,3895,128,105,3,3.29%,2.34%,Rp1.032.321,3,Rp0,Rp0,Rp0,0,0,0,0,0,0,0,0,Rp0,38,669,7,1.05%,0,0.00%,0.00%,567,7,1.23%,0,0.00%,0.00%,Rp296.764,Rp296.764,Rp0,1,1,1,0,1,1,0,1,Rp296.764,0,154,16,10.39%,1,6.25%,6.25%,124,15,12.10%,1,6.67%,6.67%,Rp1.711.599,Rp0,Rp0,Rp0,Rp1.711.599,Rp1.711.599,Rp0,5,5,5,5,Rp342.320,41,51,22,2810,133,4.73%,3,2.26%,3.76%,1939,97,5.00%,3,3.09%,5.15%,1590,17,1.07%,1,5.88%,0.00%,1185,16,1.35%,1,6.25%,0.00%,1037,114,10.99%,2,1.75%,4.39%,647,80,12.36%,2,2.50%,6.25%,Rp720.433,Rp720.433,Rp0,2,2,2,0,2,2,0,2,Rp360.216,4611,129,2.80%,9,6.98%,1.55%,3953,111,2.81%,9,8.11%,1.80%
Kunci Inggris 8 10 12 Inch Adjustable Wrench Baut Ingris Pipa - Kunci Press,1729735139909076477,produk terjual ≥1,Aktif,Rp2.695.330,Rp0,Rp0,Rp0,Rp1.428.419,Rp1.306.803,Rp121.616,Rp625.474,Rp0,Rp0,Rp0,Rp383.584,Rp327.658,Rp55.926,Rp641.437,96,96,101,95,Rp28.076,46514,4080,8.77%,96,2.35%,2.35%,32883,3238,9.85%,88,2.72%,2.93%,Rp2.695.330,Rp0,Rp4.162.627,Rp1.498.087,Rp276.964,10,9,21924,1668,1331,54,7.61%,3.24%,Rp1.497.945,56,Rp0,Rp0,Rp0,0,0,0,0,0,0,0,0,Rp0,52,575,7,1.22%,0,0.00%,0.00%,526,6,1.14%,0,0.00%,0.00%,Rp1.428.419,Rp1.306.803,Rp121.616,51,51,46,5,53,48,5,51,Rp28.008,2,2103,200,9.51%,2,1.00%,25.50%,1586,176,11.10%,2,1.14%,28.98%,Rp625.474,Rp0,Rp0,Rp0,Rp383.584,Rp327.658,Rp55.926,21,21,24,20,Rp29.784,6,3,4,26929,2748,10.20%,49,1.78%,0.76%,19002,2196,11.56%,45,2.05%,0.91%,4,0,0.00%,0,0.00%,0.00%,4,0,0.00%,0,0.00%,0.00%,26621,2733,10.27%,49,1.79%,0.44%,18813,2193,11.66%,45,2.05%,0.50%,Rp641.437,Rp641.437,Rp0,24,24,24,0,24,24,0,24,Rp26.727,16907,1125,6.65%,45,4.00%,2.13%,14222,995,7.00%,42,4.22%,2.41%
PAKET 3ITEM  ALAT TUKANG PALU METERAN TANG GEGEP HARGA TERMURAH BOSKUH,1730163887272134141,produk terjual ≥1,Aktif,Rp2.684.066,Rp0,Rp0,Rp0,Rp194.423,Rp0,Rp194.423,Rp793.770,Rp0,Rp0,Rp0,Rp49.496,Rp0,Rp49.496,Rp1.695.873,52,52,52,51,Rp51.617,31185,1583,5.08%,56,3.54%,3.28%,25468,1312,5.15%,51,3.89%,3.89%,Rp2.684.066,Rp0,Rp3.365.313,Rp807.500,Rp387.793,7,7,25894,1337,1109,44,5.16%,3.37%,Rp2.276.802,45,Rp0,Rp0,Rp0,0,0,0,0,0,0,0,0,Rp0,3,28,0,0.00%,0,0.00%,0.00%,24,0,0.00%,0,0.00%,0.00%,Rp194.423,Rp0,Rp194.423,4,4,0,4,4,0,4,4,Rp48.606,0,5,0,0.00%,0,0.00%,0.00%,3,0,0.00%,0,0.00%,0.00%,Rp793.770,Rp0,Rp0,Rp0,Rp49.496,Rp0,Rp49.496,16,16,16,16,Rp49.611,1,1,0,105,2,1.90%,1,50.00%,800.00%,59,1,1.69%,1,100.00%,1600.00%,2,1,50.00%,0,0.00%,0.00%,2,1,50.00%,0,0.00%,0.00%,0,0,0.00%,0,0.00%,0.00%,0,0,0.00%,0,0.00%,0.00%,Rp1.695.873,Rp1.695.873,Rp0,32,32,32,0,32,32,0,31,Rp52.996,31046,1580,5.09%,55,3.48%,2.03%,24310,1254,5.16%,50,3.99%,2.47%
PAKET TUKANG 6 ITEM GERGAJI METERAN PALU BESI PALU KERAMIK SENDOK SEMEN RASKAM SET LENGKAP ALAT PERKAKAS TUKANG BANGUNAN,1733131664144827901,GMV & produk terjual = 0,Aktif,Rp2.680.636,Rp0,Rp0,Rp0,Rp509.399,Rp124.937,Rp384.462,Rp1.770.166,Rp0,Rp0,Rp0,Rp1.644.724,Rp1.052.267,Rp592.457,Rp401.071,22,22,22,22,Rp121.847,16056,780,4.86%,43,5.51%,2.82%,11762,613,5.21%,39,6.36%,3.59%,Rp2.680.636,Rp0,Rp3.277.852,Rp701.532,Rp2.484.025,20,20,10519,465,366,13,4.42%,2.80%,Rp1.571.783,13,Rp0,Rp0,Rp0,0,0,0,0,0,0,0,0,Rp0,0,0,0,0.00%,0,0.00%,0.00%,0,0,0.00%,0,0.00%,0.00%,Rp509.399,Rp124.937,Rp384.462,4,4,1,3,4,1,3,4,Rp127.350,0,941,28,2.98%,2,7.14%,14.29%,625,21,3.36%,2,9.52%,19.05%,Rp1.770.166,Rp0,Rp0,Rp0,Rp1.644.724,Rp1.052.267,Rp592.457,15,15,15,15,Rp118.011,2,0,3,7527,418,5.55%,21,5.02%,3.59%,5805,339,5.84%,20,5.90%,4.42%,0,0,0.00%,0,0.00%,0.00%,0,0,0.00%,0,0.00%,0.00%,7436,417,5.61%,21,5.04%,3.36%,5746,338,5.88%,20,5.92%,4.14%,Rp401.071,Rp401.071,Rp0,3,3,3,0,3,3,0,3,Rp133.690,7588,334,4.40%,20,5.99%,0.90%,5972,272,4.55%,17,6.25%,1.10%
Mesin Potong Besi Cut Off Machine 8 Inch AB88-14FW 900W 5000rpm Listrik 220V Alat Potong Besi,1732197196505581053,produk terjual ≥1,Aktif,Rp2.633.564,Rp0,Rp0,Rp0,Rp1.015.580,Rp1.015.580,Rp0,Rp1.617.984,Rp0,Rp0,Rp0,Rp1.617.984,Rp838.744,Rp779.240,Rp0,3,3,3,3,Rp877.855,28324,1663,5.87%,48,2.89%,0.18%,21576,1380,6.40%,42,3.04%,0.22%,Rp2.633.564,Rp0,Rp3.121.974,Rp696.000,Rp0,0,0,5704,267,231,0,4.68%,0.00%,Rp0,0,Rp0,Rp0,Rp0,0,0,0,0,0,0,0,0,Rp0,35,4200,92,2.19%,2,2.17%,0.00%,3613,77,2.13%,2,2.60%,0.00%,Rp1.015.580,Rp1.015.580,Rp0,1,1,1,0,1,1,0,1,Rp1.015.580,2,5673,474,8.36%,18,3.80%,0.21%,4421,403,9.12%,18,4.47%,0.25%,Rp1.617.984,Rp0,Rp0,Rp0,Rp1.617.984,Rp838.744,Rp779.240,2,2,2,2,Rp808.992,11,7,4,12811,829,6.47%,19,2.29%,0.24%,9912,717,7.23%,16,2.23%,0.28%,1954,33,1.69%,0,0.00%,0.00%,1669,28,1.68%,0,0.00%,0.00%,10636,794,7.47%,18,2.27%,0.25%,8068,687,8.52%,15,2.18%,0.29%,Rp0,Rp0,Rp0,0,0,0,0,0,0,0,0,Rp0,5637,268,4.75%,9,3.36%,0.00%,4298,233,5.42%,7,3.00%,0.00%
Pompa Ban Stainless Tabung Meter Sepeda Motor Manual Hidrolik Lengkap kompaan angin kompa Tangan,1729779951352579581,produk terjual ≥1,Aktif,Rp2.518.167,Rp0,Rp0,Rp0,Rp677.861,Rp620.387,Rp57.474,Rp623.255,Rp0,Rp0,Rp0,Rp0,Rp0,Rp0,Rp1.217.051,43,43,46,40,Rp58.562,15366,744,4.84%,28,3.76%,5.78%,12923,580,4.49%,28,4.83%,6.90%,Rp2.518.167,Rp0,Rp3.448.583,Rp860.682,Rp578.937,10,7,12007,614,470,37,5.11%,6.51%,Rp2.340.912,43,Rp0,Rp0,Rp0,0,0,0,0,0,0,0,0,Rp0,0,0,0,0.00%,0,0.00%,0.00%,0,0,0.00%,0,0.00%,0.00%,Rp677.861,Rp620.387,Rp57.474,12,12,11,1,12,11,1,11,Rp56.488,0,238,24,10.08%,1,4.17%,50.00%,202,15,7.43%,1,6.67%,73.33%,Rp623.255,Rp0,Rp0,Rp0,Rp0,Rp0,Rp0,9,9,11,8,Rp69.251,8,0,8,2704,164,6.07%,6,3.66%,5.49%,2225,116,5.21%,6,5.17%,6.90%,0,0,0.00%,0,0.00%,0.00%,0,0,0.00%,0,0.00%,0.00%,2392,161,6.73%,6,3.73%,0.00%,2081,113,5.43%,6,5.31%,0.00%,Rp1.217.051,Rp1.217.051,Rp0,22,22,22,0,23,23,0,22,Rp55.320,12424,556,4.48%,21,3.78%,3.96%,10745,466,4.34%,21,4.51%,4.72%
12 PCS Gembok Stanless Anti Karat/Anti Maling/Gembok Anti Rust/Gembok Anti Cut 1 Lusin,1730089464343725565,produk terjual ≥1,Aktif,Rp2.500.335,Rp0,Rp0,Rp0,Rp1.140.175,Rp648.059,Rp492.116,Rp64.779,Rp0,Rp0,Rp0,Rp64.779,Rp64.779,Rp0,Rp1.295.381,17,26,28,17,Rp96.167,4153,193,4.65%,38,19.69%,13.47%,3247,150,4.62%,26,17.33%,11.33%,Rp2.500.335,Rp0,Rp3.079.983,Rp472.718,Rp0,0,0,2792,143,106,13,5.12%,14.69%,Rp2.107.364,22,Rp0,Rp0,Rp0,0,0,0,0,0,0,0,0,Rp0,0,0,0,0.00%,0,0.00%,0.00%,0,0,0.00%,0,0.00%,0.00%,Rp1.140.175,Rp648.059,Rp492.116,8,12,7,5,14,9,5,8,Rp95.015,0,1,0,0.00%,0,0.00%,0.00%,1,0,0.00%,0,0.00%,0.00%,Rp64.779,Rp0,Rp0,Rp0,Rp64.779,Rp64.779,Rp0,1,1,1,1,Rp64.779,6,7,0,1146,51,4.45%,10,19.61%,1.96%,924,41,4.44%,7,17.07%,2.44%,216,1,0.46%,0,0.00%,0.00%,200,1,0.50%,0,0.00%,0.00%,831,50,6.02%,10,20.00%,2.00%,683,40,5.86%,7,17.50%,2.50%,Rp1.295.381,Rp1.295.381,Rp0,8,13,13,0,13,13,0,8,Rp99.645,3007,142,4.72%,28,19.72%,9.15%,2366,112,4.73%,19,16.96%,7.14%
"Spray Gun F75G Kapasitas 400ml untuk Cat Semprot dengan Nozzle 1,5mm dan Selang Recoil Hose 4.5-9m",1729566837516371453,produk terjual ≥1,Aktif,Rp2.471.694,Rp0,Rp0,Rp0,Rp275.326,Rp275.326,Rp0,Rp1.577.038,Rp0,Rp0,Rp0,Rp1.302.236,Rp1.011.901,Rp290.335,Rp619.330,17,17,17,17,Rp145.394,7032,317,4.51%,23,7.26%,5.36%,5120,250,4.88%,23,9.20%,6.80%,Rp2.471.694,Rp0,Rp3.031.772,Rp458.500,Rp156.388,1,1,3899,151,118,10,3.87%,6.62%,Rp1.458.346,10,Rp0,Rp0,Rp0,0,0,0,0,0,0,0,0,Rp0,0,0,0,0.00%,0,0.00%,0.00%,0,0,0.00%,0,0.00%,0.00%,Rp275.326,Rp275.326,Rp0,2,2,2,0,2,2,0,2,Rp137.663,0,116,4,3.45%,0,0.00%,50.00%,80,4,5.00%,0,0.00%,50.00%,Rp1.577.038,Rp0,Rp0,Rp0,Rp1.302.236,Rp1.011.901,Rp290.335,11,11,11,11,Rp143.367,3,0,3,3149,182,5.78%,11,6.04%,6.04%,2162,141,6.52%,11,7.80%,7.80%,0,0,0.00%,0,0.00%,0.00%,0,0,0.00%,0,0.00%,0.00%,3029,181,5.98%,10,5.52%,4.97%,2078,140,6.74%,10,7.14%,6.43%,Rp619.330,Rp619.330,Rp0,4,4,4,0,4,4,0,4,Rp154.832,3766,131,3.48%,12,9.16%,3.05%,2947,111,3.77%,12,10.81%,3.60%
"MIKAYO Alat Potong 4 in Gerinda Tangan Grinda Potong Kayu Besi, Keramik, Poles Amplas Penggiling Sudut",1729643446182708733,produk terjual ≥1,Aktif,Rp2.348.533,Rp1.257.753,Rp1.257.753,Rp0,Rp0,Rp0,Rp0,Rp895.780,Rp178.770,Rp178.770,Rp0,Rp552.348,Rp552.348,Rp0,Rp195.000,12,12,12,12,Rp195.711,18184,598,3.29%,17,2.84%,2.01%,14723,482,3.27%,17,3.53%,2.49%,Rp2.348.533,Rp0,Rp2.968.093,Rp589.000,Rp367.672,2,2,3539,107,82,4,3.02%,3.74%,Rp713.667,4,Rp1.257.753,Rp1.257.753,Rp0,6,6,6,0,6,6,0,6,Rp209.626,44,10168,214,2.10%,4,1.87%,2.80%,8127,174,2.14%,4,2.30%,3.45%,Rp0,Rp0,Rp0,0,0,0,0,0,0,0,0,Rp0,1,602,62,10.30%,1,1.61%,0.00%,456,53,11.62%,1,1.89%,0.00%,Rp895.780,Rp178.770,Rp178.770,Rp0,Rp552.348,Rp552.348,Rp0,5,5,5,5,Rp179.156,18,14,5,5582,259,4.64%,7,2.70%,1.93%,4802,216,4.50%,7,3.24%,2.31%,2058,53,2.58%,2,3.77%,1.89%,1760,41,2.33%,2,4.88%,2.44%,3335,205,6.15%,5,2.44%,1.46%,2953,176,5.96%,5,2.84%,1.70%,Rp195.000,Rp195.000,Rp0,1,1,1,0,1,1,0,1,Rp195.000,1832,63,3.44%,5,7.94%,1.59%,1637,51,3.12%,5,9.80%,1.96%
YUKIDO AIat Potong Rantai Motor Termurah Chain Pin Remover Chain Breaker Potong Rantai Sepeda Motor,1729653669511136765,GMV & produk terjual = 0,Aktif,Rp2.321.190,Rp0,Rp0,Rp0,Rp743.831,Rp743.831,Rp0,Rp903.900,Rp0,Rp0,Rp0,Rp586.582,Rp586.582,Rp0,Rp673.459,40,40,40,40,Rp58.030,16445,726,4.41%,41,5.65%,5.51%,12757,583,4.57%,41,7.03%,6.86%,Rp2.321.190,Rp0,Rp3.307.366,Rp1.011.158,Rp490.052,8,8,9175,319,257,25,3.48%,7.84%,Rp1.454.717,25,Rp0,Rp0,Rp0,0,0,0,0,0,0,0,0,Rp0,0,3,0,0.00%,0,0.00%,0.00%,3,0,0.00%,0,0.00%,0.00%,Rp743.831,Rp743.831,Rp0,13,13,13,0,13,13,0,13,Rp57.218,0,652,44,6.75%,2,4.55%,29.55%,469,31,6.61%,2,6.45%,41.94%,Rp903.900,Rp0,Rp0,Rp0,Rp586.582,Rp586.582,Rp0,15,15,15,15,Rp60.260,4,2,2,8382,482,5.75%,30,6.22%,3.11%,6436,398,6.18%,30,7.54%,3.77%,181,4,2.21%,0,0.00%,0.00%,117,4,3.42%,0,0.00%,0.00%,8107,472,5.82%,30,6.36%,2.12%,6264,391,6.24%,30,7.67%,2.56%,Rp673.459,Rp673.459,Rp0,12,12,12,0,12,12,0,12,Rp56.122,7408,200,2.70%,9,4.50%,6.00%,6422,172,2.68%,9,5.23%,6.98%
"Fujiyama Batu gerinda potong WD 4""x1,2mm (1 dus isi 25 keping)  cuuting stainless stell ASLI ORI",1733410206804837885,produk terjual ≥1,Aktif,Rp2.287.148,Rp0,Rp0,Rp0,Rp321.505,Rp67.266,Rp254.239,Rp194.243,Rp0,Rp0,Rp0,Rp0,Rp0,Rp0,Rp1.771.400,15,15,30,14,Rp152.477,5260,194,3.69%,10,5.15%,7.73%,4479,162,3.62%,10,6.17%,8.64%,Rp2.287.148,Rp0,Rp2.759.026,Rp748.501,Rp67.266,1,1,3003,100,83,9,3.33%,9.00%,Rp740.584,11,Rp0,Rp0,Rp0,0,0,0,0,0,0,0,0,Rp0,20,219,2,0.91%,0,0.00%,0.00%,190,2,1.05%,0,0.00%,0.00%,Rp321.505,Rp67.266,Rp254.239,4,4,1,3,5,1,4,4,Rp80.376,1,756,38,5.03%,0,0.00%,10.53%,567,34,6.00%,0,0.00%,11.76%,Rp194.243,Rp0,Rp0,Rp0,Rp0,Rp0,Rp0,2,2,3,2,Rp97.122,3,1,2,557,23,4.13%,0,0.00%,8.70%,457,21,4.60%,0,0.00%,9.52%,3,0,0.00%,0,0.00%,0.00%,2,0,0.00%,0,0.00%,0.00%,441,20,4.54%,0,0.00%,0.00%,405,19,4.69%,0,0.00%,0.00%,Rp1.771.400,Rp1.771.400,Rp0,9,9,9,0,22,22,0,8,Rp196.822,3728,131,3.51%,10,7.63%,6.87%,3223,108,3.35%,10,9.26%,7.41%
BOSCH Mesin Bor GBM400 Bor Besi Bor Tembok Bor Kayu Rotary Drill Professional 400 watt,1732535743761778173,GMV & produk terjual = 0,Aktif,Rp2.258.415,Rp0,Rp0,Rp0,Rp2.258.415,Rp2.258.415,Rp0,Rp0,Rp0,Rp0,Rp0,Rp0,Rp0,Rp0,Rp0,5,5,5,5,Rp451.683,11533,709,6.15%,12,1.69%,0.71%,7147,551,7.71%,11,2.00%,0.91%,Rp2.258.415,Rp0,Rp2.626.167,Rp288.000,Rp400.950,1,1,3114,182,135,1,5.84%,0.55%,Rp504.495,1,Rp0,Rp0,Rp0,0,0,0,0,0,0,0,0,Rp0,49,1866,47,2.52%,1,2.13%,0.00%,1559,42,2.69%,1,2.38%,0.00%,Rp2.258.415,Rp2.258.415,Rp0,5,5,5,0,5,5,0,5,Rp451.683,0,1633,98,6.00%,3,3.06%,5.10%,1008,79,7.84%,2,2.53%,6.33%,Rp0,Rp0,Rp0,Rp0,Rp0,Rp0,Rp0,0,0,0,0,Rp0,3,2,1,5985,472,7.89%,6,1.27%,0.00%,3428,381,11.11%,6,1.57%,0.00%,112,5,4.46%,0,0.00%,0.00%,104,5,4.81%,0,0.00%,0.00%,5711,466,8.16%,6,1.29%,0.00%,3236,375,11.59%,6,1.60%,0.00%,Rp0,Rp0,Rp0,0,0,0,0,0,0,0,0,Rp0,2049,92,4.49%,2,2.17%,0.00%,1739,81,4.66%,2,2.47%,0.00%
12Pcs Gembok Panjang 30mm 40 mm Gembok Chrome Leher Panjang Stainless Steel Gembok Nekel 3 Kunci,1730326168172987901,produk terjual ≥1,Aktif,Rp2.219.049,Rp0,Rp0,Rp0,Rp0,Rp0,Rp0,Rp705.747,Rp0,Rp0,Rp0,Rp0,Rp0,Rp0,Rp1.513.302,13,15,18,12,Rp147.937,2151,152,7.07%,11,7.24%,9.87%,1572,99,6.30%,7,7.07%,12.12%,Rp2.219.049,Rp0,Rp2.683.188,Rp620.187,Rp214.241,2,1,1346,120,81,11,8.92%,11.67%,Rp2.086.133,17,Rp0,Rp0,Rp0,0,0,0,0,0,0,0,0,Rp0,0,0,0,0.00%,0,0.00%,0.00%,0,0,0.00%,0,0.00%,0.00%,Rp0,Rp0,Rp0,0,0,0,0,0,0,0,0,Rp0,0,0,0,0.00%,0,0.00%,0.00%,0,0,0.00%,0,0.00%,0.00%,Rp705.747,Rp0,Rp0,Rp0,Rp0,Rp0,Rp0,3,4,6,2,Rp176.437,4,3,2,324,9,2.78%,1,11.11%,44.44%,254,9,3.54%,1,11.11%,22.22%,188,0,0.00%,0,0.00%,0.00%,144,0,0.00%,0,0.00%,0.00%,122,8,6.56%,1,12.50%,0.00%,99,8,8.08%,1,12.50%,0.00%,Rp1.513.302,Rp1.513.302,Rp0,10,11,11,0,12,12,0,10,Rp137.573,1826,143,7.83%,10,6.99%,7.69%,1287,86,6.68%,6,6.98%,11.63%
"Paket Grosir 50Pcs Batu gerinda potong 4 x 1,2 gurinda wd x yukido / Mata Gerinda Potong / Batu potong besi stainlis dll",1729762854231705085,produk terjual ≥1,Aktif,Rp2.176.113,Rp0,Rp0,Rp0,Rp0,Rp0,Rp0,Rp1.539.914,Rp0,Rp0,Rp0,Rp836.567,Rp836.567,Rp0,Rp636.199,11,11,18,11,Rp197.828,2571,124,4.82%,7,5.65%,8.87%,2141,102,4.76%,7,6.86%,10.78%,Rp2.176.113,Rp0,Rp1.832.601,Rp361.457,Rp0,0,0,1692,73,66,9,4.31%,12.33%,Rp2.031.299,16,Rp0,Rp0,Rp0,0,0,0,0,0,0,0,0,Rp0,0,0,0,0.00%,0,0.00%,0.00%,0,0,0.00%,0,0.00%,0.00%,Rp0,Rp0,Rp0,0,0,0,0,0,0,0,0,Rp0,0,2,0,0.00%,0,0.00%,0.00%,2,0,0.00%,0,0.00%,0.00%,Rp1.539.914,Rp0,Rp0,Rp0,Rp836.567,Rp836.567,Rp0,8,8,12,8,Rp192.489,1,0,1,711,38,5.34%,2,5.26%,21.05%,540,31,5.74%,2,6.45%,25.81%,0,0,0.00%,0,0.00%,0.00%,0,0,0.00%,0,0.00%,0.00%,502,24,4.78%,2,8.33%,25.00%,445,24,5.39%,2,8.33%,25.00%,Rp636.199,Rp636.199,Rp0,3,3,3,0,6,6,0,3,Rp212.066,1858,86,4.63%,5,5.81%,3.49%,1581,72,4.55%,5,6.94%,4.17%
Paket 12 Pasang Sarung Tangan Palm Fit Anti Cutting Dan Kaca Anti Slip Gekko Grip,1733049657623873021,GMV & produk terjual = 0,Aktif,Rp2.138.280,Rp0,Rp0,Rp0,Rp0,Rp0,Rp0,Rp859.917,Rp0,Rp0,Rp0,Rp0,Rp0,Rp0,Rp1.278.363,22,22,36,22,Rp97.195,6025,201,3.34%,27,13.43%,10.95%,4976,158,3.18%,23,14.56%,13.92%,Rp2.138.280,Rp0,Rp2.749.314,Rp706.000,Rp0,0,0,3517,117,92,13,3.33%,11.11%,Rp1.554.984,27,Rp0,Rp0,Rp0,0,0,0,0,0,0,0,0,Rp0,0,0,0,0.00%,0,0.00%,0.00%,0,0,0.00%,0,0.00%,0.00%,Rp0,Rp0,Rp0,0,0,0,0,0,0,0,0,Rp0,0,0,0,0.00%,0,0.00%,0.00%,0,0,0.00%,0,0.00%,0.00%,Rp859.917,Rp0,Rp0,Rp0,Rp0,Rp0,Rp0,4,4,15,4,Rp214.979,1,0,1,81,3,3.70%,0,0.00%,133.33%,55,2,3.64%,0,0.00%,200.00%,0,0,0.00%,0,0.00%,0.00%,0,0,0.00%,0,0.00%,0.00%,53,1,1.89%,0,0.00%,0.00%,47,1,2.13%,0,0.00%,0.00%,Rp1.278.363,Rp1.278.363,Rp0,18,18,18,0,21,21,0,18,Rp71.020,5944,198,3.33%,27,13.64%,9.09%,4923,157,3.19%,23,14.65%,11.46%
Makita M3701B Mesin Profil Kayu Router Wood Trimmer M 3701 B M3701 B,1734434446681540093,GMV & produk terjual = 0,Aktif,Rp2.111.279,Rp980.079,Rp980.079,Rp0,Rp0,Rp0,Rp0,Rp1.131.200,Rp0,Rp0,Rp0,Rp1.131.200,Rp1.131.200,Rp0,Rp0,2,2,2,2,Rp1.055.640,20002,1250,6.25%,12,0.96%,0.16%,16175,1044,6.45%,9,0.86%,0.19%,Rp2.111.279,Rp0,Rp2.561.904,Rp262.500,Rp1.131.200,1,1,2972,81,70,0,2.73%,0.00%,Rp0,0,Rp980.079,Rp980.079,Rp0,1,1,1,0,1,1,0,1,Rp980.079,105,6348,168,2.65%,2,1.19%,0.60%,5456,144,2.64%,2,1.39%,0.69%,Rp0,Rp0,Rp0,0,0,0,0,0,0,0,0,Rp0,0,1,0,0.00%,0,0.00%,0.00%,1,0,0.00%,0,0.00%,0.00%,Rp1.131.200,Rp0,Rp0,Rp0,Rp1.131.200,Rp1.131.200,Rp0,1,1,1,1,Rp1.131.200,56,49,9,10024,931,9.29%,8,0.86%,0.11%,7838,784,10.00%,5,0.64%,0.13%,2462,36,1.46%,1,2.78%,0.00%,2155,33,1.53%,1,3.03%,0.00%,7363,892,12.11%,7,0.78%,0.11%,5544,749,13.51%,4,0.53%,0.13%,Rp0,Rp0,Rp0,0,0,0,0,0,0,0,0,Rp0,3625,151,4.17%,2,1.32%,0.00%,2931,115,3.92%,2,1.74%,0.00%
YUKIDO 9PCS Kunci Bintang Hex Kunci L Biasa Kunci L Kombinasi Set Bengkel Mobil Motor 9PCS Baja Kuat Tahan Lama S2 Steel Gratis Ongkir Garansi 1 Tahun,1732900989438887421,produk terjual ≥1,Aktif,Rp2.074.885,Rp0,Rp0,Rp0,Rp1.922.375,Rp1.637.169,Rp285.206,Rp0,Rp0,Rp0,Rp0,Rp0,Rp0,Rp0,Rp152.510,14,15,15,14,Rp138.326,8130,461,5.67%,33,7.16%,3.25%,6458,342,5.30%,21,6.14%,4.09%,Rp2.074.885,Rp0,Rp2.505.838,Rp416.385,Rp396.332,3,3,2870,174,125,8,6.06%,5.17%,Rp1.292.625,9,Rp0,Rp0,Rp0,0,0,0,0,0,0,0,0,Rp0,51,1303,23,1.77%,1,4.35%,0.00%,1162,17,1.46%,1,5.88%,0.00%,Rp1.922.375,Rp1.637.169,Rp285.206,13,14,12,2,14,12,2,13,Rp137.312,1,3873,309,7.98%,24,7.77%,4.53%,2852,229,8.03%,14,6.11%,5.68%,Rp0,Rp0,Rp0,Rp0,Rp0,Rp0,Rp0,0,0,0,0,Rp0,20,17,3,690,11,1.59%,0,0.00%,0.00%,615,10,1.63%,0,0.00%,0.00%,489,3,0.61%,0,0.00%,0.00%,458,3,0.66%,0,0.00%,0.00%,149,7,4.70%,0,0.00%,0.00%,127,7,5.51%,0,0.00%,0.00%,Rp152.510,Rp152.510,Rp0,1,1,1,0,1,1,0,1,Rp152.510,2264,118,5.21%,8,6.78%,0.85%,1887,89,4.72%,8,8.99%,1.12%
1 Lusin Meteran Karet Onix 7.5m 5m 3m Isi 12 Pcs Wilmer Meteran Tukang Tape Measure,1730523290968753661,produk terjual ≥1,Aktif,Rp2.045.680,Rp0,Rp0,Rp0,Rp0,Rp0,Rp0,Rp1.035.429,Rp0,Rp0,Rp0,Rp763.012,Rp763.012,Rp0,Rp1.010.251,11,11,13,11,Rp185.971,4734,227,4.80%,10,4.41%,4.85%,3764,170,4.52%,8,4.71%,6.47%,Rp2.045.680,Rp0,Rp2.451.618,Rp380.000,Rp250.985,1,1,2097,141,107,9,6.72%,6.38%,Rp1.649.663,11,Rp0,Rp0,Rp0,0,0,0,0,0,0,0,0,Rp0,0,0,0,0.00%,0,0.00%,0.00%,0,0,0.00%,0,0.00%,0.00%,Rp0,Rp0,Rp0,0,0,0,0,0,0,0,0,Rp0,0,3,0,0.00%,0,0.00%,0.00%,1,0,0.00%,0,0.00%,0.00%,Rp1.035.429,Rp0,Rp0,Rp0,Rp763.012,Rp763.012,Rp0,6,6,6,6,Rp172.572,5,3,3,2005,65,3.24%,1,1.54%,9.23%,1527,42,2.75%,1,2.38%,14.29%,19,0,0.00%,0,0.00%,0.00%,19,0,0.00%,0,0.00%,0.00%,1805,64,3.55%,1,1.56%,6.25%,1404,41,2.92%,1,2.44%,9.76%,Rp1.010.251,Rp1.010.251,Rp0,5,5,5,0,7,7,0,5,Rp202.050,2724,161,5.91%,9,5.59%,3.11%,2278,131,5.75%,7,5.34%,3.82%
YUKIDO  KUNCI RINGPAS SATUAN 6-32MM [GARANSI SEUMUR HIDUP - PATAH GANTI BARU],1729565176507106813,produk terjual ≥1,Aktif,Rp2.040.531,Rp0,Rp0,Rp0,Rp843.689,Rp843.689,Rp0,Rp1.103.717,Rp0,Rp0,Rp0,Rp1.103.717,Rp1.103.717,Rp0,Rp93.125,22,24,27,20,Rp85.022,9833,821,8.35%,51,6.21%,2.92%,5694,638,11.20%,27,4.23%,3.13%,Rp2.040.531,Rp0,Rp2.491.838,Rp380.805,Rp362.419,4,3,3962,392,298,10,9.89%,2.81%,Rp1.033.336,13,Rp0,Rp0,Rp0,0,0,0,0,0,0,0,0,Rp0,0,1,0,0.00%,0,0.00%,0.00%,1,0,0.00%,0,0.00%,0.00%,Rp843.689,Rp843.689,Rp0,9,10,10,0,10,10,0,8,Rp84.369,0,3494,329,9.42%,21,6.38%,3.04%,1599,269,16.82%,8,2.97%,2.97%,Rp1.103.717,Rp0,Rp0,Rp0,Rp1.103.717,Rp1.103.717,Rp0,11,11,14,10,Rp100.338,3,0,3,3894,428,10.99%,20,4.67%,2.57%,2491,315,12.65%,12,3.81%,3.17%,0,0,0.00%,0,0.00%,0.00%,0,0,0.00%,0,0.00%,0.00%,3854,428,11.11%,20,4.67%,2.57%,2472,315,12.74%,12,3.81%,3.17%,Rp93.125,Rp93.125,Rp0,2,3,3,0,3,3,0,2,Rp31.042,2441,64,2.62%,10,15.63%,4.69%,1841,56,3.04%,7,12.50%,3.57%
PAKET LENGKAP 3ITEM  ALAT TUKANG PALU METERAN TANG GEGEP HARGA TERMURAH,1730550453739619837,GMV ≥250 atau produk terjual ≥3,Aktif,Rp1.971.580,Rp0,Rp0,Rp0,Rp39.674,Rp0,Rp39.674,Rp578.818,Rp0,Rp0,Rp0,Rp142.342,Rp0,Rp142.342,Rp1.353.088,46,46,46,45,Rp42.860,20536,943,4.59%,45,4.77%,4.88%,16330,733,4.49%,45,6.14%,6.14%,Rp1.971.580,Rp0,Rp2.850.199,Rp744.190,Rp183.166,4,4,16728,761,606,35,4.55%,4.73%,Rp1.515.700,36,Rp0,Rp0,Rp0,0,0,0,0,0,0,0,0,Rp0,0,4,0,0.00%,0,0.00%,0.00%,3,0,0.00%,0,0.00%,0.00%,Rp39.674,Rp0,Rp39.674,1,1,0,1,1,0,1,1,Rp39.674,0,5,0,0.00%,0,0.00%,0.00%,5,0,0.00%,0,0.00%,0.00%,Rp578.818,Rp0,Rp0,Rp0,Rp142.342,Rp0,Rp142.342,13,13,13,12,Rp44.524,3,3,1,164,2,1.22%,0,0.00%,650.00%,129,2,1.55%,0,0.00%,600.00%,20,1,5.00%,0,0.00%,0.00%,20,1,5.00%,0,0.00%,0.00%,33,0,0.00%,0,0.00%,0.00%,32,0,0.00%,0,0.00%,0.00%,Rp1.353.088,Rp1.353.088,Rp0,32,32,32,0,32,32,0,32,Rp42.284,20363,941,4.62%,45,4.78%,3.40%,16193,731,4.51%,45,6.16%,4.38%
Mesin Jigsaw Gergaji Kayu Kekuatan Tinggi Mesin  Jig Saw Mesin Potong Kayu Jigsaw,1729780011812816381,produk terjual ≥1,Aktif,Rp1.947.519,Rp0,Rp0,Rp0,Rp1.217.446,Rp1.017.466,Rp199.980,Rp0,Rp0,Rp0,Rp0,Rp0,Rp0,Rp0,Rp730.073,9,9,9,8,Rp216.391,11121,585,5.26%,26,4.44%,1.54%,8740,469,5.37%,23,4.90%,1.71%,Rp1.947.519,Rp0,Rp2.287.148,Rp341.143,Rp1.110.641,5,5,6787,285,211,6,4.20%,2.46%,Rp1.454.594,7,Rp0,Rp0,Rp0,0,0,0,0,0,0,0,0,Rp0,1,1,0,0.00%,0,0.00%,0.00%,1,0,0.00%,0,0.00%,0.00%,Rp1.217.446,Rp1.017.466,Rp199.980,6,6,5,1,6,5,1,5,Rp202.908,0,4733,283,5.98%,10,3.53%,2.12%,3858,239,6.19%,10,4.18%,2.09%,Rp0,Rp0,Rp0,Rp0,Rp0,Rp0,Rp0,0,0,0,0,Rp0,3,1,2,323,29,8.98%,1,3.45%,0.00%,279,28,10.04%,1,3.57%,0.00%,0,0,0.00%,0,0.00%,0.00%,0,0,0.00%,0,0.00%,0.00%,300,29,9.67%,1,3.45%,0.00%,264,28,10.61%,1,3.57%,0.00%,Rp730.073,Rp730.073,Rp0,3,3,3,0,3,3,0,3,Rp243.358,6064,273,4.50%,15,5.49%,1.10%,4942,210,4.25%,12,5.71%,1.43%
PAKET 1 LUSIN Grendel tower bolt per lusin selot Harga grosir murah banget GRENDEL TOWER BOLT 2inch 5cm slot pintu non ecer kotakan untuk jual lagi sepaket,1730326047819007485,produk terjual ≥1,Aktif,Rp1.915.000,Rp0,Rp0,Rp0,Rp616.676,Rp471.483,Rp145.193,Rp433.901,Rp0,Rp0,Rp0,Rp0,Rp0,Rp0,Rp864.423,19,23,33,15,Rp83.261,6024,256,4.25%,25,9.77%,8.98%,4869,209,4.29%,15,7.18%,7.18%,Rp1.915.000,Rp0,Rp2.412.929,Rp481.225,Rp302.614,5,3,4463,188,154,9,4.21%,8.51%,Rp1.367.639,25,Rp0,Rp0,Rp0,0,0,0,0,0,0,0,0,Rp0,0,1,0,0.00%,0,0.00%,0.00%,1,0,0.00%,0,0.00%,0.00%,Rp616.676,Rp471.483,Rp145.193,6,8,6,2,10,8,2,4,Rp77.084,0,5,0,0.00%,0,0.00%,0.00%,5,0,0.00%,0,0.00%,0.00%,Rp433.901,Rp0,Rp0,Rp0,Rp0,Rp0,Rp0,4,6,7,4,Rp72.317,2,3,0,1442,47,3.26%,5,10.64%,12.77%,1182,34,2.88%,3,8.82%,11.76%,151,1,0.66%,0,0.00%,0.00%,111,1,0.90%,0,0.00%,0.00%,1167,44,3.77%,5,11.36%,0.00%,996,31,3.11%,3,9.68%,0.00%,Rp864.423,Rp864.423,Rp0,9,9,9,0,16,16,0,7,Rp96.047,4575,209,4.57%,20,9.57%,4.31%,3748,177,4.72%,13,7.34%,3.95%
"BOSCH GCO 230 Cut Off Machine 14"" / Mesin Potong Besi 14 Inch",1729645013185890813,produk terjual ≥1,Aktif,Rp1.910.415,Rp0,Rp0,Rp0,Rp0,Rp0,Rp0,Rp0,Rp0,Rp0,Rp0,Rp0,Rp0,Rp0,Rp1.910.415,1,1,1,1,Rp1.910.415,1821,49,2.69%,0,0.00%,2.04%,1609,44,2.73%,0,0.00%,2.27%,Rp1.910.415,Rp0,Rp2.442.415,Rp60.000,Rp1.910.415,1,1,887,27,24,0,3.04%,0.00%,Rp0,0,Rp0,Rp0,Rp0,0,0,0,0,0,0,0,0,Rp0,2,28,0,0.00%,0,0.00%,0.00%,26,0,0.00%,0,0.00%,0.00%,Rp0,Rp0,Rp0,0,0,0,0,0,0,0,0,Rp0,0,0,0,0.00%,0,0.00%,0.00%,0,0,0.00%,0,0.00%,0.00%,Rp0,Rp0,Rp0,Rp0,Rp0,Rp0,Rp0,0,0,0,0,Rp0,3,3,0,700,21,3.00%,0,0.00%,0.00%,601,17,2.83%,0,0.00%,0.00%,442,8,1.81%,0,0.00%,0.00%,391,7,1.79%,0,0.00%,0.00%,229,12,5.24%,0,0.00%,0.00%,191,9,4.71%,0,0.00%,0.00%,Rp1.910.415,Rp1.910.415,Rp0,1,1,1,0,1,1,0,1,Rp1.910.415,1093,28,2.56%,0,0.00%,3.57%,948,27,2.85%,0,0.00%,3.70%
ELLKA Kawat Las Mig 1.0 mm Kawat Las CO2 Tanpa Gas flux Cored MIG 1mm,1729967280089171453,produk terjual ≥1,Aktif,Rp1.897.176,Rp0,Rp0,Rp0,Rp272.852,Rp0,Rp272.852,Rp1.298.538,Rp0,Rp0,Rp0,Rp1.298.538,Rp1.105.303,Rp193.235,Rp325.786,14,14,26,13,Rp135.513,8008,278,3.47%,12,4.32%,5.04%,5643,228,4.04%,9,3.95%,5.70%,Rp1.897.176,Rp0,Rp2.317.926,Rp588.079,Rp441.821,5,4,2419,89,68,9,3.68%,10.11%,Rp1.110.466,15,Rp0,Rp0,Rp0,0,0,0,0,0,0,0,0,Rp0,41,600,6,1.00%,0,0.00%,0.00%,543,6,1.10%,0,0.00%,0.00%,Rp272.852,Rp0,Rp272.852,1,1,0,1,4,0,4,1,Rp272.852,0,9,0,0.00%,0,0.00%,0.00%,7,0,0.00%,0,0.00%,0.00%,Rp1.298.538,Rp0,Rp0,Rp0,Rp1.298.538,Rp1.105.303,Rp193.235,10,10,17,9,Rp129.854,3,3,0,4722,194,4.11%,1,0.52%,5.15%,2958,166,5.61%,1,0.60%,5.42%,9,0,0.00%,0,0.00%,0.00%,9,0,0.00%,0,0.00%,0.00%,4628,192,4.15%,1,0.52%,5.21%,2893,165,5.70%,1,0.61%,5.45%,Rp325.786,Rp325.786,Rp0,3,3,3,0,5,5,0,3,Rp108.595,2677,78,2.91%,11,14.10%,3.85%,2284,58,2.54%,8,13.79%,5.17%
GUNTING KOREA GUNTING DAHAN RANTING  SERBAGUNA HOLO HOLLOW SENG BAJA RINGAN DAN LAIN LAIN,1730203636629734909,GMV ≥250 atau produk terjual ≥3,Aktif,Rp1.879.895,Rp0,Rp0,Rp0,Rp21.994,Rp21.994,Rp0,Rp1.682.200,Rp0,Rp0,Rp0,Rp1.605.521,Rp1.566.572,Rp38.949,Rp175.701,44,44,83,43,Rp42.725,13916,592,4.25%,27,4.56%,7.43%,10645,466,4.38%,25,5.36%,9.23%,Rp1.879.895,Rp0,Rp2.498.435,Rp657.029,Rp152.845,6,5,7195,299,228,29,4.16%,10.03%,Rp1.181.528,54,Rp0,Rp0,Rp0,0,0,0,0,0,0,0,0,Rp0,0,1,0,0.00%,0,0.00%,0.00%,1,0,0.00%,0,0.00%,0.00%,Rp21.994,Rp21.994,Rp0,1,1,1,0,1,1,0,1,Rp21.994,0,16,1,6.25%,0,0.00%,100.00%,12,1,8.33%,0,0.00%,100.00%,Rp1.682.200,Rp0,Rp0,Rp0,Rp1.605.521,Rp1.566.572,Rp38.949,36,36,75,35,Rp46.728,20,2,18,8933,425,4.76%,14,3.29%,8.47%,6216,316,5.08%,12,3.80%,11.08%,14,0,0.00%,0,0.00%,0.00%,6,0,0.00%,0,0.00%,0.00%,8545,421,4.93%,13,3.09%,7.84%,5983,313,5.23%,11,3.51%,10.22%,Rp175.701,Rp175.701,Rp0,7,7,7,0,7,7,0,7,Rp25.100,4964,166,3.34%,13,7.83%,4.22%,3964,142,3.58%,13,9.15%,4.93%
Tekipo by TEKIRO Kunci Ring Pas Set 11 pcs 8-24mm Chrome Vanadium bersertifikat JIS Japan Industrial Standar,1730985677416596989,produk terjual ≥1,Aktif,Rp1.808.890,Rp0,Rp0,Rp0,Rp1.204.425,Rp1.204.425,Rp0,Rp289.850,Rp0,Rp0,Rp0,Rp0,Rp0,Rp0,Rp314.615,6,6,6,6,Rp301.482,5466,304,5.56%,21,6.91%,1.97%,4418,249,5.64%,18,7.23%,2.41%,Rp1.808.890,Rp0,Rp2.098.340,Rp198.000,Rp611.757,2,2,3766,218,174,5,5.79%,2.29%,Rp1.494.275,5,Rp0,Rp0,Rp0,0,0,0,0,0,0,0,0,Rp0,4,70,0,0.00%,0,0.00%,0.00%,59,0,0.00%,0,0.00%,0.00%,Rp1.204.425,Rp1.204.425,Rp0,4,4,4,0,4,4,0,4,Rp301.106,0,2159,146,6.76%,7,4.79%,2.74%,1768,115,6.50%,6,5.22%,3.48%,Rp289.850,Rp0,Rp0,Rp0,Rp0,Rp0,Rp0,1,1,1,1,Rp289.850,5,3,2,535,29,5.42%,3,10.34%,3.45%,443,27,6.09%,2,7.41%,3.70%,132,1,0.76%,0,0.00%,0.00%,106,1,0.94%,0,0.00%,0.00%,312,27,8.65%,3,11.11%,0.00%,283,25,8.83%,2,8.00%,0.00%,Rp314.615,Rp314.615,Rp0,1,1,1,0,1,1,0,1,Rp314.615,2702,129,4.77%,11,8.53%,0.78%,2217,110,4.96%,10,9.09%,0.91%
Mesin Jigsaw Gergaji Kayu Kekuatan Tinggi Mesin Jig Saw Mesin Potong Kayu Jigsaw 400w Bonus 2 Mata Pisau,1730746568549762557,produk terjual ≥1,Aktif,Rp1.779.211,Rp0,Rp0,Rp0,Rp0,Rp0,Rp0,Rp1.591.192,Rp863.752,Rp863.752,Rp0,Rp225.300,Rp225.300,Rp0,Rp188.019,8,8,8,8,Rp222.401,14725,507,3.44%,17,3.35%,1.58%,12413,419,3.38%,14,3.34%,1.91%,Rp1.779.211,Rp0,Rp2.245.411,Rp467.000,Rp406.210,2,2,3817,110,88,2,2.88%,1.82%,Rp385.947,2,Rp0,Rp0,Rp0,0,0,0,0,0,0,0,0,Rp0,5,201,7,3.48%,0,0.00%,0.00%,170,6,3.53%,0,0.00%,0.00%,Rp0,Rp0,Rp0,0,0,0,0,0,0,0,0,Rp0,0,4,0,0.00%,0,0.00%,0.00%,3,0,0.00%,0,0.00%,0.00%,Rp1.591.192,Rp863.752,Rp863.752,Rp0,Rp225.300,Rp225.300,Rp0,7,7,7,7,Rp227.313,29,30,6,5858,248,4.23%,8,3.23%,2.82%,4568,173,3.79%,6,3.47%,4.05%,3615,93,2.57%,3,3.23%,4.30%,2821,61,2.16%,2,3.28%,6.56%,2080,154,7.40%,5,3.25%,0.65%,1664,111,6.67%,4,3.60%,0.90%,Rp188.019,Rp188.019,Rp0,1,1,1,0,1,1,0,1,Rp188.019,8659,252,2.91%,9,3.57%,0.40%,7170,205,2.86%,8,3.90%,0.49%
PAKET SPRAYGUN YUKIDO HVLP DAN SELANG COMPRESOR SPIRAL PAKET ALAT CAT SEMPROT TERMURAH,1730681600403277309,GMV & produk terjual = 0,Aktif,Rp1.774.648,Rp0,Rp0,Rp0,Rp244.206,Rp244.206,Rp0,Rp750.861,Rp0,Rp0,Rp0,Rp750.861,Rp750.861,Rp0,Rp779.581,7,7,7,7,Rp253.521,6611,347,5.25%,25,7.20%,2.02%,5401,274,5.07%,24,8.76%,2.55%,Rp1.774.648,Rp0,Rp2.124.552,Rp272.277,Rp468.982,2,2,4374,216,178,4,4.94%,1.85%,Rp1.050.847,4,Rp0,Rp0,Rp0,0,0,0,0,0,0,0,0,Rp0,1,36,2,5.56%,0,0.00%,0.00%,32,1,3.13%,0,0.00%,0.00%,Rp244.206,Rp244.206,Rp0,1,1,1,0,1,1,0,1,Rp244.206,0,249,16,6.43%,1,6.25%,6.25%,151,14,9.27%,1,7.14%,7.14%,Rp750.861,Rp0,Rp0,Rp0,Rp750.861,Rp750.861,Rp0,3,3,3,3,Rp250.287,4,0,4,2555,147,5.75%,10,6.80%,2.04%,2215,120,5.42%,9,7.50%,2.50%,0,0,0.00%,0,0.00%,0.00%,0,0,0.00%,0,0.00%,0.00%,2352,145,6.16%,10,6.90%,2.07%,2101,118,5.62%,9,7.63%,2.54%,Rp779.581,Rp779.581,Rp0,3,3,3,0,3,3,0,3,Rp259.860,3771,182,4.83%,14,7.69%,1.65%,3128,145,4.64%,14,9.66%,2.07%
PAKET HEMAT 3 MESIN BOR 10 MM GERINDA 4 INCH MESIN LAS 450 WATT,1730885354183362045,produk terjual ≥1,Aktif,Rp1.768.362,Rp0,Rp0,Rp0,Rp0,Rp0,Rp0,Rp0,Rp0,Rp0,Rp0,Rp0,Rp0,Rp0,Rp1.768.362,2,2,2,2,Rp884.181,1410,57,4.04%,6,10.53%,3.51%,1184,41,3.46%,5,12.20%,4.88%,Rp1.768.362,Rp0,Rp2.162.009,Rp441.000,Rp1.768.362,2,2,949,36,24,2,3.79%,5.56%,Rp1.768.362,2,Rp0,Rp0,Rp0,0,0,0,0,0,0,0,0,Rp0,1,27,0,0.00%,0,0.00%,0.00%,25,0,0.00%,0,0.00%,0.00%,Rp0,Rp0,Rp0,0,0,0,0,0,0,0,0,Rp0,0,0,0,0.00%,0,0.00%,0.00%,0,0,0.00%,0,0.00%,0.00%,Rp0,Rp0,Rp0,Rp0,Rp0,Rp0,Rp0,0,0,0,0,Rp0,0,0,0,10,0,0.00%,0,0.00%,0.00%,4,0,0.00%,0,0.00%,0.00%,0,0,0.00%,0,0.00%,0.00%,0,0,0.00%,0,0.00%,0.00%,0,0,0.00%,0,0.00%,0.00%,0,0,0.00%,0,0.00%,0.00%,Rp1.768.362,Rp1.768.362,Rp0,2,2,2,0,2,2,0,2,Rp884.181,1373,57,4.15%,6,10.53%,3.51%,1155,41,3.55%,5,12.20%,4.88%
Gergaji Mesin Chainsaw 58CC 2Tak 22inch Gergaji Potong Pohon Kayu Gergaji Mesin Potong,1736126365674538493,produk terjual ≥1,Aktif,Rp1.703.870,Rp0,Rp0,Rp0,Rp0,Rp0,Rp0,Rp0,Rp0,Rp0,Rp0,Rp0,Rp0,Rp0,Rp1.703.870,2,2,2,2,Rp851.935,2868,106,3.70%,2,1.89%,1.89%,2466,92,3.73%,2,2.17%,2.17%,Rp1.703.870,Rp0,Rp1.818.870,Rp115.000,Rp0,0,0,1307,48,45,1,3.67%,2.08%,Rp851.935,1,Rp0,Rp0,Rp0,0,0,0,0,0,0,0,0,Rp0,3,27,0,0.00%,0,0.00%,0.00%,24,0,0.00%,0,0.00%,0.00%,Rp0,Rp0,Rp0,0,0,0,0,0,0,0,0,Rp0,0,2,0,0.00%,0,0.00%,0.00%,2,0,0.00%,0,0.00%,0.00%,Rp0,Rp0,Rp0,Rp0,Rp0,Rp0,Rp0,0,0,0,0,Rp0,0,0,0,4,0,0.00%,0,0.00%,0.00%,0,0,0.00%,0,0.00%,0.00%,0,0,0.00%,0,0.00%,0.00%,0,0,0.00%,0,0.00%,0.00%,0,0,0.00%,0,0.00%,0.00%,0,0,0.00%,0,0.00%,0.00%,Rp1.703.870,Rp1.703.870,Rp0,2,2,2,0,2,2,0,2,Rp851.935,2832,106,3.74%,2,1.89%,1.89%,2262,82,3.63%,2,2.44%,2.44%
Fujiyama 25 pcs Mata Gerinda Potong Flip Disc Batu Potong Besi Cutting Wheel 107 X 1 X 16 mm - isi 25,1730187547309934077,produk terjual ≥1,Aktif,Rp1.647.433,Rp0,Rp0,Rp0,Rp554.353,Rp554.353,Rp0,Rp489.034,Rp0,Rp0,Rp0,Rp289.503,Rp289.503,Rp0,Rp604.046,21,21,23,21,Rp78.449,7450,223,2.99%,14,6.28%,9.42%,5735,175,3.05%,13,7.43%,12.00%,Rp1.647.433,Rp0,Rp2.132.325,Rp489.174,Rp130.766,2,2,4566,146,118,15,3.20%,10.27%,Rp1.217.426,17,Rp0,Rp0,Rp0,0,0,0,0,0,0,0,0,Rp0,0,0,0,0.00%,0,0.00%,0.00%,0,0,0.00%,0,0.00%,0.00%,Rp554.353,Rp554.353,Rp0,8,8,8,0,8,8,0,8,Rp69.294,0,6,0,0.00%,0,0.00%,0.00%,6,0,0.00%,0,0.00%,0.00%,Rp489.034,Rp0,Rp0,Rp0,Rp289.503,Rp289.503,Rp0,6,6,7,6,Rp81.506,5,1,6,4216,128,3.04%,5,3.91%,4.69%,3035,98,3.23%,4,4.08%,6.12%,5,0,0.00%,0,0.00%,0.00%,4,0,0.00%,0,0.00%,0.00%,3900,122,3.13%,5,4.10%,2.46%,2940,95,3.23%,4,4.21%,3.16%,Rp604.046,Rp604.046,Rp0,7,7,7,0,8,8,0,7,Rp86.292,3224,95,2.95%,9,9.47%,7.37%,2718,77,2.83%,9,11.69%,9.09%
"COD Paket Bengkel 3 Item Selang Recoil House 12M 9M 6M 4,5M Kompresor Air Duster & Air Chuck untuk Ban Kendaraan",1730681649334355453,produk terjual ≥1,Aktif,Rp1.609.708,Rp0,Rp0,Rp0,Rp293.121,Rp0,Rp293.121,Rp416.160,Rp0,Rp0,Rp0,Rp0,Rp0,Rp0,Rp900.427,19,19,19,18,Rp84.721,3845,178,4.63%,17,9.55%,10.67%,3011,136,4.52%,16,11.76%,13.24%,Rp1.609.708,Rp0,Rp2.115.126,Rp487.500,Rp226.988,3,3,2939,135,104,12,4.59%,9.63%,Rp1.064.578,13,Rp0,Rp0,Rp0,0,0,0,0,0,0,0,0,Rp0,0,0,0,0.00%,0,0.00%,0.00%,0,0,0.00%,0,0.00%,0.00%,Rp293.121,Rp0,Rp293.121,3,3,0,3,3,0,3,3,Rp97.707,0,1,0,0.00%,0,0.00%,0.00%,1,0,0.00%,0,0.00%,0.00%,Rp416.160,Rp0,Rp0,Rp0,Rp0,Rp0,Rp0,5,5,5,4,Rp83.232,0,0,0,10,0,0.00%,0,0.00%,0.00%,6,0,0.00%,0,0.00%,0.00%,0,0,0.00%,0,0.00%,0.00%,0,0,0.00%,0,0.00%,0.00%,0,0,0.00%,0,0.00%,0.00%,0,0,0.00%,0,0.00%,0.00%,Rp900.427,Rp900.427,Rp0,11,11,11,0,11,11,0,11,Rp81.857,3834,178,4.64%,17,9.55%,6.18%,3004,136,4.53%,16,11.76%,8.09%
Paket Hemat Selang Kompresor 10M Plus Stick Sanchin 20cm 35cm 45cm Selang Angin 10m Tekanan Tinggi high pressure,1730354308185556477,GMV & produk terjual = 0,Aktif,Rp1.603.060,Rp109.859,Rp109.859,Rp0,Rp108.025,Rp108.025,Rp0,Rp936.422,Rp0,Rp0,Rp0,Rp936.422,Rp936.422,Rp0,Rp448.754,13,13,13,13,Rp123.312,20409,814,3.99%,19,2.33%,1.60%,15418,640,4.15%,15,2.34%,2.03%,Rp1.603.060,Rp0,Rp2.043.667,Rp608.000,Rp223.600,2,2,6501,198,148,6,3.05%,3.03%,Rp782.213,6,Rp109.859,Rp109.859,Rp0,1,1,1,0,1,1,0,1,Rp109.859,43,1237,10,0.81%,0,0.00%,10.00%,1034,9,0.87%,0,0.00%,11.11%,Rp108.025,Rp108.025,Rp0,1,1,1,0,1,1,0,1,Rp108.025,0,799,49,6.13%,0,0.00%,2.04%,741,36,4.86%,0,0.00%,2.78%,Rp936.422,Rp0,Rp0,Rp0,Rp936.422,Rp936.422,Rp0,8,8,8,8,Rp117.053,17,1,17,11485,586,5.10%,12,2.05%,1.37%,8671,476,5.49%,11,2.31%,1.68%,55,1,1.82%,0,0.00%,0.00%,52,1,1.92%,0,0.00%,0.00%,11107,583,5.25%,12,2.06%,1.37%,8424,473,5.61%,11,2.33%,1.69%,Rp448.754,Rp448.754,Rp0,3,3,3,0,3,3,0,3,Rp149.585,6888,169,2.45%,7,4.14%,1.78%,5734,146,2.55%,4,2.74%,2.05%
MESIN PASAH SERUT KAYU / MESIN KETAM / MESIN SUGU / MESIN PLANER MESIN PENGHALUS / POLES KAYU LISTRIK,1729996903816333821,GMV & produk terjual = 0,Aktif,Rp1.591.127,Rp0,Rp0,Rp0,Rp1.131.602,Rp1.131.602,Rp0,Rp0,Rp0,Rp0,Rp0,Rp0,Rp0,Rp0,Rp459.525,9,9,9,9,Rp176.792,70994,329,0.46%,4,1.22%,2.74%,69741,259,0.37%,4,1.54%,3.47%,Rp1.591.127,Rp0,Rp2.157.335,Rp398.000,Rp773.462,4,4,65487,241,200,7,0.37%,2.90%,Rp1.254.901,7,Rp0,Rp0,Rp0,0,0,0,0,0,0,0,0,Rp0,0,0,0,0.00%,0,0.00%,0.00%,0,0,0.00%,0,0.00%,0.00%,Rp1.131.602,Rp1.131.602,Rp0,7,7,7,0,7,7,0,7,Rp161.657,0,3338,127,3.80%,4,3.15%,5.51%,2678,87,3.25%,4,4.60%,8.05%,Rp0,Rp0,Rp0,Rp0,Rp0,Rp0,Rp0,0,0,0,0,Rp0,0,0,0,29,0,0.00%,0,0.00%,0.00%,23,0,0.00%,0,0.00%,0.00%,0,0,0.00%,0,0.00%,0.00%,0,0,0.00%,0,0.00%,0.00%,0,0,0.00%,0,0.00%,0.00%,0,0,0.00%,0,0.00%,0.00%,Rp459.525,Rp459.525,Rp0,2,2,2,0,2,2,0,2,Rp229.762,67626,202,0.30%,0,0.00%,0.99%,67137,176,0.26%,0,0.00%,1.14%
PALU PAKET ALAT TUKANG METERAN /TANG GEGEP HARGA TERMURAH BOSKUH,1729764053177304573,produk terjual ≥1,Aktif,Rp1.567.728,Rp0,Rp0,Rp0,Rp125.615,Rp0,Rp125.615,Rp464.633,Rp0,Rp0,Rp0,Rp66.397,Rp0,Rp66.397,Rp977.480,42,42,42,42,Rp37.327,14424,454,3.15%,33,7.27%,9.25%,11078,361,3.26%,31,8.59%,11.63%,Rp1.567.728,Rp0,Rp2.278.180,Rp696.250,Rp436.171,10,10,11242,352,289,35,3.13%,9.94%,Rp1.303.294,35,Rp0,Rp0,Rp0,0,0,0,0,0,0,0,0,Rp0,6,127,1,0.79%,0,0.00%,0.00%,105,1,0.95%,0,0.00%,0.00%,Rp125.615,Rp0,Rp125.615,4,4,0,4,4,0,4,4,Rp31.404,0,8,0,0.00%,0,0.00%,0.00%,8,0,0.00%,0,0.00%,0.00%,Rp464.633,Rp0,Rp0,Rp0,Rp66.397,Rp0,Rp66.397,12,12,12,12,Rp38.719,0,0,0,86,3,3.49%,0,0.00%,400.00%,60,2,3.33%,0,0.00%,600.00%,0,0,0.00%,0,0.00%,0.00%,0,0,0.00%,0,0.00%,0.00%,3,2,66.67%,0,0.00%,100.00%,2,1,50.00%,0,0.00%,200.00%,Rp977.480,Rp977.480,Rp0,26,26,26,0,26,26,0,26,Rp37.595,14202,450,3.17%,33,7.33%,5.78%,10769,354,3.29%,31,8.76%,7.34%
Bosch Jet Cleaner Easy Aquatak 100 LL Mesin Steam Kendaraan Hemat Energi 1100 Watt Jet Pembersih Kuat Hingga Lembut 100 BAR 300 L/H,1733025317847795197,produk terjual ≥1,Aktif,Rp1.563.985,Rp0,Rp0,Rp0,Rp0,Rp0,Rp0,Rp1.563.985,Rp0,Rp0,Rp0,Rp0,Rp0,Rp0,Rp0,1,1,1,1,Rp1.563.985,1564,88,5.63%,3,3.41%,1.14%,1334,63,4.72%,3,4.76%,1.59%,Rp1.563.985,Rp0,Rp1.670.985,Rp87.000,Rp0,0,0,895,45,31,1,5.03%,2.22%,Rp1.563.985,1,Rp0,Rp0,Rp0,0,0,0,0,0,0,0,0,Rp0,0,0,0,0.00%,0,0.00%,0.00%,0,0,0.00%,0,0.00%,0.00%,Rp0,Rp0,Rp0,0,0,0,0,0,0,0,0,Rp0,0,0,0,0.00%,0,0.00%,0.00%,0,0,0.00%,0,0.00%,0.00%,Rp1.563.985,Rp0,Rp0,Rp0,Rp0,Rp0,Rp0,1,1,1,1,Rp1.563.985,3,4,0,182,1,0.55%,0,0.00%,100.00%,172,1,0.58%,0,0.00%,100.00%,182,1,0.55%,0,0.00%,0.00%,172,1,0.58%,0,0.00%,0.00%,0,0,0.00%,0,0.00%,0.00%,0,0,0.00%,0,0.00%,0.00%,Rp0,Rp0,Rp0,0,0,0,0,0,0,0,0,Rp0,1382,87,6.30%,3,3.45%,0.00%,1163,62,5.33%,3,4.84%,0.00%
YUKIDO TABUNG SPRAY GUN SPRAY GUN CUP KAPASITAS 400 ML UNTUK SPRAY GUN TIPE ATAS F75 / ATAS F100/ ATAS K3,1729735835196426749,produk terjual ≥1,Aktif,Rp1.557.708,Rp0,Rp0,Rp0,Rp892.226,Rp671.957,Rp220.269,Rp623.870,Rp0,Rp0,Rp0,Rp623.870,Rp623.870,Rp0,Rp41.612,27,27,29,23,Rp57.693,18252,641,3.51%,31,4.84%,4.21%,8478,461,5.44%,25,5.42%,4.99%,Rp1.557.708,Rp0,Rp2.026.649,Rp615.500,Rp496.734,9,7,4736,158,133,6,3.34%,4.43%,Rp361.596,7,Rp0,Rp0,Rp0,0,0,0,0,0,0,0,0,Rp0,1,113,0,0.00%,0,0.00%,0.00%,89,0,0.00%,0,0.00%,0.00%,Rp892.226,Rp671.957,Rp220.269,15,15,12,3,16,12,4,11,Rp59.482,0,6328,203,3.21%,7,3.45%,7.39%,1982,141,7.11%,6,4.26%,7.80%,Rp623.870,Rp0,Rp0,Rp0,Rp623.870,Rp623.870,Rp0,11,11,12,11,Rp56.715,1,0,0,7813,334,4.27%,21,6.29%,3.29%,4289,262,6.11%,17,6.49%,4.20%,0,0,0.00%,0,0.00%,0.00%,0,0,0.00%,0,0.00%,0.00%,7730,334,4.32%,21,6.29%,3.29%,4222,262,6.21%,17,6.49%,4.20%,Rp41.612,Rp41.612,Rp0,1,1,1,0,1,1,0,1,Rp41.612,3996,104,2.60%,3,2.88%,0.96%,3238,100,3.09%,3,3.00%,1.00%
KDK Spray Gun K3 Tabung Atas 0.6 mm-  Spraygun K 3 R3 K3B 250 mL Sagolaa,1732700159011948029,produk terjual ≥1,Aktif,Rp1.554.464,Rp0,Rp0,Rp0,Rp293.102,Rp293.102,Rp0,Rp1.163.998,Rp0,Rp0,Rp0,Rp1.066.634,Rp969.270,Rp97.364,Rp97.364,16,16,16,16,Rp97.154,11111,671,6.04%,56,8.35%,2.38%,7522,504,6.70%,44,8.73%,3.17%,Rp1.554.464,Rp0,Rp1.994.589,Rp437.500,Rp190.789,2,2,4226,199,164,5,4.71%,2.51%,Rp478.538,5,Rp0,Rp0,Rp0,0,0,0,0,0,0,0,0,Rp0,39,509,8,1.57%,0,0.00%,0.00%,195,3,1.54%,0,0.00%,0.00%,Rp293.102,Rp293.102,Rp0,3,3,3,0,3,3,0,3,Rp97.701,0,1539,99,6.43%,7,7.07%,3.03%,1151,86,7.47%,7,8.14%,3.49%,Rp1.163.998,Rp0,Rp0,Rp0,Rp1.066.634,Rp969.270,Rp97.364,12,12,12,12,Rp97.000,0,0,0,5447,417,7.66%,38,9.11%,2.88%,3579,306,8.55%,31,10.13%,3.92%,0,0,0.00%,0,0.00%,0.00%,0,0,0.00%,0,0.00%,0.00%,5347,415,7.76%,38,9.16%,2.65%,3516,305,8.67%,31,10.16%,3.61%,Rp97.364,Rp97.364,Rp0,1,1,1,0,1,1,0,1,Rp97.364,3617,147,4.06%,11,7.48%,0.68%,2769,129,4.66%,8,6.20%,0.78%
Regulator Tabung Gas Oxygen Oksigen Untuk Las Skls YAMATO / Regulator Las Tabung Oksigen,1731657712784279037,produk terjual ≥1,Aktif,Rp1.510.069,Rp0,Rp0,Rp0,Rp0,Rp0,Rp0,Rp1.278.620,Rp0,Rp0,Rp0,Rp1.278.620,Rp1.112.475,Rp166.145,Rp231.449,10,10,11,10,Rp151.007,4721,133,2.82%,7,5.26%,7.52%,2603,108,4.15%,5,4.63%,9.26%,Rp1.510.069,Rp0,Rp1.825.267,Rp336.500,Rp281.487,2,2,916,28,23,2,3.06%,7.14%,Rp231.449,2,Rp0,Rp0,Rp0,0,0,0,0,0,0,0,0,Rp0,0,0,0,0.00%,0,0.00%,0.00%,0,0,0.00%,0,0.00%,0.00%,Rp0,Rp0,Rp0,0,0,0,0,0,0,0,0,Rp0,0,452,5,1.11%,0,0.00%,0.00%,219,5,2.28%,0,0.00%,0.00%,Rp1.278.620,Rp0,Rp0,Rp0,Rp1.278.620,Rp1.112.475,Rp166.145,8,8,9,8,Rp159.828,6,2,4,3235,93,2.87%,6,6.45%,8.60%,1650,77,4.67%,4,5.19%,10.39%,33,1,3.03%,0,0.00%,0.00%,33,1,3.03%,0,0.00%,0.00%,3159,92,2.91%,6,6.52%,8.70%,1593,76,4.77%,4,5.26%,10.53%,Rp231.449,Rp231.449,Rp0,2,2,2,0,2,2,0,2,Rp115.724,1033,35,3.39%,1,2.86%,5.71%,844,27,3.20%,1,3.70%,7.41%
Bor Electric Drill 10mm Set  Mesin Bor 10mm 350W Variable Speed 2200-2600rpm dengan 32 Pcs Mata Bor Logam dan Alat Bantu,1729641179343194621,GMV & produk terjual = 0,Aktif,Rp1.479.311,Rp0,Rp0,Rp0,Rp649.001,Rp649.001,Rp0,Rp378.234,Rp0,Rp0,Rp0,Rp0,Rp0,Rp0,Rp452.076,7,7,7,6,Rp211.330,6594,267,4.05%,12,4.49%,2.62%,5565,229,4.12%,12,5.24%,2.62%,Rp1.479.311,Rp0,Rp1.781.694,Rp392.000,Rp749.771,3,3,3882,128,108,4,3.30%,3.91%,Rp1.025.342,5,Rp0,Rp0,Rp0,0,0,0,0,0,0,0,0,Rp0,30,1160,22,1.90%,0,0.00%,0.00%,986,18,1.83%,0,0.00%,0.00%,Rp649.001,Rp649.001,Rp0,3,3,3,0,3,3,0,2,Rp216.334,0,938,40,4.26%,1,2.50%,7.50%,829,33,3.98%,1,3.03%,6.06%,Rp378.234,Rp0,Rp0,Rp0,Rp0,Rp0,Rp0,2,2,2,2,Rp189.117,5,3,3,609,81,13.30%,2,2.47%,2.47%,526,71,13.50%,2,2.82%,2.82%,5,1,20.00%,0,0.00%,0.00%,5,1,20.00%,0,0.00%,0.00%,534,76,14.23%,2,2.63%,0.00%,480,67,13.96%,2,2.99%,0.00%,Rp452.076,Rp452.076,Rp0,2,2,2,0,2,2,0,2,Rp226.038,3887,124,3.19%,9,7.26%,1.61%,3286,108,3.29%,9,8.33%,1.85%
"Waterpump Pompa Air 2"" 3"" EDON WP50 WO80 / Pompa Sedot Air Irigrasi Sawah Alkon Dim 2 3 Inch 4 Tak Bensin Water Pump WP-50 WP-80 WP 50 80 EDON",1732898746932233725,produk terjual ≥1,Aktif,Rp1.419.555,Rp0,Rp0,Rp0,Rp0,Rp0,Rp0,Rp1.419.555,Rp0,Rp0,Rp0,Rp0,Rp0,Rp0,Rp0,1,1,1,1,Rp1.419.555,7582,247,3.26%,2,0.81%,0.40%,6486,217,3.35%,2,0.92%,0.46%,Rp1.419.555,Rp0,Rp1.534.555,Rp176.000,Rp0,0,0,4992,156,135,1,3.13%,0.64%,Rp1.419.555,1,Rp0,Rp0,Rp0,0,0,0,0,0,0,0,0,Rp0,1,76,7,9.21%,0,0.00%,0.00%,70,4,5.71%,0,0.00%,0.00%,Rp0,Rp0,Rp0,0,0,0,0,0,0,0,0,Rp0,0,0,0,0.00%,0,0.00%,0.00%,0,0,0.00%,0,0.00%,0.00%,Rp1.419.555,Rp0,Rp0,Rp0,Rp0,Rp0,Rp0,1,1,1,1,Rp1.419.555,1,0,1,1238,35,2.83%,0,0.00%,2.86%,971,30,3.09%,0,0.00%,3.33%,0,0,0.00%,0,0.00%,0.00%,0,0,0.00%,0,0.00%,0.00%,1184,34,2.87%,0,0.00%,0.00%,926,29,3.13%,0,0.00%,0.00%,Rp0,Rp0,Rp0,0,0,0,0,0,0,0,0,Rp0,6267,205,3.27%,2,0.98%,0.00%,5235,176,3.36%,2,1.14%,0.00%
Timah Solder 1 mm Lot No 40g Type 63% Minyak Solder High Quality Rosin Flux Kualitas Terpercaya untuk Soldering Optimal,1732901092170827261,GMV ≥250 atau produk terjual ≥3,Aktif,Rp1.387.197,Rp0,Rp0,Rp0,Rp0,Rp0,Rp0,Rp1.324.880,Rp0,Rp0,Rp0,Rp1.280.674,Rp1.196.349,Rp84.325,Rp62.317,59,59,62,59,Rp23.512,20155,1294,6.42%,94,7.26%,4.56%,16690,1065,6.38%,89,8.36%,5.54%,Rp1.387.197,Rp0,Rp2.215.792,Rp1.048.000,Rp238.707,8,8,6945,283,213,20,4.07%,7.07%,Rp439.741,22,Rp0,Rp0,Rp0,0,0,0,0,0,0,0,0,Rp0,3,32,0,0.00%,0,0.00%,0.00%,32,0,0.00%,0,0.00%,0.00%,Rp0,Rp0,Rp0,0,0,0,0,0,0,0,0,Rp0,0,3,0,0.00%,0,0.00%,0.00%,3,0,0.00%,0,0.00%,0.00%,Rp1.324.880,Rp0,Rp0,Rp0,Rp1.280.674,Rp1.196.349,Rp84.325,56,56,59,56,Rp23.659,2,1,1,14793,1129,7.63%,84,7.44%,4.96%,12753,947,7.43%,79,8.34%,5.91%,7,0,0.00%,0,0.00%,0.00%,7,0,0.00%,0,0.00%,0.00%,14721,1129,7.67%,84,7.44%,4.78%,12724,947,7.44%,79,8.34%,5.70%,Rp62.317,Rp62.317,Rp0,3,3,3,0,3,3,0,3,Rp20.772,5324,165,3.10%,10,6.06%,1.82%,4232,132,3.12%,10,7.58%,2.27%
GEMBOK BAJA 84MM 94MM ANTI MALING GEMBOK BESAR KUNCI KOKOH GEMBOK PAGAR RUMAH,1729631777403864573,GMV & produk terjual = 0,Aktif,Rp1.387.135,Rp0,Rp0,Rp0,Rp532.326,Rp446.274,Rp86.052,Rp162.848,Rp0,Rp0,Rp0,Rp0,Rp0,Rp0,Rp691.961,13,13,16,13,Rp106.703,6429,336,5.23%,16,4.76%,3.87%,4369,241,5.52%,15,6.22%,5.39%,Rp1.387.135,Rp0,Rp1.502.972,Rp281.000,Rp275.997,3,2,3048,157,110,7,5.15%,4.46%,Rp699.453,8,Rp0,Rp0,Rp0,0,0,0,0,0,0,0,0,Rp0,0,1,0,0.00%,0,0.00%,0.00%,1,0,0.00%,0,0.00%,0.00%,Rp532.326,Rp446.274,Rp86.052,5,5,4,1,6,5,1,5,Rp106.465,0,1001,76,7.59%,1,1.32%,6.58%,721,59,8.18%,1,1.69%,8.47%,Rp162.848,Rp0,Rp0,Rp0,Rp0,Rp0,Rp0,1,1,2,1,Rp162.848,1,0,1,2884,159,5.51%,5,3.14%,0.63%,1843,120,6.51%,4,3.33%,0.83%,0,0,0.00%,0,0.00%,0.00%,0,0,0.00%,0,0.00%,0.00%,2816,157,5.58%,4,2.55%,0.00%,1799,120,6.67%,4,3.33%,0.00%,Rp691.961,Rp691.961,Rp0,7,7,7,0,8,8,0,7,Rp98.852,2542,101,3.97%,10,9.90%,6.93%,2045,71,3.47%,10,14.08%,9.86%
Armature Angker Disc Grinder Bosch GWS 060 6-100 5-100 DCA,1732740337060054525,produk terjual ≥1,Aktif,Rp1.361.249,Rp0,Rp0,Rp0,Rp0,Rp0,Rp0,Rp493.424,Rp0,Rp0,Rp0,Rp90.737,Rp90.737,Rp0,Rp867.825,14,14,14,13,Rp97.232,7515,312,4.15%,14,4.49%,4.49%,6031,237,3.93%,13,5.49%,5.49%,Rp1.361.249,Rp0,Rp1.619.705,Rp265.081,Rp213.615,2,2,4770,211,157,7,4.42%,3.79%,Rp794.601,8,Rp0,Rp0,Rp0,0,0,0,0,0,0,0,0,Rp0,0,21,4,19.05%,0,0.00%,0.00%,4,4,100.00%,0,0.00%,0.00%,Rp0,Rp0,Rp0,0,0,0,0,0,0,0,0,Rp0,0,1,0,0.00%,0,0.00%,0.00%,1,0,0.00%,0,0.00%,0.00%,Rp493.424,Rp0,Rp0,Rp0,Rp90.737,Rp90.737,Rp0,5,5,5,5,Rp98.685,14,13,1,1315,46,3.50%,0,0.00%,10.87%,1143,38,3.32%,0,0.00%,13.16%,1044,34,3.26%,0,0.00%,0.00%,921,28,3.04%,0,0.00%,0.00%,249,11,4.42%,0,0.00%,9.09%,204,9,4.41%,0,0.00%,11.11%,Rp867.825,Rp867.825,Rp0,9,9,9,0,9,9,0,8,Rp96.425,6179,262,4.24%,14,5.34%,3.44%,4854,193,3.98%,13,6.74%,4.15%
"Selang Blender Las Double 1/4"" x 3/8"" Inch Oxygen Acetylene LPG Slang Twin Welding Hose Oksigen",1731966777796953597,produk terjual ≥1,Aktif,Rp1.335.437,Rp0,Rp0,Rp0,Rp767.996,Rp672.393,Rp95.603,Rp354.914,Rp0,Rp0,Rp0,Rp354.914,Rp354.914,Rp0,Rp212.527,12,12,13,9,Rp111.286,16908,689,4.07%,23,3.34%,1.74%,10890,495,4.55%,20,4.04%,1.82%,Rp1.335.437,Rp0,Rp1.629.013,Rp317.000,Rp856.115,8,6,4906,210,134,5,4.28%,2.38%,Rp504.385,5,Rp0,Rp0,Rp0,0,0,0,0,0,0,0,0,Rp0,1,14,0,0.00%,0,0.00%,0.00%,14,0,0.00%,0,0.00%,0.00%,Rp767.996,Rp672.393,Rp95.603,7,7,6,1,7,6,1,4,Rp109.714,0,4806,189,3.93%,7,3.70%,3.70%,3479,149,4.28%,7,4.70%,2.68%,Rp354.914,Rp0,Rp0,Rp0,Rp354.914,Rp354.914,Rp0,3,3,4,3,Rp118.305,12,12,2,7593,355,4.68%,5,1.41%,0.85%,5511,256,4.65%,4,1.56%,1.17%,454,3,0.66%,0,0.00%,0.00%,403,2,0.50%,0,0.00%,0.00%,7004,351,5.01%,4,1.14%,0.85%,5010,253,5.05%,3,1.19%,1.19%,Rp212.527,Rp212.527,Rp0,2,2,2,0,2,2,0,2,Rp106.264,4496,145,3.23%,11,7.59%,1.38%,3377,116,3.44%,10,8.62%,1.72%
Jarum Keras Galvanis Spanskrup M6 M8 M10 M12 M14 Span Skrup Turnbuckle Hook dan Eye Kuat kokoh 6MM 8MM 10MM 12MM 14MM,1730766099044337149,produk terjual ≥1,Aktif,Rp1.331.197,Rp0,Rp0,Rp0,Rp0,Rp0,Rp0,Rp716.144,Rp0,Rp0,Rp0,Rp0,Rp0,Rp0,Rp615.053,34,35,207,34,Rp38.034,12578,680,5.41%,34,5.00%,5.15%,9834,560,5.69%,32,5.71%,6.07%,Rp1.331.197,Rp0,Rp1.997.856,Rp816.500,Rp42.764,3,2,9827,502,414,24,5.11%,4.98%,Rp950.061,158,Rp0,Rp0,Rp0,0,0,0,0,0,0,0,0,Rp0,0,1,0,0.00%,0,0.00%,0.00%,1,0,0.00%,0,0.00%,0.00%,Rp0,Rp0,Rp0,0,0,0,0,0,0,0,0,Rp0,0,3,0,0.00%,0,0.00%,0.00%,3,0,0.00%,0,0.00%,0.00%,Rp716.144,Rp0,Rp0,Rp0,Rp0,Rp0,Rp0,14,14,115,14,Rp51.153,0,0,0,96,4,4.17%,0,0.00%,350.00%,44,3,6.82%,0,0.00%,466.67%,0,0,0.00%,0,0.00%,0.00%,0,0,0.00%,0,0.00%,0.00%,0,0,0.00%,0,0.00%,0.00%,0,0,0.00%,0,0.00%,0.00%,Rp615.053,Rp615.053,Rp0,20,21,21,0,92,92,0,20,Rp29.288,12476,675,5.41%,34,5.04%,3.11%,9745,555,5.70%,32,5.77%,3.60%
Tespen DC Untuk Mobil Truk Sirkuit Tegangan Tester 2-24V 20A Tester Obeng Tespen listrik Logam,1729936397455755773,GMV & produk terjual = 0,Aktif,Rp1.324.308,Rp0,Rp0,Rp0,Rp432.643,Rp432.643,Rp0,Rp489.613,Rp0,Rp0,Rp0,Rp433.477,Rp371.665,Rp61.812,Rp402.052,20,20,21,20,Rp66.215,14256,344,2.41%,18,5.23%,5.81%,11959,295,2.47%,15,5.08%,6.78%,Rp1.324.308,Rp0,Rp1.767.790,Rp487.000,Rp231.016,3,3,7159,185,154,15,2.58%,8.11%,Rp1.013.502,16,Rp0,Rp0,Rp0,0,0,0,0,0,0,0,0,Rp0,63,566,2,0.35%,0,0.00%,0.00%,526,2,0.38%,0,0.00%,0.00%,Rp432.643,Rp432.643,Rp0,6,6,6,0,7,7,0,6,Rp72.107,1,490,16,3.27%,1,6.25%,37.50%,451,16,3.55%,1,6.25%,37.50%,Rp489.613,Rp0,Rp0,Rp0,Rp433.477,Rp371.665,Rp61.812,8,8,8,8,Rp61.202,12,6,7,4910,147,2.99%,5,3.40%,5.44%,3809,121,3.18%,4,3.31%,6.61%,321,1,0.31%,0,0.00%,0.00%,294,1,0.34%,0,0.00%,0.00%,3643,140,3.84%,5,3.57%,5.00%,3023,115,3.80%,4,3.48%,6.09%,Rp402.052,Rp402.052,Rp0,6,6,6,0,6,6,0,6,Rp67.009,8290,179,2.16%,12,6.70%,3.35%,7336,157,2.14%,11,7.01%,3.82%
BOR KOPER SET 13 mm RANDOM WARNA  Mesin Bor Beton Impact Drill Tembok / Impact Drill 13mm,1729879607130687997,produk terjual ≥1,Aktif,Rp1.318.563,Rp0,Rp0,Rp0,Rp551.152,Rp279.610,Rp271.542,Rp226.134,Rp0,Rp0,Rp0,Rp0,Rp0,Rp0,Rp541.277,5,5,5,5,Rp263.713,2945,143,4.86%,3,2.10%,3.50%,2378,92,3.87%,3,3.26%,5.43%,Rp1.318.563,Rp0,Rp1.550.815,Rp197.000,Rp279.610,1,1,1751,89,54,4,5.08%,4.49%,Rp1.092.429,4,Rp0,Rp0,Rp0,0,0,0,0,0,0,0,0,Rp0,2,9,0,0.00%,0,0.00%,0.00%,9,0,0.00%,0,0.00%,0.00%,Rp551.152,Rp279.610,Rp271.542,2,2,1,1,2,1,1,2,Rp275.576,0,1117,52,4.66%,1,1.92%,3.85%,926,35,3.78%,1,2.86%,5.71%,Rp226.134,Rp0,Rp0,Rp0,Rp0,Rp0,Rp0,1,1,1,1,Rp226.134,1,1,0,548,29,5.29%,1,3.45%,3.45%,453,25,5.52%,1,4.00%,4.00%,113,9,7.96%,0,0.00%,0.00%,96,8,8.33%,0,0.00%,0.00%,396,19,4.80%,1,5.26%,0.00%,332,16,4.82%,1,6.25%,0.00%,Rp541.277,Rp541.277,Rp0,2,2,2,0,2,2,0,2,Rp270.638,1271,62,4.88%,1,1.61%,3.23%,1023,35,3.42%,1,2.86%,5.71%
Wilmer Meteran Karet Panjang 3M 5M 7.5M,1729932613712316925,produk terjual ≥1,Aktif,Rp1.266.851,Rp0,Rp0,Rp0,Rp685.124,Rp620.848,Rp64.276,Rp194.127,Rp29.189,Rp29.189,Rp0,Rp138.678,Rp118.273,Rp20.405,Rp387.600,66,67,78,65,Rp18.908,30126,1257,4.17%,52,4.14%,5.33%,23951,1040,4.34%,49,4.71%,6.25%,Rp1.266.851,Rp0,Rp2.279.147,Rp1.083.056,Rp380.839,18,13,9458,260,205,18,2.75%,7.31%,Rp443.370,26,Rp0,Rp0,Rp0,0,0,0,0,0,0,0,0,Rp0,58,590,5,0.85%,0,0.00%,0.00%,537,4,0.74%,0,0.00%,0.00%,Rp685.124,Rp620.848,Rp64.276,39,39,35,4,44,40,4,38,Rp17.567,1,7018,634,9.03%,7,1.10%,6.15%,4684,542,11.57%,7,1.29%,7.01%,Rp194.127,Rp29.189,Rp29.189,Rp0,Rp138.678,Rp118.273,Rp20.405,14,14,14,14,Rp13.866,93,150,15,11159,364,3.26%,5,1.37%,3.85%,9324,299,3.21%,5,1.67%,4.68%,6137,66,1.08%,1,1.52%,3.03%,5124,56,1.09%,1,1.79%,3.57%,4754,293,6.16%,3,1.02%,3.75%,4068,239,5.88%,3,1.26%,4.60%,Rp387.600,Rp387.600,Rp0,13,14,14,0,20,20,0,13,Rp27.686,11357,254,2.24%,40,15.75%,5.51%,9459,201,2.12%,37,18.41%,6.47%
Guide Bar Chain Saw Kecil 5200 5800  Bar Baja 22inch,1730406168208573949,GMV & produk terjual = 0,Aktif,Rp1.253.189,Rp0,Rp0,Rp0,Rp75.447,Rp0,Rp75.447,Rp166.549,Rp0,Rp0,Rp0,Rp0,Rp0,Rp0,Rp1.011.193,15,15,15,14,Rp83.546,3745,217,5.79%,7,3.23%,6.91%,2776,142,5.12%,6,4.23%,9.86%,Rp1.253.189,Rp0,Rp1.674.489,Rp425.000,Rp260.277,3,3,2569,141,91,11,5.49%,7.80%,Rp900.699,11,Rp0,Rp0,Rp0,0,0,0,0,0,0,0,0,Rp0,6,95,1,1.05%,0,0.00%,0.00%,81,1,1.23%,0,0.00%,0.00%,Rp75.447,Rp0,Rp75.447,1,1,0,1,1,0,1,1,Rp75.447,0,0,0,0.00%,0,0.00%,0.00%,0,0,0.00%,0,0.00%,0.00%,Rp166.549,Rp0,Rp0,Rp0,Rp0,Rp0,Rp0,2,2,2,2,Rp83.274,0,0,0,0,0,0.00%,0,0.00%,0.00%,0,0,0.00%,0,0.00%,0.00%,0,0,0.00%,0,0.00%,0.00%,0,0,0.00%,0,0.00%,0.00%,0,0,0.00%,0,0.00%,0.00%,0,0,0.00%,0,0.00%,0.00%,Rp1.011.193,Rp1.011.193,Rp0,12,12,12,0,12,12,0,11,Rp84.266,3650,216,5.92%,7,3.24%,5.56%,2699,141,5.22%,6,4.26%,7.80%
Kacamata Las Kacamata Welding Buka Tutup Work Safety Welding Googles VITATOOL,1730638729624323581,produk terjual ≥1,Aktif,Rp1.244.778,Rp0,Rp0,Rp0,Rp67.165,Rp0,Rp67.165,Rp312.521,Rp0,Rp0,Rp0,Rp58.548,Rp33.298,Rp25.250,Rp865.092,55,55,61,54,Rp22.632,44332,1002,2.26%,75,7.49%,5.49%,39310,904,2.30%,70,7.74%,5.97%,Rp1.244.778,Rp0,Rp2.277.999,Rp1.147.500,Rp197.285,10,8,33882,756,685,40,2.23%,5.42%,Rp890.425,46,Rp0,Rp0,Rp0,0,0,0,0,0,0,0,0,Rp0,0,2,0,0.00%,0,0.00%,0.00%,2,0,0.00%,0,0.00%,0.00%,Rp67.165,Rp0,Rp67.165,3,3,0,3,4,0,4,3,Rp22.388,0,7,0,0.00%,0,0.00%,0.00%,7,0,0.00%,0,0.00%,0.00%,Rp312.521,Rp0,Rp0,Rp0,Rp58.548,Rp33.298,Rp25.250,16,16,16,16,Rp19.533,2,0,2,852,30,3.52%,2,6.67%,53.33%,611,28,4.58%,2,7.14%,57.14%,0,0,0.00%,0,0.00%,0.00%,0,0,0.00%,0,0.00%,0.00%,710,27,3.80%,2,7.41%,11.11%,539,25,4.64%,2,8.00%,12.00%,Rp865.092,Rp865.092,Rp0,36,36,36,0,41,41,0,35,Rp24.030,43469,972,2.24%,73,7.51%,3.70%,38670,882,2.28%,68,7.71%,3.97%
Paket Tukang 3 Item Gergaji 12 in Meteran Penggaris Siku Waterpass 30 cm,1731169123259483645,produk terjual ≥1,Aktif,Rp1.233.938,Rp0,Rp0,Rp0,Rp247.450,Rp0,Rp247.450,Rp260.193,Rp0,Rp0,Rp0,Rp0,Rp0,Rp0,Rp726.295,17,17,19,15,Rp72.585,21421,566,2.64%,44,7.77%,3.00%,18288,470,2.57%,38,8.09%,3.19%,Rp1.233.938,Rp0,Rp1.522.658,Rp314.000,Rp574.609,9,7,17750,468,389,12,2.64%,2.78%,Rp1.009.294,15,Rp0,Rp0,Rp0,0,0,0,0,0,0,0,0,Rp0,21,313,6,1.92%,0,0.00%,0.00%,269,6,2.23%,0,0.00%,0.00%,Rp247.450,Rp0,Rp247.450,4,4,0,4,4,0,4,3,Rp61.862,0,2,0,0.00%,0,0.00%,0.00%,2,0,0.00%,0,0.00%,0.00%,Rp260.193,Rp0,Rp0,Rp0,Rp0,Rp0,Rp0,4,4,4,4,Rp65.048,1,0,1,32,0,0.00%,0,0.00%,0.00%,27,0,0.00%,0,0.00%,0.00%,0,0,0.00%,0,0.00%,0.00%,0,0,0.00%,0,0.00%,0.00%,2,0,0.00%,0,0.00%,0.00%,2,0,0.00%,0,0.00%,0.00%,Rp726.295,Rp726.295,Rp0,9,9,9,0,11,11,0,8,Rp80.699,21074,560,2.66%,44,7.86%,1.61%,17817,460,2.58%,38,8.26%,1.74%
HL Mesin Jahit Karung GK9-2 Portable Bag Closer Mesin Jahit Karung Beras & Kantong Goni 8mm Ketebalan Jahit 90Watt 9000r/min Made in China,1730466123329406461,produk terjual ≥1,Aktif,Rp1.230.065,Rp0,Rp0,Rp0,Rp634.532,Rp634.532,Rp0,Rp595.533,Rp0,Rp0,Rp0,Rp595.533,Rp595.533,Rp0,Rp0,2,2,2,2,Rp615.032,6468,178,2.75%,2,1.12%,1.12%,4679,148,3.16%,2,1.35%,1.35%,Rp1.230.065,Rp0,Rp1.433.178,Rp37.000,Rp595.533,1,1,1744,26,21,1,1.49%,3.85%,Rp634.532,1,Rp0,Rp0,Rp0,0,0,0,0,0,0,0,0,Rp0,60,2011,23,1.14%,0,0.00%,0.00%,1735,18,1.04%,0,0.00%,0.00%,Rp634.532,Rp634.532,Rp0,1,1,1,0,1,1,0,1,Rp634.532,0,132,4,3.03%,0,0.00%,25.00%,99,3,3.03%,0,0.00%,33.33%,Rp595.533,Rp0,Rp0,Rp0,Rp595.533,Rp595.533,Rp0,1,1,1,1,Rp595.533,4,1,4,3145,121,3.85%,1,0.83%,0.83%,1971,99,5.02%,1,1.01%,1.01%,54,2,3.70%,0,0.00%,0.00%,41,2,4.88%,0,0.00%,0.00%,3030,119,3.93%,1,0.84%,0.84%,1887,97,5.14%,1,1.03%,1.03%,Rp0,Rp0,Rp0,0,0,0,0,0,0,0,0,Rp0,1180,30,2.54%,1,3.33%,0.00%,944,28,2.97%,1,3.57%,0.00%
Obeng Ketok Set 5 pcs Obeng Set Drill bit bahan non-karat Impact Screwdriver Box besi,1729761475049522685,GMV & produk terjual = 0,Aktif,Rp1.166.002,Rp61.610,Rp61.610,Rp0,Rp0,Rp0,Rp0,Rp747.341,Rp0,Rp0,Rp0,Rp623.959,Rp563.399,Rp60.560,Rp357.051,20,20,20,20,Rp58.300,10673,493,4.62%,39,7.91%,4.06%,8521,408,4.79%,35,8.58%,4.90%,Rp1.166.002,Rp0,Rp1.510.532,Rp259.000,Rp177.957,3,3,7408,301,246,17,4.06%,5.65%,Rp974.737,17,Rp61.610,Rp61.610,Rp0,1,1,1,0,1,1,0,1,Rp61.610,3,197,7,3.55%,0,0.00%,14.29%,166,5,3.01%,0,0.00%,20.00%,Rp0,Rp0,Rp0,0,0,0,0,0,0,0,0,Rp0,0,2,0,0.00%,0,0.00%,0.00%,2,0,0.00%,0,0.00%,0.00%,Rp747.341,Rp0,Rp0,Rp0,Rp623.959,Rp563.399,Rp60.560,12,12,12,12,Rp62.278,3,2,2,2529,188,7.43%,11,5.85%,6.38%,1961,160,8.16%,10,6.25%,7.50%,19,0,0.00%,0,0.00%,0.00%,19,0,0.00%,0,0.00%,0.00%,2476,187,7.55%,11,5.88%,5.35%,1920,159,8.28%,10,6.29%,6.29%,Rp357.051,Rp357.051,Rp0,7,7,7,0,7,7,0,7,Rp51.007,7945,298,3.75%,28,9.40%,2.35%,6631,254,3.83%,27,10.63%,2.76%
YUKIDO KUNCI MAHKOTA 13-38MM / DOUBLE CROWN SOCKET,1729639159784507901,GMV & produk terjual = 0,Aktif,Rp1.163.186,Rp0,Rp0,Rp0,Rp0,Rp0,Rp0,Rp1.131.876,Rp0,Rp0,Rp0,Rp1.005.309,Rp535.980,Rp469.329,Rp31.310,21,21,32,18,Rp55.390,13864,265,1.91%,15,5.66%,7.92%,9850,215,2.18%,12,5.58%,8.37%,Rp1.163.186,Rp0,Rp1.840.126,Rp794.500,Rp307.317,6,6,3343,109,89,11,3.26%,10.09%,Rp756.586,22,Rp0,Rp0,Rp0,0,0,0,0,0,0,0,0,Rp0,29,290,3,1.03%,0,0.00%,0.00%,268,3,1.12%,0,0.00%,0.00%,Rp0,Rp0,Rp0,0,0,0,0,0,0,0,0,Rp0,0,1633,14,0.86%,0,0.00%,0.00%,1553,12,0.77%,0,0.00%,0.00%,Rp1.131.876,Rp0,Rp0,Rp0,Rp1.005.309,Rp535.980,Rp469.329,20,20,31,17,Rp56.594,2,1,1,8881,185,2.08%,9,4.86%,10.81%,6521,152,2.33%,7,4.61%,11.18%,2,0,0.00%,0,0.00%,0.00%,1,0,0.00%,0,0.00%,0.00%,8740,185,2.12%,9,4.86%,8.65%,6401,152,2.37%,7,4.61%,9.21%,Rp31.310,Rp31.310,Rp0,1,1,1,0,1,1,0,1,Rp31.310,3058,63,2.06%,6,9.52%,1.59%,2572,52,2.02%,5,9.62%,1.92%
Armature MT190 Angker Mesin Serut Ketam Pasah Planer Sugu MT190 191 192 For Maktec,1732738929487873533,GMV & produk terjual = 0,Aktif,Rp1.163.172,Rp0,Rp0,Rp0,Rp86.310,Rp0,Rp86.310,Rp369.559,Rp0,Rp0,Rp0,Rp96.354,Rp96.354,Rp0,Rp707.303,9,9,11,9,Rp129.241,5811,244,4.20%,5,2.05%,3.69%,4300,193,4.49%,5,2.59%,4.66%,Rp1.163.172,Rp0,Rp1.407.672,Rp285.500,Rp0,0,0,3517,155,124,7,4.41%,4.52%,Rp755.233,7,Rp0,Rp0,Rp0,0,0,0,0,0,0,0,0,Rp0,1,81,6,7.41%,0,0.00%,0.00%,73,5,6.85%,0,0.00%,0.00%,Rp86.310,Rp0,Rp86.310,1,1,0,1,1,0,1,1,Rp86.310,0,5,0,0.00%,0,0.00%,0.00%,2,0,0.00%,0,0.00%,0.00%,Rp369.559,Rp0,Rp0,Rp0,Rp96.354,Rp96.354,Rp0,3,3,3,3,Rp123.186,17,17,0,1483,61,4.11%,0,0.00%,4.92%,1109,47,4.24%,0,0.00%,6.38%,528,11,2.08%,0,0.00%,0.00%,485,10,2.06%,0,0.00%,0.00%,912,48,5.26%,0,0.00%,2.08%,590,35,5.93%,0,0.00%,2.86%,Rp707.303,Rp707.303,Rp0,5,5,5,0,7,7,0,5,Rp141.461,4242,177,4.17%,5,2.82%,2.82%,3247,145,4.47%,5,3.45%,3.45%
Semprotan Air Stik Sprayer Lurus 20CM 33CM 45CM - Cuci Mobil Motor - Semprot Steam Jet Cleaner - Stik Sancin +  Plus Nepel 1/4 Inch,1731662826263643645,produk terjual ≥1,Aktif,Rp1.150.459,Rp0,Rp0,Rp0,Rp86.803,Rp86.803,Rp0,Rp558.272,Rp0,Rp0,Rp0,Rp176.576,Rp87.365,Rp89.211,Rp505.384,21,21,22,19,Rp54.784,18326,728,3.97%,27,3.71%,2.88%,14314,610,4.26%,25,4.10%,3.11%,Rp1.150.459,Rp0,Rp1.595.471,Rp614.137,Rp290.355,5,4,9407,350,302,12,3.72%,3.71%,Rp754.467,14,Rp0,Rp0,Rp0,0,0,0,0,0,0,0,0,Rp0,1,90,2,2.22%,0,0.00%,0.00%,76,2,2.63%,0,0.00%,0.00%,Rp86.803,Rp86.803,Rp0,2,2,2,0,2,2,0,2,Rp43.402,0,2449,137,5.59%,6,4.38%,1.46%,1925,111,5.77%,5,4.50%,1.80%,Rp558.272,Rp0,Rp0,Rp0,Rp176.576,Rp87.365,Rp89.211,11,11,11,11,Rp50.752,1,0,1,3621,148,4.09%,7,4.73%,7.43%,2793,124,4.44%,7,5.65%,8.87%,0,0,0.00%,0,0.00%,0.00%,0,0,0.00%,0,0.00%,0.00%,2897,127,4.38%,4,3.15%,3.15%,2162,103,4.76%,4,3.88%,3.88%,Rp505.384,Rp505.384,Rp0,8,8,8,0,9,9,0,7,Rp63.173,12166,441,3.62%,14,3.17%,1.81%,10151,388,3.82%,13,3.35%,1.80%
"Wilmer Gembok Jaket / Ultron 60 70 mm Gerbang Pagar Rumah ,Gembok Pagar Anti maling Ultron Oval Original 4 Keys 60mm dan 70mm",1729970665769765373,produk terjual ≥1,Aktif,Rp1.144.407,Rp0,Rp0,Rp0,Rp219.987,Rp164.780,Rp55.207,Rp251.742,Rp0,Rp0,Rp0,Rp209.042,Rp209.042,Rp0,Rp672.678,20,20,22,19,Rp57.220,8908,344,3.86%,17,4.94%,5.81%,7070,270,3.82%,15,5.56%,7.04%,Rp1.144.407,Rp0,Rp1.399.510,Rp231.357,Rp59.489,1,1,5526,221,183,16,4.00%,7.24%,Rp848.242,16,Rp0,Rp0,Rp0,0,0,0,0,0,0,0,0,Rp0,31,360,3,0.83%,0,0.00%,0.00%,326,3,0.92%,0,0.00%,0.00%,Rp219.987,Rp164.780,Rp55.207,3,3,2,1,4,3,1,2,Rp73.329,1,706,29,4.11%,0,0.00%,10.34%,635,23,3.62%,0,0.00%,8.70%,Rp251.742,Rp0,Rp0,Rp0,Rp209.042,Rp209.042,Rp0,5,5,5,5,Rp50.348,2,0,2,2706,133,4.92%,4,3.01%,3.76%,2016,108,5.36%,3,2.78%,4.63%,0,0,0.00%,0,0.00%,0.00%,0,0,0.00%,0,0.00%,0.00%,2528,130,5.14%,4,3.08%,3.08%,1923,105,5.46%,3,2.86%,3.81%,Rp672.678,Rp672.678,Rp0,12,12,12,0,13,13,0,12,Rp56.056,5137,179,3.48%,13,7.26%,6.70%,4291,148,3.45%,12,8.11%,8.11%
Kawat Las Mig 1.0mm 1kg Flux Core Wire Gasless Welding Core Tanpa Gas Co Wire Techweld 1.0mm 1 Kg Las,1729648120634968573,GMV & produk terjual = 0,Aktif,Rp1.140.007,Rp0,Rp0,Rp0,Rp267.664,Rp267.664,Rp0,Rp362.793,Rp0,Rp0,Rp0,Rp267.550,Rp267.550,Rp0,Rp509.550,11,11,15,11,Rp103.637,6330,240,3.79%,8,3.33%,4.58%,5356,210,3.92%,8,3.81%,5.24%,Rp1.140.007,Rp0,Rp1.522.972,Rp467.625,Rp357.668,5,5,2631,72,57,5,2.74%,6.94%,Rp562.838,8,Rp0,Rp0,Rp0,0,0,0,0,0,0,0,0,Rp0,23,173,0,0.00%,0,0.00%,0.00%,151,0,0.00%,0,0.00%,0.00%,Rp267.664,Rp267.664,Rp0,3,3,3,0,3,3,0,3,Rp89.221,0,2085,120,5.76%,4,3.33%,2.50%,1920,112,5.83%,4,3.57%,2.68%,Rp362.793,Rp0,Rp0,Rp0,Rp267.550,Rp267.550,Rp0,3,3,4,3,Rp120.931,2,1,1,1385,50,3.61%,1,2.00%,6.00%,1173,49,4.18%,1,2.04%,6.12%,0,0,0.00%,0,0.00%,0.00%,0,0,0.00%,0,0.00%,0.00%,1301,50,3.84%,1,2.00%,4.00%,1109,49,4.42%,1,2.04%,4.08%,Rp509.550,Rp509.550,Rp0,5,5,5,0,8,8,0,5,Rp101.910,2687,70,2.61%,3,4.29%,7.14%,2291,55,2.40%,3,5.45%,9.09%
MIKAYO Mesin Las Listrik / Mesin Las Inverter 120A / Travo Las 450 Watt / MESIN LAS 450 WATT / Inverter/ Trafo Las,1732653697079412221,produk terjual ≥1,Aktif,Rp1.136.048,Rp0,Rp0,Rp0,Rp0,Rp0,Rp0,Rp375.114,Rp0,Rp0,Rp0,Rp375.114,Rp375.114,Rp0,Rp760.934,3,3,3,3,Rp378.683,5459,110,2.02%,12,10.91%,2.73%,4637,85,1.83%,7,8.24%,3.53%,Rp1.136.048,Rp0,Rp1.281.048,Rp138.000,Rp378.144,1,1,3215,60,45,3,1.87%,5.00%,Rp1.136.048,3,Rp0,Rp0,Rp0,0,0,0,0,0,0,0,0,Rp0,4,643,13,2.02%,0,0.00%,0.00%,515,7,1.36%,0,0.00%,0.00%,Rp0,Rp0,Rp0,0,0,0,0,0,0,0,0,Rp0,0,817,13,1.59%,7,53.85%,0.00%,737,11,1.49%,2,18.18%,0.00%,Rp375.114,Rp0,Rp0,Rp0,Rp375.114,Rp375.114,Rp0,1,1,1,1,Rp375.114,1,1,0,1273,39,3.06%,3,7.69%,2.56%,1075,28,2.60%,3,10.71%,3.57%,27,0,0.00%,0,0.00%,0.00%,26,0,0.00%,0,0.00%,0.00%,1167,37,3.17%,3,8.11%,2.70%,999,28,2.80%,3,10.71%,3.57%,Rp760.934,Rp760.934,Rp0,2,2,2,0,2,2,0,2,Rp380.467,2726,45,1.65%,2,4.44%,4.44%,2409,41,1.70%,2,4.88%,4.88%
Penggaris Siku L Sudut / sekon Multifungsi Waterpass Kombinasi Sudut Presisi Air Geser Mistar YUKIDO,1729658876839560701,produk terjual ≥1,Aktif,Rp1.132.026,Rp0,Rp0,Rp0,Rp22.861,Rp0,Rp22.861,Rp1.078.562,Rp27.000,Rp27.000,Rp0,Rp1.051.562,Rp1.024.099,Rp27.463,Rp30.603,39,39,39,39,Rp29.026,15290,572,3.74%,37,6.47%,6.82%,12553,455,3.62%,37,8.13%,8.57%,Rp1.132.026,Rp0,Rp1.625.169,Rp506.980,Rp109.778,4,4,11301,411,330,30,3.64%,7.30%,Rp883.043,30,Rp0,Rp0,Rp0,0,0,0,0,0,0,0,0,Rp0,1,40,0,0.00%,0,0.00%,0.00%,30,0,0.00%,0,0.00%,0.00%,Rp22.861,Rp0,Rp22.861,1,1,0,1,1,0,1,1,Rp22.861,0,11,0,0.00%,0,0.00%,0.00%,8,0,0.00%,0,0.00%,0.00%,Rp1.078.562,Rp27.000,Rp27.000,Rp0,Rp1.051.562,Rp1.024.099,Rp27.463,37,37,37,37,Rp29.150,2,1,1,8817,424,4.81%,25,5.90%,8.73%,7330,345,4.71%,25,7.25%,10.72%,164,3,1.83%,0,0.00%,33.33%,139,2,1.44%,0,0.00%,50.00%,8582,417,4.86%,25,6.00%,8.63%,7140,339,4.75%,25,7.37%,10.62%,Rp30.603,Rp30.603,Rp0,1,1,1,0,1,1,0,1,Rp30.603,6421,148,2.30%,12,8.11%,0.68%,5422,119,2.19%,12,10.08%,0.84%
"2pcs Sambungan Selang Kompressor Adaptor Selang Angin Quick Coupler Connector Angin Neple Kompresor Universal Isi Sepasang SP20, PP20, SF20, PF20, SM20. PM20,SH20 dan PH20",1734928077957334525,GMV ≥250 atau produk terjual ≥3,Aktif,Rp1.120.781,Rp0,Rp0,Rp0,Rp209.821,Rp111.100,Rp98.721,Rp484.395,Rp0,Rp0,Rp0,Rp304.797,Rp278.752,Rp26.045,Rp426.565,40,46,59,39,Rp24.365,24915,826,3.32%,76,9.20%,5.57%,19834,666,3.36%,53,7.96%,5.86%,Rp1.120.781,Rp0,Rp1.748.554,Rp765.909,Rp259.438,12,10,8703,423,328,21,4.86%,5.91%,Rp626.652,33,Rp0,Rp0,Rp0,0,0,0,0,0,0,0,0,Rp0,20,272,2,0.74%,0,0.00%,0.00%,253,2,0.79%,0,0.00%,0.00%,Rp209.821,Rp111.100,Rp98.721,10,10,5,5,11,5,6,10,Rp20.982,0,7049,9,0.13%,7,77.78%,111.11%,6244,7,0.11%,6,85.71%,142.86%,Rp484.395,Rp0,Rp0,Rp0,Rp304.797,Rp278.752,Rp26.045,18,21,26,17,Rp23.066,5,7,1,6381,342,5.36%,14,4.09%,6.14%,4136,269,6.50%,11,4.09%,6.32%,264,2,0.76%,0,0.00%,0.00%,244,2,0.82%,0,0.00%,0.00%,6077,340,5.59%,14,4.12%,4.41%,3874,267,6.89%,11,4.12%,4.49%,Rp426.565,Rp426.565,Rp0,12,15,15,0,22,22,0,12,Rp28.438,11212,473,4.22%,55,11.63%,3.17%,9254,381,4.12%,37,9.71%,3.15%
Kunci Ring Ratchet Scaffolding Kunci Rachet Skafolding 2 Arah Ganda Bolak Balik Double Baja CRV Tahan Lama Anti Karat,1732312493284951549,produk terjual ≥1,Aktif,Rp1.117.541,Rp0,Rp0,Rp0,Rp741.287,Rp644.630,Rp96.657,Rp48.217,Rp0,Rp0,Rp0,Rp0,Rp0,Rp0,Rp328.037,18,19,20,17,Rp58.818,10346,722,6.98%,21,2.91%,2.63%,8574,591,6.89%,16,2.71%,2.88%,Rp1.117.541,Rp0,Rp1.520.731,Rp456.500,Rp522.335,8,7,5469,400,324,10,7.31%,2.50%,Rp516.922,10,Rp0,Rp0,Rp0,0,0,0,0,0,0,0,0,Rp0,0,0,0,0.00%,0,0.00%,0.00%,0,0,0.00%,0,0.00%,0.00%,Rp741.287,Rp644.630,Rp96.657,11,12,10,2,13,11,2,10,Rp61.774,0,0,0,0.00%,0,0.00%,0.00%,0,0,0.00%,0,0.00%,0.00%,Rp48.217,Rp0,Rp0,Rp0,Rp0,Rp0,Rp0,1,1,1,1,Rp48.217,1,0,1,4313,316,7.33%,10,3.16%,0.32%,3689,271,7.35%,8,2.95%,0.37%,0,0,0.00%,0,0.00%,0.00%,0,0,0.00%,0,0.00%,0.00%,4196,311,7.41%,10,3.22%,0.00%,3600,267,7.42%,8,3.00%,0.00%,Rp328.037,Rp328.037,Rp0,6,6,6,0,6,6,0,6,Rp54.673,6033,406,6.73%,11,2.71%,1.48%,5173,345,6.67%,8,2.32%,1.74%
kepala semprotan air WATER HOUS GAN gun steak jet cleaner pendek stick tembakan mesin jet cleaner steam cuci mobil motor high pressure.....!!!!,1733742448657925629,produk terjual ≥1,Aktif,Rp1.116.920,Rp0,Rp0,Rp0,Rp573.313,Rp490.285,Rp83.028,Rp245.260,Rp0,Rp0,Rp0,Rp90.698,Rp0,Rp90.698,Rp298.347,14,14,15,14,Rp79.780,8801,342,3.89%,13,3.80%,4.09%,6899,280,4.06%,13,4.64%,5.00%,Rp1.116.920,Rp0,Rp1.339.987,Rp266.643,Rp72.417,1,1,5028,178,147,9,3.54%,5.06%,Rp721.871,10,Rp0,Rp0,Rp0,0,0,0,0,0,0,0,0,Rp0,6,94,1,1.06%,0,0.00%,0.00%,88,1,1.14%,0,0.00%,0.00%,Rp573.313,Rp490.285,Rp83.028,7,7,6,1,8,7,1,7,Rp81.902,1,3212,156,4.86%,6,3.85%,4.49%,2167,129,5.95%,6,4.65%,5.43%,Rp245.260,Rp0,Rp0,Rp0,Rp90.698,Rp0,Rp90.698,3,3,3,3,Rp81.753,3,1,2,73,5,6.85%,0,0.00%,60.00%,70,5,7.14%,0,0.00%,60.00%,29,0,0.00%,0,0.00%,0.00%,29,0,0.00%,0,0.00%,0.00%,22,5,22.73%,0,0.00%,20.00%,20,5,25.00%,0,0.00%,20.00%,Rp298.347,Rp298.347,Rp0,4,4,4,0,4,4,0,4,Rp74.587,5422,180,3.32%,7,3.89%,2.22%,4714,148,3.14%,7,4.73%,2.70%
YUKIDO Kikir Set 6 Pcs Yukido Kikir Mini Set 6 Pcs YUKIDO / Mini File 6 pcs Diamond Hand File Set,1729644792639817213,produk terjual ≥1,Aktif,Rp1.102.444,Rp48.657,Rp0,Rp48.657,Rp52.190,Rp52.190,Rp0,Rp767.854,Rp0,Rp0,Rp0,Rp595.144,Rp494.401,Rp100.743,Rp233.743,19,19,19,19,Rp58.023,14729,622,4.22%,31,4.98%,3.05%,10619,511,4.81%,28,5.48%,3.72%,Rp1.102.444,Rp0,Rp1.398.738,Rp448.000,Rp188.955,3,3,4915,211,168,10,4.29%,4.74%,Rp635.117,10,Rp48.657,Rp0,Rp48.657,1,1,0,1,1,0,1,1,Rp48.657,3,161,3,1.86%,0,0.00%,33.33%,132,3,2.27%,0,0.00%,33.33%,Rp52.190,Rp52.190,Rp0,1,1,1,0,1,1,0,1,Rp52.190,2,892,36,4.04%,1,2.78%,2.78%,651,34,5.22%,1,2.94%,2.94%,Rp767.854,Rp0,Rp0,Rp0,Rp595.144,Rp494.401,Rp100.743,13,13,13,13,Rp59.066,24,24,4,8622,420,4.87%,20,4.76%,3.10%,5900,343,5.81%,17,4.96%,3.79%,958,11,1.15%,0,0.00%,0.00%,851,10,1.18%,0,0.00%,0.00%,7237,404,5.58%,19,4.70%,2.72%,4752,328,6.90%,16,4.88%,3.35%,Rp233.743,Rp233.743,Rp0,4,4,4,0,4,4,0,4,Rp58.436,5055,163,3.22%,10,6.13%,2.45%,4285,139,3.24%,10,7.19%,2.88%
"PAKET 2ITEM GERGAJI WILMER 18'' DITAMBAH DENGAN PALU BESI WIMER OZ 08 ,12 ,16 Harga termurah",1729965435171932669,produk terjual ≥1,Aktif,Rp1.099.724,Rp89.072,Rp0,Rp89.072,Rp212.134,Rp0,Rp212.134,Rp305.010,Rp0,Rp0,Rp0,Rp38.505,Rp0,Rp38.505,Rp493.508,21,21,21,21,Rp52.368,9120,379,4.16%,23,6.07%,5.54%,6986,271,3.88%,23,8.49%,7.75%,Rp1.099.724,Rp0,Rp1.514.332,Rp387.412,Rp91.222,2,2,6887,282,201,17,4.09%,6.03%,Rp883.716,17,Rp89.072,Rp0,Rp89.072,2,2,0,2,2,0,2,2,Rp44.536,0,1,0,0.00%,0,0.00%,0.00%,1,0,0.00%,0,0.00%,0.00%,Rp212.134,Rp0,Rp212.134,4,4,0,4,4,0,4,4,Rp53.034,0,4,0,0.00%,0,0.00%,0.00%,3,0,0.00%,0,0.00%,0.00%,Rp305.010,Rp0,Rp0,Rp0,Rp38.505,Rp0,Rp38.505,6,6,6,6,Rp50.835,1,0,1,769,41,5.33%,0,0.00%,14.63%,636,31,4.87%,0,0.00%,19.35%,0,0,0.00%,0,0.00%,0.00%,0,0,0.00%,0,0.00%,0.00%,708,40,5.65%,0,0.00%,2.50%,610,30,4.92%,0,0.00%,3.33%,Rp493.508,Rp493.508,Rp0,9,9,9,0,9,9,0,9,Rp54.834,8346,338,4.05%,23,6.80%,2.66%,6432,244,3.79%,23,9.43%,3.69%
MAKITA MESIN KETAM M1902B SERUT PLANER Mesin Serut Kayu Mesin Serut Tangan Electric Mesin serut kayu mesin serut tangan Mesin Ketam,1730512632676713981,GMV & produk terjual = 0,Aktif,Rp1.093.620,Rp0,Rp0,Rp0,Rp1.093.620,Rp0,Rp1.093.620,Rp0,Rp0,Rp0,Rp0,Rp0,Rp0,Rp0,Rp0,1,1,1,1,Rp1.093.620,4375,314,7.18%,4,1.27%,0.32%,3201,261,8.15%,4,1.53%,0.38%,Rp1.093.620,Rp0,Rp1.340.328,Rp276.000,Rp0,0,0,1150,52,40,0,4.52%,0.00%,Rp0,0,Rp0,Rp0,Rp0,0,0,0,0,0,0,0,0,Rp0,2,393,4,1.02%,0,0.00%,0.00%,328,4,1.22%,0,0.00%,0.00%,Rp1.093.620,Rp0,Rp1.093.620,1,1,0,1,1,0,1,1,Rp1.093.620,0,1211,125,10.32%,1,0.80%,0.80%,872,108,12.39%,1,0.93%,0.93%,Rp0,Rp0,Rp0,Rp0,Rp0,Rp0,Rp0,0,0,0,0,Rp0,2,1,1,1799,146,8.12%,2,1.37%,0.00%,1463,129,8.82%,2,1.55%,0.00%,219,3,1.37%,0,0.00%,0.00%,186,2,1.08%,0,0.00%,0.00%,1463,141,9.64%,1,0.71%,0.00%,1234,125,10.13%,1,0.80%,0.00%,Rp0,Rp0,Rp0,0,0,0,0,0,0,0,0,Rp0,972,39,4.01%,1,2.56%,0.00%,756,28,3.70%,1,3.57%,0.00%
Gunting Pemotong Pipa 32-42mm -Pipe Tubing Cutter-Pipe Cutter - Pemotong Pipa - PVC Cutter - Pemotong Pipa Paralon Alat poton,1729971293369240061,produk terjual ≥1,Aktif,Rp1.065.519,Rp0,Rp0,Rp0,Rp73.730,Rp73.730,Rp0,Rp838.562,Rp0,Rp0,Rp0,Rp756.881,Rp629.621,Rp127.260,Rp153.227,24,24,25,21,Rp44.397,11136,452,4.06%,33,7.30%,5.31%,8845,354,4.00%,28,7.91%,5.93%,Rp1.065.519,Rp0,Rp1.388.529,Rp422.915,Rp350.967,7,6,6611,290,213,16,4.39%,6.55%,Rp873.215,20,Rp0,Rp0,Rp0,0,0,0,0,0,0,0,0,Rp0,22,328,5,1.52%,0,0.00%,0.00%,293,5,1.71%,0,0.00%,0.00%,Rp73.730,Rp73.730,Rp0,2,2,2,0,2,2,0,2,Rp36.865,1,317,10,3.15%,2,20.00%,20.00%,237,8,3.38%,1,12.50%,25.00%,Rp838.562,Rp0,Rp0,Rp0,Rp756.881,Rp629.621,Rp127.260,19,19,19,16,Rp44.135,18,4,16,6037,286,4.74%,12,4.20%,6.64%,4751,229,4.82%,11,4.80%,6.99%,24,0,0.00%,0,0.00%,0.00%,22,0,0.00%,0,0.00%,0.00%,5389,282,5.23%,12,4.26%,6.03%,4399,225,5.11%,11,4.89%,6.22%,Rp153.227,Rp153.227,Rp0,3,3,3,0,4,4,0,3,Rp51.076,4454,151,3.39%,19,12.58%,1.99%,3775,117,3.10%,16,13.68%,2.56%
ELKA TANG KOMBINASI POTONG LANCIP 6''INCH SATUAN  Peralatan Perkakas Tangan Kabel Multipurpose Wire Cutters Multifungsi Anti Slip,1730692244283753981,produk terjual ≥1,Aktif,Rp1.062.080,Rp0,Rp0,Rp0,Rp0,Rp0,Rp0,Rp688.194,Rp0,Rp0,Rp0,Rp683.144,Rp683.144,Rp0,Rp373.886,54,54,56,53,Rp19.668,61175,3307,5.41%,79,2.39%,1.63%,49631,2886,5.81%,70,2.43%,1.84%,Rp1.062.080,Rp0,Rp2.222.732,Rp1.008.722,Rp222.051,10,10,42479,1627,1407,28,3.83%,1.72%,Rp408.968,28,Rp0,Rp0,Rp0,0,0,0,0,0,0,0,0,Rp0,26,293,6,2.05%,0,0.00%,0.00%,264,5,1.89%,0,0.00%,0.00%,Rp0,Rp0,Rp0,0,0,0,0,0,0,0,0,Rp0,0,58,2,3.45%,0,0.00%,0.00%,55,2,3.64%,0,0.00%,0.00%,Rp688.194,Rp0,Rp0,Rp0,Rp683.144,Rp683.144,Rp0,28,28,30,27,Rp24.578,11,10,3,13878,1582,11.40%,17,1.07%,1.77%,12241,1385,11.31%,16,1.16%,1.95%,751,8,1.07%,0,0.00%,0.00%,637,7,1.10%,0,0.00%,0.00%,12547,1570,12.51%,16,1.02%,1.72%,11293,1374,12.17%,15,1.09%,1.89%,Rp373.886,Rp373.886,Rp0,26,26,26,0,26,26,0,26,Rp14.380,46943,1717,3.66%,62,3.61%,1.51%,37837,1523,4.03%,54,3.55%,1.71%
"ALAT SNAI PIPA BESI MANUAL 1/2"" 3/4''- 1'' 1/4"" PIPA SNAI DRAT ALAT UNTUK MEMBUAT DRAT PADA PIPA BESI",1730244187153663485,GMV & produk terjual = 0,Aktif,Rp1.049.112,Rp0,Rp0,Rp0,Rp0,Rp0,Rp0,Rp1.049.112,Rp0,Rp0,Rp0,Rp1.049.112,Rp1.049.112,Rp0,Rp0,1,1,1,1,Rp1.049.112,2799,148,5.29%,3,2.03%,0.68%,1697,121,7.13%,3,2.48%,0.83%,Rp1.049.112,Rp0,Rp1.291.799,Rp60.000,Rp0,0,0,288,14,13,0,4.86%,0.00%,Rp0,0,Rp0,Rp0,Rp0,0,0,0,0,0,0,0,0,Rp0,0,0,0,0.00%,0,0.00%,0.00%,0,0,0.00%,0,0.00%,0.00%,Rp0,Rp0,Rp0,0,0,0,0,0,0,0,0,Rp0,0,0,0,0.00%,0,0.00%,0.00%,0,0,0.00%,0,0.00%,0.00%,Rp1.049.112,Rp0,Rp0,Rp0,Rp1.049.112,Rp1.049.112,Rp0,1,1,1,1,Rp1.049.112,0,0,0,2567,131,5.10%,3,2.29%,0.76%,1544,106,6.87%,3,2.83%,0.94%,0,0,0.00%,0,0.00%,0.00%,0,0,0.00%,0,0.00%,0.00%,2545,131,5.15%,3,2.29%,0.76%,1532,106,6.92%,3,2.83%,0.94%,Rp0,Rp0,Rp0,0,0,0,0,0,0,0,0,Rp0,232,17,7.33%,0,0.00%,0.00%,185,15,8.11%,0,0.00%,0.00%
BOSCH Mesin Jigsaw Gergaji Kayu Tangan Listrik Kekuatan Tinggi Mesin Gergaji Kayu Jig Saw Mesin Potong Kayu Jigsaw Triplek Potong Kayu Electric Jigsaw,1732668452058400253,produk terjual ≥1,Aktif,Rp1.048.279,Rp0,Rp0,Rp0,Rp0,Rp0,Rp0,Rp1.048.279,Rp0,Rp0,Rp0,Rp1.048.279,Rp1.048.279,Rp0,Rp0,1,1,1,1,Rp1.048.279,16193,1104,6.82%,26,2.36%,0.09%,12162,983,8.08%,22,2.24%,0.10%,Rp1.048.279,Rp0,Rp1.114.879,Rp13.500,Rp0,0,0,3262,149,123,0,4.57%,0.00%,Rp0,0,Rp0,Rp0,Rp0,0,0,0,0,0,0,0,0,Rp0,100,3410,83,2.43%,5,6.02%,0.00%,2965,73,2.46%,2,2.74%,0.00%,Rp0,Rp0,Rp0,0,0,0,0,0,0,0,0,Rp0,0,551,55,9.98%,2,3.64%,0.00%,402,48,11.94%,2,4.17%,0.00%,Rp1.048.279,Rp0,Rp0,Rp0,Rp1.048.279,Rp1.048.279,Rp0,1,1,1,1,Rp1.048.279,15,17,1,8880,810,9.12%,10,1.23%,0.12%,6308,729,11.56%,10,1.37%,0.14%,941,43,4.57%,0,0.00%,0.00%,828,35,4.23%,0,0.00%,0.00%,7816,764,9.77%,11,1.44%,0.13%,5392,691,12.82%,10,1.45%,0.14%,Rp0,Rp0,Rp0,0,0,0,0,0,0,0,0,Rp0,3351,156,4.66%,11,7.05%,0.00%,2802,136,4.85%,8,5.88%,0.00%
FUJIYAMA MA:TA BOR PAHAT KAYU 1/2'' & 3/8'' / WOOD CHISELS,1729654705368893949,produk terjual ≥1,Aktif,Rp1.046.265,Rp0,Rp0,Rp0,Rp0,Rp0,Rp0,Rp322.586,Rp0,Rp0,Rp0,Rp0,Rp0,Rp0,Rp723.679,12,12,13,12,Rp87.189,4434,167,3.77%,9,5.39%,7.19%,3875,141,3.64%,9,6.38%,8.51%,Rp1.046.265,Rp0,Rp1.298.950,Rp253.466,Rp0,0,0,3132,119,101,7,3.80%,5.88%,Rp667.249,8,Rp0,Rp0,Rp0,0,0,0,0,0,0,0,0,Rp0,0,0,0,0.00%,0,0.00%,0.00%,0,0,0.00%,0,0.00%,0.00%,Rp0,Rp0,Rp0,0,0,0,0,0,0,0,0,Rp0,0,2,0,0.00%,0,0.00%,0.00%,2,0,0.00%,0,0.00%,0.00%,Rp322.586,Rp0,Rp0,Rp0,Rp0,Rp0,Rp0,4,4,4,4,Rp80.646,0,0,0,524,28,5.34%,0,0.00%,14.29%,467,27,5.78%,0,0.00%,14.81%,0,0,0.00%,0,0.00%,0.00%,0,0,0.00%,0,0.00%,0.00%,488,27,5.53%,0,0.00%,0.00%,443,26,5.87%,0,0.00%,0.00%,Rp723.679,Rp723.679,Rp0,8,8,8,0,9,9,0,8,Rp90.460,3907,139,3.56%,9,6.47%,5.76%,3400,113,3.32%,9,7.96%,7.08%
Lem Tembak / Hot Melt Glue Gun On Off 20 Watt Lem Tembak Mini Alat Perekat Bonus 3 Refill Glue Stick,1730561682837833213,GMV & produk terjual = 0,Nonaktif,Rp1.042.892,Rp0,Rp0,Rp0,Rp476.942,Rp391.032,Rp85.910,Rp349.579,Rp0,Rp0,Rp0,Rp119.857,Rp66.832,Rp53.025,Rp216.371,41,42,43,41,Rp24.831,9099,786,8.64%,68,8.65%,5.34%,6957,606,8.71%,54,8.91%,6.77%,Rp1.042.892,Rp0,Rp1.774.251,Rp686.500,Rp676.406,27,26,6432,539,425,27,8.38%,5.01%,Rp680.387,28,Rp0,Rp0,Rp0,0,0,0,0,0,0,0,0,Rp0,0,1,0,0.00%,0,0.00%,0.00%,1,0,0.00%,0,0.00%,0.00%,Rp476.942,Rp391.032,Rp85.910,18,18,16,2,19,16,3,18,Rp26.497,0,3123,333,10.66%,28,8.41%,5.41%,2465,256,10.39%,24,9.38%,7.03%,Rp349.579,Rp0,Rp0,Rp0,Rp119.857,Rp66.832,Rp53.025,14,15,15,14,Rp23.305,1,0,1,1060,83,7.83%,11,13.25%,18.07%,850,64,7.53%,6,9.38%,21.88%,0,0,0.00%,0,0.00%,0.00%,0,0,0.00%,0,0.00%,0.00%,904,74,8.19%,4,5.41%,6.76%,760,57,7.50%,4,7.02%,8.77%,Rp216.371,Rp216.371,Rp0,9,9,9,0,9,9,0,9,Rp24.041,4915,370,7.53%,29,7.84%,2.43%,4046,317,7.83%,25,7.89%,2.84%
Alat Tambal Ban Tubles Set Tubeless Ban Bocor Motor Mobil Sepeda Tire repair kit Kendaraan,1729977510183078397,GMV ≥250 atau produk terjual ≥3,Aktif,Rp1.038.263,Rp0,Rp0,Rp0,Rp465.845,Rp465.845,Rp0,Rp279.637,Rp33.976,Rp33.976,Rp0,Rp215.036,Rp197.644,Rp17.392,Rp292.781,53,54,60,53,Rp19.227,25129,787,3.13%,43,5.46%,6.86%,18798,614,3.27%,39,6.35%,8.63%,Rp1.038.263,Rp0,Rp1.733.031,Rp784.533,Rp69.540,4,3,14147,426,331,30,3.01%,7.28%,Rp495.505,33,Rp0,Rp0,Rp0,0,0,0,0,0,0,0,0,Rp0,29,529,9,1.70%,0,0.00%,0.00%,434,3,0.69%,0,0.00%,0.00%,Rp465.845,Rp465.845,Rp0,18,18,18,0,21,21,0,18,Rp25.880,1,6187,200,3.23%,10,5.00%,9.00%,3705,165,4.45%,9,5.45%,10.91%,Rp279.637,Rp33.976,Rp33.976,Rp0,Rp215.036,Rp197.644,Rp17.392,16,16,18,16,Rp17.477,13,5,9,8096,336,4.15%,18,5.36%,4.76%,6364,254,3.99%,17,6.69%,6.30%,208,2,0.96%,0,0.00%,50.00%,148,1,0.68%,0,0.00%,100.00%,7701,333,4.32%,18,5.41%,3.90%,6143,253,4.12%,17,6.72%,5.14%,Rp292.781,Rp292.781,Rp0,19,20,20,0,21,21,0,19,Rp14.639,10316,242,2.35%,15,6.20%,8.26%,8865,204,2.30%,14,6.86%,9.31%
Tora Spray Gun F75G Tabung Atas 400 mL Nozzle 1.5mm Pressure 50-70 psi Ekonomis dan Murah,1733363659741431293,produk terjual ≥1,Aktif,Rp1.031.421,Rp0,Rp0,Rp0,Rp0,Rp0,Rp0,Rp809.625,Rp0,Rp0,Rp0,Rp703.686,Rp412.806,Rp290.880,Rp221.796,10,10,10,7,Rp103.142,6907,295,4.27%,4,1.36%,3.39%,4143,237,5.72%,3,1.27%,2.95%,Rp1.031.421,Rp0,Rp1.371.834,Rp297.500,Rp388.749,4,3,1751,73,62,3,4.17%,4.11%,Rp327.735,3,Rp0,Rp0,Rp0,0,0,0,0,0,0,0,0,Rp0,1,8,0,0.00%,0,0.00%,0.00%,8,0,0.00%,0,0.00%,0.00%,Rp0,Rp0,Rp0,0,0,0,0,0,0,0,0,Rp0,0,8,0,0.00%,0,0.00%,0.00%,3,0,0.00%,0,0.00%,0.00%,Rp809.625,Rp0,Rp0,Rp0,Rp703.686,Rp412.806,Rp290.880,8,8,8,5,Rp101.203,9,1,10,5885,254,4.32%,3,1.18%,3.15%,3008,182,6.05%,2,1.10%,2.75%,184,10,5.43%,0,0.00%,0.00%,0,0,0.00%,0,0.00%,0.00%,5008,232,4.63%,3,1.29%,3.02%,2965,176,5.94%,2,1.14%,2.27%,Rp221.796,Rp221.796,Rp0,2,2,2,0,2,2,0,2,Rp110.898,1008,41,4.07%,1,2.44%,4.88%,793,25,3.15%,1,4.00%,8.00%
"amplas roll bahan kertas 10 cm x 5m amplas alumunium, kaca,besi,stainless, tembok,kayu,batu,logam",1735756005721867773,GMV ≥250 atau produk terjual ≥3,Aktif,Rp1.019.565,Rp0,Rp0,Rp0,Rp0,Rp0,Rp0,Rp815.024,Rp0,Rp0,Rp0,Rp752.404,Rp752.404,Rp0,Rp204.541,23,25,31,22,Rp40.783,10461,688,6.58%,22,3.20%,3.63%,8342,535,6.41%,14,2.62%,4.11%,Rp1.019.565,Rp0,Rp1.429.911,Rp465.069,Rp114.509,4,3,3592,146,101,6,4.06%,4.79%,Rp204.851,7,Rp0,Rp0,Rp0,0,0,0,0,0,0,0,0,Rp0,3,32,0,0.00%,0,0.00%,0.00%,29,0,0.00%,0,0.00%,0.00%,Rp0,Rp0,Rp0,0,0,0,0,0,0,0,0,Rp0,0,1,0,0.00%,0,0.00%,0.00%,1,0,0.00%,0,0.00%,0.00%,Rp815.024,Rp0,Rp0,Rp0,Rp752.404,Rp752.404,Rp0,17,18,24,16,Rp45.279,8,0,8,5920,474,8.01%,9,1.90%,3.80%,4460,350,7.85%,5,1.43%,4.57%,0,0,0.00%,0,0.00%,0.00%,0,0,0.00%,0,0.00%,0.00%,5753,469,8.15%,8,1.71%,3.41%,4376,348,7.95%,4,1.15%,4.02%,Rp204.541,Rp204.541,Rp0,6,7,7,0,7,7,0,6,Rp29.220,4507,214,4.75%,13,6.07%,3.27%,3500,149,4.26%,9,6.04%,4.03%
Grosir 12 Pcs Kuas Cat Tembok Dinding GG Kayu 1 2 3 4 5 inch  Kuas Cat besi Murah - Kuas Bulu Kuas Pernis Tebal Wilmer Paint,1730835015874348541,produk terjual ≥1,Aktif,Rp1.013.649,Rp0,Rp0,Rp0,Rp160.306,Rp160.306,Rp0,Rp612.981,Rp0,Rp0,Rp0,Rp421.352,Rp272.226,Rp149.126,Rp240.362,15,19,20,14,Rp53.350,4135,324,7.84%,26,8.02%,5.86%,3171,264,8.33%,18,6.82%,5.30%,Rp1.013.649,Rp0,Rp1.219.787,Rp417.000,Rp290.577,4,2,2133,207,166,7,9.70%,3.86%,Rp322.890,9,Rp0,Rp0,Rp0,0,0,0,0,0,0,0,0,Rp0,0,0,0,0.00%,0,0.00%,0.00%,0,0,0.00%,0,0.00%,0.00%,Rp160.306,Rp160.306,Rp0,2,2,2,0,2,2,0,2,Rp80.153,0,485,38,7.84%,1,2.63%,5.26%,254,29,11.42%,1,3.45%,6.90%,Rp612.981,Rp0,Rp0,Rp0,Rp421.352,Rp272.226,Rp149.126,7,11,11,6,Rp55.726,5,0,5,992,56,5.65%,4,7.14%,19.64%,730,48,6.58%,2,4.17%,12.50%,0,0,0.00%,0,0.00%,0.00%,0,0,0.00%,0,0.00%,0.00%,821,56,6.82%,2,3.57%,10.71%,641,48,7.49%,2,4.17%,6.25%,Rp240.362,Rp240.362,Rp0,6,6,6,0,7,7,0,6,Rp40.060,2658,230,8.65%,21,9.13%,2.61%,2173,182,8.38%,15,8.24%,3.30%
Lavon Tang Gegep Press - Tang Potong Kawat - Tang Kakaktua Press Tang Kakak Tua,1730404256743130621,GMV ≥250 atau produk terjual ≥3,Aktif,Rp1.009.949,Rp0,Rp0,Rp0,Rp330.879,Rp237.064,Rp93.815,Rp499.375,Rp0,Rp0,Rp0,Rp236.522,Rp236.522,Rp0,Rp179.695,33,33,57,32,Rp30.605,19267,677,3.51%,42,6.20%,4.87%,14987,552,3.68%,38,6.88%,5.80%,Rp1.009.949,Rp0,Rp1.435.326,Rp397.295,Rp136.277,8,6,11697,345,279,19,2.95%,5.80%,Rp510.456,29,Rp0,Rp0,Rp0,0,0,0,0,0,0,0,0,Rp0,0,1,0,0.00%,0,0.00%,0.00%,1,0,0.00%,0,0.00%,0.00%,Rp330.879,Rp237.064,Rp93.815,10,10,7,3,19,13,6,9,Rp33.088,0,3519,126,3.58%,3,2.38%,7.94%,2107,95,4.51%,3,3.16%,9.47%,Rp499.375,Rp0,Rp0,Rp0,Rp236.522,Rp236.522,Rp0,14,14,28,14,Rp35.670,8,2,6,3701,219,5.92%,11,5.02%,6.39%,2744,169,6.16%,10,5.92%,8.28%,4,0,0.00%,0,0.00%,0.00%,3,0,0.00%,0,0.00%,0.00%,3553,217,6.11%,11,5.07%,3.69%,2668,167,6.26%,10,5.99%,4.79%,Rp179.695,Rp179.695,Rp0,9,9,9,0,10,10,0,9,Rp19.966,12047,332,2.76%,28,8.43%,2.71%,9992,276,2.76%,27,9.78%,3.26%
Dongkrak Botol - Dongkrak Mobil Hydraulic Jack Original Termurah Berbagai Ukuran 2 Ton / 4 Ton / 6 Ton / 10 Ton,1732246791144900093,GMV & produk terjual = 0,Aktif,Rp1.004.231,Rp0,Rp0,Rp0,Rp0,Rp0,Rp0,Rp734.965,Rp0,Rp0,Rp0,Rp0,Rp0,Rp0,Rp269.266,3,3,3,3,Rp334.744,6118,411,6.72%,12,2.92%,0.73%,5108,358,7.01%,11,3.07%,0.84%,Rp1.004.231,Rp0,Rp1.178.591,Rp222.500,Rp0,0,0,4399,311,272,2,7.07%,0.64%,Rp796.991,2,Rp0,Rp0,Rp0,0,0,0,0,0,0,0,0,Rp0,0,1,0,0.00%,0,0.00%,0.00%,1,0,0.00%,0,0.00%,0.00%,Rp0,Rp0,Rp0,0,0,0,0,0,0,0,0,Rp0,0,23,2,8.70%,0,0.00%,0.00%,20,2,10.00%,0,0.00%,0.00%,Rp734.965,Rp0,Rp0,Rp0,Rp0,Rp0,Rp0,2,2,2,2,Rp367.482,3,1,3,334,15,4.49%,1,6.67%,13.33%,239,7,2.93%,1,14.29%,28.57%,110,0,0.00%,0,0.00%,0.00%,71,0,0.00%,0,0.00%,0.00%,95,13,13.68%,1,7.69%,0.00%,71,6,8.45%,1,16.67%,0.00%,Rp269.266,Rp269.266,Rp0,1,1,1,0,1,1,0,1,Rp269.266,5759,394,6.84%,11,2.79%,0.25%,4823,349,7.24%,10,2.87%,0.29%
Alat Congkelan Ban Motor 2 Pcs 10 Inch Motor Congkelan Ban Tools Alat Cukit Congkel Ban Roda Motor Alat Buka Ban,1729890724388178429,produk terjual ≥1,Aktif,Rp1.001.029,Rp0,Rp0,Rp0,Rp451.945,Rp387.366,Rp64.579,Rp253.486,Rp0,Rp0,Rp0,Rp227.646,Rp227.646,Rp0,Rp295.598,34,34,34,34,Rp29.442,26478,1395,5.27%,43,3.08%,2.44%,20869,1101,5.28%,39,3.54%,3.09%,Rp1.001.029,Rp0,Rp1.560.921,Rp628.729,Rp150.508,6,6,15374,722,586,23,4.70%,3.19%,Rp657.687,23,Rp0,Rp0,Rp0,0,0,0,0,0,0,0,0,Rp0,31,462,12,2.60%,0,0.00%,0.00%,414,5,1.21%,0,0.00%,0.00%,Rp451.945,Rp387.366,Rp64.579,15,15,13,2,15,13,2,15,Rp30.130,1,3104,279,8.99%,6,2.15%,5.38%,2517,231,9.18%,5,2.16%,6.49%,Rp253.486,Rp0,Rp0,Rp0,Rp227.646,Rp227.646,Rp0,8,8,8,8,Rp31.686,2,0,2,8861,572,6.46%,11,1.92%,1.40%,6965,456,6.55%,10,2.19%,1.75%,0,0,0.00%,0,0.00%,0.00%,0,0,0.00%,0,0.00%,0.00%,8703,569,6.54%,11,1.93%,1.23%,6833,454,6.64%,10,2.20%,1.54%,Rp295.598,Rp295.598,Rp0,11,11,11,0,11,11,0,11,Rp26.873,14051,532,3.79%,26,4.89%,2.07%,12172,455,3.74%,24,5.27%,2.42%
MIKAYO Hammer Drill /Mesin Bor Beton /Mesin bor listrik Impact Drill/ Pengeboran Perkusi Beton / Pengeboran Palu / Mesin Pendulum Beton,1731347920929916413,GMV & produk terjual = 0,Aktif,Rp997.011,Rp502.111,Rp502.111,Rp0,Rp0,Rp0,Rp0,Rp494.900,Rp0,Rp0,Rp0,Rp494.900,Rp494.900,Rp0,Rp0,2,2,2,2,Rp498.506,7898,265,3.36%,3,1.13%,0.75%,6439,221,3.43%,3,1.36%,0.90%,Rp997.011,Rp0,Rp1.285.871,Rp120.000,Rp997.011,2,2,1610,44,35,0,2.73%,0.00%,Rp0,0,Rp502.111,Rp502.111,Rp0,1,1,1,0,1,1,0,1,Rp502.111,82,4160,80,1.92%,2,2.50%,1.25%,3489,66,1.89%,2,3.03%,1.52%,Rp0,Rp0,Rp0,0,0,0,0,0,0,0,0,Rp0,0,141,10,7.09%,0,0.00%,0.00%,123,8,6.50%,0,0.00%,0.00%,Rp494.900,Rp0,Rp0,Rp0,Rp494.900,Rp494.900,Rp0,1,1,1,1,Rp494.900,12,9,4,3002,157,5.23%,1,0.64%,0.64%,2386,133,5.57%,1,0.75%,0.75%,856,12,1.40%,0,0.00%,0.00%,763,10,1.31%,0,0.00%,0.00%,1885,139,7.37%,1,0.72%,0.72%,1563,117,7.49%,1,0.85%,0.85%,Rp0,Rp0,Rp0,0,0,0,0,0,0,0,0,Rp0,595,18,3.03%,0,0.00%,0.00%,527,16,3.04%,0,0.00%,0.00%
Mesin Jack Hammer Bobok Beton MK-0810 Demolition Hammer RH435-0810 MIKAYO,1729863008166840829,produk terjual ≥1,Aktif,Rp991.640,Rp991.640,Rp991.640,Rp0,Rp0,Rp0,Rp0,Rp0,Rp0,Rp0,Rp0,Rp0,Rp0,Rp0,Rp0,1,1,1,1,Rp991.640,5038,149,2.96%,3,2.01%,0.67%,4401,126,2.86%,3,2.38%,0.79%,Rp991.640,Rp0,Rp1.001.640,Rp210.000,Rp0,0,0,1346,53,42,0,3.94%,0.00%,Rp0,0,Rp991.640,Rp991.640,Rp0,1,1,1,0,1,1,0,1,Rp991.640,106,3488,71,2.04%,0,0.00%,1.41%,3053,62,2.03%,0,0.00%,1.61%,Rp0,Rp0,Rp0,0,0,0,0,0,0,0,0,Rp0,0,1,0,0.00%,0,0.00%,0.00%,1,0,0.00%,0,0.00%,0.00%,Rp0,Rp0,Rp0,Rp0,Rp0,Rp0,Rp0,0,0,0,0,Rp0,7,8,0,313,9,2.88%,0,0.00%,0.00%,275,9,3.27%,0,0.00%,0.00%,293,8,2.73%,0,0.00%,0.00%,259,8,3.09%,0,0.00%,0.00%,0,0,0.00%,0,0.00%,0.00%,0,0,0.00%,0,0.00%,0.00%,Rp0,Rp0,Rp0,0,0,0,0,0,0,0,0,Rp0,1238,69,5.57%,3,4.35%,0.00%,1039,55,5.29%,3,5.45%,0.00%
22in Bar Chainsaw Maestro Bar Gergaji Mesin Guide Bar Chainsaw Guide Bar Laser,1731920802720351741,produk terjual ≥1,Aktif,Rp961.246,Rp0,Rp0,Rp0,Rp207.050,Rp207.050,Rp0,Rp593.000,Rp0,Rp0,Rp0,Rp506.948,Rp420.896,Rp86.052,Rp161.196,11,11,11,10,Rp87.386,4425,178,4.02%,9,5.06%,6.18%,2929,139,4.75%,7,5.04%,7.19%,Rp961.246,Rp0,Rp1.009.206,Rp279.000,Rp162.408,2,2,2139,94,68,5,4.39%,5.32%,Rp416.208,5,Rp0,Rp0,Rp0,0,0,0,0,0,0,0,0,Rp0,0,0,0,0.00%,0,0.00%,0.00%,0,0,0.00%,0,0.00%,0.00%,Rp207.050,Rp207.050,Rp0,2,2,2,0,2,2,0,1,Rp103.525,0,242,7,2.89%,1,14.29%,28.57%,13,2,15.38%,0,0.00%,50.00%,Rp593.000,Rp0,Rp0,Rp0,Rp506.948,Rp420.896,Rp86.052,7,7,7,7,Rp84.714,0,0,0,1576,91,5.77%,5,5.49%,7.69%,833,67,8.04%,4,5.97%,10.45%,0,0,0.00%,0,0.00%,0.00%,0,0,0.00%,0,0.00%,0.00%,1547,91,5.88%,5,5.49%,6.59%,816,67,8.21%,4,5.97%,8.96%,Rp161.196,Rp161.196,Rp0,2,2,2,0,2,2,0,2,Rp80.598,2606,80,3.07%,3,3.75%,2.50%,1911,60,3.14%,3,5.00%,3.33%
Selang Jet Cleaner High Pressure Panjang 10 15 20 25 Meter Selang Steam Jet Cleaner Hugh Pressure Washer Water,1729608895312135677,GMV & produk terjual = 0,Aktif,Rp948.057,Rp0,Rp0,Rp0,Rp228.180,Rp0,Rp228.180,Rp486.203,Rp0,Rp0,Rp0,Rp305.424,Rp0,Rp305.424,Rp233.674,4,4,4,4,Rp237.014,8809,286,3.25%,16,5.59%,1.40%,6774,243,3.59%,13,5.35%,1.65%,Rp948.057,Rp0,Rp1.137.804,Rp257.286,Rp539.098,2,2,4046,128,108,3,3.16%,2.34%,Rp719.877,3,Rp0,Rp0,Rp0,0,0,0,0,0,0,0,0,Rp0,4,429,8,1.86%,0,0.00%,0.00%,369,7,1.90%,0,0.00%,0.00%,Rp228.180,Rp0,Rp228.180,1,1,0,1,1,0,1,1,Rp228.180,0,4,0,0.00%,0,0.00%,0.00%,4,0,0.00%,0,0.00%,0.00%,Rp486.203,Rp0,Rp0,Rp0,Rp305.424,Rp0,Rp305.424,2,2,2,2,Rp243.102,4,3,2,2687,105,3.91%,6,5.71%,1.90%,1991,95,4.77%,6,6.32%,2.11%,151,2,1.32%,0,0.00%,0.00%,112,2,1.79%,0,0.00%,0.00%,2444,102,4.17%,5,4.90%,0.98%,1811,92,5.08%,5,5.43%,1.09%,Rp233.674,Rp233.674,Rp0,1,1,1,0,1,1,0,1,Rp233.674,5689,173,3.04%,10,5.78%,0.58%,4610,142,3.08%,9,6.34%,0.70%
Mesin Bor 10mm Eelectric Drill  Listrik Bolak Balik Variabel Speed Besi Kayu Tembok,1729745781603599869,produk terjual ≥1,Aktif,Rp945.438,Rp0,Rp0,Rp0,Rp0,Rp0,Rp0,Rp461.781,Rp321.553,Rp321.553,Rp0,Rp0,Rp0,Rp0,Rp483.657,6,6,6,6,Rp157.573,4229,180,4.26%,19,10.56%,3.33%,3717,152,4.09%,18,11.84%,3.95%,Rp945.438,Rp0,Rp1.159.878,Rp247.071,Rp152.409,1,1,1325,47,38,1,3.55%,2.13%,Rp187.803,1,Rp0,Rp0,Rp0,0,0,0,0,0,0,0,0,Rp0,0,1,0,0.00%,0,0.00%,0.00%,1,0,0.00%,0,0.00%,0.00%,Rp0,Rp0,Rp0,0,0,0,0,0,0,0,0,Rp0,0,4,0,0.00%,0,0.00%,0.00%,4,0,0.00%,0,0.00%,0.00%,Rp461.781,Rp321.553,Rp321.553,Rp0,Rp0,Rp0,Rp0,3,3,3,3,Rp153.927,7,7,1,972,64,6.58%,4,6.25%,4.69%,766,53,6.92%,3,5.66%,5.66%,619,34,5.49%,4,11.76%,5.88%,516,28,5.43%,3,10.71%,7.14%,259,29,11.20%,0,0.00%,0.00%,225,23,10.22%,0,0.00%,0.00%,Rp483.657,Rp483.657,Rp0,3,3,3,0,3,3,0,3,Rp161.219,3251,115,3.54%,15,13.04%,2.61%,2877,96,3.34%,15,15.63%,3.13%
BRANCH Roda Trolley Karet REM / HIDUP 3 Inch 4 Inch Roda Kastor Caster Etelase Gerobak Trolley Troli,1729587172800628221,produk terjual ≥1,Aktif,Rp941.018,Rp0,Rp0,Rp0,Rp0,Rp0,Rp0,Rp776.792,Rp0,Rp0,Rp0,Rp738.192,Rp681.026,Rp57.166,Rp164.226,19,21,34,19,Rp44.810,16751,902,5.38%,48,5.32%,2.33%,11654,672,5.77%,34,5.06%,2.83%,Rp941.018,Rp0,Rp1.327.943,Rp459.723,Rp254.164,9,5,4841,238,172,7,4.92%,3.36%,Rp301.403,11,Rp0,Rp0,Rp0,0,0,0,0,0,0,0,0,Rp0,1,22,1,4.55%,0,0.00%,0.00%,21,1,4.76%,0,0.00%,0.00%,Rp0,Rp0,Rp0,0,0,0,0,0,0,0,0,Rp0,0,203,11,5.42%,1,9.09%,0.00%,101,7,6.93%,1,14.29%,0.00%,Rp776.792,Rp0,Rp0,Rp0,Rp738.192,Rp681.026,Rp57.166,16,17,28,16,Rp45.694,7,4,5,11807,679,5.75%,25,3.68%,2.50%,7982,519,6.50%,18,3.47%,3.08%,82,0,0.00%,0,0.00%,0.00%,79,0,0.00%,0,0.00%,0.00%,10777,655,6.08%,23,3.51%,2.44%,7269,501,6.89%,16,3.19%,2.99%,Rp164.226,Rp164.226,Rp0,3,4,4,0,6,6,0,3,Rp41.056,4719,211,4.47%,22,10.43%,1.90%,3869,160,4.14%,15,9.38%,1.88%
[2SET] Mata Pisau Planner HSS Planer Blade 82 mm Mata Serut Kayu Sugu Ketam Pasah,1730711103266391549,produk terjual ≥1,Aktif,Rp938.137,Rp0,Rp0,Rp0,Rp487.189,Rp487.189,Rp0,Rp290.705,Rp0,Rp0,Rp0,Rp242.932,Rp242.932,Rp0,Rp160.243,28,28,31,28,Rp33.505,12792,613,4.79%,14,2.28%,4.57%,8536,513,6.01%,14,2.73%,5.46%,Rp938.137,Rp0,Rp1.382.873,Rp523.083,Rp0,0,0,4302,167,137,14,3.88%,8.38%,Rp441.050,17,Rp0,Rp0,Rp0,0,0,0,0,0,0,0,0,Rp0,8,158,1,0.63%,0,0.00%,0.00%,118,1,0.85%,0,0.00%,0.00%,Rp487.189,Rp487.189,Rp0,15,15,15,0,15,15,0,15,Rp32.479,0,6418,316,4.92%,5,1.58%,4.75%,4339,287,6.61%,5,1.74%,5.23%,Rp290.705,Rp0,Rp0,Rp0,Rp242.932,Rp242.932,Rp0,8,8,10,8,Rp36.338,0,0,0,2729,185,6.78%,1,0.54%,4.32%,1931,158,8.18%,1,0.63%,5.06%,0,0,0.00%,0,0.00%,0.00%,0,0,0.00%,0,0.00%,0.00%,2700,185,6.85%,1,0.54%,3.24%,1917,158,8.24%,1,0.63%,3.80%,Rp160.243,Rp160.243,Rp0,5,5,5,0,6,6,0,5,Rp32.049,3487,111,3.18%,8,7.21%,4.50%,2899,99,3.41%,8,8.08%,5.05%
Paket Tukang Kayu 4 Mesin - Mesin Bor Mesin Gerinda Mesin Profil Mesin Serut Paket Tukang Kayu Fullset 4 Item,1730452758160442877,GMV & produk terjual = 0,Aktif,Rp912.535,Rp0,Rp0,Rp0,Rp912.535,Rp0,Rp912.535,Rp0,Rp0,Rp0,Rp0,Rp0,Rp0,Rp0,Rp0,1,1,1,1,Rp912.535,6046,184,3.04%,3,1.63%,0.54%,5077,150,2.95%,2,1.33%,0.67%,Rp912.535,Rp0,Rp936.035,Rp23.500,Rp0,0,0,2672,89,66,0,3.33%,0.00%,Rp0,0,Rp0,Rp0,Rp0,0,0,0,0,0,0,0,0,Rp0,6,974,28,2.87%,0,0.00%,0.00%,817,20,2.45%,0,0.00%,0.00%,Rp912.535,Rp0,Rp912.535,1,1,0,1,1,0,1,1,Rp912.535,0,1,0,0.00%,0,0.00%,0.00%,1,0,0.00%,0,0.00%,0.00%,Rp0,Rp0,Rp0,Rp0,Rp0,Rp0,Rp0,0,0,0,0,Rp0,5,3,2,936,29,3.10%,0,0.00%,0.00%,759,26,3.43%,0,0.00%,0.00%,567,9,1.59%,0,0.00%,0.00%,472,6,1.27%,0,0.00%,0.00%,286,14,4.90%,0,0.00%,0.00%,225,14,6.22%,0,0.00%,0.00%,Rp0,Rp0,Rp0,0,0,0,0,0,0,0,0,Rp0,4135,127,3.07%,3,2.36%,0.00%,3529,105,2.98%,2,1.90%,0.00%
Paket Kunci Stel Klep yukido Feeler Gauge 0.05 - 1 MM 13 Blade Fuller yukido Kunci Klep + Kunci Ring 8 x 9 mm + Kunci L Stel Klep,1731922307326117373,produk terjual ≥1,Aktif,Rp905.617,Rp0,Rp0,Rp0,Rp0,Rp0,Rp0,Rp621.251,Rp0,Rp0,Rp0,Rp537.573,Rp537.573,Rp0,Rp284.366,14,14,14,14,Rp64.687,8675,476,5.49%,23,4.83%,2.94%,6102,391,6.41%,22,5.63%,3.58%,Rp905.617,Rp0,Rp1.236.321,Rp356.620,Rp198.607,3,3,4362,259,208,10,5.94%,3.86%,Rp594.234,10,Rp0,Rp0,Rp0,0,0,0,0,0,0,0,0,Rp0,4,60,0,0.00%,0,0.00%,0.00%,59,0,0.00%,0,0.00%,0.00%,Rp0,Rp0,Rp0,0,0,0,0,0,0,0,0,Rp0,0,0,0,0.00%,0,0.00%,0.00%,0,0,0.00%,0,0.00%,0.00%,Rp621.251,Rp0,Rp0,Rp0,Rp537.573,Rp537.573,Rp0,9,9,9,9,Rp69.028,3,1,2,4759,274,5.76%,12,4.38%,3.28%,2987,232,7.77%,12,5.17%,3.88%,23,2,8.70%,0,0.00%,0.00%,21,2,9.52%,0,0.00%,0.00%,4657,272,5.84%,12,4.41%,2.94%,2909,230,7.91%,12,5.22%,3.48%,Rp284.366,Rp284.366,Rp0,5,5,5,0,5,5,0,5,Rp56.873,3855,202,5.24%,11,5.45%,2.48%,3214,167,5.20%,10,5.99%,2.99%
1pack sealtape isi 60pcs seal tape Wilmer isolatip 1box 60pcs Ukuran 12 mm x0.075 x 10 Meter,1733093822461675005,GMV & produk terjual = 0,Aktif,Rp896.123,Rp0,Rp0,Rp0,Rp711.747,Rp711.747,Rp0,Rp184.376,Rp0,Rp0,Rp0,Rp0,Rp0,Rp0,Rp0,4,4,10,4,Rp224.031,1119,40,3.57%,1,2.50%,10.00%,940,23,2.45%,1,4.35%,17.39%,Rp896.123,Rp0,Rp1.025.983,Rp168.000,Rp353.197,4,1,650,25,10,2,3.85%,8.00%,Rp711.747,8,Rp0,Rp0,Rp0,0,0,0,0,0,0,0,0,Rp0,0,0,0,0.00%,0,0.00%,0.00%,0,0,0.00%,0,0.00%,0.00%,Rp711.747,Rp711.747,Rp0,2,2,2,0,8,8,0,2,Rp355.874,0,0,0,0.00%,0,0.00%,0.00%,0,0,0.00%,0,0.00%,0.00%,Rp184.376,Rp0,Rp0,Rp0,Rp0,Rp0,Rp0,2,2,2,2,Rp92.188,5,1,4,357,24,6.72%,0,0.00%,8.33%,270,12,4.44%,0,0.00%,16.67%,1,0,0.00%,0,0.00%,0.00%,1,0,0.00%,0,0.00%,0.00%,285,20,7.02%,0,0.00%,0.00%,224,10,4.46%,0,0.00%,0.00%,Rp0,Rp0,Rp0,0,0,0,0,0,0,0,0,Rp0,762,16,2.10%,1,6.25%,0.00%,677,12,1.77%,1,8.33%,0.00%
Tekipo by Tekiro Solder Listrik 60 Watt Model Lurus 60Watt 40 Watt Terbagus dengan Kacamata Las Otomatis Autodark Praktis Tanpa Baterai,1732044390825625085,GMV & produk terjual = 0,Aktif,Rp891.493,Rp0,Rp0,Rp0,Rp166.446,Rp113.663,Rp52.783,Rp416.074,Rp0,Rp0,Rp0,Rp251.288,Rp251.288,Rp0,Rp308.973,15,15,15,15,Rp59.433,3795,244,6.43%,38,15.57%,6.15%,2580,173,6.71%,27,15.61%,8.67%,Rp891.493,Rp0,Rp999.259,Rp289.188,Rp412.739,7,7,1726,122,91,10,7.07%,8.20%,Rp600.878,10,Rp0,Rp0,Rp0,0,0,0,0,0,0,0,0,Rp0,0,1,0,0.00%,0,0.00%,0.00%,1,0,0.00%,0,0.00%,0.00%,Rp166.446,Rp113.663,Rp52.783,3,3,2,1,3,2,1,3,Rp55.482,0,772,65,8.42%,13,20.00%,4.62%,495,47,9.49%,9,19.15%,6.38%,Rp416.074,Rp0,Rp0,Rp0,Rp251.288,Rp251.288,Rp0,7,7,7,7,Rp59.439,2,0,2,1448,79,5.46%,6,7.59%,8.86%,717,51,7.11%,5,9.80%,13.73%,0,0,0.00%,0,0.00%,0.00%,0,0,0.00%,0,0.00%,0.00%,1423,79,5.55%,6,7.59%,5.06%,711,51,7.17%,5,9.80%,7.84%,Rp308.973,Rp308.973,Rp0,5,5,5,0,5,5,0,5,Rp61.795,1572,100,6.36%,19,19.00%,5.00%,1076,73,6.78%,15,20.55%,6.85%
Stand Gerinda Sliding Dudukan Gerinda Tangan Potong Angle Grinder Stand Holder,1730850846183294461,GMV & produk terjual = 0,Aktif,Rp858.962,Rp0,Rp0,Rp0,Rp157.901,Rp157.901,Rp0,Rp277.484,Rp0,Rp0,Rp0,Rp277.484,Rp277.484,Rp0,Rp423.577,6,6,6,5,Rp143.160,4251,265,6.23%,13,4.91%,2.26%,3250,210,6.46%,12,5.71%,2.38%,Rp858.962,Rp0,Rp1.096.585,Rp149.000,Rp266.126,2,2,3227,215,170,4,6.66%,1.86%,Rp558.907,4,Rp0,Rp0,Rp0,0,0,0,0,0,0,0,0,Rp0,0,0,0,0.00%,0,0.00%,0.00%,0,0,0.00%,0,0.00%,0.00%,Rp157.901,Rp157.901,Rp0,1,1,1,0,1,1,0,1,Rp157.901,0,842,56,6.65%,3,5.36%,1.79%,658,48,7.29%,3,6.25%,2.08%,Rp277.484,Rp0,Rp0,Rp0,Rp277.484,Rp277.484,Rp0,2,2,2,2,Rp138.742,2,1,1,1825,152,8.33%,7,4.61%,1.32%,1417,122,8.61%,7,5.74%,1.64%,0,0,0.00%,0,0.00%,0.00%,0,0,0.00%,0,0.00%,0.00%,1766,152,8.61%,7,4.61%,1.32%,1382,122,8.83%,7,5.74%,1.64%,Rp423.577,Rp423.577,Rp0,3,3,3,0,3,3,0,2,Rp141.192,1584,57,3.60%,3,5.26%,5.26%,1354,46,3.40%,3,6.52%,4.35%
10 Meter Tali Tambang Tali PP Monofilament 6mm 8mm 10mm 12mm Putih Titik Biru Kuat Tebal,1729805070966949373,produk terjual ≥1,Aktif,Rp849.928,Rp0,Rp0,Rp0,Rp168.101,Rp168.101,Rp0,Rp501.279,Rp0,Rp0,Rp0,Rp383.514,Rp337.946,Rp45.568,Rp180.548,21,21,34,21,Rp40.473,10623,438,4.12%,13,2.97%,4.79%,8846,364,4.11%,12,3.30%,5.77%,Rp849.928,Rp0,Rp1.164.815,Rp377.484,Rp383.705,17,6,6430,273,222,14,4.25%,5.13%,Rp625.398,26,Rp0,Rp0,Rp0,0,0,0,0,0,0,0,0,Rp0,0,5,0,0.00%,0,0.00%,0.00%,4,0,0.00%,0,0.00%,0.00%,Rp168.101,Rp168.101,Rp0,5,5,5,0,5,5,0,5,Rp33.620,0,5,0,0.00%,0,0.00%,0.00%,5,0,0.00%,0,0.00%,0.00%,Rp501.279,Rp0,Rp0,Rp0,Rp383.514,Rp337.946,Rp45.568,10,10,18,10,Rp50.128,68,65,4,4558,239,5.24%,5,2.09%,4.18%,3502,184,5.25%,4,2.17%,5.43%,440,12,2.73%,0,0.00%,0.00%,368,11,2.99%,0,0.00%,0.00%,3893,220,5.65%,5,2.27%,2.27%,2944,168,5.71%,4,2.38%,2.98%,Rp180.548,Rp180.548,Rp0,6,6,6,0,11,11,0,6,Rp30.091,6052,199,3.29%,8,4.02%,3.02%,5364,179,3.34%,8,4.47%,3.35%
POMPA BENSIN MANUAL SEDOT KOMPLIT SET PLUS SELANG BENSIN OLI MANUAL POMPA TANGAN AIR BENSIN OLI,1732901170970199549,produk terjual ≥1,Aktif,Rp848.094,Rp0,Rp0,Rp0,Rp276.378,Rp227.937,Rp48.441,Rp194.315,Rp0,Rp0,Rp0,Rp83.585,Rp83.585,Rp0,Rp377.401,31,31,34,31,Rp27.358,14527,447,3.08%,27,6.04%,6.94%,12556,369,2.94%,25,6.78%,8.40%,Rp848.094,Rp0,Rp1.185.957,Rp469.231,Rp172.437,7,7,7257,232,183,19,3.20%,8.19%,Rp541.708,22,Rp0,Rp0,Rp0,0,0,0,0,0,0,0,0,Rp0,36,1276,23,1.80%,1,4.35%,0.00%,1108,17,1.53%,1,5.88%,0.00%,Rp276.378,Rp227.937,Rp48.441,10,10,8,2,10,8,2,10,Rp27.638,1,2120,105,4.95%,5,4.76%,9.52%,1657,69,4.16%,5,7.25%,14.49%,Rp194.315,Rp0,Rp0,Rp0,Rp83.585,Rp83.585,Rp0,8,8,8,8,Rp24.289,10,4,8,1877,58,3.09%,0,0.00%,13.79%,1627,50,3.07%,0,0.00%,16.00%,239,3,1.26%,0,0.00%,0.00%,218,3,1.38%,0,0.00%,0.00%,1483,55,3.71%,0,0.00%,5.45%,1274,47,3.69%,0,0.00%,6.38%,Rp377.401,Rp377.401,Rp0,13,13,13,0,16,16,0,13,Rp29.031,9253,261,2.82%,21,8.05%,4.98%,8009,225,2.81%,19,8.44%,5.78%
5 Pcs Mata Jigsaw Pisau Mata Gergaji Kayu Panjang Besi Mesin Jigsaw,1729564054286665213,produk terjual ≥1,Aktif,Rp847.707,Rp0,Rp0,Rp0,Rp425.636,Rp346.314,Rp79.322,Rp81.070,Rp0,Rp0,Rp0,Rp0,Rp0,Rp0,Rp341.001,39,39,40,39,Rp21.736,14229,397,2.79%,23,5.79%,9.82%,10676,339,3.18%,21,6.19%,11.50%,Rp847.707,Rp0,Rp1.412.027,Rp722.000,Rp82.396,3,3,7745,210,177,21,2.71%,10.00%,Rp441.223,22,Rp0,Rp0,Rp0,0,0,0,0,0,0,0,0,Rp0,1,161,2,1.24%,0,0.00%,0.00%,141,2,1.42%,0,0.00%,0.00%,Rp425.636,Rp346.314,Rp79.322,17,17,14,3,17,14,3,17,Rp25.037,0,4411,120,2.72%,5,4.17%,14.17%,2648,108,4.08%,5,4.63%,15.74%,Rp81.070,Rp0,Rp0,Rp0,Rp0,Rp0,Rp0,5,5,5,5,Rp16.214,0,0,0,6,0,0.00%,0,0.00%,0.00%,6,0,0.00%,0,0.00%,0.00%,0,0,0.00%,0,0.00%,0.00%,0,0,0.00%,0,0.00%,0.00%,0,0,0.00%,0,0.00%,0.00%,0,0,0.00%,0,0.00%,0.00%,Rp341.001,Rp341.001,Rp0,17,17,17,0,18,18,0,17,Rp20.059,9651,275,2.85%,18,6.55%,6.18%,8105,233,2.87%,16,6.87%,7.30%
Mesin Las Listrik 450w Gratis Kawat Las 1 Kg Mesin Las Inverter 120A Travo Las 450 Watt InverterTrafo Las,1732628285775316477,GMV & produk terjual = 0,Aktif,Rp833.194,Rp0,Rp0,Rp0,Rp833.194,Rp833.194,Rp0,Rp0,Rp0,Rp0,Rp0,Rp0,Rp0,Rp0,Rp0,2,2,2,2,Rp416.597,3715,94,2.53%,0,0.00%,2.13%,3170,81,2.56%,0,0.00%,2.47%,Rp833.194,Rp0,Rp1.025.014,Rp175.000,Rp0,0,0,1558,36,32,2,2.31%,5.56%,Rp833.194,2,Rp0,Rp0,Rp0,0,0,0,0,0,0,0,0,Rp0,51,1093,25,2.29%,0,0.00%,0.00%,959,18,1.88%,0,0.00%,0.00%,Rp833.194,Rp833.194,Rp0,2,2,2,0,2,2,0,2,Rp416.597,1,223,10,4.48%,0,0.00%,20.00%,195,9,4.62%,0,0.00%,22.22%,Rp0,Rp0,Rp0,Rp0,Rp0,Rp0,Rp0,0,0,0,0,Rp0,2,2,0,1283,36,2.81%,0,0.00%,0.00%,1075,33,3.07%,0,0.00%,0.00%,347,5,1.44%,0,0.00%,0.00%,282,4,1.42%,0,0.00%,0.00%,904,31,3.43%,0,0.00%,0.00%,773,29,3.75%,0,0.00%,0.00%,Rp0,Rp0,Rp0,0,0,0,0,0,0,0,0,Rp0,1116,23,2.06%,0,0.00%,0.00%,997,22,2.21%,0,0.00%,0.00%
"Selang Las Double Acetylene Oksigen 1/4"" x 3/8"" Inch ISO 3821 Tekanan Kerja 20 Bar untuk Pengelasan Perbengkelan Galangan Kapal Konstruksi Pabrik",1732525363285165565,produk terjual ≥1,Aktif,Rp823.304,Rp0,Rp0,Rp0,Rp404.216,Rp302.412,Rp101.804,Rp419.088,Rp0,Rp0,Rp0,Rp317.678,Rp216.268,Rp101.410,Rp0,7,7,8,7,Rp117.615,13857,617,4.45%,30,4.86%,1.13%,7818,485,6.20%,24,4.95%,1.44%,Rp823.304,Rp0,Rp1.002.414,Rp191.500,Rp403.822,4,3,3996,174,141,5,4.35%,2.87%,Rp520.892,5,Rp0,Rp0,Rp0,0,0,0,0,0,0,0,0,Rp0,0,0,0,0.00%,0,0.00%,0.00%,0,0,0.00%,0,0.00%,0.00%,Rp404.216,Rp302.412,Rp101.804,3,3,2,1,4,3,1,3,Rp134.739,0,6591,244,3.70%,9,3.69%,1.23%,3316,190,5.73%,5,2.63%,1.58%,Rp419.088,Rp0,Rp0,Rp0,Rp317.678,Rp216.268,Rp101.410,4,4,4,4,Rp104.772,2,0,2,2594,163,6.28%,14,8.59%,2.45%,1959,143,7.30%,12,8.39%,2.80%,0,0,0.00%,0,0.00%,0.00%,0,0,0.00%,0,0.00%,0.00%,2536,163,6.43%,11,6.75%,1.84%,1931,143,7.41%,9,6.29%,2.10%,Rp0,Rp0,Rp0,0,0,0,0,0,0,0,0,Rp0,4672,210,4.49%,7,3.33%,0.00%,3376,165,4.89%,7,4.24%,0.00%
Obeng ketok set 5 pcs Obeng Set Putar set Drill bit bahan non-karat Impact Screwdriver Box besi Obeng Ketok,1729736768027395581,GMV & produk terjual = 0,Aktif,Rp823.067,Rp0,Rp0,Rp0,Rp500.261,Rp500.261,Rp0,Rp129.066,Rp0,Rp0,Rp0,Rp0,Rp0,Rp0,Rp193.740,13,13,13,13,Rp63.313,4838,229,4.73%,23,10.04%,5.68%,3770,187,4.96%,23,12.30%,6.95%,Rp823.067,Rp0,Rp1.108.682,Rp262.636,Rp208.655,3,3,3492,170,138,8,4.87%,4.71%,Rp513.690,8,Rp0,Rp0,Rp0,0,0,0,0,0,0,0,0,Rp0,8,100,2,2.00%,0,0.00%,0.00%,91,2,2.20%,0,0.00%,0.00%,Rp500.261,Rp500.261,Rp0,8,8,8,0,8,8,0,8,Rp62.533,0,1747,119,6.81%,13,10.92%,6.72%,1319,95,7.20%,13,13.68%,8.42%,Rp129.066,Rp0,Rp0,Rp0,Rp0,Rp0,Rp0,2,2,2,2,Rp64.533,2,2,1,182,4,2.20%,0,0.00%,50.00%,154,4,2.60%,0,0.00%,50.00%,19,0,0.00%,0,0.00%,0.00%,19,0,0.00%,0,0.00%,0.00%,133,4,3.01%,0,0.00%,0.00%,122,4,3.28%,0,0.00%,0.00%,Rp193.740,Rp193.740,Rp0,3,3,3,0,3,3,0,3,Rp64.580,2809,104,3.70%,10,9.62%,2.88%,2328,90,3.87%,10,11.11%,3.33%
YUKIDO TOOLBOX KOTAK PERKAKAKS 20 INCH / KOTAK MULTIFUNGSI,1729568012813960701,produk terjual ≥1,Aktif,Rp822.847,Rp0,Rp0,Rp0,Rp0,Rp0,Rp0,Rp615.982,Rp0,Rp0,Rp0,Rp615.982,Rp532.852,Rp83.130,Rp206.865,11,11,12,11,Rp74.804,7146,459,6.42%,32,6.97%,2.40%,5711,343,6.01%,27,7.87%,3.21%,Rp822.847,Rp0,Rp1.073.110,Rp256.000,Rp68.881,1,1,5128,325,236,8,6.34%,2.46%,Rp612.043,9,Rp0,Rp0,Rp0,0,0,0,0,0,0,0,0,Rp0,0,0,0,0.00%,0,0.00%,0.00%,0,0,0.00%,0,0.00%,0.00%,Rp0,Rp0,Rp0,0,0,0,0,0,0,0,0,Rp0,0,2,0,0.00%,0,0.00%,0.00%,2,0,0.00%,0,0.00%,0.00%,Rp615.982,Rp0,Rp0,Rp0,Rp615.982,Rp532.852,Rp83.130,8,8,9,8,Rp76.998,1,0,1,3242,278,8.57%,15,5.40%,2.88%,2518,183,7.27%,12,6.56%,4.37%,0,0,0.00%,0,0.00%,0.00%,0,0,0.00%,0,0.00%,0.00%,3155,277,8.78%,15,5.42%,2.89%,2478,182,7.34%,12,6.59%,4.40%,Rp206.865,Rp206.865,Rp0,3,3,3,0,3,3,0,3,Rp68.955,3900,181,4.64%,17,9.39%,1.66%,3240,156,4.81%,15,9.62%,1.92%
ORI!! Harga 2pcs Congkelan ban alat congkel alat cungkil ban motor sepeda murah Cukit ban motormobil | bahan per mobil,1730769796418471421,produk terjual ≥1,Aktif,Rp816.258,Rp0,Rp0,Rp0,Rp79.815,Rp79.815,Rp0,Rp387.349,Rp49.299,Rp49.299,Rp0,Rp245.485,Rp245.485,Rp0,Rp349.094,12,12,13,12,Rp68.022,6317,255,4.04%,7,2.75%,4.71%,5412,217,4.01%,7,3.23%,5.53%,Rp816.258,Rp0,Rp1.124.036,Rp342.113,Rp309.268,5,5,3438,136,115,6,3.96%,4.41%,Rp362.779,6,Rp0,Rp0,Rp0,0,0,0,0,0,0,0,0,Rp0,0,2,0,0.00%,0,0.00%,0.00%,2,0,0.00%,0,0.00%,0.00%,Rp79.815,Rp79.815,Rp0,1,1,1,0,1,1,0,1,Rp79.815,0,275,19,6.91%,1,5.26%,5.26%,200,15,7.50%,1,6.67%,6.67%,Rp387.349,Rp49.299,Rp49.299,Rp0,Rp245.485,Rp245.485,Rp0,6,6,7,6,Rp64.558,17,14,4,2315,102,4.41%,1,0.98%,5.88%,2007,88,4.38%,1,1.14%,6.82%,470,5,1.06%,0,0.00%,20.00%,425,5,1.18%,0,0.00%,20.00%,1762,91,5.16%,1,1.10%,4.40%,1522,77,5.06%,1,1.30%,5.19%,Rp349.094,Rp349.094,Rp0,5,5,5,0,5,5,0,5,Rp69.819,3725,134,3.60%,5,3.73%,3.73%,3249,118,3.63%,5,4.24%,4.24%
YUKIDO L WRENCH COMBINATION / KUNCI L KOMBINASI SET 9PCS ELLKA,1729636113844046333,produk terjual ≥1,Aktif,Rp814.161,Rp0,Rp0,Rp0,Rp814.161,Rp696.395,Rp117.766,Rp0,Rp0,Rp0,Rp0,Rp0,Rp0,Rp0,Rp0,6,6,6,6,Rp135.694,12217,1422,11.64%,49,3.45%,0.42%,8766,1142,13.03%,46,4.03%,0.53%,Rp814.161,Rp0,Rp962.661,Rp160.000,Rp534.795,4,4,1886,47,39,1,2.49%,2.13%,Rp117.766,1,Rp0,Rp0,Rp0,0,0,0,0,0,0,0,0,Rp0,2,5,0,0.00%,0,0.00%,0.00%,5,0,0.00%,0,0.00%,0.00%,Rp814.161,Rp696.395,Rp117.766,6,6,5,1,6,5,1,6,Rp135.694,0,9125,1340,14.68%,45,3.36%,0.45%,6111,1066,17.44%,44,4.13%,0.56%,Rp0,Rp0,Rp0,Rp0,Rp0,Rp0,Rp0,0,0,0,0,Rp0,8,0,9,635,21,3.31%,1,4.76%,0.00%,492,18,3.66%,1,5.56%,0.00%,0,0,0.00%,0,0.00%,0.00%,0,0,0.00%,0,0.00%,0.00%,435,15,3.45%,1,6.67%,0.00%,368,14,3.80%,1,7.14%,0.00%,Rp0,Rp0,Rp0,0,0,0,0,0,0,0,0,Rp0,2450,61,2.49%,3,4.92%,0.00%,2142,48,2.24%,2,4.17%,0.00%
Gun Jet Cleaner 3 in 1 Alat Semprot Stik High Pressure Tembak Kuningan Cuci Steam High Pressure Stik Cuci Steam Listrik Alat Semprot High Pressure Car Kendaraan dengan 3 Ukuran Kepala 12 22 & 32 cm,1729959821649807869,GMV & produk terjual = 0,Aktif,Rp801.787,Rp0,Rp0,Rp0,Rp0,Rp0,Rp0,Rp261.081,Rp0,Rp0,Rp0,Rp0,Rp0,Rp0,Rp540.706,6,6,6,6,Rp133.631,3135,191,6.09%,18,9.42%,3.14%,2486,161,6.48%,16,9.94%,3.73%,Rp801.787,Rp0,Rp1.012.517,Rp173.056,Rp127.765,1,1,2107,130,104,5,6.17%,3.85%,Rp672.479,5,Rp0,Rp0,Rp0,0,0,0,0,0,0,0,0,Rp0,0,0,0,0.00%,0,0.00%,0.00%,0,0,0.00%,0,0.00%,0.00%,Rp0,Rp0,Rp0,0,0,0,0,0,0,0,0,Rp0,0,1,0,0.00%,0,0.00%,0.00%,1,0,0.00%,0,0.00%,0.00%,Rp261.081,Rp0,Rp0,Rp0,Rp0,Rp0,Rp0,2,2,2,2,Rp130.540,1,0,2,110,15,13.64%,0,0.00%,13.33%,93,13,13.98%,0,0.00%,15.38%,0,0,0.00%,0,0.00%,0.00%,0,0,0.00%,0,0.00%,0.00%,108,15,13.89%,0,0.00%,0.00%,91,13,14.29%,0,0.00%,0.00%,Rp540.706,Rp540.706,Rp0,4,4,4,0,4,4,0,4,Rp135.176,3024,176,5.82%,18,10.23%,2.27%,2396,148,6.18%,16,10.81%,2.70%
Yukido Jack Stand 3 Ton Set 2 Pcs Dongkrak Mobil Alat Penyangga Body Matt Black Finishing Original Amtech Product,1729716883571181053,produk terjual ≥1,Aktif,Rp789.601,Rp0,Rp0,Rp0,Rp0,Rp0,Rp0,Rp263.519,Rp0,Rp0,Rp0,Rp0,Rp0,Rp0,Rp526.082,3,3,3,3,Rp263.200,1371,42,3.06%,3,7.14%,7.14%,1177,37,3.14%,3,8.11%,8.11%,Rp789.601,Rp0,Rp956.914,Rp95.888,Rp287.547,1,1,642,21,21,2,3.27%,9.52%,Rp526.082,2,Rp0,Rp0,Rp0,0,0,0,0,0,0,0,0,Rp0,3,18,0,0.00%,0,0.00%,0.00%,15,0,0.00%,0,0.00%,0.00%,Rp0,Rp0,Rp0,0,0,0,0,0,0,0,0,Rp0,0,0,0,0.00%,0,0.00%,0.00%,0,0,0.00%,0,0.00%,0.00%,Rp263.519,Rp0,Rp0,Rp0,Rp0,Rp0,Rp0,1,1,1,1,Rp263.519,1,0,1,352,10,2.84%,0,0.00%,10.00%,261,8,3.07%,0,0.00%,12.50%,0,0,0.00%,0,0.00%,0.00%,0,0,0.00%,0,0.00%,0.00%,282,8,2.84%,0,0.00%,0.00%,218,8,3.67%,0,0.00%,0.00%,Rp526.082,Rp526.082,Rp0,2,2,2,0,2,2,0,2,Rp263.041,1002,32,3.19%,3,9.38%,6.25%,889,29,3.26%,3,10.34%,6.90%
"Yukido Kunci T Mini Pendek CR-V 8 10 12 14 mm, Chrome Vanadium Shock Sok Socket Wrench",1735171343643739645,GMV & produk terjual = 0,Aktif,Rp787.146,Rp0,Rp0,Rp0,Rp484.672,Rp484.672,Rp0,Rp0,Rp0,Rp0,Rp0,Rp0,Rp0,Rp0,Rp302.474,17,26,30,17,Rp30.275,20613,598,2.90%,50,8.36%,4.35%,17281,548,3.17%,29,5.29%,3.10%,Rp787.146,Rp0,Rp1.043.252,Rp267.315,Rp114.090,5,2,5627,200,178,3,3.55%,4.00%,Rp258.703,11,Rp0,Rp0,Rp0,0,0,0,0,0,0,0,0,Rp0,84,3639,42,1.15%,0,0.00%,0.00%,1811,27,1.49%,0,0.00%,0.00%,Rp484.672,Rp484.672,Rp0,13,16,16,0,17,17,0,13,Rp30.292,3,8057,240,2.98%,26,10.83%,6.67%,6611,220,3.33%,14,6.36%,5.91%,Rp0,Rp0,Rp0,Rp0,Rp0,Rp0,Rp0,0,0,0,0,Rp0,28,20,11,2426,109,4.49%,3,2.75%,0.00%,2096,102,4.87%,2,1.96%,0.00%,569,3,0.53%,0,0.00%,0.00%,533,3,0.56%,0,0.00%,0.00%,1613,100,6.20%,3,3.00%,0.00%,1417,94,6.63%,2,2.13%,0.00%,Rp302.474,Rp302.474,Rp0,4,10,10,0,13,13,0,4,Rp30.247,6489,207,3.19%,21,10.14%,4.83%,5544,188,3.39%,13,6.91%,2.13%
RUSH Siwalan gergaji alat penyetel gergaji siwalan pembuka mata gergaji Manual,1730249452921652733,produk terjual ≥1,Aktif,Rp786.876,Rp0,Rp0,Rp0,Rp76.418,Rp23.600,Rp52.818,Rp454.901,Rp0,Rp0,Rp0,Rp351.632,Rp290.707,Rp60.925,Rp255.557,77,77,79,73,Rp10.219,31079,860,2.77%,43,5.00%,8.95%,27146,739,2.72%,40,5.41%,9.88%,Rp786.876,Rp0,Rp1.743.309,Rp1.084.384,Rp144.286,15,12,22606,577,495,54,2.55%,9.88%,Rp580.985,57,Rp0,Rp0,Rp0,0,0,0,0,0,0,0,0,Rp0,0,0,0,0.00%,0,0.00%,0.00%,0,0,0.00%,0,0.00%,0.00%,Rp76.418,Rp23.600,Rp52.818,7,7,3,4,7,3,4,7,Rp10.917,0,954,40,4.19%,6,15.00%,17.50%,647,30,4.64%,6,20.00%,23.33%,Rp454.901,Rp0,Rp0,Rp0,Rp351.632,Rp290.707,Rp60.925,44,44,44,41,Rp10.339,4,2,2,5239,217,4.14%,7,3.23%,20.28%,4363,172,3.94%,6,3.49%,23.84%,0,0,0.00%,0,0.00%,0.00%,0,0,0.00%,0,0.00%,0.00%,5029,214,4.26%,7,3.27%,14.95%,4203,169,4.02%,6,3.55%,17.16%,Rp255.557,Rp255.557,Rp0,26,26,26,0,28,28,0,26,Rp9.829,24885,603,2.42%,30,4.98%,4.31%,22783,558,2.45%,28,5.02%,4.66%
BELTER TANG KUPAS KABEL LISTRIK / TANG POTONG KABEL MULTIFUNGSI 7 INCHI,1729674108372093437,produk terjual ≥1,Aktif,Rp776.434,Rp8.938,Rp8.938,Rp0,Rp183.751,Rp147.581,Rp36.170,Rp451.903,Rp0,Rp0,Rp0,Rp397.269,Rp397.269,Rp0,Rp131.842,41,41,42,41,Rp18.937,33566,1230,3.66%,67,5.45%,3.33%,27247,1019,3.74%,66,6.48%,4.02%,Rp776.434,Rp0,Rp1.409.107,Rp614.891,Rp58.662,3,3,18699,569,468,23,3.04%,4.04%,Rp438.044,24,Rp8.938,Rp8.938,Rp0,1,1,1,0,1,1,0,1,Rp8.938,16,251,5,1.99%,0,0.00%,20.00%,221,4,1.81%,0,0.00%,25.00%,Rp183.751,Rp147.581,Rp36.170,10,10,8,2,10,8,2,10,Rp18.375,1,6327,360,5.69%,20,5.56%,2.78%,5596,321,5.74%,20,6.23%,3.12%,Rp451.903,Rp0,Rp0,Rp0,Rp397.269,Rp397.269,Rp0,23,23,24,23,Rp19.648,25,37,2,12149,493,4.06%,24,4.87%,4.67%,9584,401,4.18%,23,5.74%,5.74%,342,6,1.75%,0,0.00%,0.00%,321,6,1.87%,0,0.00%,0.00%,11325,486,4.29%,24,4.94%,4.12%,8936,394,4.41%,23,5.84%,5.08%,Rp131.842,Rp131.842,Rp0,7,7,7,0,7,7,0,7,Rp18.835,14838,372,2.51%,23,6.18%,1.88%,13075,337,2.58%,23,6.82%,2.08%
"Gergaji Hebel 18"" Gergaji Bata Ringan Geraji Bata Putih Gorok Geraji Batako",1730470939147535869,produk terjual ≥1,Aktif,Rp758.737,Rp0,Rp0,Rp0,Rp0,Rp0,Rp0,Rp559.196,Rp0,Rp0,Rp0,Rp474.482,Rp474.482,Rp0,Rp199.541,25,25,26,25,Rp30.349,7697,286,3.72%,15,5.24%,8.74%,6089,233,3.83%,15,6.44%,10.73%,Rp758.737,Rp0,Rp1.222.357,Rp446.000,Rp30.805,1,1,4458,126,104,13,2.83%,10.32%,Rp403.766,14,Rp0,Rp0,Rp0,0,0,0,0,0,0,0,0,Rp0,1,17,0,0.00%,0,0.00%,0.00%,16,0,0.00%,0,0.00%,0.00%,Rp0,Rp0,Rp0,0,0,0,0,0,0,0,0,Rp0,0,4,0,0.00%,0,0.00%,0.00%,4,0,0.00%,0,0.00%,0.00%,Rp559.196,Rp0,Rp0,Rp0,Rp474.482,Rp474.482,Rp0,19,19,19,19,Rp29.431,14,3,13,3041,167,5.49%,7,4.19%,11.38%,2280,139,6.10%,7,5.04%,13.67%,53,2,3.77%,0,0.00%,0.00%,13,1,7.69%,0,0.00%,0.00%,2747,162,5.90%,7,4.32%,9.88%,2108,135,6.40%,7,5.19%,11.85%,Rp199.541,Rp199.541,Rp0,6,6,6,0,7,7,0,6,Rp33.257,4635,119,2.57%,8,6.72%,5.04%,4003,102,2.55%,8,7.84%,5.88%
YUKIDO TANG SNAP RING LURUS TUTUP ORIGINAL INTERNAL STRAIGHT PLIERS Anti selip handle  Extra durabillity strength,1729743173816255997,produk terjual ≥1,Aktif,Rp757.055,Rp0,Rp0,Rp0,Rp0,Rp0,Rp0,Rp585.708,Rp0,Rp0,Rp0,Rp474.907,Rp445.187,Rp29.720,Rp171.347,20,20,20,20,Rp37.853,7226,398,5.51%,26,6.53%,5.03%,5894,295,5.01%,25,8.47%,6.78%,Rp757.055,Rp0,Rp1.118.081,Rp344.500,Rp118.183,3,3,5240,299,216,14,5.71%,4.68%,Rp527.903,14,Rp0,Rp0,Rp0,0,0,0,0,0,0,0,0,Rp0,0,0,0,0.00%,0,0.00%,0.00%,0,0,0.00%,0,0.00%,0.00%,Rp0,Rp0,Rp0,0,0,0,0,0,0,0,0,Rp0,0,1,1,100.00%,0,0.00%,0.00%,1,1,100.00%,0,0.00%,0.00%,Rp585.708,Rp0,Rp0,Rp0,Rp474.907,Rp445.187,Rp29.720,16,16,16,16,Rp36.607,8,8,0,3304,226,6.84%,16,7.08%,7.08%,2766,175,6.33%,15,8.57%,9.14%,201,0,0.00%,0,0.00%,0.00%,189,0,0.00%,0,0.00%,0.00%,3053,226,7.40%,16,7.08%,5.75%,2532,175,6.91%,15,8.57%,7.43%,Rp171.347,Rp171.347,Rp0,4,4,4,0,4,4,0,4,Rp42.837,3921,171,4.36%,10,5.85%,2.34%,3340,138,4.13%,10,7.25%,2.90%
Timbangan Gantung Besi 50Kg /100Kg/150Kg,1729626771054102013,produk terjual ≥1,Aktif,Rp756.390,Rp0,Rp0,Rp0,Rp0,Rp0,Rp0,Rp302.900,Rp0,Rp0,Rp0,Rp195.497,Rp195.497,Rp0,Rp453.490,7,7,7,7,Rp108.056,4609,126,2.73%,7,5.56%,5.56%,3925,106,2.70%,7,6.60%,6.60%,Rp756.390,Rp0,Rp1.014.188,Rp242.000,Rp0,0,0,2955,102,85,6,3.45%,5.88%,Rp645.795,6,Rp0,Rp0,Rp0,0,0,0,0,0,0,0,0,Rp0,48,503,4,0.80%,0,0.00%,0.00%,470,3,0.64%,0,0.00%,0.00%,Rp0,Rp0,Rp0,0,0,0,0,0,0,0,0,Rp0,0,16,1,6.25%,0,0.00%,0.00%,13,1,7.69%,0,0.00%,0.00%,Rp302.900,Rp0,Rp0,Rp0,Rp195.497,Rp195.497,Rp0,3,3,3,3,Rp100.967,2,0,2,1296,37,2.85%,1,2.70%,8.11%,1091,34,3.12%,1,2.94%,8.82%,0,0,0.00%,0,0.00%,0.00%,0,0,0.00%,0,0.00%,0.00%,1218,36,2.96%,1,2.78%,5.56%,1034,33,3.19%,1,3.03%,6.06%,Rp453.490,Rp453.490,Rp0,4,4,4,0,4,4,0,4,Rp113.372,2794,84,3.01%,6,7.14%,4.76%,2422,71,2.93%,6,8.45%,5.63%
"PAKET 3ITEM GERGAJI WILMER 18'' DENGAN PENGGARIS MAGNET WATERPAS DAN METERAN 3 ,5 ,7.5 METER DARI WILMER Karet",1729587307292034557,produk terjual ≥1,Aktif,Rp750.048,Rp0,Rp0,Rp0,Rp93.021,Rp0,Rp93.021,Rp163.594,Rp0,Rp0,Rp0,Rp38.279,Rp38.279,Rp0,Rp493.433,16,16,16,16,Rp46.878,13593,540,3.97%,24,4.44%,2.96%,11444,429,3.75%,19,4.43%,3.73%,Rp750.048,Rp0,Rp1.093.164,Rp362.981,Rp41.612,1,1,10454,414,335,14,3.96%,3.38%,Rp674.509,14,Rp0,Rp0,Rp0,0,0,0,0,0,0,0,0,Rp0,0,0,0,0.00%,0,0.00%,0.00%,0,0,0.00%,0,0.00%,0.00%,Rp93.021,Rp0,Rp93.021,2,2,0,2,2,0,2,2,Rp46.510,0,4,0,0.00%,0,0.00%,0.00%,4,0,0.00%,0,0.00%,0.00%,Rp163.594,Rp0,Rp0,Rp0,Rp38.279,Rp38.279,Rp0,4,4,4,4,Rp40.898,2,0,2,1032,31,3.00%,0,0.00%,12.90%,845,26,3.08%,0,0.00%,15.38%,0,0,0.00%,0,0.00%,0.00%,0,0,0.00%,0,0.00%,0.00%,838,26,3.10%,0,0.00%,3.85%,720,22,3.06%,0,0.00%,4.55%,Rp493.433,Rp493.433,Rp0,10,10,10,0,10,10,0,10,Rp49.343,12556,509,4.05%,24,4.72%,1.96%,10509,396,3.77%,19,4.80%,2.53%
"YUKIDO Staples Tembak / Gun Tacker Staples Sofa, Staples Jok Motor, Dll besi stationery",1729643400872561149,produk terjual ≥1,Aktif,Rp749.609,Rp0,Rp0,Rp0,Rp504.462,Rp329.689,Rp174.773,Rp80.174,Rp0,Rp0,Rp0,Rp80.174,Rp80.174,Rp0,Rp164.973,9,9,9,9,Rp83.290,8667,285,3.29%,14,4.91%,3.16%,7258,230,3.17%,13,5.65%,3.91%,Rp749.609,Rp0,Rp907.046,Rp153.500,Rp83.527,1,1,5542,179,139,8,3.23%,4.47%,Rp667.092,8,Rp0,Rp0,Rp0,0,0,0,0,0,0,0,0,Rp0,0,1,0,0.00%,0,0.00%,0.00%,1,0,0.00%,0,0.00%,0.00%,Rp504.462,Rp329.689,Rp174.773,6,6,4,2,6,4,2,6,Rp84.077,0,2300,91,3.96%,5,5.49%,6.59%,1961,72,3.67%,4,5.56%,8.33%,Rp80.174,Rp0,Rp0,Rp0,Rp80.174,Rp80.174,Rp0,1,1,1,1,Rp80.174,5,0,5,1128,36,3.19%,0,0.00%,2.78%,852,32,3.76%,0,0.00%,3.13%,0,0,0.00%,0,0.00%,0.00%,0,0,0.00%,0,0.00%,0.00%,927,33,3.56%,0,0.00%,3.03%,733,29,3.96%,0,0.00%,3.45%,Rp164.973,Rp164.973,Rp0,2,2,2,0,2,2,0,2,Rp82.486,5236,158,3.02%,9,5.70%,1.27%,4556,135,2.96%,9,6.67%,1.48%
Tali Pengikat Multifungsi Kabel Tie Body Kendaraan Mobil Motor Baut Rivet Plastik Kabel Ties Clip 10 Pcs Mudah Dibawa Ringan dan Simple,1729567680522126845,GMV & produk terjual = 0,Aktif,Rp731.454,Rp0,Rp0,Rp0,Rp585.528,Rp539.192,Rp46.336,Rp40.514,Rp0,Rp0,Rp0,Rp0,Rp0,Rp0,Rp105.412,52,52,54,52,Rp14.066,9954,484,4.86%,31,6.40%,10.74%,7865,345,4.39%,29,8.41%,15.07%,Rp731.454,Rp0,Rp1.548.504,Rp844.000,Rp462.246,33,32,7114,287,222,31,4.03%,10.80%,Rp405.895,33,Rp0,Rp0,Rp0,0,0,0,0,0,0,0,0,Rp0,0,0,0,0.00%,0,0.00%,0.00%,0,0,0.00%,0,0.00%,0.00%,Rp585.528,Rp539.192,Rp46.336,43,43,41,2,45,42,3,43,Rp13.617,0,4330,317,7.32%,21,6.62%,13.56%,3317,231,6.96%,20,8.66%,18.61%,Rp40.514,Rp0,Rp0,Rp0,Rp0,Rp0,Rp0,3,3,3,3,Rp13.505,0,0,0,18,0,0.00%,0,0.00%,0.00%,12,0,0.00%,0,0.00%,0.00%,0,0,0.00%,0,0.00%,0.00%,0,0,0.00%,0,0.00%,0.00%,5,0,0.00%,0,0.00%,0.00%,4,0,0.00%,0,0.00%,0.00%,Rp105.412,Rp105.412,Rp0,6,6,6,0,6,6,0,6,Rp17.569,5606,167,2.98%,10,5.99%,3.59%,4750,128,2.69%,10,7.81%,4.69%
ELLKA Alat Solder Listrik 60W + Timah dan Minyak  Soldering Iron 60 Watt Alat Patri Elektrik dengan Gagang Anti Selip & Suhu 200-450°C,1729643949951388157,produk terjual ≥1,Nonaktif,Rp720.189,Rp0,Rp0,Rp0,Rp188.378,Rp148.887,Rp39.491,Rp457.159,Rp0,Rp0,Rp0,Rp389.693,Rp389.693,Rp0,Rp74.652,19,19,19,19,Rp37.905,7775,464,5.97%,20,4.31%,4.09%,6025,372,6.17%,18,4.84%,5.11%,Rp720.189,Rp0,Rp1.119.376,Rp371.818,Rp38.555,1,1,4147,155,115,7,3.74%,4.52%,Rp264.281,7,Rp0,Rp0,Rp0,0,0,0,0,0,0,0,0,Rp0,1,17,0,0.00%,0,0.00%,0.00%,17,0,0.00%,0,0.00%,0.00%,Rp188.378,Rp148.887,Rp39.491,5,5,4,1,5,4,1,5,Rp37.676,1,1229,114,9.28%,5,4.39%,4.39%,952,104,10.92%,5,4.81%,4.81%,Rp457.159,Rp0,Rp0,Rp0,Rp389.693,Rp389.693,Rp0,12,12,12,12,Rp38.097,6,0,6,3077,251,8.16%,9,3.59%,4.78%,2692,198,7.36%,8,4.04%,6.06%,0,0,0.00%,0,0.00%,0.00%,0,0,0.00%,0,0.00%,0.00%,2996,245,8.18%,8,3.27%,4.08%,2662,196,7.36%,7,3.57%,5.10%,Rp74.652,Rp74.652,Rp0,2,2,2,0,2,2,0,2,Rp37.326,3452,99,2.87%,6,6.06%,2.02%,2706,88,3.25%,5,5.68%,2.27%
Ellka Deep Socket Wrench 10 Pcs dengan Gagang Rachet 8-24mm - Baja Chrome Vanadium Tahan Lama Shock Set,1729978712426580477,produk terjual ≥1,Aktif,Rp712.422,Rp0,Rp0,Rp0,Rp436.238,Rp436.238,Rp0,Rp0,Rp0,Rp0,Rp0,Rp0,Rp0,Rp0,Rp134.037,5,5,5,5,Rp142.484,2322,80,3.45%,9,11.25%,6.25%,2013,57,2.83%,8,14.04%,8.77%,Rp712.422,Rp0,Rp632.743,Rp285.000,Rp0,0,0,1462,58,45,3,3.97%,5.17%,Rp436.713,3,Rp0,Rp0,Rp0,0,0,0,0,0,0,0,0,Rp0,0,0,0,0.00%,0,0.00%,0.00%,0,0,0.00%,0,0.00%,0.00%,Rp436.238,Rp436.238,Rp0,3,3,3,0,3,3,0,3,Rp145.413,0,644,36,5.59%,3,8.33%,8.33%,507,17,3.35%,3,17.65%,17.65%,Rp0,Rp0,Rp0,Rp0,Rp0,Rp0,Rp0,0,0,0,0,Rp0,0,0,0,32,0,0.00%,0,0.00%,0.00%,25,0,0.00%,0,0.00%,0.00%,0,0,0.00%,0,0.00%,0.00%,0,0,0.00%,0,0.00%,0.00%,15,0,0.00%,0,0.00%,0.00%,12,0,0.00%,0,0.00%,0.00%,Rp134.037,Rp134.037,Rp0,1,1,1,0,1,1,0,1,Rp134.037,1645,44,2.67%,6,13.64%,2.27%,1442,35,2.43%,5,14.29%,2.86%
ELLKA Cordless Impact Wrench 2 Battery 88V 600NM dengan 4 Mata Shock Lengkap Mata Obeng dan Charger - Pembuka Baut Heavy Duty 88SET,1731688066885780989,GMV & produk terjual = 0,Aktif,Rp689.906,Rp0,Rp0,Rp0,Rp0,Rp0,Rp0,Rp689.906,Rp0,Rp0,Rp0,Rp689.906,Rp0,Rp689.906,Rp0,1,1,1,1,Rp689.906,2801,108,3.86%,4,3.70%,0.93%,2397,81,3.38%,4,4.94%,1.23%,Rp689.906,Rp0,Rp847.119,Rp166.019,Rp0,0,0,1299,44,33,0,3.39%,0.00%,Rp0,0,Rp0,Rp0,Rp0,0,0,0,0,0,0,0,0,Rp0,0,0,0,0.00%,0,0.00%,0.00%,0,0,0.00%,0,0.00%,0.00%,Rp0,Rp0,Rp0,0,0,0,0,0,0,0,0,Rp0,0,395,31,7.85%,2,6.45%,0.00%,320,23,7.19%,2,8.70%,0.00%,Rp689.906,Rp0,Rp0,Rp0,Rp689.906,Rp0,Rp689.906,1,1,1,1,Rp689.906,2,2,0,979,35,3.58%,1,2.86%,2.86%,794,25,3.15%,1,4.00%,4.00%,27,0,0.00%,0,0.00%,0.00%,26,0,0.00%,0,0.00%,0.00%,268,28,10.45%,1,3.57%,3.57%,227,18,7.93%,1,5.56%,5.56%,Rp0,Rp0,Rp0,0,0,0,0,0,0,0,0,Rp0,1427,42,2.94%,1,2.38%,0.00%,1274,34,2.67%,1,2.94%,0.00%
Paket Lengkap Mata Gerinda Potong Besi Potong Kayu Potong Keramik dan Tatakan Gerinda Sirkel Dudukan Gerinda Cover Pelindung Gerinda,1731821486094386685,GMV & produk terjual = 0,Aktif,Rp687.714,Rp77.063,Rp77.063,Rp0,Rp67.932,Rp67.932,Rp0,Rp130.228,Rp0,Rp0,Rp0,Rp0,Rp0,Rp0,Rp412.491,11,11,11,11,Rp62.519,7501,260,3.47%,24,9.23%,4.23%,6486,215,3.31%,22,10.23%,5.12%,Rp687.714,Rp0,Rp951.184,Rp271.500,Rp119.394,2,2,4213,151,127,9,3.58%,5.96%,Rp550.657,9,Rp77.063,Rp77.063,Rp0,1,1,1,0,1,1,0,1,Rp77.063,18,905,29,3.20%,3,10.34%,3.45%,766,19,2.48%,2,10.53%,5.26%,Rp67.932,Rp67.932,Rp0,1,1,1,0,1,1,0,1,Rp67.932,1,855,28,3.27%,1,3.57%,3.57%,672,27,4.02%,1,3.70%,3.70%,Rp130.228,Rp0,Rp0,Rp0,Rp0,Rp0,Rp0,2,2,2,2,Rp65.114,1,0,1,423,27,6.38%,0,0.00%,7.41%,352,23,6.53%,0,0.00%,8.70%,0,0,0.00%,0,0.00%,0.00%,0,0,0.00%,0,0.00%,0.00%,322,24,7.45%,0,0.00%,0.00%,287,20,6.97%,0,0.00%,0.00%,Rp412.491,Rp412.491,Rp0,7,7,7,0,7,7,0,7,Rp58.927,5318,176,3.31%,20,11.36%,3.98%,4754,148,3.11%,19,12.84%,4.73%
BOSCH Mata Bor 33 Pcs X Line Set  Mata Obeng,1729754183005144573,produk terjual ≥1,Aktif,Rp675.385,Rp0,Rp0,Rp0,Rp0,Rp0,Rp0,Rp470.234,Rp0,Rp0,Rp0,Rp233.108,Rp233.108,Rp0,Rp205.151,3,3,3,3,Rp225.128,5789,282,4.87%,7,2.48%,1.06%,4883,262,5.37%,7,2.67%,1.15%,Rp675.385,Rp0,Rp789.045,Rp94.183,Rp0,0,0,1969,105,95,2,5.33%,1.90%,Rp442.277,2,Rp0,Rp0,Rp0,0,0,0,0,0,0,0,0,Rp0,27,1189,30,2.52%,0,0.00%,0.00%,1012,28,2.77%,0,0.00%,0.00%,Rp0,Rp0,Rp0,0,0,0,0,0,0,0,0,Rp0,0,10,1,10.00%,0,0.00%,0.00%,9,1,11.11%,0,0.00%,0.00%,Rp470.234,Rp0,Rp0,Rp0,Rp233.108,Rp233.108,Rp0,2,2,2,2,Rp235.117,19,19,2,2055,110,5.35%,4,3.64%,1.82%,1594,103,6.46%,4,3.88%,1.94%,743,26,3.50%,0,0.00%,0.00%,656,25,3.81%,0,0.00%,0.00%,1181,80,6.77%,2,2.50%,1.25%,823,74,8.99%,2,2.70%,1.35%,Rp205.151,Rp205.151,Rp0,1,1,1,0,1,1,0,1,Rp205.151,2535,141,5.56%,3,2.13%,0.71%,2272,130,5.72%,3,2.31%,0.77%
KDK Siku las magnet set 6 pcs Magnetic Welding Holder 6pcs Set / Siku Magnet Las Welding Holder siku magnet untuk las SET LAS,1730284171814274557,produk terjual ≥1,Aktif,Rp653.299,Rp0,Rp0,Rp0,Rp283.967,Rp283.967,Rp0,Rp255.000,Rp0,Rp0,Rp0,Rp255.000,Rp255.000,Rp0,Rp114.332,5,5,5,5,Rp130.660,7718,211,2.73%,15,7.11%,2.37%,6504,196,3.01%,15,7.65%,2.55%,Rp653.299,Rp0,Rp851.009,Rp255.500,Rp135.842,1,1,1746,27,24,2,1.55%,7.41%,Rp232.310,2,Rp0,Rp0,Rp0,0,0,0,0,0,0,0,0,Rp0,63,909,8,0.88%,1,12.50%,0.00%,848,8,0.94%,1,12.50%,0.00%,Rp283.967,Rp283.967,Rp0,2,2,2,0,2,2,0,2,Rp141.984,1,710,29,4.08%,1,3.45%,6.90%,604,28,4.64%,1,3.57%,7.14%,Rp255.000,Rp0,Rp0,Rp0,Rp255.000,Rp255.000,Rp0,2,2,2,2,Rp127.500,27,21,8,3946,144,3.65%,12,8.33%,1.39%,3176,133,4.19%,12,9.02%,1.50%,523,3,0.57%,1,33.33%,0.00%,459,3,0.65%,1,33.33%,0.00%,3239,141,4.35%,11,7.80%,1.42%,2575,130,5.05%,11,8.46%,1.54%,Rp114.332,Rp114.332,Rp0,1,1,1,0,1,1,0,1,Rp114.332,2153,30,1.39%,1,3.33%,3.33%,1935,29,1.50%,1,3.45%,3.45%
YUKIDO OBENG TEMBUS 7 PCS SCREWDRIVER GO THRU 7 PCS OBENG KETOK PLUS MINUS MULTIFUNGSI,1729857499308788221,GMV & produk terjual = 0,Aktif,Rp650.598,Rp0,Rp0,Rp0,Rp122.502,Rp122.502,Rp0,Rp405.135,Rp0,Rp0,Rp0,Rp141.934,Rp0,Rp141.934,Rp122.961,5,5,5,5,Rp130.120,3676,109,2.97%,4,3.67%,4.59%,3036,91,3.00%,4,4.40%,5.49%,Rp650.598,Rp0,Rp810.184,Rp98.500,Rp122.961,1,1,1173,44,33,2,3.75%,4.55%,Rp254.766,2,Rp0,Rp0,Rp0,0,0,0,0,0,0,0,0,Rp0,50,459,6,1.31%,0,0.00%,0.00%,442,6,1.36%,0,0.00%,0.00%,Rp122.502,Rp122.502,Rp0,1,1,1,0,1,1,0,1,Rp122.502,0,181,7,3.87%,0,0.00%,14.29%,129,7,5.43%,0,0.00%,14.29%,Rp405.135,Rp0,Rp0,Rp0,Rp141.934,Rp0,Rp141.934,3,3,3,3,Rp135.045,7,1,6,1456,38,2.61%,0,0.00%,7.89%,1057,33,3.12%,0,0.00%,9.09%,2,0,0.00%,0,0.00%,0.00%,1,0,0.00%,0,0.00%,0.00%,808,30,3.71%,0,0.00%,3.33%,654,25,3.82%,0,0.00%,4.00%,Rp122.961,Rp122.961,Rp0,1,1,1,0,1,1,0,1,Rp122.961,1580,58,3.67%,4,6.90%,1.72%,1407,47,3.34%,4,8.51%,2.13%
kepala semprotan air WATER HOUS GAN gun steak jet cleaner pendek stick tembakan mesin jet cleaner steam cuci mobil motor high pressure.....!!!!,1729959737321228797,produk terjual ≥1,Aktif,Rp642.784,Rp0,Rp0,Rp0,Rp0,Rp0,Rp0,Rp570.367,Rp0,Rp0,Rp0,Rp570.367,Rp425.127,Rp145.240,Rp72.417,9,9,9,9,Rp71.420,7131,389,5.46%,26,6.68%,2.31%,5946,319,5.36%,21,6.58%,2.82%,Rp642.784,Rp0,Rp942.566,Rp316.500,Rp126.654,2,2,3046,147,117,5,4.83%,3.40%,Rp371.496,5,Rp0,Rp0,Rp0,0,0,0,0,0,0,0,0,Rp0,24,431,5,1.16%,0,0.00%,0.00%,394,5,1.27%,0,0.00%,0.00%,Rp0,Rp0,Rp0,0,0,0,0,0,0,0,0,Rp0,2,662,59,8.91%,6,10.17%,0.00%,491,53,10.79%,4,7.55%,0.00%,Rp570.367,Rp0,Rp0,Rp0,Rp570.367,Rp425.127,Rp145.240,8,8,8,8,Rp71.296,2,1,1,2314,195,8.43%,11,5.64%,4.10%,2020,165,8.17%,9,5.45%,4.85%,43,1,2.33%,0,0.00%,0.00%,39,1,2.56%,0,0.00%,0.00%,2145,192,8.95%,11,5.73%,4.17%,1881,162,8.61%,9,5.56%,4.94%,Rp72.417,Rp72.417,Rp0,1,1,1,0,1,1,0,1,Rp72.417,3724,130,3.49%,9,6.92%,0.77%,3199,108,3.38%,9,8.33%,0.93%
Belter F Clamp F25 30 50 60 80 100 cm CATOK KLEM CLAMP F,1729626803187123709,GMV & produk terjual = 0,Aktif,Rp641.930,Rp0,Rp0,Rp0,Rp0,Rp0,Rp0,Rp254.487,Rp0,Rp0,Rp0,Rp0,Rp0,Rp0,Rp387.443,12,12,16,12,Rp53.494,10681,652,6.10%,30,4.60%,1.84%,9307,582,6.25%,29,4.98%,2.06%,Rp641.930,Rp0,Rp902.202,Rp333.000,Rp35.255,1,1,7304,446,411,10,6.11%,2.24%,Rp568.680,14,Rp0,Rp0,Rp0,0,0,0,0,0,0,0,0,Rp0,0,1,0,0.00%,0,0.00%,0.00%,1,0,0.00%,0,0.00%,0.00%,Rp0,Rp0,Rp0,0,0,0,0,0,0,0,0,Rp0,0,0,0,0.00%,0,0.00%,0.00%,0,0,0.00%,0,0.00%,0.00%,Rp254.487,Rp0,Rp0,Rp0,Rp0,Rp0,Rp0,3,3,6,3,Rp84.829,0,0,0,40,0,0.00%,0,0.00%,0.00%,23,0,0.00%,0,0.00%,0.00%,0,0,0.00%,0,0.00%,0.00%,0,0,0.00%,0,0.00%,0.00%,0,0,0.00%,0,0.00%,0.00%,0,0,0.00%,0,0.00%,0.00%,Rp387.443,Rp387.443,Rp0,9,9,9,0,10,10,0,9,Rp43.049,10640,652,6.13%,30,4.60%,1.38%,9285,582,6.27%,29,4.98%,1.55%
"Obeng Elektronik Jason Set Material CR-V (4 Minus, 4 Plus, 6 Minus, 6 Plus, 8 Minus, 8 Plus, Ukuran 3mm)",1732221641355462141,produk terjual ≥1,Aktif,Rp636.705,Rp0,Rp0,Rp0,Rp11.014,Rp0,Rp11.014,Rp113.731,Rp0,Rp0,Rp0,Rp0,Rp0,Rp0,Rp511.960,44,50,52,42,Rp12.734,29737,1653,5.56%,106,6.41%,3.02%,26310,1536,5.84%,76,4.95%,2.73%,Rp636.705,Rp0,Rp1.150.907,Rp538.250,Rp73.111,6,6,24039,1305,1221,34,5.43%,3.07%,Rp503.492,42,Rp0,Rp0,Rp0,0,0,0,0,0,0,0,0,Rp0,1,137,1,0.73%,0,0.00%,0.00%,112,1,0.89%,0,0.00%,0.00%,Rp11.014,Rp0,Rp11.014,1,1,0,1,1,0,1,1,Rp11.014,0,0,0,0.00%,0,0.00%,0.00%,0,0,0.00%,0,0.00%,0.00%,Rp113.731,Rp0,Rp0,Rp0,Rp0,Rp0,Rp0,9,11,11,9,Rp10.339,0,0,0,157,2,1.27%,0,0.00%,550.00%,103,1,0.97%,0,0.00%,900.00%,0,0,0.00%,0,0.00%,0.00%,0,0,0.00%,0,0.00%,0.00%,0,0,0.00%,0,0.00%,0.00%,0,0,0.00%,0,0.00%,0.00%,Rp511.960,Rp511.960,Rp0,34,38,38,0,40,40,0,32,Rp13.473,29442,1650,5.60%,106,6.42%,2.30%,25808,1516,5.87%,76,5.01%,2.11%
YUKIDO  TANG SNAP RING SET 4PCS Tang Kombinasi 4 Pcs tang Circlip Tang Snap Ring set 7 Inch Tang Circlip Bengkok - Tang Penjepit  4 In 1,1729673400502749693,produk terjual ≥1,Aktif,Rp624.568,Rp0,Rp0,Rp0,Rp139.966,Rp139.966,Rp0,Rp160.590,Rp0,Rp0,Rp0,Rp160.590,Rp160.590,Rp0,Rp324.012,4,4,4,4,Rp156.142,4058,194,4.78%,12,6.19%,2.06%,3469,182,5.25%,12,6.59%,2.20%,Rp624.568,Rp0,Rp704.252,Rp70.000,Rp324.012,2,2,1894,69,64,3,3.64%,4.35%,Rp484.602,3,Rp0,Rp0,Rp0,0,0,0,0,0,0,0,0,Rp0,0,0,0,0.00%,0,0.00%,0.00%,0,0,0.00%,0,0.00%,0.00%,Rp139.966,Rp139.966,Rp0,1,1,1,0,1,1,0,1,Rp139.966,1,940,86,9.15%,3,3.49%,1.16%,750,78,10.40%,3,3.85%,1.28%,Rp160.590,Rp0,Rp0,Rp0,Rp160.590,Rp160.590,Rp0,1,1,1,1,Rp160.590,2,3,0,597,20,3.35%,1,5.00%,5.00%,505,18,3.56%,1,5.56%,5.56%,134,1,0.75%,0,0.00%,0.00%,95,1,1.05%,0,0.00%,0.00%,300,13,4.33%,0,0.00%,7.69%,264,11,4.17%,0,0.00%,9.09%,Rp324.012,Rp324.012,Rp0,2,2,2,0,2,2,0,2,Rp162.006,2522,88,3.49%,8,9.09%,2.27%,2183,84,3.85%,8,9.52%,2.38%
Kunci Torsi 1/2” Jason Torque Wrench Presisi 40–210Nm + Box Penyimpanan,1732217426054907389,produk terjual ≥1,Aktif,Rp613.575,Rp0,Rp0,Rp0,Rp0,Rp0,Rp0,Rp613.575,Rp0,Rp0,Rp0,Rp613.575,Rp613.575,Rp0,Rp0,1,1,1,1,Rp613.575,2287,148,6.47%,7,4.73%,0.68%,1554,111,7.14%,5,4.50%,0.90%,Rp613.575,Rp0,Rp658.575,Rp279.000,Rp0,0,0,1230,96,73,0,7.80%,0.00%,Rp0,0,Rp0,Rp0,Rp0,0,0,0,0,0,0,0,0,Rp0,0,1,0,0.00%,0,0.00%,0.00%,1,0,0.00%,0,0.00%,0.00%,Rp0,Rp0,Rp0,0,0,0,0,0,0,0,0,Rp0,0,301,18,5.98%,5,27.78%,0.00%,224,14,6.25%,3,21.43%,0.00%,Rp613.575,Rp0,Rp0,Rp0,Rp613.575,Rp613.575,Rp0,1,1,1,1,Rp613.575,0,0,0,1255,79,6.29%,2,2.53%,1.27%,795,65,8.18%,2,3.08%,1.54%,0,0,0.00%,0,0.00%,0.00%,0,0,0.00%,0,0.00%,0.00%,1205,78,6.47%,2,2.56%,1.28%,746,64,8.58%,2,3.13%,1.56%,Rp0,Rp0,Rp0,0,0,0,0,0,0,0,0,Rp0,730,51,6.99%,0,0.00%,0.00%,627,41,6.54%,0,0.00%,0.00%
YUKIDO ALAT PEMOTONG RANTAI - ALAT PEMBUKA MATA RANTAI SEPEDA MOTOR 2 FUNGSI- CHAIN CUTTER TANG POTONG RANTAI UNIVERSAL,1729857045632944637,produk terjual ≥1,Aktif,Rp612.516,Rp0,Rp0,Rp0,Rp75.043,Rp75.043,Rp0,Rp243.445,Rp0,Rp0,Rp0,Rp125.477,Rp125.477,Rp0,Rp294.028,9,9,9,9,Rp68.057,4070,128,3.14%,7,5.47%,7.03%,3436,112,3.26%,7,6.25%,8.04%,Rp612.516,Rp0,Rp790.376,Rp228.000,Rp130.184,2,2,2428,67,59,7,2.76%,10.45%,Rp499.255,7,Rp0,Rp0,Rp0,0,0,0,0,0,0,0,0,Rp0,9,142,3,2.11%,0,0.00%,0.00%,127,2,1.57%,0,0.00%,0.00%,Rp75.043,Rp75.043,Rp0,1,1,1,0,1,1,0,1,Rp75.043,0,1,0,0.00%,0,0.00%,0.00%,1,0,0.00%,0,0.00%,0.00%,Rp243.445,Rp0,Rp0,Rp0,Rp125.477,Rp125.477,Rp0,4,4,4,4,Rp60.861,4,0,4,954,51,5.35%,2,3.92%,7.84%,725,44,6.07%,2,4.55%,9.09%,0,0,0.00%,0,0.00%,0.00%,0,0,0.00%,0,0.00%,0.00%,921,50,5.43%,2,4.00%,4.00%,714,43,6.02%,2,4.65%,4.65%,Rp294.028,Rp294.028,Rp0,4,4,4,0,4,4,0,4,Rp73.507,2973,74,2.49%,5,6.76%,5.41%,2600,66,2.54%,5,7.58%,6.06%
PAKET GERGAJI COMPAS YUKIDO 2 ITEM GERGAJI COMPAS 16''&GERGAJI COMPAS 12''  HARGA TERMURAH BOSKUH,1730163956221249021,produk terjual ≥1,Aktif,Rp605.099,Rp0,Rp0,Rp0,Rp143.373,Rp0,Rp143.373,Rp176.902,Rp0,Rp0,Rp0,Rp114.282,Rp114.282,Rp0,Rp284.824,10,10,10,10,Rp60.510,8536,256,3.00%,22,8.59%,3.91%,6657,205,3.08%,21,10.24%,4.88%,Rp605.099,Rp0,Rp751.682,Rp220.000,Rp98.681,2,2,6273,195,162,8,3.11%,4.10%,Rp462.487,8,Rp0,Rp0,Rp0,0,0,0,0,0,0,0,0,Rp0,0,0,0,0.00%,0,0.00%,0.00%,0,0,0.00%,0,0.00%,0.00%,Rp143.373,Rp0,Rp143.373,3,3,0,3,3,0,3,3,Rp47.791,0,3,0,0.00%,0,0.00%,0.00%,3,0,0.00%,0,0.00%,0.00%,Rp176.902,Rp0,Rp0,Rp0,Rp114.282,Rp114.282,Rp0,3,3,3,3,Rp58.967,0,0,0,1534,43,2.80%,2,4.65%,6.98%,1348,33,2.45%,2,6.06%,9.09%,0,0,0.00%,0,0.00%,0.00%,0,0,0.00%,0,0.00%,0.00%,1509,43,2.85%,2,4.65%,4.65%,1326,33,2.49%,2,6.06%,6.06%,Rp284.824,Rp284.824,Rp0,4,4,4,0,4,4,0,4,Rp71.206,6998,213,3.04%,20,9.39%,1.88%,5446,171,3.14%,19,11.11%,2.34%
SLONGSONG KABEL / HEAT SHRINK TUBING SET 530 PCS,1729650299330202109,produk terjual ≥1,Aktif,Rp604.647,Rp0,Rp0,Rp0,Rp158.126,Rp158.126,Rp0,Rp185.825,Rp0,Rp0,Rp0,Rp121.125,Rp43.127,Rp77.998,Rp260.696,18,18,18,18,Rp33.592,14266,343,2.40%,40,11.66%,5.25%,11964,269,2.25%,37,13.75%,6.69%,Rp604.647,Rp0,Rp1.039.578,Rp440.872,Rp0,0,0,8296,209,164,13,2.52%,6.22%,Rp371.769,13,Rp0,Rp0,Rp0,0,0,0,0,0,0,0,0,Rp0,52,603,9,1.49%,1,11.11%,0.00%,578,8,1.38%,1,12.50%,0.00%,Rp158.126,Rp158.126,Rp0,4,4,4,0,4,4,0,4,Rp39.532,0,681,16,2.35%,1,6.25%,25.00%,345,14,4.06%,1,7.14%,28.57%,Rp185.825,Rp0,Rp0,Rp0,Rp121.125,Rp43.127,Rp77.998,5,5,5,5,Rp37.165,5,3,3,1808,43,2.38%,3,6.98%,11.63%,1234,32,2.59%,3,9.38%,15.63%,72,0,0.00%,0,0.00%,0.00%,67,0,0.00%,0,0.00%,0.00%,1483,43,2.90%,3,6.98%,6.98%,936,32,3.42%,3,9.38%,9.38%,Rp260.696,Rp260.696,Rp0,9,9,9,0,9,9,0,9,Rp28.966,11172,275,2.46%,35,12.73%,3.27%,9808,214,2.18%,32,14.95%,4.21%
Semprotan 2 Liter Semprotan Sprayer Manual Disenfektan Sprayer Tanaman Hand Spray Air Jet Nozzle,1729976981073922557,produk terjual ≥1,Aktif,Rp602.723,Rp0,Rp0,Rp0,Rp190.464,Rp126.371,Rp64.093,Rp348.629,Rp0,Rp0,Rp0,Rp318.814,Rp318.814,Rp0,Rp63.630,17,17,17,17,Rp35.454,11345,347,3.06%,11,3.17%,4.90%,9397,304,3.24%,10,3.29%,5.59%,Rp602.723,Rp0,Rp929.992,Rp385.929,Rp207.676,5,5,2130,48,37,5,2.25%,10.42%,Rp158.816,5,Rp0,Rp0,Rp0,0,0,0,0,0,0,0,0,Rp0,0,0,0,0.00%,0,0.00%,0.00%,0,0,0.00%,0,0.00%,0.00%,Rp190.464,Rp126.371,Rp64.093,6,6,4,2,6,4,2,6,Rp31.744,1,1804,116,6.43%,3,2.59%,5.17%,1390,103,7.41%,3,2.91%,5.83%,Rp348.629,Rp0,Rp0,Rp0,Rp318.814,Rp318.814,Rp0,9,9,9,9,Rp38.737,12,8,6,7511,196,2.61%,6,3.06%,4.59%,6426,176,2.74%,6,3.41%,5.11%,102,1,0.98%,0,0.00%,0.00%,95,1,1.05%,0,0.00%,0.00%,7292,193,2.65%,6,3.11%,4.15%,6265,174,2.78%,6,3.45%,4.60%,Rp63.630,Rp63.630,Rp0,2,2,2,0,2,2,0,2,Rp31.815,2030,35,1.72%,2,5.71%,5.71%,1798,30,1.67%,2,6.67%,6.67%
HARGA TERMURAH WATERPASS Magnet Panjang / Waterpas Magnet 9” / Water Pas Torpedo waterpas maghnet 9'' 18'' 24'' waterpas torpedo,1729653637373331965,produk terjual ≥1,Aktif,Rp601.583,Rp0,Rp0,Rp0,Rp232.663,Rp173.909,Rp58.754,Rp265.728,Rp0,Rp0,Rp0,Rp232.479,Rp167.135,Rp65.344,Rp103.192,33,33,34,33,Rp18.230,19525,960,4.92%,42,4.38%,3.44%,16029,782,4.88%,40,5.12%,4.22%,Rp601.583,Rp0,Rp1.103.070,Rp508.456,Rp257.476,15,15,8615,294,242,18,3.41%,6.12%,Rp244.693,19,Rp0,Rp0,Rp0,0,0,0,0,0,0,0,0,Rp0,22,1524,38,2.49%,0,0.00%,0.00%,1345,35,2.60%,0,0.00%,0.00%,Rp232.663,Rp173.909,Rp58.754,13,13,8,5,13,8,5,13,Rp17.897,3,2380,194,8.15%,3,1.55%,6.70%,1893,168,8.87%,3,1.79%,7.74%,Rp265.728,Rp0,Rp0,Rp0,Rp232.479,Rp167.135,Rp65.344,13,13,13,13,Rp20.441,4,2,2,5880,450,7.65%,9,2.00%,2.89%,4982,376,7.55%,9,2.39%,3.46%,314,9,2.87%,0,0.00%,0.00%,269,7,2.60%,0,0.00%,0.00%,5489,439,8.00%,8,1.82%,2.28%,4654,367,7.89%,8,2.18%,2.72%,Rp103.192,Rp103.192,Rp0,7,7,7,0,8,8,0,7,Rp14.742,9740,278,2.85%,30,10.79%,2.52%,8128,230,2.83%,29,12.61%,3.04%
Paket Kunci Ring Pas Set + Kunci Sock Set 27 pcs + Kunci L + 4pcs Kunci T + Kunci  + Obeng,1733121243343455741,GMV & produk terjual = 0,Aktif,Rp596.674,Rp0,Rp0,Rp0,Rp0,Rp0,Rp0,Rp0,Rp0,Rp0,Rp0,Rp0,Rp0,Rp0,Rp596.674,3,3,3,3,Rp198.891,4619,198,4.29%,4,2.02%,1.52%,4024,173,4.30%,4,2.31%,1.73%,Rp596.674,Rp0,Rp764.540,Rp143.500,Rp187.860,1,1,3436,153,133,1,4.45%,0.65%,Rp179.814,1,Rp0,Rp0,Rp0,0,0,0,0,0,0,0,0,Rp0,0,0,0,0.00%,0,0.00%,0.00%,0,0,0.00%,0,0.00%,0.00%,Rp0,Rp0,Rp0,0,0,0,0,0,0,0,0,Rp0,0,0,0,0.00%,0,0.00%,0.00%,0,0,0.00%,0,0.00%,0.00%,Rp0,Rp0,Rp0,Rp0,Rp0,Rp0,Rp0,0,0,0,0,Rp0,0,0,0,197,1,0.51%,0,0.00%,0.00%,88,1,1.14%,0,0.00%,0.00%,0,0,0.00%,0,0.00%,0.00%,0,0,0.00%,0,0.00%,0.00%,0,0,0.00%,0,0.00%,0.00%,0,0,0.00%,0,0.00%,0.00%,Rp596.674,Rp596.674,Rp0,3,3,3,0,3,3,0,3,Rp198.891,4422,197,4.45%,4,2.03%,1.52%,3924,171,4.36%,4,2.34%,1.75%
SAKLAR DIMER - FUKUTA DINNER OB SAKLAR DIMMER HIMAWARI SWITCH 500WATT 220V PENGATUR KECEPATAN,1729670640574564861,produk terjual ≥1,Aktif,Rp588.708,Rp0,Rp0,Rp0,Rp0,Rp0,Rp0,Rp588.708,Rp0,Rp0,Rp0,Rp588.708,Rp588.708,Rp0,Rp0,8,8,14,7,Rp73.588,8956,385,4.30%,27,7.01%,2.08%,5189,315,6.07%,26,8.25%,2.22%,Rp588.708,Rp0,Rp769.108,Rp190.000,Rp41.612,1,1,2282,88,78,1,3.86%,1.14%,Rp144.430,3,Rp0,Rp0,Rp0,0,0,0,0,0,0,0,0,Rp0,0,0,0,0.00%,0,0.00%,0.00%,0,0,0.00%,0,0.00%,0.00%,Rp0,Rp0,Rp0,0,0,0,0,0,0,0,0,Rp0,0,13,0,0.00%,0,0.00%,0.00%,10,0,0.00%,0,0.00%,0.00%,Rp588.708,Rp0,Rp0,Rp0,Rp588.708,Rp588.708,Rp0,8,8,14,7,Rp73.588,0,0,0,6739,325,4.82%,24,7.38%,2.46%,3530,261,7.39%,23,8.81%,2.68%,0,0,0.00%,0,0.00%,0.00%,0,0,0.00%,0,0.00%,0.00%,6613,325,4.91%,24,7.38%,2.46%,3467,261,7.53%,23,8.81%,2.68%,Rp0,Rp0,Rp0,0,0,0,0,0,0,0,0,Rp0,2204,60,2.72%,3,5.00%,0.00%,1843,59,3.20%,3,5.08%,0.00%
AIR HOSE REEL SELANG ANGIN  8M GULUNG SELANG KOMPRESOR ROL 5X8MM 8M PU STAR/ROL SELANG UDARA OTOMATIS,1729650830735083005,GMV & produk terjual = 0,Aktif,Rp588.683,Rp0,Rp0,Rp0,Rp588.683,Rp588.683,Rp0,Rp0,Rp0,Rp0,Rp0,Rp0,Rp0,Rp0,Rp0,1,1,2,1,Rp588.683,1417,73,5.15%,6,8.22%,1.37%,1170,67,5.73%,6,8.96%,1.49%,Rp588.683,Rp0,Rp699.099,Rp105.000,Rp0,0,0,759,29,26,1,3.82%,3.45%,Rp588.683,2,Rp0,Rp0,Rp0,0,0,0,0,0,0,0,0,Rp0,0,0,0,0.00%,0,0.00%,0.00%,0,0,0.00%,0,0.00%,0.00%,Rp588.683,Rp588.683,Rp0,1,1,1,0,2,2,0,1,Rp588.683,0,172,12,6.98%,1,8.33%,8.33%,120,11,9.17%,1,9.09%,9.09%,Rp0,Rp0,Rp0,Rp0,Rp0,Rp0,Rp0,0,0,0,0,Rp0,1,0,1,306,22,7.19%,3,13.64%,0.00%,273,22,8.06%,3,13.64%,0.00%,0,0,0.00%,0,0.00%,0.00%,0,0,0.00%,0,0.00%,0.00%,298,22,7.38%,3,13.64%,0.00%,265,22,8.30%,3,13.64%,0.00%,Rp0,Rp0,Rp0,0,0,0,0,0,0,0,0,Rp0,939,39,4.15%,2,5.13%,0.00%,813,34,4.18%,2,5.88%,0.00%
Spraygun F75G Tabung Atas Kapasitas 400Mili Cat Semprot TORA Spray Gun F75G Body Biru - Alat Semprot Cat Tabung Atas,1731758418818663933,produk terjual ≥1,Aktif,Rp585.633,Rp0,Rp0,Rp0,Rp156.045,Rp156.045,Rp0,Rp270.963,Rp0,Rp0,Rp0,Rp0,Rp0,Rp0,Rp158.625,4,4,4,4,Rp146.408,3156,174,5.51%,9,5.17%,2.30%,2655,144,5.42%,8,5.56%,2.78%,Rp585.633,Rp0,Rp728.728,Rp118.000,Rp0,0,0,2452,133,110,4,5.42%,3.01%,Rp585.633,4,Rp0,Rp0,Rp0,0,0,0,0,0,0,0,0,Rp0,0,0,0,0.00%,0,0.00%,0.00%,0,0,0.00%,0,0.00%,0.00%,Rp156.045,Rp156.045,Rp0,1,1,1,0,1,1,0,1,Rp156.045,0,646,51,7.89%,3,5.88%,1.96%,477,38,7.97%,2,5.26%,2.63%,Rp270.963,Rp0,Rp0,Rp0,Rp0,Rp0,Rp0,2,2,2,2,Rp135.482,0,0,0,404,20,4.95%,1,5.00%,10.00%,333,14,4.20%,1,7.14%,14.29%,0,0,0.00%,0,0.00%,0.00%,0,0,0.00%,0,0.00%,0.00%,375,20,5.33%,1,5.00%,0.00%,313,14,4.47%,1,7.14%,0.00%,Rp158.625,Rp158.625,Rp0,1,1,1,0,1,1,0,1,Rp158.625,2102,104,4.95%,5,4.81%,0.96%,1754,85,4.85%,5,5.88%,1.18%
Hand Tap Set plus Gagang - Senai Snei Die Set - Snai Pembuat Drat Dalam Derat Luar Handtap M3-M12,1729724686718371325,GMV & produk terjual = 0,Aktif,Rp584.644,Rp0,Rp0,Rp0,Rp0,Rp0,Rp0,Rp185.731,Rp0,Rp0,Rp0,Rp0,Rp0,Rp0,Rp398.913,7,8,8,7,Rp73.080,7952,366,4.60%,18,4.92%,2.19%,6388,291,4.56%,16,5.50%,2.41%,Rp584.644,Rp0,Rp703.103,Rp116.000,Rp73.305,1,1,6410,285,222,5,4.45%,2.11%,Rp405.608,6,Rp0,Rp0,Rp0,0,0,0,0,0,0,0,0,Rp0,0,1,0,0.00%,0,0.00%,0.00%,1,0,0.00%,0,0.00%,0.00%,Rp0,Rp0,Rp0,0,0,0,0,0,0,0,0,Rp0,0,0,0,0.00%,0,0.00%,0.00%,0,0,0.00%,0,0.00%,0.00%,Rp185.731,Rp0,Rp0,Rp0,Rp0,Rp0,Rp0,2,3,3,2,Rp61.910,0,0,0,21,0,0.00%,0,0.00%,0.00%,16,0,0.00%,0,0.00%,0.00%,0,0,0.00%,0,0.00%,0.00%,0,0,0.00%,0,0.00%,0.00%,1,0,0.00%,0,0.00%,0.00%,1,0,0.00%,0,0.00%,0.00%,Rp398.913,Rp398.913,Rp0,5,5,5,0,5,5,0,5,Rp79.783,7930,366,4.62%,18,4.92%,1.37%,6335,290,4.58%,16,5.52%,1.72%
MESIN SERUT KAYU RYU PLANNER SUGU - KETAM KAYU RYU RPL 82-3A,1729644139496704509,GMV & produk terjual = 0,Aktif,Rp570.368,Rp0,Rp0,Rp0,Rp0,Rp0,Rp0,Rp0,Rp0,Rp0,Rp0,Rp0,Rp0,Rp0,Rp570.368,1,1,1,1,Rp570.368,2480,105,4.23%,13,12.38%,0.95%,1429,79,5.53%,5,6.33%,1.27%,Rp570.368,Rp0,Rp630.368,Rp81.000,Rp570.368,1,1,889,39,27,0,4.39%,0.00%,Rp0,0,Rp0,Rp0,Rp0,0,0,0,0,0,0,0,0,Rp0,33,86,0,0.00%,0,0.00%,0.00%,76,0,0.00%,0,0.00%,0.00%,Rp0,Rp0,Rp0,0,0,0,0,0,0,0,0,Rp0,0,505,29,5.74%,1,3.45%,0.00%,272,27,9.93%,1,3.70%,0.00%,Rp0,Rp0,Rp0,Rp0,Rp0,Rp0,Rp0,0,0,0,0,Rp0,1,0,1,816,31,3.80%,1,3.23%,0.00%,401,27,6.73%,1,3.70%,0.00%,0,0,0.00%,0,0.00%,0.00%,0,0,0.00%,0,0.00%,0.00%,758,30,3.96%,0,0.00%,0.00%,380,26,6.84%,0,0.00%,0.00%,Rp570.368,Rp570.368,Rp0,1,1,1,0,1,1,0,1,Rp570.368,1073,45,4.19%,11,24.44%,2.22%,785,33,4.20%,3,9.09%,3.03%
PAKET 4 MATA GERINDA MATA GERIDA POLES 1  POTONG 1 AMPLAS SUSUN 10 PCS DAN DUDUKAN GERINDA SIRKEL,1731183095492740605,produk terjual ≥1,Aktif,Rp561.392,Rp68.600,Rp68.600,Rp0,Rp0,Rp0,Rp0,Rp266.631,Rp0,Rp0,Rp0,Rp266.631,Rp213.909,Rp52.722,Rp226.161,10,10,10,10,Rp56.139,5582,218,3.91%,16,7.34%,4.59%,4832,169,3.50%,12,7.10%,5.92%,Rp561.392,Rp0,Rp794.022,Rp259.500,Rp56.270,1,1,3855,153,125,6,3.97%,3.92%,Rp319.072,6,Rp68.600,Rp68.600,Rp0,1,1,1,0,1,1,0,1,Rp68.600,2,82,7,8.54%,0,0.00%,14.29%,60,3,5.00%,0,0.00%,33.33%,Rp0,Rp0,Rp0,0,0,0,0,0,0,0,0,Rp0,0,4,0,0.00%,0,0.00%,0.00%,4,0,0.00%,0,0.00%,0.00%,Rp266.631,Rp0,Rp0,Rp0,Rp266.631,Rp213.909,Rp52.722,5,5,5,5,Rp53.326,0,0,0,1984,85,4.28%,5,5.88%,5.88%,1779,65,3.65%,3,4.62%,7.69%,0,0,0.00%,0,0.00%,0.00%,0,0,0.00%,0,0.00%,0.00%,1936,84,4.34%,5,5.95%,5.95%,1735,64,3.69%,3,4.69%,7.81%,Rp226.161,Rp226.161,Rp0,4,4,4,0,4,4,0,4,Rp56.540,3512,126,3.59%,11,8.73%,3.17%,3084,108,3.50%,10,9.26%,3.70%
Gagang shock L 1/2 dr 10 inch offset handle gagang kunci shock Yukido,1729688603310131709,produk terjual ≥1,Aktif,Rp560.680,Rp0,Rp0,Rp0,Rp153.649,Rp102.394,Rp51.255,Rp385.930,Rp0,Rp0,Rp0,Rp327.175,Rp300.915,Rp26.260,Rp47.361,21,21,21,21,Rp26.699,8567,504,5.88%,40,7.94%,4.17%,6343,388,6.12%,32,8.25%,5.41%,Rp560.680,Rp0,Rp727.710,Rp337.731,Rp25.755,1,1,5911,355,272,17,6.01%,4.79%,Rp448.155,17,Rp0,Rp0,Rp0,0,0,0,0,0,0,0,0,Rp0,0,3,0,0.00%,0,0.00%,0.00%,3,0,0.00%,0,0.00%,0.00%,Rp153.649,Rp102.394,Rp51.255,6,6,4,2,6,4,2,6,Rp25.608,0,13,0,0.00%,0,0.00%,0.00%,13,0,0.00%,0,0.00%,0.00%,Rp385.930,Rp0,Rp0,Rp0,Rp327.175,Rp300.915,Rp26.260,14,14,14,14,Rp27.566,4,0,4,5203,357,6.86%,28,7.84%,3.92%,3792,254,6.70%,22,8.66%,5.51%,0,0,0.00%,0,0.00%,0.00%,0,0,0.00%,0,0.00%,0.00%,5181,357,6.89%,27,7.56%,3.36%,3783,254,6.71%,22,8.66%,4.72%,Rp47.361,Rp47.361,Rp0,2,2,2,0,2,2,0,2,Rp23.680,3348,147,4.39%,12,8.16%,1.36%,2424,112,4.62%,11,9.82%,1.79%
ELLKA AIR TIRE CHUCK ALAT ISI ANGIN POMPA MOBIL / MOTOR Car,1729691689043134973,produk terjual ≥1,Aktif,Rp556.980,Rp0,Rp0,Rp0,Rp44.890,Rp0,Rp44.890,Rp197.060,Rp0,Rp0,Rp0,Rp52.625,Rp52.625,Rp0,Rp315.030,26,26,30,26,Rp21.422,10286,241,2.34%,24,9.96%,10.79%,8540,202,2.37%,23,11.39%,12.87%,Rp556.980,Rp0,Rp875.702,Rp353.635,Rp63.569,3,3,6977,155,130,14,2.22%,9.03%,Rp289.689,17,Rp0,Rp0,Rp0,0,0,0,0,0,0,0,0,Rp0,0,0,0,0.00%,0,0.00%,0.00%,0,0,0.00%,0,0.00%,0.00%,Rp44.890,Rp0,Rp44.890,2,2,0,2,2,0,2,2,Rp22.445,0,0,0,0.00%,0,0.00%,0.00%,0,0,0.00%,0,0.00%,0.00%,Rp197.060,Rp0,Rp0,Rp0,Rp52.625,Rp52.625,Rp0,10,10,10,10,Rp19.706,3,1,2,1656,55,3.32%,4,7.27%,18.18%,1296,40,3.09%,4,10.00%,25.00%,6,0,0.00%,0,0.00%,0.00%,6,0,0.00%,0,0.00%,0.00%,1610,54,3.35%,4,7.41%,5.56%,1265,39,3.08%,4,10.26%,7.69%,Rp315.030,Rp315.030,Rp0,14,14,14,0,18,18,0,14,Rp22.502,8630,186,2.16%,20,10.75%,7.53%,7531,164,2.18%,19,11.59%,8.54%
SprayGun F75G + Selang Recoil 4.5 - 9 Meter Kapasitas 400 ml dan Tekanan 50-70 psi Spraygun Tabung Atas Spet Semprot Cat,1730638586628572669,GMV & produk terjual = 0,Aktif,Rp553.032,Rp0,Rp0,Rp0,Rp0,Rp0,Rp0,Rp137.910,Rp0,Rp0,Rp0,Rp137.910,Rp137.910,Rp0,Rp415.122,4,4,4,4,Rp138.258,3425,155,4.53%,12,7.74%,2.58%,2710,125,4.61%,11,8.80%,3.20%,Rp553.032,Rp0,Rp732.028,Rp154.000,Rp553.032,4,4,2285,102,84,3,4.46%,2.94%,Rp422.866,3,Rp0,Rp0,Rp0,0,0,0,0,0,0,0,0,Rp0,1,316,11,3.48%,0,0.00%,0.00%,0,0,0.00%,0,0.00%,0.00%,Rp0,Rp0,Rp0,0,0,0,0,0,0,0,0,Rp0,0,0,0,0.00%,0,0.00%,0.00%,0,0,0.00%,0,0.00%,0.00%,Rp137.910,Rp0,Rp0,Rp0,Rp137.910,Rp137.910,Rp0,1,1,1,1,Rp137.910,0,0,0,476,20,4.20%,2,10.00%,5.00%,329,18,5.47%,2,11.11%,5.56%,0,0,0.00%,0,0.00%,0.00%,0,0,0.00%,0,0.00%,0.00%,443,20,4.51%,2,10.00%,5.00%,300,18,6.00%,2,11.11%,5.56%,Rp415.122,Rp415.122,Rp0,3,3,3,0,3,3,0,3,Rp138.374,2633,124,4.71%,10,8.06%,2.42%,2132,101,4.74%,9,8.91%,2.97%
Yukido Mata Gerinda Poles 4''X1 (Isi 5) - Batu Gurinda Poles 4 Inch Stainless Steel & Metal 100 x 6 x 16 mm,1729581381534778877,produk terjual ≥1,Aktif,Rp543.048,Rp0,Rp0,Rp0,Rp198.768,Rp198.768,Rp0,Rp205.740,Rp0,Rp0,Rp0,Rp170.129,Rp170.129,Rp0,Rp138.540,13,13,13,13,Rp41.773,9162,409,4.46%,11,2.69%,3.18%,6839,318,4.65%,11,3.46%,4.09%,Rp543.048,Rp0,Rp748.546,Rp277.878,Rp151.197,2,2,4099,163,128,9,3.98%,5.52%,Rp372.459,9,Rp0,Rp0,Rp0,0,0,0,0,0,0,0,0,Rp0,2,228,5,2.19%,1,20.00%,0.00%,177,3,1.69%,1,33.33%,0.00%,Rp198.768,Rp198.768,Rp0,4,4,4,0,4,4,0,4,Rp49.692,0,69,2,2.90%,0,0.00%,200.00%,56,2,3.57%,0,0.00%,200.00%,Rp205.740,Rp0,Rp0,Rp0,Rp170.129,Rp170.129,Rp0,5,5,5,5,Rp41.148,3,0,3,4759,256,5.38%,2,0.78%,1.95%,3244,198,6.10%,2,1.01%,2.53%,0,0,0.00%,0,0.00%,0.00%,0,0,0.00%,0,0.00%,0.00%,4619,256,5.54%,2,0.78%,1.56%,3156,198,6.27%,2,1.01%,2.02%,Rp138.540,Rp138.540,Rp0,4,4,4,0,4,4,0,4,Rp34.635,4103,146,3.56%,8,5.48%,2.74%,3505,120,3.42%,8,6.67%,3.33%
COD KDK Kedok Las Helm Las Welding Mask Auto Darkening Google Glass Topeng Las,1729714654733108733,produk terjual ≥1,Aktif,Rp535.246,Rp0,Rp0,Rp0,Rp0,Rp0,Rp0,Rp262.261,Rp0,Rp0,Rp0,Rp118.859,Rp118.859,Rp0,Rp272.985,4,4,4,3,Rp133.812,4250,120,2.82%,7,5.83%,3.33%,3638,104,2.86%,7,6.73%,2.88%,Rp535.246,Rp0,Rp548.869,Rp208.000,Rp271.457,2,1,2447,79,66,2,3.23%,3.80%,Rp416.387,3,Rp0,Rp0,Rp0,0,0,0,0,0,0,0,0,Rp0,17,177,1,0.56%,0,0.00%,0.00%,157,1,0.64%,0,0.00%,0.00%,Rp0,Rp0,Rp0,0,0,0,0,0,0,0,0,Rp0,0,264,1,0.38%,0,0.00%,0.00%,244,1,0.41%,0,0.00%,0.00%,Rp262.261,Rp0,Rp0,Rp0,Rp118.859,Rp118.859,Rp0,2,2,2,2,Rp131.130,1,0,1,904,24,2.65%,2,8.33%,8.33%,768,21,2.73%,2,9.52%,9.52%,0,0,0.00%,0,0.00%,0.00%,0,0,0.00%,0,0.00%,0.00%,876,23,2.63%,2,8.70%,4.35%,756,20,2.65%,2,10.00%,5.00%,Rp272.985,Rp272.985,Rp0,2,2,2,0,2,2,0,2,Rp136.492,2904,94,3.24%,5,5.32%,2.13%,2482,80,3.22%,5,6.25%,2.50%
TERMURAH AST Switch Planner 1900 - Saklar Sakelar Mesin Serut Ketam Sugu FUJIYAMA 1900,1729702772381746685,produk terjual ≥1,Aktif,Rp533.921,Rp25.694,Rp0,Rp25.694,Rp0,Rp0,Rp0,Rp182.078,Rp0,Rp0,Rp0,Rp0,Rp0,Rp0,Rp326.149,26,26,33,26,Rp20.535,7159,307,4.29%,18,5.86%,8.47%,5798,251,4.33%,14,5.58%,10.36%,Rp533.921,Rp0,Rp804.706,Rp369.417,Rp0,0,0,5612,248,203,21,4.42%,8.47%,Rp440.097,27,Rp25.694,Rp0,Rp25.694,1,1,0,1,2,0,2,1,Rp25.694,0,0,0,0.00%,0,0.00%,0.00%,0,0,0.00%,0,0.00%,0.00%,Rp0,Rp0,Rp0,0,0,0,0,0,0,0,0,Rp0,0,0,0,0.00%,0,0.00%,0.00%,0,0,0.00%,0,0.00%,0.00%,Rp182.078,Rp0,Rp0,Rp0,Rp0,Rp0,Rp0,10,10,11,10,Rp18.208,0,0,0,0,0,0.00%,0,0.00%,0.00%,0,0,0.00%,0,0.00%,0.00%,0,0,0.00%,0,0.00%,0.00%,0,0,0.00%,0,0.00%,0.00%,0,0,0.00%,0,0.00%,0.00%,0,0,0.00%,0,0.00%,0.00%,Rp326.149,Rp326.149,Rp0,15,15,15,0,20,20,0,15,Rp21.743,7160,307,4.29%,18,5.86%,4.89%,5715,246,4.30%,14,5.69%,6.10%
FUJIYAMA Mata Bor Kayu Bobok Mortising Square Chisel Drill bit 3/8 1/2 Lubang Kunci Kusen dll,1729662835844482557,produk terjual ≥1,Aktif,Rp532.221,Rp0,Rp0,Rp0,Rp23.920,Rp0,Rp23.920,Rp168.852,Rp0,Rp0,Rp0,Rp0,Rp0,Rp0,Rp339.449,16,16,19,16,Rp33.264,10545,834,7.91%,19,2.28%,1.92%,8903,708,7.95%,17,2.40%,2.26%,Rp532.221,Rp0,Rp745.424,Rp272.983,Rp0,0,0,7802,621,529,12,7.96%,1.93%,Rp377.884,15,Rp0,Rp0,Rp0,0,0,0,0,0,0,0,0,Rp0,1,18,3,16.67%,0,0.00%,0.00%,16,2,12.50%,0,0.00%,0.00%,Rp23.920,Rp0,Rp23.920,1,1,0,1,1,0,1,1,Rp23.920,0,0,0,0.00%,0,0.00%,0.00%,0,0,0.00%,0,0.00%,0.00%,Rp168.852,Rp0,Rp0,Rp0,Rp0,Rp0,Rp0,6,6,7,6,Rp28.142,0,0,0,25,0,0.00%,0,0.00%,0.00%,22,0,0.00%,0,0.00%,0.00%,0,0,0.00%,0,0.00%,0.00%,0,0,0.00%,0,0.00%,0.00%,0,0,0.00%,0,0.00%,0.00%,0,0,0.00%,0,0.00%,0.00%,Rp339.449,Rp339.449,Rp0,9,9,9,0,11,11,0,9,Rp37.717,10501,831,7.91%,19,2.29%,1.08%,8778,696,7.93%,17,2.44%,1.29%
GERGAJI KAYU TJAP MATA ORIGINAL 18 INCHI gera ji,1732823892946093565,GMV & produk terjual = 0,Aktif,Rp528.735,Rp0,Rp0,Rp0,Rp0,Rp0,Rp0,Rp528.735,Rp0,Rp0,Rp0,Rp0,Rp0,Rp0,Rp0,1,1,6,1,Rp528.735,3156,103,3.26%,5,4.85%,0.97%,2680,89,3.32%,5,5.62%,1.12%,Rp528.735,Rp0,Rp626.735,Rp48.000,Rp0,0,0,1041,36,32,1,3.46%,2.78%,Rp528.735,6,Rp0,Rp0,Rp0,0,0,0,0,0,0,0,0,Rp0,8,381,4,1.05%,0,0.00%,0.00%,329,3,0.91%,0,0.00%,0.00%,Rp0,Rp0,Rp0,0,0,0,0,0,0,0,0,Rp0,0,0,0,0.00%,0,0.00%,0.00%,0,0,0.00%,0,0.00%,0.00%,Rp528.735,Rp0,Rp0,Rp0,Rp0,Rp0,Rp0,1,1,6,1,Rp528.735,18,18,1,1064,24,2.26%,1,4.17%,4.17%,893,23,2.58%,1,4.35%,4.35%,836,15,1.79%,1,6.67%,0.00%,754,15,1.99%,1,6.67%,0.00%,138,8,5.80%,0,0.00%,0.00%,93,7,7.53%,0,0.00%,0.00%,Rp0,Rp0,Rp0,0,0,0,0,0,0,0,0,Rp0,1711,75,4.38%,4,5.33%,0.00%,1464,64,4.37%,4,6.25%,0.00%
"PAKET TANG RIVET 2 PCS - TANG RIVET CAMEL + GUNTING BAJA RINGAN 10""",1733121501357442557,produk terjual ≥1,Aktif,Rp520.683,Rp0,Rp0,Rp0,Rp0,Rp0,Rp0,Rp79.800,Rp0,Rp0,Rp0,Rp0,Rp0,Rp0,Rp440.883,9,9,9,9,Rp57.854,3730,112,3.00%,5,4.46%,8.04%,3181,90,2.83%,5,5.56%,10.00%,Rp520.683,Rp0,Rp653.238,Rp116.000,Rp56.300,1,1,2840,79,67,7,2.78%,8.86%,Rp406.957,7,Rp0,Rp0,Rp0,0,0,0,0,0,0,0,0,Rp0,0,0,0,0.00%,0,0.00%,0.00%,0,0,0.00%,0,0.00%,0.00%,Rp0,Rp0,Rp0,0,0,0,0,0,0,0,0,Rp0,0,1,0,0.00%,0,0.00%,0.00%,1,0,0.00%,0,0.00%,0.00%,Rp79.800,Rp0,Rp0,Rp0,Rp0,Rp0,Rp0,1,1,1,1,Rp79.800,1,0,1,103,4,3.88%,0,0.00%,25.00%,53,3,5.66%,0,0.00%,33.33%,0,0,0.00%,0,0.00%,0.00%,0,0,0.00%,0,0.00%,0.00%,52,2,3.85%,0,0.00%,0.00%,36,1,2.78%,0,0.00%,0.00%,Rp440.883,Rp440.883,Rp0,8,8,8,0,8,8,0,8,Rp55.110,3626,108,2.98%,5,4.63%,7.41%,3132,88,2.81%,5,5.68%,9.09%
KAIROS Sheet Sander KA-820-FS Mesin Amplas Besi Kayu Acian Tembok 93x185mm 180W Presisi Tinggi untuk Hasil Rata Halus,1729648784616818173,produk terjual ≥1,Aktif,Rp509.889,Rp217.797,Rp217.797,Rp0,Rp0,Rp0,Rp0,Rp292.092,Rp0,Rp0,Rp0,Rp0,Rp0,Rp0,Rp0,2,2,2,2,Rp254.944,1752,30,1.71%,2,6.67%,6.67%,1537,28,1.82%,2,7.14%,7.14%,Rp509.889,Rp0,Rp640.248,Rp59.000,Rp217.797,1,1,819,10,9,2,1.22%,20.00%,Rp509.889,2,Rp217.797,Rp217.797,Rp0,1,1,1,0,1,1,0,1,Rp217.797,6,597,11,1.84%,0,0.00%,9.09%,488,10,2.05%,0,0.00%,10.00%,Rp0,Rp0,Rp0,0,0,0,0,0,0,0,0,Rp0,1,29,3,10.34%,0,0.00%,0.00%,25,3,12.00%,0,0.00%,0.00%,Rp292.092,Rp0,Rp0,Rp0,Rp0,Rp0,Rp0,1,1,1,1,Rp292.092,0,0,0,6,0,0.00%,0,0.00%,0.00%,6,0,0.00%,0,0.00%,0.00%,0,0,0.00%,0,0.00%,0.00%,0,0,0.00%,0,0.00%,0.00%,4,0,0.00%,0,0.00%,0.00%,4,0,0.00%,0,0.00%,0.00%,Rp0,Rp0,Rp0,0,0,0,0,0,0,0,0,Rp0,1119,16,1.43%,2,12.50%,0.00%,1007,15,1.49%,2,13.33%,0.00%
MAKITA M0900B Mesin Gerinda Tangan 4 Inch Angle Disc Grinder Gurinda Grinda Grenda Listrik M 0900 B M 0900B M0900 B MAKTEC MT-90 MT90,1733529938074502653,GMV & produk terjual = 0,Aktif,Rp506.430,Rp0,Rp0,Rp0,Rp506.430,Rp506.430,Rp0,Rp0,Rp0,Rp0,Rp0,Rp0,Rp0,Rp0,Rp0,1,1,1,1,Rp506.430,5944,352,5.92%,2,0.57%,0.28%,3669,304,8.29%,2,0.66%,0.33%,Rp506.430,Rp0,Rp515.930,Rp4.500,Rp506.430,1,1,803,35,26,1,4.36%,2.86%,Rp506.430,1,Rp0,Rp0,Rp0,0,0,0,0,0,0,0,0,Rp0,14,1003,17,1.69%,0,0.00%,0.00%,868,15,1.73%,0,0.00%,0.00%,Rp506.430,Rp506.430,Rp0,1,1,1,0,1,1,0,1,Rp506.430,1,1320,144,10.91%,0,0.00%,0.69%,823,134,16.28%,0,0.00%,0.75%,Rp0,Rp0,Rp0,Rp0,Rp0,Rp0,Rp0,0,0,0,0,Rp0,8,5,3,2944,173,5.88%,0,0.00%,0.00%,1588,146,9.19%,0,0.00%,0.00%,186,5,2.69%,0,0.00%,0.00%,156,5,3.21%,0,0.00%,0.00%,2720,168,6.18%,0,0.00%,0.00%,1403,141,10.05%,0,0.00%,0.00%,Rp0,Rp0,Rp0,0,0,0,0,0,0,0,0,Rp0,677,18,2.66%,2,11.11%,0.00%,579,17,2.94%,2,11.76%,0.00%
Timbangan Buah Digital 40KG/ Digital Computing Scale 40kg Double Display,1729658703297480189,GMV & produk terjual = 0,Aktif,Rp502.263,Rp0,Rp0,Rp0,Rp0,Rp0,Rp0,Rp246.228,Rp0,Rp0,Rp0,Rp0,Rp0,Rp0,Rp256.035,2,2,2,2,Rp251.132,4006,143,3.57%,5,3.50%,1.40%,3504,109,3.11%,5,4.59%,1.83%,Rp502.263,Rp0,Rp561.263,Rp47.000,Rp0,0,0,2403,91,67,2,3.79%,2.20%,Rp502.263,2,Rp0,Rp0,Rp0,0,0,0,0,0,0,0,0,Rp0,16,162,0,0.00%,0,0.00%,0.00%,149,0,0.00%,0,0.00%,0.00%,Rp0,Rp0,Rp0,0,0,0,0,0,0,0,0,Rp0,0,376,12,3.19%,0,0.00%,0.00%,347,9,2.59%,0,0.00%,0.00%,Rp246.228,Rp0,Rp0,Rp0,Rp0,Rp0,Rp0,1,1,1,1,Rp246.228,42,45,3,1635,61,3.73%,2,3.28%,1.64%,1396,45,3.22%,2,4.44%,2.22%,302,2,0.66%,0,0.00%,0.00%,229,1,0.44%,0,0.00%,0.00%,1308,59,4.51%,2,3.39%,0.00%,1145,44,3.84%,2,4.55%,0.00%,Rp256.035,Rp256.035,Rp0,1,1,1,0,1,1,0,1,Rp256.035,1833,70,3.82%,3,4.29%,1.43%,1667,59,3.54%,3,5.08%,1.69%
Penggaris Siku Meter Siku Tukang Full Besi 60 x 40 cm Penggaris Siku Tukang Ukur,1730802892198479357,GMV & produk terjual = 0,Aktif,Rp493.970,Rp0,Rp0,Rp0,Rp81.988,Rp0,Rp81.988,Rp189.072,Rp0,Rp0,Rp0,Rp153.217,Rp114.231,Rp38.986,Rp222.910,13,13,13,13,Rp37.998,6087,188,3.09%,19,10.11%,6.91%,5025,157,3.12%,15,9.55%,8.28%,Rp493.970,Rp0,Rp804.221,Rp317.100,Rp114.231,3,3,4216,108,93,8,2.56%,7.41%,Rp292.297,8,Rp0,Rp0,Rp0,0,0,0,0,0,0,0,0,Rp0,0,0,0,0.00%,0,0.00%,0.00%,0,0,0.00%,0,0.00%,0.00%,Rp81.988,Rp0,Rp81.988,2,2,0,2,2,0,2,2,Rp40.994,0,1,0,0.00%,0,0.00%,0.00%,1,0,0.00%,0,0.00%,0.00%,Rp189.072,Rp0,Rp0,Rp0,Rp153.217,Rp114.231,Rp38.986,5,5,5,5,Rp37.814,1,0,1,595,42,7.06%,4,9.52%,11.90%,500,31,6.20%,4,12.90%,16.13%,0,0,0.00%,0,0.00%,0.00%,0,0,0.00%,0,0.00%,0.00%,592,42,7.09%,4,9.52%,9.52%,497,31,6.24%,4,12.90%,12.90%,Rp222.910,Rp222.910,Rp0,6,6,6,0,6,6,0,6,Rp37.152,5491,146,2.66%,15,10.27%,4.11%,4616,125,2.71%,11,8.80%,4.80%
MATA BOR  FUJIYAMA HSS DRILL BIT SATUAN 1MM-13MM,1730331379339789821,produk terjual ≥1,Aktif,Rp490.378,Rp0,Rp0,Rp0,Rp8.031,Rp0,Rp8.031,Rp159.467,Rp0,Rp0,Rp0,Rp78.033,Rp78.033,Rp0,Rp322.880,22,40,74,22,Rp12.259,11762,536,4.56%,96,17.91%,7.46%,9813,466,4.75%,44,9.44%,4.72%,Rp490.378,Rp0,Rp676.537,Rp211.421,Rp17.879,4,2,6580,263,221,17,4.00%,12.93%,Rp274.356,46,Rp0,Rp0,Rp0,0,0,0,0,0,0,0,0,Rp0,1,11,1,9.09%,0,0.00%,0.00%,9,1,11.11%,0,0.00%,0.00%,Rp8.031,Rp0,Rp8.031,1,1,0,1,1,0,1,1,Rp8.031,0,9,0,0.00%,0,0.00%,0.00%,6,0,0.00%,0,0.00%,0.00%,Rp159.467,Rp0,Rp0,Rp0,Rp78.033,Rp78.033,Rp0,6,14,24,6,Rp11.390,12,7,7,2851,175,6.14%,8,4.57%,8.00%,2481,154,6.21%,8,5.19%,3.90%,657,17,2.59%,0,0.00%,0.00%,586,15,2.56%,0,0.00%,0.00%,2079,154,7.41%,7,4.55%,0.65%,1825,135,7.40%,7,5.19%,0.74%,Rp322.880,Rp322.880,Rp0,15,25,25,0,49,49,0,15,Rp12.915,8891,360,4.05%,88,24.44%,6.94%,7371,314,4.26%,36,11.46%,4.78%
1 Set Alat Pemangkas Kebun Isi 4 Pcs Gunting dan Gergaji Dahan Ranting Batang Garden Set - 6773,1735881467015431677,produk terjual ≥1,Aktif,Rp488.877,Rp167.444,Rp167.444,Rp0,Rp0,Rp0,Rp0,Rp83.325,Rp0,Rp0,Rp0,Rp0,Rp0,Rp0,Rp238.108,6,6,6,6,Rp81.480,6749,182,2.70%,5,2.75%,3.30%,5791,156,2.69%,5,3.21%,3.85%,Rp488.877,Rp0,Rp706.527,Rp200.500,Rp0,0,0,2935,97,80,5,3.30%,5.15%,Rp396.577,5,Rp167.444,Rp167.444,Rp0,2,2,2,0,2,2,0,2,Rp83.722,36,2149,43,2.00%,1,2.33%,4.65%,1890,37,1.96%,1,2.70%,5.41%,Rp0,Rp0,Rp0,0,0,0,0,0,0,0,0,Rp0,0,0,0,0.00%,0,0.00%,0.00%,0,0,0.00%,0,0.00%,0.00%,Rp83.325,Rp0,Rp0,Rp0,Rp0,Rp0,Rp0,1,1,1,1,Rp83.325,6,4,4,756,28,3.70%,1,3.57%,3.57%,611,24,3.93%,1,4.17%,4.17%,390,9,2.31%,0,0.00%,0.00%,335,6,1.79%,0,0.00%,0.00%,257,17,6.61%,0,0.00%,0.00%,218,16,7.34%,0,0.00%,0.00%,Rp238.108,Rp238.108,Rp0,3,3,3,0,3,3,0,3,Rp79.369,3846,111,2.89%,3,2.70%,2.70%,3239,92,2.84%,3,3.26%,3.26%
MIKAYO KOPER SET 13 mm  Mesin Bor Beton Impact Drill Tembok / Impact Drill 13m,1729658921963783677,GMV & produk terjual = 0,Nonaktif,Rp486.327,Rp0,Rp0,Rp0,Rp0,Rp0,Rp0,Rp112.685,Rp0,Rp0,Rp0,Rp0,Rp0,Rp0,Rp373.642,4,4,4,4,Rp121.582,1045,86,8.23%,11,12.79%,4.65%,754,55,7.29%,8,14.55%,7.27%,Rp486.327,Rp0,Rp677.419,Rp124.500,Rp373.642,3,3,572,62,39,3,10.84%,4.84%,Rp357.856,3,Rp0,Rp0,Rp0,0,0,0,0,0,0,0,0,Rp0,0,0,0,0.00%,0,0.00%,0.00%,0,0,0.00%,0,0.00%,0.00%,Rp0,Rp0,Rp0,0,0,0,0,0,0,0,0,Rp0,0,120,19,15.83%,2,10.53%,0.00%,68,8,11.76%,2,25.00%,0.00%,Rp112.685,Rp0,Rp0,Rp0,Rp0,Rp0,Rp0,1,1,1,1,Rp112.685,1,0,1,208,17,8.17%,2,11.76%,5.88%,147,15,10.20%,2,13.33%,6.67%,0,0,0.00%,0,0.00%,0.00%,0,0,0.00%,0,0.00%,0.00%,192,17,8.85%,2,11.76%,0.00%,137,15,10.95%,2,13.33%,0.00%,Rp373.642,Rp373.642,Rp0,3,3,3,0,3,3,0,3,Rp124.547,717,50,6.97%,7,14.00%,6.00%,564,38,6.74%,5,13.16%,7.89%
ELLKA Tang Rivet Hand Riveter  Paku Rivet EL8-09RVT,1729722258002380285,produk terjual ≥1,Aktif,Rp483.284,Rp0,Rp0,Rp0,Rp81.456,Rp81.456,Rp0,Rp354.463,Rp0,Rp0,Rp0,Rp259.258,Rp230.437,Rp28.821,Rp47.365,16,16,16,16,Rp30.205,5856,225,3.84%,21,9.33%,7.11%,4054,181,4.46%,18,9.94%,8.84%,Rp483.284,Rp0,Rp781.009,Rp242.125,Rp30.805,1,1,3234,110,88,7,3.40%,6.36%,Rp216.177,7,Rp0,Rp0,Rp0,0,0,0,0,0,0,0,0,Rp0,2,1,0,0.00%,0,0.00%,0.00%,1,0,0.00%,0,0.00%,0.00%,Rp81.456,Rp81.456,Rp0,3,3,3,0,3,3,0,3,Rp27.152,1,77,9,11.69%,0,0.00%,33.33%,71,9,12.68%,0,0.00%,33.33%,Rp354.463,Rp0,Rp0,Rp0,Rp259.258,Rp230.437,Rp28.821,11,11,11,11,Rp32.224,0,0,0,3214,153,4.76%,11,7.19%,7.19%,1876,118,6.29%,9,7.63%,9.32%,0,0,0.00%,0,0.00%,0.00%,0,0,0.00%,0,0.00%,0.00%,3155,153,4.85%,11,7.19%,5.23%,1851,118,6.37%,9,7.63%,6.78%,Rp47.365,Rp47.365,Rp0,2,2,2,0,2,2,0,2,Rp23.682,2560,63,2.46%,10,15.87%,3.17%,2217,56,2.53%,9,16.07%,3.57%
Paket Lengkap 2item ENGSEL Pintu Jendela Dengan SLOT GRENDEL Paket Satu set Murah,1730493999308244477,produk terjual ≥1,Aktif,Rp476.633,Rp0,Rp0,Rp0,Rp230.684,Rp230.684,Rp0,Rp216.099,Rp0,Rp0,Rp0,Rp111.884,Rp111.884,Rp0,Rp29.850,7,7,19,7,Rp68.090,4756,199,4.18%,16,8.04%,3.52%,3779,173,4.58%,11,6.36%,4.05%,Rp476.633,Rp0,Rp656.240,Rp151.379,Rp36.625,2,1,2544,96,75,3,3.77%,3.13%,Rp170.690,8,Rp0,Rp0,Rp0,0,0,0,0,0,0,0,0,Rp0,0,6,1,16.67%,0,0.00%,0.00%,2,1,50.00%,0,0.00%,0.00%,Rp230.684,Rp230.684,Rp0,1,1,1,0,8,8,0,1,Rp230.684,0,754,25,3.32%,2,8.00%,4.00%,688,20,2.91%,2,10.00%,5.00%,Rp216.099,Rp0,Rp0,Rp0,Rp111.884,Rp111.884,Rp0,5,5,10,5,Rp43.220,0,0,0,1882,106,5.63%,8,7.55%,4.72%,1378,96,6.97%,4,4.17%,5.21%,0,0,0.00%,0,0.00%,0.00%,0,0,0.00%,0,0.00%,0.00%,1813,104,5.74%,8,7.69%,3.85%,1324,95,7.18%,4,4.21%,4.21%,Rp29.850,Rp29.850,Rp0,1,1,1,0,1,1,0,1,Rp29.850,2113,67,3.17%,6,8.96%,1.49%,1741,56,3.22%,5,8.93%,1.79%
"PAKET 1BOX 100pcs Amplas Tempel 4"" FLAP DISC Mata Batu Gerinda atau Grinda Amplas Tempel Bulat Grit #60 #40 #80 #100 #120 #180 #200 #240 #400 KUALITAS TERBAIK",1730466687363483133,produk terjual ≥1,Aktif,Rp462.804,Rp0,Rp0,Rp0,Rp213.918,Rp99.000,Rp114.918,Rp199.986,Rp0,Rp0,Rp0,Rp199.986,Rp149.796,Rp50.190,Rp48.900,6,8,9,6,Rp57.850,12077,794,6.57%,58,7.30%,1.01%,8808,604,6.86%,36,5.96%,0.99%,Rp462.804,Rp0,Rp573.657,Rp125.643,Rp99.090,2,2,3627,203,149,3,5.60%,1.48%,Rp199.986,4,Rp0,Rp0,Rp0,0,0,0,0,0,0,0,0,Rp0,57,1059,21,1.98%,2,9.52%,0.00%,946,18,1.90%,2,11.11%,0.00%,Rp213.918,Rp99.000,Rp114.918,2,4,2,2,4,2,2,2,Rp53.480,3,2658,236,8.88%,19,8.05%,1.69%,2000,201,10.05%,12,5.97%,1.00%,Rp199.986,Rp0,Rp0,Rp0,Rp199.986,Rp149.796,Rp50.190,3,3,4,3,Rp66.662,33,19,15,5222,367,7.03%,14,3.81%,0.82%,3954,299,7.56%,11,3.68%,1.00%,390,2,0.51%,0,0.00%,0.00%,370,2,0.54%,0,0.00%,0.00%,4595,360,7.83%,14,3.89%,0.83%,3462,293,8.46%,11,3.75%,1.02%,Rp48.900,Rp48.900,Rp0,1,1,1,0,1,1,0,1,Rp48.900,3134,170,5.42%,23,13.53%,0.59%,2359,126,5.34%,13,10.32%,0.79%
YUKIDO Isi Stapler Hekter Tangan Manual Stapler Gun 13/8 R23 13/6 Isi Staples Tembak Steples 5000 Pcs  Ukuran 6 dan 8 mm,1729653684450199037,produk terjual ≥1,Aktif,Rp461.058,Rp0,Rp0,Rp0,Rp125.746,Rp55.702,Rp70.044,Rp240.726,Rp0,Rp0,Rp0,Rp140.268,Rp116.533,Rp23.735,Rp94.586,14,15,17,14,Rp30.737,9607,446,4.64%,23,5.16%,3.36%,8193,383,4.67%,21,5.48%,3.66%,Rp461.058,Rp0,Rp625.087,Rp272.341,Rp46.965,2,2,6741,320,273,12,4.75%,4.06%,Rp404.488,15,Rp0,Rp0,Rp0,0,0,0,0,0,0,0,0,Rp0,0,0,0,0.00%,0,0.00%,0.00%,0,0,0.00%,0,0.00%,0.00%,Rp125.746,Rp55.702,Rp70.044,3,3,2,1,3,2,1,3,Rp41.915,1,1154,59,5.11%,1,1.69%,5.08%,976,53,5.43%,1,1.89%,5.66%,Rp240.726,Rp0,Rp0,Rp0,Rp140.268,Rp116.533,Rp23.735,7,8,10,7,Rp30.091,0,0,0,776,62,7.99%,3,4.84%,12.90%,632,52,8.23%,3,5.77%,13.46%,0,0,0.00%,0,0.00%,0.00%,0,0,0.00%,0,0.00%,0.00%,755,62,8.21%,3,4.84%,8.06%,612,52,8.50%,3,5.77%,9.62%,Rp94.586,Rp94.586,Rp0,4,4,4,0,4,4,0,4,Rp23.646,7677,325,4.23%,19,5.85%,1.23%,6694,287,4.29%,17,5.92%,1.39%
"MAILTANK SH09 MESIN BOR 13MM IMPACT DRILL 13MM BOLAK BALIK UNTUK BOR TEMBOK KAYU BESI BETON BOR LISTRIK MURAH ORIGINAL BONUS MATA BOR  SET Multifungsi,kayu,besi",1730199071304418813,produk terjual ≥1,Aktif,Rp456.801,Rp0,Rp0,Rp0,Rp0,Rp0,Rp0,Rp456.801,Rp260.679,Rp260.679,Rp0,Rp0,Rp0,Rp0,Rp0,2,2,2,2,Rp228.400,5034,295,5.86%,15,5.08%,0.68%,3733,201,5.38%,14,6.97%,1.00%,Rp456.801,Rp0,Rp539.884,Rp55.200,Rp456.801,2,2,2630,134,93,0,5.10%,0.00%,Rp0,0,Rp0,Rp0,Rp0,0,0,0,0,0,0,0,0,Rp0,0,20,0,0.00%,0,0.00%,0.00%,14,0,0.00%,0,0.00%,0.00%,Rp0,Rp0,Rp0,0,0,0,0,0,0,0,0,Rp0,0,2,0,0.00%,0,0.00%,0.00%,1,0,0.00%,0,0.00%,0.00%,Rp456.801,Rp260.679,Rp260.679,Rp0,Rp0,Rp0,Rp0,2,2,2,2,Rp228.400,3,1,3,2782,194,6.97%,8,4.12%,1.03%,1930,129,6.68%,8,6.20%,1.55%,415,17,4.10%,0,0.00%,5.88%,333,12,3.60%,0,0.00%,8.33%,2217,176,7.94%,8,4.55%,0.00%,1506,116,7.70%,8,6.90%,0.00%,Rp0,Rp0,Rp0,0,0,0,0,0,0,0,0,Rp0,2229,101,4.53%,7,6.93%,0.00%,1836,72,3.92%,6,8.33%,0.00%
Kacamata Safety Clear Bening Transparan dan Dark Black Smoke Kacamata Safety Goggle Glasses Pelindung Mata Gerinda Las Welder,1730857229951731197,produk terjual ≥1,Aktif,Rp454.952,Rp0,Rp0,Rp0,Rp6.851,Rp0,Rp6.851,Rp105.622,Rp0,Rp0,Rp0,Rp0,Rp0,Rp0,Rp342.479,31,37,64,30,Rp12.296,15091,232,1.54%,28,12.07%,15.95%,13263,201,1.52%,19,9.45%,14.93%,Rp454.952,Rp0,Rp710.955,Rp372.244,Rp57.541,9,6,10451,163,138,23,1.56%,17.18%,Rp345.998,48,Rp0,Rp0,Rp0,0,0,0,0,0,0,0,0,Rp0,1,26,0,0.00%,0,0.00%,0.00%,21,0,0.00%,0,0.00%,0.00%,Rp6.851,Rp0,Rp6.851,1,1,0,1,1,0,1,1,Rp6.851,0,0,0,0.00%,0,0.00%,0.00%,0,0,0.00%,0,0.00%,0.00%,Rp105.622,Rp0,Rp0,Rp0,Rp0,Rp0,Rp0,7,11,14,7,Rp9.602,0,0,0,40,2,5.00%,1,50.00%,550.00%,29,2,6.90%,1,50.00%,350.00%,0,0,0.00%,0,0.00%,0.00%,0,0,0.00%,0,0.00%,0.00%,0,0,0.00%,0,0.00%,0.00%,0,0,0.00%,0,0.00%,0.00%,Rp342.479,Rp342.479,Rp0,23,25,25,0,49,49,0,22,Rp13.699,15024,230,1.53%,27,11.74%,10.87%,12989,193,1.49%,18,9.33%,11.40%
5 Pcs Mata Jigsaw BELTER Mata Gergaji Jigsaw Potong Kayu Panjang Japan Technology,1729587264120391165,produk terjual ≥1,Aktif,Rp453.431,Rp0,Rp0,Rp0,Rp37.223,Rp0,Rp37.223,Rp175.827,Rp0,Rp0,Rp0,Rp0,Rp0,Rp0,Rp240.381,10,10,10,10,Rp45.343,3865,126,3.26%,12,9.52%,7.94%,3380,109,3.22%,11,10.09%,9.17%,Rp453.431,Rp0,Rp518.915,Rp325.444,Rp176.847,2,2,2496,83,70,9,3.33%,10.84%,Rp434.671,9,Rp0,Rp0,Rp0,0,0,0,0,0,0,0,0,Rp0,0,0,0,0.00%,0,0.00%,0.00%,0,0,0.00%,0,0.00%,0.00%,Rp37.223,Rp0,Rp37.223,2,2,0,2,2,0,2,2,Rp18.612,0,0,0,0.00%,0,0.00%,0.00%,0,0,0.00%,0,0.00%,0.00%,Rp175.827,Rp0,Rp0,Rp0,Rp0,Rp0,Rp0,3,3,3,3,Rp58.609,0,0,0,0,0,0.00%,0,0.00%,0.00%,0,0,0.00%,0,0.00%,0.00%,0,0,0.00%,0,0.00%,0.00%,0,0,0.00%,0,0.00%,0.00%,0,0,0.00%,0,0.00%,0.00%,0,0,0.00%,0,0.00%,0.00%,Rp240.381,Rp240.381,Rp0,5,5,5,0,5,5,0,5,Rp48.076,3865,126,3.26%,12,9.52%,3.97%,3379,109,3.23%,11,10.09%,4.59%
Maktec Sparepart MT580 MT583 Armature Circular Saw Angker Rotor Dinamo & Gulungan Mesin Circle Serkel Graji untuk Mesin Circular Saw Maktec MT 580 dan MT 583,1733445253803640317,GMV & produk terjual = 0,Aktif,Rp451.869,Rp0,Rp0,Rp0,Rp0,Rp0,Rp0,Rp313.479,Rp0,Rp0,Rp0,Rp0,Rp0,Rp0,Rp138.390,3,3,3,3,Rp150.623,2643,69,2.61%,2,2.90%,4.35%,2057,55,2.67%,2,3.64%,5.45%,Rp451.869,Rp0,Rp561.574,Rp139.500,Rp134.709,1,1,1995,55,42,0,2.76%,0.00%,Rp0,0,Rp0,Rp0,Rp0,0,0,0,0,0,0,0,0,Rp0,0,0,0,0.00%,0,0.00%,0.00%,0,0,0.00%,0,0.00%,0.00%,Rp0,Rp0,Rp0,0,0,0,0,0,0,0,0,Rp0,0,0,0,0.00%,0,0.00%,0.00%,0,0,0.00%,0,0.00%,0.00%,Rp313.479,Rp0,Rp0,Rp0,Rp0,Rp0,Rp0,2,2,2,2,Rp156.740,0,0,0,15,0,0.00%,0,0.00%,0.00%,8,0,0.00%,0,0.00%,0.00%,0,0,0.00%,0,0.00%,0.00%,0,0,0.00%,0,0.00%,0.00%,0,0,0.00%,0,0.00%,0.00%,0,0,0.00%,0,0.00%,0.00%,Rp138.390,Rp138.390,Rp0,1,1,1,0,1,1,0,1,Rp138.390,2628,69,2.63%,2,2.90%,1.45%,2032,55,2.71%,2,3.64%,1.82%
"Siku Magnet Las Welding 2"" 3"" 4"" 5"" Welding Magnet 4pcs 25LBS 50LBS 75LBS 2 3 4 5 Inch Magnetic Welding Holder",1729559404950881789,produk terjual ≥1,Aktif,Rp448.273,Rp0,Rp0,Rp0,Rp25.812,Rp25.812,Rp0,Rp388.798,Rp0,Rp0,Rp0,Rp306.647,Rp306.647,Rp0,Rp33.663,12,12,13,12,Rp37.356,8882,288,3.24%,14,4.86%,4.17%,7661,236,3.08%,13,5.51%,5.08%,Rp448.273,Rp0,Rp625.000,Rp241.688,Rp92.997,1,1,4251,134,111,8,3.15%,5.97%,Rp300.186,8,Rp0,Rp0,Rp0,0,0,0,0,0,0,0,0,Rp0,58,735,2,0.27%,0,0.00%,0.00%,678,2,0.29%,0,0.00%,0.00%,Rp25.812,Rp25.812,Rp0,1,1,1,0,1,1,0,1,Rp25.812,0,87,2,2.30%,0,0.00%,50.00%,77,1,1.30%,0,0.00%,100.00%,Rp388.798,Rp0,Rp0,Rp0,Rp306.647,Rp306.647,Rp0,10,10,11,10,Rp38.880,15,10,7,2580,138,5.35%,7,5.07%,7.25%,2164,115,5.31%,6,5.22%,8.70%,268,4,1.49%,0,0.00%,0.00%,254,4,1.57%,0,0.00%,0.00%,2239,133,5.94%,7,5.26%,5.26%,1852,110,5.94%,6,5.45%,6.36%,Rp33.663,Rp33.663,Rp0,1,1,1,0,1,1,0,1,Rp33.663,5480,146,2.66%,7,4.79%,0.68%,4733,125,2.64%,7,5.60%,0.80%
CSL Manometer 6 10 16 Bar - Pressure Gauge Pengukur Ukur Ukuran Tekanan Angin Kompresor Bottom,1730680811577509373,produk terjual ≥1,Aktif,Rp448.232,Rp0,Rp0,Rp0,Rp169.824,Rp169.824,Rp0,Rp245.618,Rp0,Rp0,Rp0,Rp245.618,Rp245.618,Rp0,Rp32.790,8,8,11,8,Rp56.029,8587,330,3.84%,10,3.03%,2.42%,6253,272,4.35%,9,3.31%,2.94%,Rp448.232,Rp0,Rp569.098,Rp123.500,Rp374.202,9,6,3436,73,61,2,2.12%,2.74%,Rp151.883,4,Rp0,Rp0,Rp0,0,0,0,0,0,0,0,0,Rp0,0,0,0,0.00%,0,0.00%,0.00%,0,0,0.00%,0,0.00%,0.00%,Rp169.824,Rp169.824,Rp0,2,2,2,0,4,4,0,2,Rp84.912,0,1556,51,3.28%,1,1.96%,3.92%,1133,42,3.71%,1,2.38%,4.76%,Rp245.618,Rp0,Rp0,Rp0,Rp245.618,Rp245.618,Rp0,5,5,6,5,Rp49.124,0,0,0,3797,204,5.37%,4,1.96%,2.45%,2426,166,6.84%,4,2.41%,3.01%,0,0,0.00%,0,0.00%,0.00%,0,0,0.00%,0,0.00%,0.00%,3726,203,5.45%,4,1.97%,2.46%,2387,165,6.91%,4,2.42%,3.03%,Rp32.790,Rp32.790,Rp0,1,1,1,0,1,1,0,1,Rp32.790,3235,75,2.32%,5,6.67%,1.33%,2939,73,2.48%,4,5.48%,1.37%
YUKIDO JAPAN - SELANG Pengisi Isi Angin Ban 40 cm Tire Inflator Air Chuck,1735861109237777917,produk terjual ≥1,Aktif,Rp446.916,Rp0,Rp0,Rp0,Rp247.271,Rp0,Rp247.271,Rp31.310,Rp0,Rp0,Rp0,Rp0,Rp0,Rp0,Rp168.335,10,10,15,8,Rp44.692,2772,84,3.03%,5,5.95%,11.90%,2418,72,2.98%,4,5.56%,11.11%,Rp446.916,Rp0,Rp575.869,Rp124.153,Rp124.126,4,2,1649,57,49,3,3.46%,5.26%,Rp119.213,4,Rp0,Rp0,Rp0,0,0,0,0,0,0,0,0,Rp0,4,91,1,1.10%,0,0.00%,0.00%,87,1,1.15%,0,0.00%,0.00%,Rp247.271,Rp0,Rp247.271,4,4,0,4,8,0,8,3,Rp61.818,0,1,0,0.00%,0,0.00%,0.00%,1,0,0.00%,0,0.00%,0.00%,Rp31.310,Rp0,Rp0,Rp0,Rp0,Rp0,Rp0,1,1,1,1,Rp31.310,1,0,1,180,1,0.56%,0,0.00%,100.00%,146,1,0.68%,0,0.00%,100.00%,0,0,0.00%,0,0.00%,0.00%,0,0,0.00%,0,0.00%,0.00%,170,1,0.59%,0,0.00%,0.00%,140,1,0.71%,0,0.00%,0.00%,Rp168.335,Rp168.335,Rp0,5,5,5,0,6,6,0,4,Rp33.667,2498,82,3.28%,5,6.10%,6.10%,2131,69,3.24%,4,5.80%,5.80%
12 Pcs Kuas Cat Tembok Dinding GG Kayu 1 2 3 4 5 inch  Kuas Cat besi Murah - Kuas Bulu Kuas Pernis Tebal Wilmer Paint,1730320391520421373,GMV & produk terjual = 0,Aktif,Rp444.714,Rp0,Rp0,Rp0,Rp182.890,Rp92.556,Rp90.334,Rp103.424,Rp51.712,Rp51.712,Rp0,Rp0,Rp0,Rp0,Rp158.400,7,10,11,6,Rp44.471,9167,227,2.48%,7,3.08%,4.41%,7107,208,2.93%,4,1.92%,2.88%,Rp444.714,Rp0,Rp599.684,Rp156.282,Rp0,0,0,1971,77,69,2,3.91%,2.60%,Rp106.555,2,Rp0,Rp0,Rp0,0,0,0,0,0,0,0,0,Rp0,0,0,0,0.00%,0,0.00%,0.00%,0,0,0.00%,0,0.00%,0.00%,Rp182.890,Rp92.556,Rp90.334,3,4,2,2,5,2,3,2,Rp45.722,0,3,0,0.00%,0,0.00%,0.00%,3,0,0.00%,0,0.00%,0.00%,Rp103.424,Rp51.712,Rp51.712,Rp0,Rp0,Rp0,Rp0,2,2,2,2,Rp51.712,6,4,3,6634,142,2.14%,1,0.70%,1.41%,4848,129,2.66%,1,0.78%,1.55%,11,2,18.18%,0,0.00%,50.00%,7,1,14.29%,0,0.00%,100.00%,6364,137,2.15%,1,0.73%,0.00%,4764,126,2.64%,1,0.79%,0.00%,Rp158.400,Rp158.400,Rp0,2,4,4,0,4,4,0,2,Rp39.600,2528,85,3.36%,6,7.06%,4.71%,2235,78,3.49%,3,3.85%,2.56%
YUKIDO ISI STAPLES 6 DAN 8 MILIMETER R-23 STANDART,1729678968965532157,produk terjual ≥1,Aktif,Rp439.287,Rp0,Rp0,Rp0,Rp308.785,Rp308.785,Rp0,Rp60.499,Rp0,Rp0,Rp0,Rp60.499,Rp60.499,Rp0,Rp70.003,12,12,19,12,Rp36.607,3797,163,4.29%,5,3.07%,7.36%,3122,133,4.26%,5,3.76%,9.02%,Rp439.287,Rp0,Rp649.867,Rp283.000,Rp128.472,6,3,2595,112,96,6,4.32%,5.36%,Rp223.652,10,Rp0,Rp0,Rp0,0,0,0,0,0,0,0,0,Rp0,0,0,0,0.00%,0,0.00%,0.00%,0,0,0.00%,0,0.00%,0.00%,Rp308.785,Rp308.785,Rp0,10,10,10,0,13,13,0,10,Rp30.878,0,1609,109,6.77%,4,3.67%,9.17%,1228,89,7.25%,4,4.49%,11.24%,Rp60.499,Rp0,Rp0,Rp0,Rp60.499,Rp60.499,Rp0,1,1,3,1,Rp60.499,0,0,0,267,13,4.87%,1,7.69%,7.69%,243,12,4.94%,1,8.33%,8.33%,0,0,0.00%,0,0.00%,0.00%,0,0,0.00%,0,0.00%,0.00%,262,13,4.96%,1,7.69%,7.69%,238,12,5.04%,1,8.33%,8.33%,Rp70.003,Rp70.003,Rp0,1,1,1,0,3,3,0,1,Rp70.003,1921,41,2.13%,0,0.00%,2.44%,1683,35,2.08%,0,0.00%,2.86%
1 PCS Mata Obeng Ketok PH 1 PH2 PH3 Obeng Getok Mata Satuan,1729607076427105789,produk terjual ≥1,Aktif,Rp431.446,Rp0,Rp0,Rp0,Rp0,Rp0,Rp0,Rp205.862,Rp0,Rp0,Rp0,Rp0,Rp0,Rp0,Rp225.584,12,15,17,12,Rp28.763,7750,441,5.69%,19,4.31%,3.40%,6913,398,5.76%,14,3.52%,3.02%,Rp431.446,Rp0,Rp650.893,Rp213.000,Rp0,0,0,6006,335,309,10,5.58%,3.28%,Rp341.819,13,Rp0,Rp0,Rp0,0,0,0,0,0,0,0,0,Rp0,0,1,0,0.00%,0,0.00%,0.00%,1,0,0.00%,0,0.00%,0.00%,Rp0,Rp0,Rp0,0,0,0,0,0,0,0,0,Rp0,0,3,0,0.00%,0,0.00%,0.00%,3,0,0.00%,0,0.00%,0.00%,Rp205.862,Rp0,Rp0,Rp0,Rp0,Rp0,Rp0,6,6,6,6,Rp34.310,0,0,0,101,3,2.97%,0,0.00%,200.00%,58,2,3.45%,0,0.00%,300.00%,0,0,0.00%,0,0.00%,0.00%,0,0,0.00%,0,0.00%,0.00%,0,0,0.00%,0,0.00%,0.00%,0,0,0.00%,0,0.00%,0.00%,Rp225.584,Rp225.584,Rp0,6,9,9,0,11,11,0,6,Rp25.065,7644,438,5.73%,19,4.34%,2.05%,6795,394,5.80%,14,3.55%,1.52%
Bor 12V Mesin Bor Baterai Cordless Drill Bor 10MM bolak balik 1 set koper,1729634455985293821,produk terjual ≥1,Aktif,Rp426.876,Rp0,Rp0,Rp0,Rp426.876,Rp0,Rp426.876,Rp0,Rp0,Rp0,Rp0,Rp0,Rp0,Rp0,Rp0,1,1,1,1,Rp426.876,2436,101,4.15%,6,5.94%,0.99%,2130,91,4.27%,5,5.49%,1.10%,Rp426.876,Rp0,Rp435.026,Rp90.000,Rp0,0,0,843,39,34,0,4.63%,0.00%,Rp0,0,Rp0,Rp0,Rp0,0,0,0,0,0,0,0,0,Rp0,0,0,0,0.00%,0,0.00%,0.00%,0,0,0.00%,0,0.00%,0.00%,Rp426.876,Rp0,Rp426.876,1,1,0,1,1,0,1,1,Rp426.876,0,273,10,3.66%,0,0.00%,10.00%,213,9,4.23%,0,0.00%,11.11%,Rp0,Rp0,Rp0,Rp0,Rp0,Rp0,Rp0,0,0,0,0,Rp0,0,0,0,472,5,1.06%,0,0.00%,0.00%,419,5,1.19%,0,0.00%,0.00%,249,1,0.40%,0,0.00%,0.00%,234,1,0.43%,0,0.00%,0.00%,143,4,2.80%,0,0.00%,0.00%,112,4,3.57%,0,0.00%,0.00%,Rp0,Rp0,Rp0,0,0,0,0,0,0,0,0,Rp0,1691,86,5.09%,6,6.98%,0.00%,1475,72,4.88%,5,6.94%,0.00%
Roskam 10 inch Gagang Kayu Kuat – Alat Tukang Plester Semen / Acian Tembok Popeye Raskam Acian,1733135234949154301,produk terjual ≥1,Aktif,Rp426.279,Rp0,Rp0,Rp0,Rp0,Rp0,Rp0,Rp384.667,Rp0,Rp0,Rp0,Rp259.481,Rp259.481,Rp0,Rp41.612,9,9,10,9,Rp47.364,6899,302,4.38%,9,2.98%,2.98%,5748,235,4.09%,9,3.83%,3.83%,Rp426.279,Rp0,Rp652.649,Rp235.813,Rp165.034,4,4,5109,194,148,7,3.80%,3.61%,Rp342.467,8,Rp0,Rp0,Rp0,0,0,0,0,0,0,0,0,Rp0,1,108,1,0.93%,0,0.00%,0.00%,97,1,1.03%,0,0.00%,0.00%,Rp0,Rp0,Rp0,0,0,0,0,0,0,0,0,Rp0,0,3,0,0.00%,0,0.00%,0.00%,3,0,0.00%,0,0.00%,0.00%,Rp384.667,Rp0,Rp0,Rp0,Rp259.481,Rp259.481,Rp0,8,8,9,8,Rp48.083,2,1,1,1421,84,5.91%,3,3.57%,9.52%,1193,60,5.03%,3,5.00%,13.33%,6,0,0.00%,0,0.00%,0.00%,5,0,0.00%,0,0.00%,0.00%,1404,84,5.98%,3,3.57%,5.95%,1181,60,5.08%,3,5.00%,8.33%,Rp41.612,Rp41.612,Rp0,1,1,1,0,1,1,0,1,Rp41.612,5367,217,4.04%,6,2.76%,0.46%,4610,184,3.99%,6,3.26%,0.54%
Set Tool Kit 12 Pcs Alat Perkakas 12 in 1 Palu Obeng Meteran Kunci Inggris Tang Kombinasi Kunci L,1731637782628828669,produk terjual ≥1,Aktif,Rp421.223,Rp0,Rp0,Rp0,Rp0,Rp0,Rp0,Rp235.462,Rp0,Rp0,Rp0,Rp235.462,Rp160.177,Rp75.285,Rp185.761,6,6,6,5,Rp70.204,10359,389,3.76%,30,7.71%,1.54%,8946,338,3.78%,28,8.28%,1.48%,Rp421.223,Rp0,Rp609.507,Rp145.167,Rp61.685,1,1,6267,213,192,4,3.40%,1.88%,Rp297.853,4,Rp0,Rp0,Rp0,0,0,0,0,0,0,0,0,Rp0,0,3,0,0.00%,0,0.00%,0.00%,3,0,0.00%,0,0.00%,0.00%,Rp0,Rp0,Rp0,0,0,0,0,0,0,0,0,Rp0,0,1,0,0.00%,0,0.00%,0.00%,1,0,0.00%,0,0.00%,0.00%,Rp235.462,Rp0,Rp0,Rp0,Rp235.462,Rp160.177,Rp75.285,3,3,3,3,Rp78.487,1,0,1,1959,35,1.79%,3,8.57%,8.57%,1602,32,2.00%,3,9.38%,9.38%,0,0,0.00%,0,0.00%,0.00%,0,0,0.00%,0,0.00%,0.00%,1826,33,1.81%,2,6.06%,9.09%,1500,30,2.00%,2,6.67%,10.00%,Rp185.761,Rp185.761,Rp0,3,3,3,0,3,3,0,2,Rp61.920,8397,354,4.22%,27,7.63%,0.85%,7339,309,4.21%,25,8.09%,0.65%
Gunting Hollow Heavy Duty Gunting Seng- Baja Ringan-Gunting Holo 10 in,1729720521741600253,produk terjual ≥1,Aktif,Rp418.723,Rp66.667,Rp66.667,Rp0,Rp141.804,Rp141.804,Rp0,Rp141.005,Rp0,Rp0,Rp0,Rp0,Rp0,Rp0,Rp69.247,6,6,6,6,Rp69.787,10772,367,3.41%,11,3.00%,1.63%,8729,310,3.55%,10,3.23%,1.94%,Rp418.723,Rp0,Rp491.188,Rp68.950,Rp70.902,1,1,6659,201,169,3,3.02%,1.49%,Rp211.907,3,Rp66.667,Rp66.667,Rp0,1,1,1,0,1,1,0,1,Rp66.667,6,239,8,3.35%,1,12.50%,12.50%,209,7,3.35%,1,14.29%,14.29%,Rp141.804,Rp141.804,Rp0,2,2,2,0,2,2,0,2,Rp70.902,2,1806,109,6.04%,1,0.92%,1.83%,1297,86,6.63%,1,1.16%,2.33%,Rp141.005,Rp0,Rp0,Rp0,Rp0,Rp0,Rp0,2,2,2,2,Rp70.502,6,2,4,1912,70,3.66%,2,2.86%,2.86%,1636,64,3.91%,2,3.13%,3.13%,56,0,0.00%,0,0.00%,0.00%,42,0,0.00%,0,0.00%,0.00%,1687,69,4.09%,2,2.90%,0.00%,1470,63,4.29%,2,3.17%,0.00%,Rp69.247,Rp69.247,Rp0,1,1,1,0,1,1,0,1,Rp69.247,6813,180,2.64%,7,3.89%,0.56%,5753,160,2.78%,6,3.75%,0.63%
Paket Tukang 3 Item Gergaji 16 in Meteran Penggaris Siku Waterpass 30 cm,1730850721323058685,produk terjual ≥1,Aktif,Rp416.009,Rp0,Rp0,Rp0,Rp119.988,Rp0,Rp119.988,Rp146.685,Rp0,Rp0,Rp0,Rp0,Rp0,Rp0,Rp149.336,5,5,5,5,Rp83.202,6644,170,2.56%,11,6.47%,2.94%,5375,138,2.57%,10,7.25%,3.62%,Rp416.009,Rp0,Rp499.384,Rp129.275,Rp195.031,2,2,5011,122,98,4,2.43%,3.28%,Rp337.330,4,Rp0,Rp0,Rp0,0,0,0,0,0,0,0,0,Rp0,0,0,0,0.00%,0,0.00%,0.00%,0,0,0.00%,0,0.00%,0.00%,Rp119.988,Rp0,Rp119.988,1,1,0,1,1,0,1,1,Rp119.988,0,2,0,0.00%,0,0.00%,0.00%,2,0,0.00%,0,0.00%,0.00%,Rp146.685,Rp0,Rp0,Rp0,Rp0,Rp0,Rp0,2,2,2,2,Rp73.342,0,0,0,58,1,1.72%,0,0.00%,200.00%,14,1,7.14%,0,0.00%,200.00%,0,0,0.00%,0,0.00%,0.00%,0,0,0.00%,0,0.00%,0.00%,28,0,0.00%,0,0.00%,0.00%,4,0,0.00%,0,0.00%,0.00%,Rp149.336,Rp149.336,Rp0,2,2,2,0,2,2,0,2,Rp74.668,6585,170,2.58%,11,6.47%,1.18%,5172,135,2.61%,10,7.41%,1.48%
Spray Gun Tabung Atas F75 400 ml Alat Semprotan Cat Paint Gun Air Spray Gun F-75 400cc,1733363674400130557,GMV & produk terjual = 0,Aktif,Rp413.305,Rp0,Rp0,Rp0,Rp0,Rp0,Rp0,Rp413.305,Rp0,Rp0,Rp0,Rp309.632,Rp309.632,Rp0,Rp0,4,4,4,4,Rp103.326,3596,181,5.03%,2,1.10%,2.21%,2925,142,4.85%,2,1.41%,2.82%,Rp413.305,Rp0,Rp533.392,Rp103.500,Rp305.875,3,3,2554,126,99,3,4.93%,2.38%,Rp312.204,3,Rp0,Rp0,Rp0,0,0,0,0,0,0,0,0,Rp0,0,0,0,0.00%,0,0.00%,0.00%,0,0,0.00%,0,0.00%,0.00%,Rp0,Rp0,Rp0,0,0,0,0,0,0,0,0,Rp0,0,1,0,0.00%,0,0.00%,0.00%,1,0,0.00%,0,0.00%,0.00%,Rp413.305,Rp0,Rp0,Rp0,Rp309.632,Rp309.632,Rp0,4,4,4,4,Rp103.326,0,0,0,2044,106,5.19%,1,0.94%,3.77%,1640,83,5.06%,1,1.20%,4.82%,0,0,0.00%,0,0.00%,0.00%,0,0,0.00%,0,0.00%,0.00%,2027,106,5.23%,1,0.94%,2.83%,1627,83,5.10%,1,1.20%,3.61%,Rp0,Rp0,Rp0,0,0,0,0,0,0,0,0,Rp0,1553,75,4.83%,1,1.33%,0.00%,1326,60,4.52%,1,1.67%,0.00%
PAKET AIR DUSTER + AIR CHUCK PAKET LENGKAP ALAT ISI ANGIN BAN MOTOR MOBIL/SEMPROTAN ANGIN DEBU KOMPRESOR TERMURAH,1729703320555521533,produk terjual ≥1,Aktif,Rp412.125,Rp0,Rp0,Rp0,Rp203.986,Rp203.986,Rp0,Rp68.318,Rp0,Rp0,Rp0,Rp34.159,Rp0,Rp34.159,Rp139.821,11,11,12,11,Rp37.466,2221,85,3.83%,7,8.24%,12.94%,1841,68,3.69%,6,8.82%,16.18%,Rp412.125,Rp0,Rp652.416,Rp241.000,Rp141.000,4,4,1618,65,51,9,4.02%,13.85%,Rp343.322,10,Rp0,Rp0,Rp0,0,0,0,0,0,0,0,0,Rp0,0,0,0,0.00%,0,0.00%,0.00%,0,0,0.00%,0,0.00%,0.00%,Rp203.986,Rp203.986,Rp0,5,5,5,0,6,6,0,5,Rp40.797,0,444,25,5.63%,4,16.00%,20.00%,380,18,4.74%,4,22.22%,27.78%,Rp68.318,Rp0,Rp0,Rp0,Rp34.159,Rp0,Rp34.159,2,2,2,2,Rp34.159,0,0,0,28,0,0.00%,0,0.00%,0.00%,28,0,0.00%,0,0.00%,0.00%,0,0,0.00%,0,0.00%,0.00%,0,0,0.00%,0,0.00%,0.00%,20,0,0.00%,0,0.00%,0.00%,20,0,0.00%,0,0.00%,0.00%,Rp139.821,Rp139.821,Rp0,4,4,4,0,4,4,0,4,Rp34.955,1749,60,3.43%,3,5.00%,6.67%,1481,51,3.44%,2,3.92%,7.84%
Yukido Kunci Kepala Mesin Bor Listrik 10mm 13mm/ Key For Drill Chuck 10 13Mm handle Karet Anti Karat,1729702820970661373,produk terjual ≥1,Aktif,Rp403.607,Rp0,Rp0,Rp0,Rp85.344,Rp85.344,Rp0,Rp270.947,Rp0,Rp0,Rp0,Rp263.787,Rp263.787,Rp0,Rp47.316,30,30,35,30,Rp13.454,34639,669,1.93%,18,2.69%,4.48%,29292,534,1.82%,17,3.18%,5.62%,Rp403.607,Rp0,Rp836.776,Rp522.000,Rp23.937,3,3,7029,209,164,8,2.97%,3.83%,Rp159.178,12,Rp0,Rp0,Rp0,0,0,0,0,0,0,0,0,Rp0,16,182,1,0.55%,0,0.00%,0.00%,167,1,0.60%,0,0.00%,0.00%,Rp85.344,Rp85.344,Rp0,8,8,8,0,8,8,0,8,Rp10.668,0,3639,95,2.61%,1,1.05%,8.42%,3224,83,2.57%,1,1.20%,9.64%,Rp270.947,Rp0,Rp0,Rp0,Rp263.787,Rp263.787,Rp0,19,19,24,19,Rp14.260,3,1,2,25644,447,1.74%,13,2.91%,4.25%,21814,360,1.65%,12,3.33%,5.28%,0,0,0.00%,0,0.00%,0.00%,0,0,0.00%,0,0.00%,0.00%,25581,447,1.75%,13,2.91%,4.03%,21764,360,1.65%,12,3.33%,5.00%,Rp47.316,Rp47.316,Rp0,3,3,3,0,3,3,0,3,Rp15.772,5174,126,2.44%,4,3.17%,2.38%,4540,108,2.38%,4,3.70%,2.78%
Tali Tambang PP 6MM (50 Meter)  Tali Tambang Kiloan Tali Tambang Barang Truk Tambang Truck,1730857381514348029,GMV & produk terjual = 0,Aktif,Rp397.570,Rp0,Rp0,Rp0,Rp50.939,Rp0,Rp50.939,Rp180.725,Rp0,Rp0,Rp0,Rp0,Rp0,Rp0,Rp165.906,9,9,9,8,Rp44.174,7826,463,5.92%,10,2.16%,1.94%,6890,393,5.70%,9,2.29%,2.04%,Rp397.570,Rp0,Rp612.881,Rp330.000,Rp276.650,4,3,5581,350,299,7,6.27%,2.00%,Rp314.340,7,Rp0,Rp0,Rp0,0,0,0,0,0,0,0,0,Rp0,3,220,4,1.82%,0,0.00%,0.00%,186,3,1.61%,0,0.00%,0.00%,Rp50.939,Rp0,Rp50.939,1,1,0,1,1,0,1,1,Rp50.939,0,2,0,0.00%,0,0.00%,0.00%,2,0,0.00%,0,0.00%,0.00%,Rp180.725,Rp0,Rp0,Rp0,Rp0,Rp0,Rp0,4,4,4,3,Rp45.181,0,0,0,151,7,4.64%,0,0.00%,57.14%,64,6,9.38%,0,0.00%,50.00%,0,0,0.00%,0,0.00%,0.00%,0,0,0.00%,0,0.00%,0.00%,60,7,11.67%,0,0.00%,0.00%,45,6,13.33%,0,0.00%,0.00%,Rp165.906,Rp165.906,Rp0,4,4,4,0,4,4,0,4,Rp41.476,7455,452,6.06%,10,2.21%,0.88%,6600,382,5.79%,9,2.36%,1.05%
Yukido Kunci T 7-8-9-10-11-12-13-14 T Socket Wrench  T-Type Otomotif,1729720539041334781,GMV & produk terjual = 0,Aktif,Rp395.951,Rp0,Rp0,Rp0,Rp0,Rp0,Rp0,Rp70.873,Rp0,Rp0,Rp0,Rp13.837,Rp0,Rp13.837,Rp325.078,11,13,15,9,Rp30.458,5969,292,4.89%,57,19.52%,4.45%,4868,243,4.99%,26,10.70%,3.70%,Rp395.951,Rp0,Rp583.150,Rp187.579,Rp57.036,2,2,3807,206,171,6,5.41%,3.88%,Rp196.840,8,Rp0,Rp0,Rp0,0,0,0,0,0,0,0,0,Rp0,6,236,8,3.39%,0,0.00%,0.00%,191,8,4.19%,0,0.00%,0.00%,Rp0,Rp0,Rp0,0,0,0,0,0,0,0,0,Rp0,0,7,0,0.00%,0,0.00%,0.00%,5,0,0.00%,0,0.00%,0.00%,Rp70.873,Rp0,Rp0,Rp0,Rp13.837,Rp0,Rp13.837,3,3,3,3,Rp23.624,3,1,2,479,23,4.80%,0,0.00%,13.04%,339,17,5.01%,0,0.00%,17.65%,0,0,0.00%,0,0.00%,0.00%,0,0,0.00%,0,0.00%,0.00%,333,22,6.61%,0,0.00%,4.55%,237,16,6.75%,0,0.00%,6.25%,Rp325.078,Rp325.078,Rp0,8,10,10,0,12,12,0,7,Rp32.508,5247,261,4.97%,57,21.84%,3.83%,4324,217,5.02%,26,11.98%,3.23%
Kunci Shock L Set 10PCS 8-24mm Mata Sock Set 1/2 inch 6PT Socket Wrench Set Rachet Multifungsi Bahan Chrome Vanadium,1732841925341185533,produk terjual ≥1,Aktif,Rp391.687,Rp0,Rp0,Rp0,Rp0,Rp0,Rp0,Rp56.762,Rp0,Rp0,Rp0,Rp0,Rp0,Rp0,Rp334.925,7,7,7,7,Rp55.955,2713,102,3.76%,10,9.80%,6.86%,2322,84,3.62%,9,10.71%,8.33%,Rp391.687,Rp0,Rp490.937,Rp170.500,Rp110.612,2,2,1622,73,59,7,4.50%,9.59%,Rp391.687,7,Rp0,Rp0,Rp0,0,0,0,0,0,0,0,0,Rp0,5,244,3,1.23%,1,33.33%,0.00%,224,3,1.34%,1,33.33%,0.00%,Rp0,Rp0,Rp0,0,0,0,0,0,0,0,0,Rp0,1,103,3,2.91%,0,0.00%,0.00%,96,3,3.13%,0,0.00%,0.00%,Rp56.762,Rp0,Rp0,Rp0,Rp0,Rp0,Rp0,1,1,1,1,Rp56.762,4,0,4,251,6,2.39%,1,16.67%,16.67%,167,4,2.40%,1,25.00%,25.00%,0,0,0.00%,0,0.00%,0.00%,0,0,0.00%,0,0.00%,0.00%,165,4,2.42%,0,0.00%,0.00%,146,3,2.05%,0,0.00%,0.00%,Rp334.925,Rp334.925,Rp0,6,6,6,0,6,6,0,6,Rp55.821,2114,90,4.26%,8,8.89%,6.67%,1625,64,3.94%,7,10.94%,9.38%
TEKIPO BY TEKIRO Tang Kombinasi 8/7/6 Inch Linesman Plier Ergonomis Alat Perkakas,1731706230302082557,produk terjual ≥1,Aktif,Rp389.200,Rp0,Rp0,Rp0,Rp0,Rp0,Rp0,Rp59.396,Rp0,Rp0,Rp0,Rp0,Rp0,Rp0,Rp329.804,5,5,7,5,Rp77.840,2211,83,3.75%,6,7.23%,6.02%,1941,73,3.76%,5,6.85%,6.85%,Rp389.200,Rp0,Rp516.692,Rp104.500,Rp149.884,3,1,1502,63,56,3,4.19%,4.76%,Rp265.804,5,Rp0,Rp0,Rp0,0,0,0,0,0,0,0,0,Rp0,0,0,0,0.00%,0,0.00%,0.00%,0,0,0.00%,0,0.00%,0.00%,Rp0,Rp0,Rp0,0,0,0,0,0,0,0,0,Rp0,0,0,0,0.00%,0,0.00%,0.00%,0,0,0.00%,0,0.00%,0.00%,Rp59.396,Rp0,Rp0,Rp0,Rp0,Rp0,Rp0,1,1,1,1,Rp59.396,0,0,0,34,0,0.00%,0,0.00%,0.00%,22,0,0.00%,0,0.00%,0.00%,0,0,0.00%,0,0.00%,0.00%,0,0,0.00%,0,0.00%,0.00%,0,0,0.00%,0,0.00%,0.00%,0,0,0.00%,0,0.00%,0.00%,Rp329.804,Rp329.804,Rp0,4,4,4,0,6,6,0,4,Rp82.451,2178,83,3.81%,6,7.23%,4.82%,1908,72,3.77%,5,6.94%,5.56%
WILMER Gunting Hollow Heavy Duty - Holo - Baja Ringan - Seng,1729735150663927293,produk terjual ≥1,Aktif,Rp378.766,Rp0,Rp0,Rp0,Rp119.362,Rp119.362,Rp0,Rp134.020,Rp0,Rp0,Rp0,Rp91.600,Rp91.600,Rp0,Rp125.384,10,10,11,10,Rp37.877,9393,310,3.30%,12,3.87%,3.23%,7766,257,3.31%,11,4.28%,3.89%,Rp378.766,Rp0,Rp543.501,Rp178.915,Rp91.405,3,3,6543,204,171,7,3.12%,3.43%,Rp287.166,8,Rp0,Rp0,Rp0,0,0,0,0,0,0,0,0,Rp0,2,126,4,3.17%,0,0.00%,0.00%,97,3,3.09%,0,0.00%,0.00%,Rp119.362,Rp119.362,Rp0,4,4,4,0,4,4,0,4,Rp29.840,0,240,7,2.92%,1,14.29%,57.14%,228,6,2.63%,1,16.67%,66.67%,Rp134.020,Rp0,Rp0,Rp0,Rp91.600,Rp91.600,Rp0,4,4,4,4,Rp33.505,12,2,10,5020,212,4.22%,6,2.83%,1.89%,4075,172,4.22%,6,3.49%,2.33%,2,0,0.00%,0,0.00%,0.00%,2,0,0.00%,0,0.00%,0.00%,4857,207,4.26%,6,2.90%,1.45%,3955,169,4.27%,6,3.55%,1.78%,Rp125.384,Rp125.384,Rp0,2,2,2,0,3,3,0,2,Rp62.692,4004,86,2.15%,5,5.81%,2.33%,3526,77,2.18%,4,5.19%,2.60%
ELLKA DUDUKAN GERINDA 4” / BRACKET ANGLE GRNDER 4”,1729684294957697533,produk terjual ≥1,Aktif,Rp378.363,Rp0,Rp0,Rp0,Rp80.563,Rp80.563,Rp0,Rp167.644,Rp0,Rp0,Rp0,Rp145.174,Rp116.756,Rp28.418,Rp130.156,13,13,13,13,Rp29.105,9686,289,2.98%,16,5.54%,4.50%,8118,243,2.99%,14,5.76%,5.35%,Rp378.363,Rp0,Rp551.752,Rp223.113,Rp28.418,1,1,5505,173,137,10,3.14%,5.78%,Rp270.625,10,Rp0,Rp0,Rp0,0,0,0,0,0,0,0,0,Rp0,0,4,0,0.00%,0,0.00%,0.00%,4,0,0.00%,0,0.00%,0.00%,Rp80.563,Rp80.563,Rp0,3,3,3,0,3,3,0,3,Rp26.854,0,1383,47,3.40%,3,6.38%,6.38%,1034,39,3.77%,2,5.13%,7.69%,Rp167.644,Rp0,Rp0,Rp0,Rp145.174,Rp116.756,Rp28.418,6,6,6,6,Rp27.941,13,11,4,3792,120,3.16%,7,5.83%,5.00%,3182,98,3.08%,6,6.12%,6.12%,471,12,2.55%,0,0.00%,0.00%,393,12,3.05%,0,0.00%,0.00%,3040,106,3.49%,6,5.66%,4.72%,2600,84,3.23%,5,5.95%,5.95%,Rp130.156,Rp130.156,Rp0,4,4,4,0,4,4,0,4,Rp32.539,4506,122,2.71%,6,4.92%,3.28%,3948,106,2.68%,6,5.66%,3.77%
sikat kawat Kuningan eagle 1box isi 12pcs sikat kuning 1ls grosir,1735863771242464765,produk terjual ≥1,Aktif,Rp375.629,Rp0,Rp0,Rp0,Rp0,Rp0,Rp0,Rp95.243,Rp0,Rp0,Rp0,Rp0,Rp0,Rp0,Rp280.386,5,5,7,5,Rp75.126,899,21,2.34%,5,23.81%,23.81%,783,18,2.30%,5,27.78%,27.78%,Rp375.629,Rp0,Rp448.129,Rp110.500,Rp0,0,0,541,15,13,3,2.77%,20.00%,Rp192.910,4,Rp0,Rp0,Rp0,0,0,0,0,0,0,0,0,Rp0,2,28,2,7.14%,0,0.00%,0.00%,28,1,3.57%,0,0.00%,0.00%,Rp0,Rp0,Rp0,0,0,0,0,0,0,0,0,Rp0,0,0,0,0.00%,0,0.00%,0.00%,0,0,0.00%,0,0.00%,0.00%,Rp95.243,Rp0,Rp0,Rp0,Rp0,Rp0,Rp0,1,1,2,1,Rp95.243,0,0,0,47,1,2.13%,0,0.00%,100.00%,27,1,3.70%,0,0.00%,100.00%,0,0,0.00%,0,0.00%,0.00%,0,0,0.00%,0,0.00%,0.00%,0,0,0.00%,0,0.00%,0.00%,0,0,0.00%,0,0.00%,0.00%,Rp280.386,Rp280.386,Rp0,4,4,4,0,5,5,0,4,Rp70.096,824,18,2.18%,5,27.78%,22.22%,736,16,2.17%,5,31.25%,25.00%
"PAKET HEMAT 3ITEM GERGAJI YUKIDO 16inch PALU WIMER Oz08 oz12 oz16 sama meteran 3m 5m 7,5m haraga termurah",1730305426956781053,produk terjual ≥1,Aktif,Rp374.836,Rp0,Rp0,Rp0,Rp71.129,Rp0,Rp71.129,Rp213.514,Rp0,Rp0,Rp0,Rp126.957,Rp126.957,Rp0,Rp90.193,5,5,5,5,Rp74.967,4801,180,3.75%,4,2.22%,2.78%,3901,146,3.74%,4,2.74%,3.42%,Rp374.836,Rp0,Rp520.736,Rp136.500,Rp319.028,4,4,3551,136,111,4,3.83%,2.94%,Rp320.801,4,Rp0,Rp0,Rp0,0,0,0,0,0,0,0,0,Rp0,1,36,0,0.00%,0,0.00%,0.00%,26,0,0.00%,0,0.00%,0.00%,Rp71.129,Rp0,Rp71.129,1,1,0,1,1,0,1,1,Rp71.129,0,1,0,0.00%,0,0.00%,0.00%,1,0,0.00%,0,0.00%,0.00%,Rp213.514,Rp0,Rp0,Rp0,Rp126.957,Rp126.957,Rp0,3,3,3,3,Rp71.171,1,0,1,1354,66,4.87%,2,3.03%,4.55%,1118,51,4.56%,2,3.92%,5.88%,0,0,0.00%,0,0.00%,0.00%,0,0,0.00%,0,0.00%,0.00%,1348,66,4.90%,2,3.03%,3.03%,1112,51,4.59%,2,3.92%,3.92%,Rp90.193,Rp90.193,Rp0,1,1,1,0,1,1,0,1,Rp90.193,3410,114,3.34%,2,1.75%,0.88%,2866,98,3.42%,2,2.04%,1.02%
12Pcs Oil Seal Water Seal Inlet Valve Outlet Valve Klep Kecil Besar Jet Cleaner High Pressure,1735768984363763197,produk terjual ≥1,Aktif,Rp373.762,Rp0,Rp0,Rp0,Rp33.471,Rp0,Rp33.471,Rp102.571,Rp0,Rp0,Rp0,Rp0,Rp0,Rp0,Rp237.720,11,11,11,11,Rp33.978,5945,211,3.55%,10,4.74%,5.21%,5112,182,3.56%,8,4.40%,6.04%,Rp373.762,Rp0,Rp553.485,Rp172.183,Rp73.376,2,2,4080,147,124,7,3.60%,4.76%,Rp239.891,7,Rp0,Rp0,Rp0,0,0,0,0,0,0,0,0,Rp0,12,352,5,1.42%,0,0.00%,0.00%,320,4,1.25%,0,0.00%,0.00%,Rp33.471,Rp0,Rp33.471,1,1,0,1,1,0,1,1,Rp33.471,0,0,0,0.00%,0,0.00%,0.00%,0,0,0.00%,0,0.00%,0.00%,Rp102.571,Rp0,Rp0,Rp0,Rp0,Rp0,Rp0,3,3,3,3,Rp34.190,0,0,0,1,0,0.00%,0,0.00%,0.00%,1,0,0.00%,0,0.00%,0.00%,0,0,0.00%,0,0.00%,0.00%,0,0,0.00%,0,0.00%,0.00%,0,0,0.00%,0,0.00%,0.00%,0,0,0.00%,0,0.00%,0.00%,Rp237.720,Rp237.720,Rp0,7,7,7,0,7,7,0,7,Rp33.960,5593,206,3.68%,10,4.85%,3.40%,4739,176,3.71%,8,4.55%,3.98%
530pcs Set Kabel Bakar Heat Shrink Bahan Polyolefin Warna Warni /Heat Shrink Tube Selang Bakar Kabel Isolasl Bakar / Heat Shrink COD,1732923863194895869,produk terjual ≥1,Aktif,Rp372.555,Rp0,Rp0,Rp0,Rp41.200,Rp0,Rp41.200,Rp127.593,Rp0,Rp0,Rp0,Rp41.200,Rp41.200,Rp0,Rp203.762,9,9,9,9,Rp41.395,7282,172,2.36%,17,9.88%,5.23%,6499,153,2.35%,16,10.46%,5.88%,Rp372.555,Rp0,Rp495.735,Rp128.921,Rp126.923,3,3,3941,97,85,6,2.46%,6.19%,Rp251.155,6,Rp0,Rp0,Rp0,0,0,0,0,0,0,0,0,Rp0,0,0,0,0.00%,0,0.00%,0.00%,0,0,0.00%,0,0.00%,0.00%,Rp41.200,Rp0,Rp41.200,1,1,0,1,1,0,1,1,Rp41.200,0,1,0,0.00%,0,0.00%,0.00%,1,0,0.00%,0,0.00%,0.00%,Rp127.593,Rp0,Rp0,Rp0,Rp41.200,Rp41.200,Rp0,3,3,3,3,Rp42.531,3,0,3,561,10,1.78%,0,0.00%,30.00%,472,10,2.12%,0,0.00%,30.00%,0,0,0.00%,0,0.00%,0.00%,0,0,0.00%,0,0.00%,0.00%,380,9,2.37%,0,0.00%,11.11%,325,9,2.77%,0,0.00%,11.11%,Rp203.762,Rp203.762,Rp0,5,5,5,0,5,5,0,5,Rp40.752,6718,162,2.41%,17,10.49%,3.09%,5954,142,2.38%,16,11.27%,3.52%
Mesin Las PPR 20-63mm / Pemanas Pipa PPR / Pipe Heater Trafo Las PVC,1729983197772417533,GMV & produk terjual = 0,Aktif,Rp364.077,Rp0,Rp0,Rp0,Rp0,Rp0,Rp0,Rp158.441,Rp0,Rp0,Rp0,Rp158.441,Rp158.441,Rp0,Rp205.636,2,2,2,2,Rp182.038,2271,75,3.30%,1,1.33%,2.67%,2018,68,3.37%,1,1.47%,2.94%,Rp364.077,Rp0,Rp428.605,Rp62.000,Rp205.636,1,1,1388,38,32,2,2.74%,5.26%,Rp364.077,2,Rp0,Rp0,Rp0,0,0,0,0,0,0,0,0,Rp0,0,0,0,0.00%,0,0.00%,0.00%,0,0,0.00%,0,0.00%,0.00%,Rp0,Rp0,Rp0,0,0,0,0,0,0,0,0,Rp0,0,4,0,0.00%,0,0.00%,0.00%,4,0,0.00%,0,0.00%,0.00%,Rp158.441,Rp0,Rp0,Rp0,Rp158.441,Rp158.441,Rp0,1,1,1,1,Rp158.441,0,0,0,509,12,2.36%,0,0.00%,8.33%,453,8,1.77%,0,0.00%,12.50%,0,0,0.00%,0,0.00%,0.00%,0,0,0.00%,0,0.00%,0.00%,497,12,2.41%,0,0.00%,8.33%,442,8,1.81%,0,0.00%,12.50%,Rp205.636,Rp205.636,Rp0,1,1,1,0,1,1,0,1,Rp205.636,1758,63,3.58%,1,1.59%,1.59%,1617,60,3.71%,1,1.67%,1.67%
Tang Snap Ring 7inch STI STE BTI BTE Lurus Tutup Tang Circlip Lurus Tekan Tutup Dikemas secara individual,1734432056654464509,GMV & produk terjual = 0,Aktif,Rp361.743,Rp0,Rp0,Rp0,Rp0,Rp0,Rp0,Rp55.853,Rp0,Rp0,Rp0,Rp0,Rp0,Rp0,Rp305.890,6,6,6,6,Rp60.290,3663,140,3.82%,10,7.14%,4.29%,3107,111,3.57%,9,8.11%,5.41%,Rp361.743,Rp0,Rp473.900,Rp79.157,Rp0,0,0,2117,79,63,5,3.73%,6.33%,Rp300.953,5,Rp0,Rp0,Rp0,0,0,0,0,0,0,0,0,Rp0,16,214,3,1.40%,0,0.00%,0.00%,191,3,1.57%,0,0.00%,0.00%,Rp0,Rp0,Rp0,0,0,0,0,0,0,0,0,Rp0,0,0,0,0.00%,0,0.00%,0.00%,0,0,0.00%,0,0.00%,0.00%,Rp55.853,Rp0,Rp0,Rp0,Rp0,Rp0,Rp0,1,1,1,1,Rp55.853,2,0,2,403,38,9.43%,3,7.89%,2.63%,360,26,7.22%,2,7.69%,3.85%,0,0,0.00%,0,0.00%,0.00%,0,0,0.00%,0,0.00%,0.00%,399,38,9.52%,3,7.89%,0.00%,356,26,7.30%,2,7.69%,0.00%,Rp305.890,Rp305.890,Rp0,5,5,5,0,5,5,0,5,Rp61.178,3046,99,3.25%,7,7.07%,5.05%,2582,84,3.25%,7,8.33%,5.95%
PROMO MESIN LAS 450W IWA MMA IGBT INVERTER 120A LAS LISTRIK 120 A WELDING MACHINE HEMAT LISTRIK,1733180930203551229,GMV & produk terjual = 0,Aktif,Rp357.800,Rp0,Rp0,Rp0,Rp0,Rp0,Rp0,Rp0,Rp0,Rp0,Rp0,Rp0,Rp0,Rp0,Rp357.800,1,1,1,1,Rp357.800,1100,76,6.91%,0,0.00%,1.32%,996,68,6.83%,0,0.00%,1.47%,Rp357.800,Rp0,Rp437.800,Rp60.000,Rp357.800,1,1,481,21,21,0,4.37%,0.00%,Rp0,0,Rp0,Rp0,Rp0,0,0,0,0,0,0,0,0,Rp0,0,0,0,0.00%,0,0.00%,0.00%,0,0,0.00%,0,0.00%,0.00%,Rp0,Rp0,Rp0,0,0,0,0,0,0,0,0,Rp0,0,0,0,0.00%,0,0.00%,0.00%,0,0,0.00%,0,0.00%,0.00%,Rp0,Rp0,Rp0,Rp0,Rp0,Rp0,Rp0,0,0,0,0,Rp0,1,0,1,272,36,13.24%,0,0.00%,0.00%,251,31,12.35%,0,0.00%,0.00%,0,0,0.00%,0,0.00%,0.00%,0,0,0.00%,0,0.00%,0.00%,260,35,13.46%,0,0.00%,0.00%,247,30,12.15%,0,0.00%,0.00%,Rp357.800,Rp357.800,Rp0,1,1,1,0,1,1,0,1,Rp357.800,828,40,4.83%,0,0.00%,2.50%,748,38,5.08%,0,0.00%,2.63%
GERGAJI KAYU GOROK KAYU 18 in POTONG KAYU SUPER TAJAM - Graji Tangan Hand Saw,1729637642717070845,produk terjual ≥1,Aktif,Rp349.371,Rp0,Rp0,Rp0,Rp109.769,Rp35.886,Rp73.883,Rp203.716,Rp0,Rp0,Rp0,Rp127.902,Rp35.886,Rp92.016,Rp35.886,10,10,10,9,Rp34.937,4779,174,3.64%,9,5.17%,5.75%,4110,150,3.65%,9,6.00%,6.00%,Rp349.371,Rp0,Rp444.699,Rp90.994,Rp62.980,2,2,2421,62,51,6,2.56%,11.29%,Rp241.110,7,Rp0,Rp0,Rp0,0,0,0,0,0,0,0,0,Rp0,0,0,0,0.00%,0,0.00%,0.00%,0,0,0.00%,0,0.00%,0.00%,Rp109.769,Rp35.886,Rp73.883,3,3,1,2,3,1,2,3,Rp36.590,0,396,7,1.77%,0,0.00%,42.86%,377,7,1.86%,0,0.00%,42.86%,Rp203.716,Rp0,Rp0,Rp0,Rp127.902,Rp35.886,Rp92.016,6,6,6,5,Rp33.953,4,2,2,1168,70,5.99%,0,0.00%,8.57%,926,64,6.91%,0,0.00%,7.81%,6,0,0.00%,0,0.00%,0.00%,3,0,0.00%,0,0.00%,0.00%,1042,67,6.43%,0,0.00%,5.97%,839,62,7.39%,0,0.00%,4.84%,Rp35.886,Rp35.886,Rp0,1,1,1,0,1,1,0,1,Rp35.886,3216,97,3.02%,9,9.28%,1.03%,2772,79,2.85%,9,11.39%,1.27%
Gunting Holo Tang Rivet / Gunting Baja & Tang Ripet 1 Paket Hand Riverter + Gunting Baja Ringan,1733121545064842749,GMV & produk terjual = 0,Aktif,Rp341.338,Rp0,Rp0,Rp0,Rp227.612,Rp175.740,Rp51.872,Rp0,Rp0,Rp0,Rp0,Rp0,Rp0,Rp0,Rp113.726,6,6,6,6,Rp56.890,2571,66,2.57%,0,0.00%,9.09%,2253,55,2.44%,0,0.00%,10.91%,Rp341.338,Rp0,Rp432.238,Rp91.000,Rp0,0,0,1682,49,40,5,2.91%,10.20%,Rp284.475,5,Rp0,Rp0,Rp0,0,0,0,0,0,0,0,0,Rp0,1,4,0,0.00%,0,0.00%,0.00%,1,0,0.00%,0,0.00%,0.00%,Rp227.612,Rp175.740,Rp51.872,4,4,3,1,4,3,1,4,Rp56.903,0,0,0,0.00%,0,0.00%,0.00%,0,0,0.00%,0,0.00%,0.00%,Rp0,Rp0,Rp0,Rp0,Rp0,Rp0,Rp0,0,0,0,0,Rp0,3,1,2,762,29,3.81%,0,0.00%,0.00%,662,23,3.47%,0,0.00%,0.00%,0,0,0.00%,0,0.00%,0.00%,0,0,0.00%,0,0.00%,0.00%,732,29,3.96%,0,0.00%,0.00%,644,23,3.57%,0,0.00%,0.00%,Rp113.726,Rp113.726,Rp0,2,2,2,0,2,2,0,2,Rp56.863,1805,37,2.05%,0,0.00%,5.41%,1627,33,2.03%,0,0.00%,6.06%
Mata Gerinda Potong Kayu TCT Saw Blade Multi Cutter 4 In 24T,1729614649824478717,produk terjual ≥1,Aktif,Rp333.494,Rp25.952,Rp25.952,Rp0,Rp257.979,Rp257.979,Rp0,Rp49.563,Rp0,Rp0,Rp0,Rp0,Rp0,Rp0,Rp0,11,11,15,11,Rp30.318,8881,329,3.70%,11,3.34%,3.34%,6703,281,4.19%,10,3.56%,3.91%,Rp333.494,Rp0,Rp548.785,Rp238.212,Rp41.700,1,1,2985,98,87,3,3.28%,3.06%,Rp68.248,3,Rp25.952,Rp25.952,Rp0,1,1,1,0,1,1,0,1,Rp25.952,0,0,0,0.00%,0,0.00%,0.00%,0,0,0.00%,0,0.00%,0.00%,Rp257.979,Rp257.979,Rp0,8,8,8,0,12,12,0,8,Rp32.247,0,56,2,3.57%,0,0.00%,400.00%,2,0,0.00%,0,0.00%,0.00%,Rp49.563,Rp0,Rp0,Rp0,Rp0,Rp0,Rp0,2,2,2,2,Rp24.782,1,1,0,7374,287,3.89%,11,3.83%,0.70%,5473,245,4.48%,10,4.08%,0.82%,285,6,2.11%,1,16.67%,0.00%,229,5,2.18%,1,20.00%,0.00%,4337,193,4.45%,5,2.59%,0.00%,2767,158,5.71%,4,2.53%,0.00%,Rp0,Rp0,Rp0,0,0,0,0,0,0,0,0,Rp0,1450,40,2.76%,0,0.00%,0.00%,1260,35,2.78%,0,0.00%,0.00%
Mesin Gerinda Tangan 4 Inch 600W/220V Bonus Mata Gurinda Angle Grinder Multifucttion Sertifikasi K3L Material Berkualitas,1731362651466728957,produk terjual ≥1,Aktif,Rp332.985,Rp0,Rp0,Rp0,Rp332.985,Rp332.985,Rp0,Rp0,Rp0,Rp0,Rp0,Rp0,Rp0,Rp0,Rp0,2,2,2,2,Rp166.492,7166,365,5.09%,13,3.56%,0.55%,5784,301,5.20%,11,3.65%,0.66%,Rp332.985,Rp0,Rp428.635,Rp69.000,Rp0,0,0,5077,233,192,0,4.59%,0.00%,Rp0,0,Rp0,Rp0,Rp0,0,0,0,0,0,0,0,0,Rp0,1,237,6,2.53%,0,0.00%,0.00%,202,3,1.49%,0,0.00%,0.00%,Rp332.985,Rp332.985,Rp0,2,2,2,0,2,2,0,2,Rp166.492,0,4562,284,6.23%,11,3.87%,0.70%,3588,232,6.47%,9,3.88%,0.86%,Rp0,Rp0,Rp0,Rp0,Rp0,Rp0,Rp0,0,0,0,0,Rp0,1,0,1,625,35,5.60%,0,0.00%,0.00%,561,32,5.70%,0,0.00%,0.00%,0,0,0.00%,0,0.00%,0.00%,0,0,0.00%,0,0.00%,0.00%,599,35,5.84%,0,0.00%,0.00%,542,32,5.90%,0,0.00%,0.00%,Rp0,Rp0,Rp0,0,0,0,0,0,0,0,0,Rp0,1742,40,2.30%,2,5.00%,0.00%,1565,38,2.43%,2,5.26%,0.00%
Ellka Air Duster Gun Semprotan Angin Pembersih Debu Tembakan Angin Kompresor,1729952737324599805,produk terjual ≥1,Aktif,Rp320.817,Rp0,Rp0,Rp0,Rp27.000,Rp0,Rp27.000,Rp239.817,Rp0,Rp0,Rp0,Rp162.105,Rp162.105,Rp0,Rp54.000,11,11,12,11,Rp29.165,2944,65,2.21%,2,3.08%,16.92%,2558,50,1.95%,2,4.00%,22.00%,Rp320.817,Rp0,Rp484.466,Rp174.448,Rp26.260,1,1,1801,32,24,5,1.78%,15.63%,Rp158.712,6,Rp0,Rp0,Rp0,0,0,0,0,0,0,0,0,Rp0,0,0,0,0.00%,0,0.00%,0.00%,0,0,0.00%,0,0.00%,0.00%,Rp27.000,Rp0,Rp27.000,1,1,0,1,1,0,1,1,Rp27.000,0,74,1,1.35%,0,0.00%,100.00%,64,1,1.56%,0,0.00%,100.00%,Rp239.817,Rp0,Rp0,Rp0,Rp162.105,Rp162.105,Rp0,8,8,9,8,Rp29.977,1,0,1,444,16,3.60%,0,0.00%,50.00%,345,13,3.77%,0,0.00%,61.54%,0,0,0.00%,0,0.00%,0.00%,0,0,0.00%,0,0.00%,0.00%,423,16,3.78%,0,0.00%,37.50%,331,13,3.93%,0,0.00%,46.15%,Rp54.000,Rp54.000,Rp0,2,2,2,0,2,2,0,2,Rp27.000,2426,48,1.98%,2,4.17%,4.17%,2160,36,1.67%,2,5.56%,5.56%
"Siku Meter Penggaris Siku Tukang Besi Angle Square Steel  12"" 30 cm Termurah Berkualitas Penggaris Siku Tukang Flourish 30 CM",1729630034922997245,produk terjual ≥1,Aktif,Rp313.798,Rp0,Rp0,Rp0,Rp209.005,Rp209.005,Rp0,Rp49.758,Rp0,Rp0,Rp0,Rp0,Rp0,Rp0,Rp55.035,15,15,15,14,Rp20.920,4824,191,3.96%,15,7.85%,7.85%,3684,145,3.94%,13,8.97%,9.66%,Rp313.798,Rp0,Rp484.463,Rp193.707,Rp113.322,5,4,2922,114,90,12,3.90%,11.40%,Rp276.291,13,Rp0,Rp0,Rp0,0,0,0,0,0,0,0,0,Rp0,0,0,0,0.00%,0,0.00%,0.00%,0,0,0.00%,0,0.00%,0.00%,Rp209.005,Rp209.005,Rp0,10,10,10,0,10,10,0,9,Rp20.900,0,1427,96,6.73%,5,5.21%,10.42%,896,67,7.48%,5,7.46%,13.43%,Rp49.758,Rp0,Rp0,Rp0,Rp0,Rp0,Rp0,2,2,2,2,Rp24.879,0,0,0,671,21,3.13%,0,0.00%,9.52%,410,13,3.17%,0,0.00%,15.38%,0,0,0.00%,0,0.00%,0.00%,0,0,0.00%,0,0.00%,0.00%,666,21,3.15%,0,0.00%,0.00%,409,13,3.18%,0,0.00%,0.00%,Rp55.035,Rp55.035,Rp0,3,3,3,0,3,3,0,3,Rp18.345,2718,72,2.65%,10,13.89%,4.17%,2168,50,2.31%,8,16.00%,6.00%
Meteran Tanah Tancap 30M 50M Meteran Gantung 30 50 Meter Wilmer,1729736176203302397,GMV & produk terjual = 0,Aktif,Rp313.689,Rp0,Rp0,Rp0,Rp200.091,Rp125.517,Rp74.574,Rp36.188,Rp0,Rp0,Rp0,Rp36.188,Rp36.188,Rp0,Rp77.410,8,8,8,7,Rp39.211,3065,63,2.06%,4,6.35%,12.70%,2675,54,2.02%,4,7.41%,12.96%,Rp313.689,Rp0,Rp448.851,Rp135.000,Rp74.021,2,2,1864,42,35,5,2.25%,14.29%,Rp236.279,6,Rp0,Rp0,Rp0,0,0,0,0,0,0,0,0,Rp0,1,0,0,0.00%,0,0.00%,0.00%,0,0,0.00%,0,0.00%,0.00%,Rp200.091,Rp125.517,Rp74.574,5,5,3,2,5,3,2,4,Rp40.018,0,177,4,2.26%,0,0.00%,125.00%,159,3,1.89%,0,0.00%,133.33%,Rp36.188,Rp0,Rp0,Rp0,Rp36.188,Rp36.188,Rp0,1,1,1,1,Rp36.188,1,0,1,699,19,2.72%,0,0.00%,5.26%,615,16,2.60%,0,0.00%,6.25%,0,0,0.00%,0,0.00%,0.00%,0,0,0.00%,0,0.00%,0.00%,632,17,2.69%,0,0.00%,5.88%,558,15,2.69%,0,0.00%,6.67%,Rp77.410,Rp77.410,Rp0,2,2,2,0,2,2,0,2,Rp38.705,2189,40,1.83%,4,10.00%,5.00%,1955,37,1.89%,4,10.81%,5.41%
NEWW Paket Hemat 2 Item Bor Listrik 10 mm Gerinda Tangan 4 in Mikayo,1729636374070527485,GMV & produk terjual = 0,Aktif,Rp310.979,Rp0,Rp0,Rp0,Rp0,Rp0,Rp0,Rp310.979,Rp0,Rp0,Rp0,Rp310.979,Rp310.979,Rp0,Rp0,1,1,1,1,Rp310.979,1290,50,3.88%,2,4.00%,2.00%,1093,37,3.39%,2,5.41%,2.70%,Rp310.979,Rp0,Rp330.979,Rp15.000,Rp310.979,1,1,622,15,15,1,2.41%,6.67%,Rp310.979,1,Rp0,Rp0,Rp0,0,0,0,0,0,0,0,0,Rp0,2,77,7,9.09%,0,0.00%,0.00%,55,3,5.45%,0,0.00%,0.00%,Rp0,Rp0,Rp0,0,0,0,0,0,0,0,0,Rp0,0,28,0,0.00%,0,0.00%,0.00%,22,0,0.00%,0,0.00%,0.00%,Rp310.979,Rp0,Rp0,Rp0,Rp310.979,Rp310.979,Rp0,1,1,1,1,Rp310.979,2,2,0,450,12,2.67%,0,0.00%,8.33%,397,12,3.02%,0,0.00%,8.33%,122,3,2.46%,0,0.00%,0.00%,113,3,2.65%,0,0.00%,0.00%,305,5,1.64%,0,0.00%,20.00%,263,5,1.90%,0,0.00%,20.00%,Rp0,Rp0,Rp0,0,0,0,0,0,0,0,0,Rp0,735,31,4.22%,2,6.45%,0.00%,627,22,3.51%,2,9.09%,0.00%
Paket 2 Mesin Bor Electric Tembok Besi Kayu dan Mesin Gerinda Tangan Angle Grinda Potong Poles Amplas,1731679286802417149,produk terjual ≥1,Aktif,Rp310.191,Rp0,Rp0,Rp0,Rp0,Rp0,Rp0,Rp310.191,Rp310.191,Rp310.191,Rp0,Rp0,Rp0,Rp0,Rp0,1,1,1,1,Rp310.191,4961,79,1.59%,5,6.33%,1.27%,4532,63,1.39%,4,6.35%,1.59%,Rp310.191,Rp0,Rp412.071,Rp60.000,Rp0,0,0,598,12,11,0,2.01%,0.00%,Rp0,0,Rp0,Rp0,Rp0,0,0,0,0,0,0,0,0,Rp0,0,3,0,0.00%,0,0.00%,0.00%,1,0,0.00%,0,0.00%,0.00%,Rp0,Rp0,Rp0,0,0,0,0,0,0,0,0,Rp0,0,0,0,0.00%,0,0.00%,0.00%,0,0,0.00%,0,0.00%,0.00%,Rp310.191,Rp310.191,Rp310.191,Rp0,Rp0,Rp0,Rp0,1,1,1,1,Rp310.191,5,5,3,4204,43,1.02%,2,4.65%,2.33%,3809,33,0.87%,2,6.06%,3.03%,3851,28,0.73%,2,7.14%,3.57%,3532,22,0.62%,2,9.09%,4.55%,343,13,3.79%,0,0.00%,0.00%,273,11,4.03%,0,0.00%,0.00%,Rp0,Rp0,Rp0,0,0,0,0,0,0,0,0,Rp0,752,36,4.79%,3,8.33%,0.00%,585,23,3.93%,2,8.70%,0.00%
"CAMEL TANG GEGEP 9"" / TANG KAKAK TUA / GEGEP / TANG POTONG KAWAT / TANG CATUT MURAH",1729962390327495165,produk terjual ≥1,Aktif,Rp293.972,Rp0,Rp0,Rp0,Rp105.918,Rp23.136,Rp82.782,Rp188.054,Rp0,Rp0,Rp0,Rp85.547,Rp85.547,Rp0,Rp0,5,5,5,5,Rp58.794,3376,82,2.43%,3,3.66%,6.10%,3009,74,2.46%,3,4.05%,6.76%,Rp293.972,Rp0,Rp393.782,Rp127.461,Rp125.643,2,2,2046,47,41,1,2.30%,2.13%,Rp23.136,1,Rp0,Rp0,Rp0,0,0,0,0,0,0,0,0,Rp0,0,0,0,0.00%,0,0.00%,0.00%,0,0,0.00%,0,0.00%,0.00%,Rp105.918,Rp23.136,Rp82.782,3,3,1,2,3,1,2,3,Rp35.306,0,499,19,3.81%,0,0.00%,15.79%,422,14,3.32%,0,0.00%,21.43%,Rp188.054,Rp0,Rp0,Rp0,Rp85.547,Rp85.547,Rp0,2,2,2,2,Rp94.027,8,7,1,383,16,4.18%,0,0.00%,12.50%,347,16,4.61%,0,0.00%,12.50%,184,3,1.63%,0,0.00%,0.00%,168,3,1.79%,0,0.00%,0.00%,183,13,7.10%,0,0.00%,7.69%,164,13,7.93%,0,0.00%,7.69%,Rp0,Rp0,Rp0,0,0,0,0,0,0,0,0,Rp0,2493,47,1.89%,3,6.38%,0.00%,2223,45,2.02%,3,6.67%,0.00%
Penggaris Siku Multifungsi Sudut 90 Derajat Mistar Triangle Ruler Pasekon Penggaris Tukang Aluminium,1729714623947704829,produk terjual ≥1,Aktif,Rp291.892,Rp0,Rp0,Rp0,Rp100.231,Rp54.331,Rp45.900,Rp26.260,Rp0,Rp0,Rp0,Rp0,Rp0,Rp0,Rp165.401,11,11,12,11,Rp26.536,11371,406,3.57%,30,7.39%,2.71%,9678,358,3.70%,29,8.10%,3.07%,Rp291.892,Rp0,Rp436.997,Rp150.781,Rp54.836,2,2,8221,279,248,8,3.39%,2.87%,Rp196.199,8,Rp0,Rp0,Rp0,0,0,0,0,0,0,0,0,Rp0,0,0,0,0.00%,0,0.00%,0.00%,0,0,0.00%,0,0.00%,0.00%,Rp100.231,Rp54.331,Rp45.900,3,3,2,1,4,2,2,3,Rp33.410,0,0,0,0.00%,0,0.00%,0.00%,0,0,0.00%,0,0.00%,0.00%,Rp26.260,Rp0,Rp0,Rp0,Rp0,Rp0,Rp0,1,1,1,1,Rp26.260,0,0,0,2355,83,3.52%,1,1.20%,1.20%,1828,71,3.88%,1,1.41%,1.41%,0,0,0.00%,0,0.00%,0.00%,0,0,0.00%,0,0.00%,0.00%,2330,83,3.56%,1,1.20%,0.00%,1816,71,3.91%,1,1.41%,0.00%,Rp165.401,Rp165.401,Rp0,7,7,7,0,7,7,0,7,Rp23.629,9016,323,3.58%,29,8.98%,2.17%,7860,286,3.64%,28,9.79%,2.45%
"FUJIYAMA Mata  Circular Saw 7 inch Circular Saw Blade 7"" inch mata gergaji putar TCT",1730479076544972285,GMV & produk terjual = 0,Aktif,Rp278.923,Rp0,Rp0,Rp0,Rp0,Rp0,Rp0,Rp128.574,Rp0,Rp0,Rp0,Rp83.932,Rp37.230,Rp46.702,Rp150.349,6,6,6,6,Rp46.487,4035,229,5.68%,5,2.18%,2.62%,3157,181,5.73%,4,2.21%,3.31%,Rp278.923,Rp0,Rp363.323,Rp110.000,Rp91.344,2,2,2814,151,121,4,5.37%,2.65%,Rp197.051,4,Rp0,Rp0,Rp0,0,0,0,0,0,0,0,0,Rp0,0,3,0,0.00%,0,0.00%,0.00%,3,0,0.00%,0,0.00%,0.00%,Rp0,Rp0,Rp0,0,0,0,0,0,0,0,0,Rp0,0,0,0,0.00%,0,0.00%,0.00%,0,0,0.00%,0,0.00%,0.00%,Rp128.574,Rp0,Rp0,Rp0,Rp83.932,Rp37.230,Rp46.702,3,3,3,3,Rp42.858,3,3,0,1023,68,6.65%,4,5.88%,4.41%,841,55,6.54%,3,5.45%,5.45%,104,5,4.81%,0,0.00%,0.00%,94,4,4.26%,0,0.00%,0.00%,857,63,7.35%,3,4.76%,3.17%,703,51,7.25%,3,5.88%,3.92%,Rp150.349,Rp150.349,Rp0,3,3,3,0,3,3,0,3,Rp50.116,3009,161,5.35%,1,0.62%,1.86%,2448,133,5.43%,1,0.75%,2.26%
"Paket Lengkap 3 Barang Yukido Palu 8 Oz, Geraji 16 In, Meteran 3M - Paket Tukang Bangunan Isi 3",1730803472753853949,GMV & produk terjual = 0,Aktif,Rp274.506,Rp0,Rp0,Rp0,Rp134.924,Rp0,Rp134.924,Rp69.791,Rp0,Rp0,Rp0,Rp69.791,Rp0,Rp69.791,Rp69.791,4,4,4,4,Rp68.626,6347,189,2.98%,9,4.76%,2.12%,5327,160,3.00%,8,5.00%,2.50%,Rp274.506,Rp0,Rp369.969,Rp99.000,Rp67.266,1,1,3327,96,80,3,2.89%,3.13%,Rp207.240,3,Rp0,Rp0,Rp0,0,0,0,0,0,0,0,0,Rp0,49,902,9,1.00%,0,0.00%,0.00%,770,8,1.04%,0,0.00%,0.00%,Rp134.924,Rp0,Rp134.924,2,2,0,2,2,0,2,2,Rp67.462,0,1,0,0.00%,0,0.00%,0.00%,1,0,0.00%,0,0.00%,0.00%,Rp69.791,Rp0,Rp0,Rp0,Rp69.791,Rp0,Rp69.791,1,1,1,1,Rp69.791,4,1,3,1079,60,5.56%,0,0.00%,1.67%,927,55,5.93%,0,0.00%,1.82%,9,1,11.11%,0,0.00%,0.00%,8,1,12.50%,0,0.00%,0.00%,1007,58,5.76%,0,0.00%,1.72%,868,53,6.11%,0,0.00%,1.89%,Rp69.791,Rp69.791,Rp0,1,1,1,0,1,1,0,1,Rp69.791,4365,120,2.75%,9,7.50%,0.83%,3653,97,2.66%,8,8.25%,1.03%
Aeji 10 Meter Tali Tambang Tali PP Monofilament 6mm 8mm 10mm 12mm Putih Titik Biru Kuat Tebal,1729753832619148797,produk terjual ≥1,Aktif,Rp274.490,Rp0,Rp0,Rp0,Rp180.820,Rp129.986,Rp50.834,Rp93.670,Rp0,Rp0,Rp0,Rp93.670,Rp93.670,Rp0,Rp0,6,6,10,4,Rp45.748,6095,210,3.45%,9,4.29%,2.86%,4924,162,3.29%,8,4.94%,2.47%,Rp274.490,Rp0,Rp356.605,Rp97.115,Rp223.248,8,3,2937,71,58,1,2.42%,1.41%,Rp129.986,5,Rp0,Rp0,Rp0,0,0,0,0,0,0,0,0,Rp0,0,0,0,0.00%,0,0.00%,0.00%,0,0,0.00%,0,0.00%,0.00%,Rp180.820,Rp129.986,Rp50.834,3,3,1,2,7,5,2,2,Rp60.273,0,4,0,0.00%,0,0.00%,0.00%,4,0,0.00%,0,0.00%,0.00%,Rp93.670,Rp0,Rp0,Rp0,Rp93.670,Rp93.670,Rp0,3,3,3,2,Rp31.223,0,0,0,2544,140,5.50%,5,3.57%,2.14%,1668,103,6.18%,4,3.88%,1.94%,0,0,0.00%,0,0.00%,0.00%,0,0,0.00%,0,0.00%,0.00%,2509,140,5.58%,5,3.57%,2.14%,1638,103,6.29%,4,3.88%,1.94%,Rp0,Rp0,Rp0,0,0,0,0,0,0,0,0,Rp0,3547,70,1.97%,4,5.71%,0.00%,3275,62,1.89%,4,6.45%,0.00%
[2 ITEM]  Air Duster dan Air Chuck ELLKA Alat isi Angin Dan Alat Pembersih Debu,1729967056416901629,produk terjual ≥1,Aktif,Rp272.073,Rp0,Rp0,Rp0,Rp0,Rp0,Rp0,Rp135.199,Rp0,Rp0,Rp0,Rp103.525,Rp103.525,Rp0,Rp136.874,8,8,8,8,Rp34.009,2082,49,2.35%,5,10.20%,16.33%,1770,35,1.98%,4,11.43%,22.86%,Rp272.073,Rp0,Rp374.753,Rp98.658,Rp0,0,0,1432,28,19,3,1.96%,10.71%,Rp104.836,3,Rp0,Rp0,Rp0,0,0,0,0,0,0,0,0,Rp0,0,0,0,0.00%,0,0.00%,0.00%,0,0,0.00%,0,0.00%,0.00%,Rp0,Rp0,Rp0,0,0,0,0,0,0,0,0,Rp0,0,9,0,0.00%,0,0.00%,0.00%,9,0,0.00%,0,0.00%,0.00%,Rp135.199,Rp0,Rp0,Rp0,Rp103.525,Rp103.525,Rp0,4,4,4,4,Rp33.800,1,0,1,386,15,3.89%,1,6.67%,26.67%,304,11,3.62%,1,9.09%,36.36%,0,0,0.00%,0,0.00%,0.00%,0,0,0.00%,0,0.00%,0.00%,355,15,4.23%,1,6.67%,20.00%,284,11,3.87%,1,9.09%,27.27%,Rp136.874,Rp136.874,Rp0,4,4,4,0,4,4,0,4,Rp34.218,1687,34,2.02%,4,11.76%,11.76%,1480,24,1.62%,3,12.50%,16.67%
"Kunci Inggris 8"" 10"" 12"" Adjustable Wrench Baut Inggris CRV Steel Gagang Lapis Karet - Kunci Inggris Phantom Inggris",1730822563626190333,produk terjual ≥1,Aktif,Rp265.993,Rp0,Rp0,Rp0,Rp0,Rp0,Rp0,Rp236.918,Rp0,Rp0,Rp0,Rp205.918,Rp205.918,Rp0,Rp29.075,8,8,8,8,Rp33.249,7899,429,5.43%,14,3.26%,1.86%,6751,366,5.42%,12,3.28%,2.19%,Rp265.993,Rp0,Rp397.220,Rp146.447,Rp0,0,0,5476,315,270,7,5.75%,2.22%,Rp234.373,7,Rp0,Rp0,Rp0,0,0,0,0,0,0,0,0,Rp0,0,0,0,0.00%,0,0.00%,0.00%,0,0,0.00%,0,0.00%,0.00%,Rp0,Rp0,Rp0,0,0,0,0,0,0,0,0,Rp0,0,135,12,8.89%,0,0.00%,0.00%,90,5,5.56%,0,0.00%,0.00%,Rp236.918,Rp0,Rp0,Rp0,Rp205.918,Rp205.918,Rp0,7,7,7,7,Rp33.845,2,0,2,2415,168,6.96%,1,0.60%,4.17%,1953,142,7.27%,1,0.70%,4.93%,0,0,0.00%,0,0.00%,0.00%,0,0,0.00%,0,0.00%,0.00%,2314,166,7.17%,1,0.60%,3.61%,1890,140,7.41%,1,0.71%,4.29%,Rp29.075,Rp29.075,Rp0,1,1,1,0,1,1,0,1,Rp29.075,5346,249,4.66%,13,5.22%,0.40%,4651,218,4.69%,11,5.05%,0.46%
YUKIDO SELANG KOMPRESOR KUNING 10M 3PLY YB-03,1729643056045197821,produk terjual ≥1,Aktif,Rp262.979,Rp0,Rp0,Rp0,Rp188.784,Rp88.130,Rp100.654,Rp0,Rp0,Rp0,Rp0,Rp0,Rp0,Rp0,Rp74.195,3,3,3,3,Rp87.660,6530,203,3.11%,5,2.46%,1.48%,5241,181,3.45%,4,2.21%,1.66%,Rp262.979,Rp0,Rp301.219,Rp43.000,Rp0,0,0,2562,57,54,1,2.22%,1.75%,Rp74.195,1,Rp0,Rp0,Rp0,0,0,0,0,0,0,0,0,Rp0,0,0,0,0.00%,0,0.00%,0.00%,0,0,0.00%,0,0.00%,0.00%,Rp188.784,Rp88.130,Rp100.654,2,2,1,1,2,1,1,2,Rp94.392,0,2038,99,4.86%,0,0.00%,2.02%,1402,86,6.13%,0,0.00%,2.33%,Rp0,Rp0,Rp0,Rp0,Rp0,Rp0,Rp0,0,0,0,0,Rp0,0,0,0,45,0,0.00%,0,0.00%,0.00%,37,0,0.00%,0,0.00%,0.00%,0,0,0.00%,0,0.00%,0.00%,0,0,0.00%,0,0.00%,0.00%,0,0,0.00%,0,0.00%,0.00%,0,0,0.00%,0,0.00%,0.00%,Rp74.195,Rp74.195,Rp0,1,1,1,0,1,1,0,1,Rp74.195,4447,104,2.34%,5,4.81%,0.96%,3794,96,2.53%,4,4.17%,1.04%
Sarung Tangan Kerja Proyek Anti Slip Tebal Kuat Safety Glove Premium Sarung Tangan Karet LATEX / PALMFIT / NYLON Polvrethane Gloves,1733035381798766077,GMV & produk terjual = 0,Aktif,Rp262.101,Rp0,Rp0,Rp0,Rp11.519,Rp0,Rp11.519,Rp73.661,Rp0,Rp0,Rp0,Rp0,Rp0,Rp0,Rp176.921,19,19,40,19,Rp13.795,12794,315,2.46%,32,10.16%,6.03%,11080,262,2.36%,28,10.69%,7.25%,Rp262.101,Rp0,Rp529.406,Rp284.875,Rp45.657,7,4,8834,211,182,14,2.39%,6.64%,Rp212.022,35,Rp0,Rp0,Rp0,0,0,0,0,0,0,0,0,Rp0,0,1,0,0.00%,0,0.00%,0.00%,1,0,0.00%,0,0.00%,0.00%,Rp11.519,Rp0,Rp11.519,2,2,0,2,2,0,2,2,Rp5.760,0,1,0,0.00%,0,0.00%,0.00%,1,0,0.00%,0,0.00%,0.00%,Rp73.661,Rp0,Rp0,Rp0,Rp0,Rp0,Rp0,7,7,11,7,Rp10.523,2,0,2,138,5,3.62%,0,0.00%,140.00%,94,4,4.26%,0,0.00%,175.00%,0,0,0.00%,0,0.00%,0.00%,0,0,0.00%,0,0.00%,0.00%,94,4,4.26%,0,0.00%,0.00%,80,3,3.75%,0,0.00%,0.00%,Rp176.921,Rp176.921,Rp0,10,10,10,0,27,27,0,10,Rp17.692,12654,310,2.45%,32,10.32%,3.23%,10995,259,2.36%,28,10.81%,3.86%
Alat Pembuka Kran Patah Baut Penarik Keran Karat Rusak Dalam Pipa Tembok Screw Extractor Praktis,1732920840141637117,produk terjual ≥1,Aktif,Rp261.252,Rp0,Rp0,Rp0,Rp13.824,Rp0,Rp13.824,Rp0,Rp0,Rp0,Rp0,Rp0,Rp0,Rp0,Rp247.428,5,5,19,5,Rp52.250,4927,79,1.60%,12,15.19%,6.33%,4493,76,1.69%,11,14.47%,6.58%,Rp261.252,Rp0,Rp374.480,Rp86.572,Rp14.550,1,1,2728,44,43,3,1.61%,6.82%,Rp223.184,17,Rp0,Rp0,Rp0,0,0,0,0,0,0,0,0,Rp0,0,0,0,0.00%,0,0.00%,0.00%,0,0,0.00%,0,0.00%,0.00%,Rp13.824,Rp0,Rp13.824,1,1,0,1,1,0,1,1,Rp13.824,0,0,0,0.00%,0,0.00%,0.00%,0,0,0.00%,0,0.00%,0.00%,Rp0,Rp0,Rp0,Rp0,Rp0,Rp0,Rp0,0,0,0,0,Rp0,0,0,0,2,0,0.00%,0,0.00%,0.00%,1,0,0.00%,0,0.00%,0.00%,0,0,0.00%,0,0.00%,0.00%,0,0,0.00%,0,0.00%,0.00%,2,0,0.00%,0,0.00%,0.00%,1,0,0.00%,0,0.00%,0.00%,Rp247.428,Rp247.428,Rp0,4,4,4,0,18,18,0,4,Rp61.857,4926,79,1.60%,12,15.19%,5.06%,4450,76,1.71%,11,14.47%,5.26%
Mata Gerinda Potong Kayu 4x40 T - Mata Wood Carving Mata Gerinda Potong Kayu Triplek Softwood Hardwood MDF Plywood,1730786717713663485,produk terjual ≥1,Aktif,Rp258.893,Rp0,Rp0,Rp0,Rp85.951,Rp0,Rp85.951,Rp145.280,Rp0,Rp0,Rp0,Rp27.905,Rp27.905,Rp0,Rp27.662,7,7,12,6,Rp36.985,3423,89,2.60%,6,6.74%,7.87%,2991,71,2.37%,5,7.04%,8.45%,Rp258.893,Rp0,Rp306.519,Rp73.892,Rp62.779,2,2,2057,67,51,5,3.26%,8.96%,Rp238.563,11,Rp0,Rp0,Rp0,0,0,0,0,0,0,0,0,Rp0,1,10,0,0.00%,0,0.00%,0.00%,10,0,0.00%,0,0.00%,0.00%,Rp85.951,Rp0,Rp85.951,3,3,0,3,4,0,4,2,Rp28.650,0,617,20,3.24%,0,0.00%,15.00%,497,15,3.02%,0,0.00%,13.33%,Rp145.280,Rp0,Rp0,Rp0,Rp27.905,Rp27.905,Rp0,3,3,7,3,Rp48.427,2,3,0,499,24,4.81%,1,4.17%,12.50%,429,18,4.20%,1,5.56%,16.67%,55,1,1.82%,0,0.00%,0.00%,50,1,2.00%,0,0.00%,0.00%,411,21,5.11%,1,4.76%,4.76%,362,15,4.14%,1,6.67%,6.67%,Rp27.662,Rp27.662,Rp0,1,1,1,0,1,1,0,1,Rp27.662,2297,45,1.96%,5,11.11%,2.22%,2089,39,1.87%,4,10.26%,2.56%
KACAMATA SAFETY GOGGLES VITATOOLS MODEL CROSS Sport,1729970755001879037,produk terjual ≥1,Aktif,Rp256.561,Rp0,Rp0,Rp0,Rp109.881,Rp86.232,Rp23.649,Rp90.302,Rp0,Rp0,Rp0,Rp90.302,Rp60.002,Rp30.300,Rp56.378,9,9,9,8,Rp28.507,7720,251,3.25%,23,9.16%,3.59%,6224,193,3.10%,21,10.88%,4.15%,Rp256.561,Rp0,Rp422.640,Rp145.500,Rp117.750,4,4,4331,157,122,3,3.63%,1.91%,Rp86.678,3,Rp0,Rp0,Rp0,0,0,0,0,0,0,0,0,Rp0,0,0,0,0.00%,0,0.00%,0.00%,0,0,0.00%,0,0.00%,0.00%,Rp109.881,Rp86.232,Rp23.649,4,4,3,1,4,3,1,3,Rp27.470,0,84,8,9.52%,0,0.00%,50.00%,61,5,8.20%,0,0.00%,60.00%,Rp90.302,Rp0,Rp0,Rp0,Rp90.302,Rp60.002,Rp30.300,3,3,3,3,Rp30.101,1,0,1,3026,129,4.26%,13,10.08%,2.33%,2231,98,4.39%,12,12.24%,3.06%,0,0,0.00%,0,0.00%,0.00%,0,0,0.00%,0,0.00%,0.00%,2934,128,4.36%,13,10.16%,2.34%,2166,97,4.48%,12,12.37%,3.09%,Rp56.378,Rp56.378,Rp0,2,2,2,0,2,2,0,2,Rp28.189,4609,114,2.47%,10,8.77%,1.75%,4044,98,2.42%,9,9.18%,2.04%
Kunci Double Ring Satuan 5-32mm 5x6mm - 30-32mm Kunci Double Ring Yukido Tools Alat Perkakas Termurah Berkualitas Tinggi Anti Korosi,1730297761544439293,produk terjual ≥1,Aktif,Rp252.409,Rp0,Rp0,Rp0,Rp119.055,Rp0,Rp119.055,Rp133.354,Rp0,Rp0,Rp0,Rp0,Rp0,Rp0,Rp0,3,6,6,3,Rp42.068,3437,171,4.98%,19,11.11%,3.51%,2646,135,5.10%,10,7.41%,2.22%,Rp252.409,Rp0,Rp304.572,Rp47.372,Rp133.354,4,1,1870,112,85,1,5.99%,3.57%,Rp133.354,4,Rp0,Rp0,Rp0,0,0,0,0,0,0,0,0,Rp0,0,1,0,0.00%,0,0.00%,0.00%,1,0,0.00%,0,0.00%,0.00%,Rp119.055,Rp0,Rp119.055,2,2,0,2,2,0,2,2,Rp59.528,0,84,4,4.76%,0,0.00%,50.00%,38,3,7.89%,0,0.00%,66.67%,Rp133.354,Rp0,Rp0,Rp0,Rp0,Rp0,Rp0,1,4,4,1,Rp33.338,1,0,1,754,40,5.31%,0,0.00%,10.00%,546,34,6.23%,0,0.00%,2.94%,0,0,0.00%,0,0.00%,0.00%,0,0,0.00%,0,0.00%,0.00%,675,38,5.63%,0,0.00%,0.00%,475,32,6.74%,0,0.00%,0.00%,Rp0,Rp0,Rp0,0,0,0,0,0,0,0,0,Rp0,2598,127,4.89%,19,14.96%,0.00%,2071,98,4.73%,10,10.20%,0.00%
Rantai Potong Chainsaw 22 Inch Saw Chain Untuk Bar 22” Mata Rantai Senso,1732617338010633725,GMV & produk terjual = 0,Aktif,Rp245.423,Rp0,Rp0,Rp0,Rp61.198,Rp61.198,Rp0,Rp122.396,Rp0,Rp0,Rp0,Rp122.396,Rp122.396,Rp0,Rp61.829,4,4,4,4,Rp61.356,11390,524,4.60%,13,2.48%,0.76%,9304,459,4.93%,13,2.83%,0.87%,Rp245.423,Rp0,Rp327.423,Rp82.000,Rp0,0,0,4359,151,131,1,3.46%,0.66%,Rp61.829,1,Rp0,Rp0,Rp0,0,0,0,0,0,0,0,0,Rp0,1,40,0,0.00%,0,0.00%,0.00%,35,0,0.00%,0,0.00%,0.00%,Rp61.198,Rp61.198,Rp0,1,1,1,0,1,1,0,1,Rp61.198,0,1964,114,5.80%,3,2.63%,0.88%,1715,100,5.83%,3,3.00%,1.00%,Rp122.396,Rp0,Rp0,Rp0,Rp122.396,Rp122.396,Rp0,2,2,2,2,Rp61.198,18,6,16,5326,292,5.48%,8,2.74%,0.68%,4562,256,5.61%,8,3.13%,0.78%,37,0,0.00%,0,0.00%,0.00%,33,0,0.00%,0,0.00%,0.00%,5059,290,5.73%,4,1.38%,0.69%,4428,255,5.76%,4,1.57%,0.78%,Rp61.829,Rp61.829,Rp0,1,1,1,0,1,1,0,1,Rp61.829,4060,118,2.91%,2,1.69%,0.85%,3391,104,3.07%,2,1.92%,0.96%
Paket Tang Set Elka 2pcs Lancip Potong 6inch Termurah Tang Industri,1730692359691601405,produk terjual ≥1,Aktif,Rp237.944,Rp0,Rp0,Rp0,Rp39.578,Rp0,Rp39.578,Rp79.661,Rp0,Rp0,Rp0,Rp0,Rp0,Rp0,Rp118.705,6,6,6,6,Rp39.657,2105,114,5.42%,7,6.14%,5.26%,1823,62,3.40%,7,11.29%,9.68%,Rp237.944,Rp0,Rp335.134,Rp97.190,Rp40.083,1,1,1547,61,45,4,3.94%,6.56%,Rp159.322,4,Rp0,Rp0,Rp0,0,0,0,0,0,0,0,0,Rp0,0,0,0,0.00%,0,0.00%,0.00%,0,0,0.00%,0,0.00%,0.00%,Rp39.578,Rp0,Rp39.578,1,1,0,1,1,0,1,1,Rp39.578,0,10,0,0.00%,0,0.00%,0.00%,10,0,0.00%,0,0.00%,0.00%,Rp79.661,Rp0,Rp0,Rp0,Rp0,Rp0,Rp0,2,2,2,2,Rp39.830,0,0,0,20,1,5.00%,0,0.00%,200.00%,6,1,16.67%,0,0.00%,200.00%,0,0,0.00%,0,0.00%,0.00%,0,0,0.00%,0,0.00%,0.00%,1,0,0.00%,0,0.00%,0.00%,1,0,0.00%,0,0.00%,0.00%,Rp118.705,Rp118.705,Rp0,3,3,3,0,3,3,0,3,Rp39.568,2075,113,5.45%,7,6.19%,2.65%,1808,61,3.37%,7,11.48%,4.92%
Adaptor Konverter Mesin Bor Ke Gerinda Arbor Konektor Kunci Mata Mesin Gurinda,1729737239813130749,produk terjual ≥1,Aktif,Rp237.794,Rp0,Rp0,Rp0,Rp23.060,Rp0,Rp23.060,Rp150.173,Rp0,Rp0,Rp0,Rp104.836,Rp74.960,Rp29.876,Rp64.561,19,19,19,19,Rp12.515,8545,277,3.24%,30,10.83%,6.86%,7109,225,3.17%,27,12.00%,8.44%,Rp237.794,Rp0,Rp461.553,Rp243.134,Rp32.434,3,3,4425,133,107,12,3.01%,9.02%,Rp140.480,12,Rp0,Rp0,Rp0,0,0,0,0,0,0,0,0,Rp0,21,304,2,0.66%,0,0.00%,0.00%,267,2,0.75%,0,0.00%,0.00%,Rp23.060,Rp0,Rp23.060,2,2,0,2,2,0,2,2,Rp11.530,0,50,2,4.00%,0,0.00%,100.00%,45,2,4.44%,0,0.00%,100.00%,Rp150.173,Rp0,Rp0,Rp0,Rp104.836,Rp74.960,Rp29.876,11,11,11,11,Rp13.652,12,9,4,2671,138,5.17%,9,6.52%,7.97%,2328,120,5.15%,8,6.67%,9.17%,177,2,1.13%,0,0.00%,0.00%,170,2,1.18%,0,0.00%,0.00%,2459,136,5.53%,9,6.62%,5.15%,2134,118,5.53%,8,6.78%,5.93%,Rp64.561,Rp64.561,Rp0,6,6,6,0,6,6,0,6,Rp10.760,5520,135,2.45%,21,15.56%,4.44%,4614,103,2.23%,19,18.45%,5.83%
Gembok Chrome Leher Panjang 50mm 60 mm Chrome Wilmer 3 Anak Kunci Pengunci Panjang Top Security,1730260512427902461,produk terjual ≥1,Aktif,Rp236.812,Rp0,Rp0,Rp0,Rp39.292,Rp0,Rp39.292,Rp118.120,Rp0,Rp0,Rp0,Rp56.792,Rp22.624,Rp34.168,Rp79.400,12,12,12,12,Rp19.734,5123,148,2.89%,19,12.84%,8.11%,4478,128,2.86%,18,14.06%,9.38%,Rp236.812,Rp0,Rp359.817,Rp111.356,Rp0,0,0,3245,102,87,10,3.14%,9.80%,Rp199.062,10,Rp0,Rp0,Rp0,0,0,0,0,0,0,0,0,Rp0,0,0,0,0.00%,0,0.00%,0.00%,0,0,0.00%,0,0.00%,0.00%,Rp39.292,Rp0,Rp39.292,2,2,0,2,2,0,2,2,Rp19.646,0,3,0,0.00%,0,0.00%,0.00%,3,0,0.00%,0,0.00%,0.00%,Rp118.120,Rp0,Rp0,Rp0,Rp56.792,Rp22.624,Rp34.168,6,6,6,6,Rp19.687,3,0,3,691,23,3.33%,1,4.35%,26.09%,604,21,3.48%,1,4.76%,28.57%,0,0,0.00%,0,0.00%,0.00%,0,0,0.00%,0,0.00%,0.00%,657,23,3.50%,1,4.35%,13.04%,587,21,3.58%,1,4.76%,14.29%,Rp79.400,Rp79.400,Rp0,4,4,4,0,4,4,0,4,Rp19.850,4430,125,2.82%,18,14.40%,3.20%,3825,106,2.77%,17,16.04%,3.77%
Switch Saklar Skakel On Off Circle Gergaji Circular Saw Maktec Makita MT580 MT583 5800 2600,1730748435385517565,produk terjual ≥1,Aktif,Rp236.635,Rp0,Rp0,Rp0,Rp11.231,Rp0,Rp11.231,Rp61.201,Rp0,Rp0,Rp0,Rp0,Rp0,Rp0,Rp164.203,15,15,16,15,Rp15.776,4862,125,2.57%,7,5.60%,12.00%,4063,97,2.39%,7,7.22%,15.46%,Rp236.635,Rp0,Rp490.955,Rp298.500,Rp0,0,0,3594,99,75,13,2.75%,13.13%,Rp204.164,13,Rp0,Rp0,Rp0,0,0,0,0,0,0,0,0,Rp0,1,28,1,3.57%,0,0.00%,0.00%,27,1,3.70%,0,0.00%,0.00%,Rp11.231,Rp0,Rp11.231,1,1,0,1,1,0,1,1,Rp11.231,0,1,0,0.00%,0,0.00%,0.00%,1,0,0.00%,0,0.00%,0.00%,Rp61.201,Rp0,Rp0,Rp0,Rp0,Rp0,Rp0,4,4,4,4,Rp15.300,0,0,0,1,0,0.00%,0,0.00%,0.00%,0,0,0.00%,0,0.00%,0.00%,0,0,0.00%,0,0.00%,0.00%,0,0,0.00%,0,0.00%,0.00%,0,0,0.00%,0,0.00%,0.00%,0,0,0.00%,0,0.00%,0.00%,Rp164.203,Rp164.203,Rp0,10,10,10,0,11,11,0,10,Rp16.420,4831,124,2.57%,7,5.65%,8.06%,3998,95,2.38%,7,7.37%,10.53%
Mata Bor BESI Set 25PCS Jason HSS 1-13mm | Drill Bit Set Box Besi Kuat,1732217452214715901,produk terjual ≥1,Aktif,Rp234.421,Rp0,Rp0,Rp0,Rp0,Rp0,Rp0,Rp234.421,Rp0,Rp0,Rp0,Rp0,Rp0,Rp0,Rp0,1,1,1,1,Rp234.421,2757,85,3.08%,3,3.53%,1.18%,2392,72,3.01%,3,4.17%,1.39%,Rp234.421,Rp0,Rp269.621,Rp20.500,Rp0,0,0,858,34,30,1,3.96%,2.94%,Rp234.421,1,Rp0,Rp0,Rp0,0,0,0,0,0,0,0,0,Rp0,23,1221,24,1.97%,0,0.00%,0.00%,1036,18,1.74%,0,0.00%,0.00%,Rp0,Rp0,Rp0,0,0,0,0,0,0,0,0,Rp0,0,4,0,0.00%,0,0.00%,0.00%,3,0,0.00%,0,0.00%,0.00%,Rp234.421,Rp0,Rp0,Rp0,Rp0,Rp0,Rp0,1,1,1,1,Rp234.421,0,0,0,191,7,3.66%,0,0.00%,14.29%,145,7,4.83%,0,0.00%,14.29%,0,0,0.00%,0,0.00%,0.00%,0,0,0.00%,0,0.00%,0.00%,137,7,5.11%,0,0.00%,0.00%,97,7,7.22%,0,0.00%,0.00%,Rp0,Rp0,Rp0,0,0,0,0,0,0,0,0,Rp0,1341,54,4.03%,3,5.56%,0.00%,1201,48,4.00%,3,6.25%,0.00%
Gemuk Grease Gun Coupler oil nozzle High Pressure Grease Gun Pistol Gemuk Quick Release Alat Kepala Pompa Grease Gun Grease Coupler Heavy Duty Kunci Ganda,1732911857175135741,produk terjual ≥1,Aktif,Rp230.962,Rp0,Rp0,Rp0,Rp25.326,Rp0,Rp25.326,Rp180.086,Rp0,Rp0,Rp0,Rp153.826,Rp153.826,Rp0,Rp25.550,9,9,9,9,Rp25.662,6426,177,2.75%,9,5.08%,5.08%,5649,143,2.53%,8,5.59%,6.29%,Rp230.962,Rp0,Rp361.112,Rp127.800,Rp55.550,2,2,2691,40,37,1,1.49%,2.50%,Rp25.550,1,Rp0,Rp0,Rp0,0,0,0,0,0,0,0,0,Rp0,1,83,4,4.82%,0,0.00%,0.00%,76,2,2.63%,0,0.00%,0.00%,Rp25.326,Rp0,Rp25.326,1,1,0,1,1,0,1,1,Rp25.326,1,32,3,9.38%,0,0.00%,33.33%,21,2,9.52%,0,0.00%,50.00%,Rp180.086,Rp0,Rp0,Rp0,Rp153.826,Rp153.826,Rp0,7,7,7,7,Rp25.727,5,1,4,2199,94,4.27%,3,3.19%,7.45%,1787,65,3.64%,3,4.62%,10.77%,90,5,5.56%,0,0.00%,0.00%,78,4,5.13%,0,0.00%,0.00%,2022,86,4.25%,3,3.49%,6.98%,1651,60,3.63%,3,5.00%,10.00%,Rp25.550,Rp25.550,Rp0,1,1,1,0,1,1,0,1,Rp25.550,4109,74,1.80%,6,8.11%,1.35%,3632,68,1.87%,5,7.35%,1.47%
Penggaris Meteran Laser Waterpass Laser 250 CM/ 8 FT Laser Level Pro 3 TOPMAX,1732122476491212285,GMV & produk terjual = 0,Aktif,Rp227.550,Rp0,Rp0,Rp0,Rp0,Rp0,Rp0,Rp118.345,Rp0,Rp0,Rp0,Rp118.345,Rp0,Rp118.345,Rp109.205,4,4,4,4,Rp56.888,4133,96,2.32%,11,11.46%,4.17%,3651,85,2.33%,11,12.94%,4.71%,Rp227.550,Rp0,Rp261.376,Rp22.645,Rp62.041,1,1,2519,68,57,3,2.70%,4.41%,Rp171.976,3,Rp0,Rp0,Rp0,0,0,0,0,0,0,0,0,Rp0,1,2,0,0.00%,0,0.00%,0.00%,2,0,0.00%,0,0.00%,0.00%,Rp0,Rp0,Rp0,0,0,0,0,0,0,0,0,Rp0,0,372,14,3.76%,1,7.14%,0.00%,331,13,3.93%,1,7.69%,0.00%,Rp118.345,Rp0,Rp0,Rp0,Rp118.345,Rp0,Rp118.345,2,2,2,2,Rp59.172,2,2,0,529,11,2.08%,0,0.00%,18.18%,495,9,1.82%,0,0.00%,22.22%,58,0,0.00%,0,0.00%,0.00%,55,0,0.00%,0,0.00%,0.00%,452,11,2.43%,0,0.00%,18.18%,422,9,2.13%,0,0.00%,22.22%,Rp109.205,Rp109.205,Rp0,2,2,2,0,2,2,0,2,Rp54.602,3231,71,2.20%,10,14.08%,2.82%,2782,63,2.26%,10,15.87%,3.17%
PAKET LENGKAP MESIN GERINDA 400W KAIROS KA-850-AG MESIN GERINDA POTONG GERINDA POLES GERINDA LISTRIK HARGA TERMURAHHH,1729948475989592573,GMV & produk terjual = 0,Aktif,Rp227.448,Rp0,Rp0,Rp0,Rp0,Rp0,Rp0,Rp0,Rp0,Rp0,Rp0,Rp0,Rp0,Rp0,Rp227.448,1,1,1,1,Rp227.448,15162,514,3.39%,0,0.00%,0.19%,12626,453,3.59%,0,0.00%,0.22%,Rp227.448,Rp0,Rp281.448,Rp54.000,Rp458.524,2,2,110,3,3,0,2.73%,0.00%,Rp0,0,Rp0,Rp0,Rp0,0,0,0,0,0,0,0,0,Rp0,0,1,0,0.00%,0,0.00%,0.00%,1,0,0.00%,0,0.00%,0.00%,Rp0,Rp0,Rp0,0,0,0,0,0,0,0,0,Rp0,0,599,38,6.34%,0,0.00%,0.00%,532,32,6.02%,0,0.00%,0.00%,Rp0,Rp0,Rp0,Rp0,Rp0,Rp0,Rp0,0,0,0,0,Rp0,1,0,1,14373,471,3.28%,0,0.00%,0.00%,12058,417,3.46%,0,0.00%,0.00%,0,0,0.00%,0,0.00%,0.00%,0,0,0.00%,0,0.00%,0.00%,14356,470,3.27%,0,0.00%,0.00%,12049,416,3.45%,0,0.00%,0.00%,Rp227.448,Rp227.448,Rp0,1,1,1,0,1,1,0,1,Rp227.448,189,5,2.65%,0,0.00%,20.00%,168,5,2.98%,0,0.00%,20.00%
Obeng Gagang Karet Panjang / Pendek S2 Magnet (+)(-) / Rubber Handle Screwdriver,1729565458909267453,produk terjual ≥1,Aktif,Rp225.739,Rp0,Rp0,Rp0,Rp117.231,Rp45.612,Rp71.619,Rp35.004,Rp0,Rp0,Rp0,Rp0,Rp0,Rp0,Rp73.504,8,9,10,8,Rp25.082,5870,248,4.22%,16,6.45%,3.63%,5061,207,4.09%,11,5.31%,3.86%,Rp225.739,Rp0,Rp290.527,Rp70.897,Rp45.795,2,1,4426,188,157,5,4.25%,3.19%,Rp145.123,6,Rp0,Rp0,Rp0,0,0,0,0,0,0,0,0,Rp0,0,0,0,0.00%,0,0.00%,0.00%,0,0,0.00%,0,0.00%,0.00%,Rp117.231,Rp45.612,Rp71.619,4,5,2,3,5,2,3,4,Rp23.446,0,216,24,11.11%,0,0.00%,20.83%,170,16,9.41%,0,0.00%,25.00%,Rp35.004,Rp0,Rp0,Rp0,Rp0,Rp0,Rp0,1,1,2,1,Rp35.004,1,0,1,415,19,4.58%,0,0.00%,5.26%,321,17,5.30%,0,0.00%,5.88%,0,0,0.00%,0,0.00%,0.00%,0,0,0.00%,0,0.00%,0.00%,312,15,4.81%,0,0.00%,0.00%,278,14,5.04%,0,0.00%,0.00%,Rp73.504,Rp73.504,Rp0,3,3,3,0,3,3,0,3,Rp24.501,5239,205,3.91%,16,7.80%,1.46%,4561,174,3.81%,11,6.32%,1.72%
YUKIDO WILMER GERGAJI KAYU GG FIBER 18 IN / GOROK KAYU GERGAJI BELAH POTONG KAYU 18,1729881542670322173,produk terjual ≥1,Aktif,Rp223.378,Rp0,Rp0,Rp0,Rp32.320,Rp32.320,Rp0,Rp97.595,Rp0,Rp0,Rp0,Rp97.595,Rp97.595,Rp0,Rp93.463,6,6,7,6,Rp37.230,6989,259,3.71%,9,3.47%,2.32%,5761,218,3.78%,9,4.13%,2.75%,Rp223.378,Rp0,Rp339.984,Rp114.126,Rp32.825,1,1,4088,119,102,3,2.91%,2.52%,Rp93.709,3,Rp0,Rp0,Rp0,0,0,0,0,0,0,0,0,Rp0,0,1,0,0.00%,0,0.00%,0.00%,1,0,0.00%,0,0.00%,0.00%,Rp32.320,Rp32.320,Rp0,1,1,1,0,1,1,0,1,Rp32.320,1,315,15,4.76%,0,0.00%,6.67%,247,10,4.05%,0,0.00%,10.00%,Rp97.595,Rp0,Rp0,Rp0,Rp97.595,Rp97.595,Rp0,2,2,3,2,Rp48.798,4,2,2,2550,136,5.33%,2,1.47%,1.47%,1989,115,5.78%,2,1.74%,1.74%,14,1,7.14%,0,0.00%,0.00%,13,1,7.69%,0,0.00%,0.00%,2248,133,5.92%,2,1.50%,1.50%,1770,112,6.33%,2,1.79%,1.79%,Rp93.463,Rp93.463,Rp0,3,3,3,0,3,3,0,3,Rp31.154,4123,108,2.62%,7,6.48%,2.78%,3577,94,2.63%,7,7.45%,3.19%
GROSIR FUJIYAMA Batu Poles Batu Asah 4 inch Batu gerinda Untuk Semua Merk Mesin Gerinda HARGA Termurah,1729703227330954749,GMV & produk terjual = 0,Aktif,Rp210.657,Rp0,Rp0,Rp0,Rp0,Rp0,Rp0,Rp0,Rp0,Rp0,Rp0,Rp0,Rp0,Rp0,Rp210.657,5,5,5,5,Rp42.131,1913,57,2.98%,10,17.54%,8.77%,1616,47,2.91%,10,21.28%,10.64%,Rp210.657,Rp0,Rp267.464,Rp86.509,Rp24.213,1,1,1076,39,33,4,3.62%,10.26%,Rp196.053,4,Rp0,Rp0,Rp0,0,0,0,0,0,0,0,0,Rp0,3,226,0,0.00%,0,0.00%,0.00%,198,0,0.00%,0,0.00%,0.00%,Rp0,Rp0,Rp0,0,0,0,0,0,0,0,0,Rp0,0,0,0,0.00%,0,0.00%,0.00%,0,0,0.00%,0,0.00%,0.00%,Rp0,Rp0,Rp0,Rp0,Rp0,Rp0,Rp0,0,0,0,0,Rp0,0,0,0,26,1,3.85%,0,0.00%,0.00%,5,1,20.00%,0,0.00%,0.00%,0,0,0.00%,0,0.00%,0.00%,0,0,0.00%,0,0.00%,0.00%,0,0,0.00%,0,0.00%,0.00%,0,0,0.00%,0,0.00%,0.00%,Rp210.657,Rp210.657,Rp0,5,5,5,0,5,5,0,5,Rp42.131,1661,56,3.37%,10,17.86%,8.93%,1415,46,3.25%,10,21.74%,10.87%
YUKIDO FEELER GAUGE ALAT PENGUKUR KETEBALAN KLEP MOTOR DAN MOBIL,1729681908455082493,produk terjual ≥1,Aktif,Rp210.182,Rp0,Rp0,Rp0,Rp0,Rp0,Rp0,Rp111.000,Rp0,Rp0,Rp0,Rp111.000,Rp0,Rp111.000,Rp99.182,3,3,6,3,Rp70.061,1733,37,2.14%,1,2.70%,8.11%,1532,35,2.28%,1,2.86%,8.57%,Rp210.182,Rp0,Rp257.071,Rp36.604,Rp0,0,0,811,8,8,1,0.99%,12.50%,Rp111.000,4,Rp0,Rp0,Rp0,0,0,0,0,0,0,0,0,Rp0,0,0,0,0.00%,0,0.00%,0.00%,0,0,0.00%,0,0.00%,0.00%,Rp0,Rp0,Rp0,0,0,0,0,0,0,0,0,Rp0,0,52,2,3.85%,0,0.00%,0.00%,46,2,4.35%,0,0.00%,0.00%,Rp111.000,Rp0,Rp0,Rp0,Rp111.000,Rp0,Rp111.000,1,1,4,1,Rp111.000,2,1,1,389,10,2.57%,0,0.00%,10.00%,326,10,3.07%,0,0.00%,10.00%,23,0,0.00%,0,0.00%,0.00%,21,0,0.00%,0,0.00%,0.00%,310,10,3.23%,0,0.00%,10.00%,265,10,3.77%,0,0.00%,10.00%,Rp99.182,Rp99.182,Rp0,2,2,2,0,2,2,0,2,Rp49.591,1291,25,1.94%,1,4.00%,8.00%,1151,23,2.00%,1,4.35%,8.70%
Inflator Tekipo terbaru tekiro  Atau Tire Inflator Atau Isian Angin Dan Pengukur Tekanan Angin Ban,1731610232062510589,GMV & produk terjual = 0,Aktif,Rp207.955,Rp0,Rp0,Rp0,Rp0,Rp0,Rp0,Rp207.955,Rp0,Rp0,Rp0,Rp0,Rp0,Rp0,Rp0,1,1,1,1,Rp207.955,1276,28,2.19%,1,3.57%,3.57%,1088,26,2.39%,1,3.85%,3.85%,Rp207.955,Rp0,Rp252.820,Rp56.923,Rp207.955,1,1,568,15,13,1,2.64%,6.67%,Rp207.955,1,Rp0,Rp0,Rp0,0,0,0,0,0,0,0,0,Rp0,0,0,0,0.00%,0,0.00%,0.00%,0,0,0.00%,0,0.00%,0.00%,Rp0,Rp0,Rp0,0,0,0,0,0,0,0,0,Rp0,0,4,0,0.00%,0,0.00%,0.00%,3,0,0.00%,0,0.00%,0.00%,Rp207.955,Rp0,Rp0,Rp0,Rp0,Rp0,Rp0,1,1,1,1,Rp207.955,3,3,1,238,2,0.84%,0,0.00%,50.00%,135,2,1.48%,0,0.00%,50.00%,126,1,0.79%,0,0.00%,0.00%,121,1,0.83%,0,0.00%,0.00%,94,0,0.00%,0,0.00%,0.00%,6,0,0.00%,0,0.00%,0.00%,Rp0,Rp0,Rp0,0,0,0,0,0,0,0,0,Rp0,1034,26,2.51%,1,3.85%,0.00%,937,24,2.56%,1,4.17%,0.00%
YUKIDO Dongkrak Botol 3 Ton Hidrolik Merah AB01-05 Hydraulic Bottle Jack Kapasitas 3 Ton untuk Mobil City Car Sedan MPV & SUV,1729650789063821821,GMV & produk terjual = 0,Aktif,Rp205.131,Rp0,Rp0,Rp0,Rp0,Rp0,Rp0,Rp0,Rp0,Rp0,Rp0,Rp0,Rp0,Rp0,Rp205.131,1,1,1,1,Rp205.131,1835,91,4.96%,5,5.49%,1.10%,1604,68,4.24%,4,5.88%,1.47%,Rp205.131,Rp0,Rp263.131,Rp44.000,Rp0,0,0,1067,62,47,1,5.81%,1.61%,Rp205.131,1,Rp0,Rp0,Rp0,0,0,0,0,0,0,0,0,Rp0,9,265,3,1.13%,0,0.00%,0.00%,236,3,1.27%,0,0.00%,0.00%,Rp0,Rp0,Rp0,0,0,0,0,0,0,0,0,Rp0,0,3,0,0.00%,0,0.00%,0.00%,2,0,0.00%,0,0.00%,0.00%,Rp0,Rp0,Rp0,Rp0,Rp0,Rp0,Rp0,0,0,0,0,Rp0,0,0,0,43,3,6.98%,0,0.00%,0.00%,25,1,4.00%,0,0.00%,0.00%,0,0,0.00%,0,0.00%,0.00%,0,0,0.00%,0,0.00%,0.00%,8,0,0.00%,0,0.00%,0.00%,7,0,0.00%,0,0.00%,0.00%,Rp205.131,Rp205.131,Rp0,1,1,1,0,1,1,0,1,Rp205.131,1524,85,5.58%,5,5.88%,1.18%,1338,65,4.86%,4,6.15%,1.54%
"Flange Inner Outer Gerinda || Kunci Mur Baut Gerinda 4"" MAKTEC",1732901091977168381,produk terjual ≥1,Aktif,Rp201.574,Rp0,Rp0,Rp0,Rp93.115,Rp56.560,Rp36.555,Rp63.992,Rp0,Rp0,Rp0,Rp0,Rp0,Rp0,Rp44.467,23,23,26,23,Rp8.764,8459,190,2.25%,13,6.84%,12.11%,7262,164,2.26%,11,6.71%,14.02%,Rp201.574,Rp0,Rp395.889,Rp221.620,Rp28.630,4,3,4671,116,97,18,2.48%,15.52%,Rp149.071,20,Rp0,Rp0,Rp0,0,0,0,0,0,0,0,0,Rp0,0,0,0,0.00%,0,0.00%,0.00%,0,0,0.00%,0,0.00%,0.00%,Rp93.115,Rp56.560,Rp36.555,10,10,7,3,11,7,4,10,Rp9.312,1,1185,36,3.04%,0,0.00%,27.78%,837,29,3.46%,0,0.00%,34.48%,Rp63.992,Rp0,Rp0,Rp0,Rp0,Rp0,Rp0,7,7,9,7,Rp9.142,13,13,0,458,0,0.00%,0,0.00%,0.00%,438,0,0.00%,0,0.00%,0.00%,434,0,0.00%,0,0.00%,0.00%,416,0,0.00%,0,0.00%,0.00%,0,0,0.00%,0,0.00%,0.00%,0,0,0.00%,0,0.00%,0.00%,Rp44.467,Rp44.467,Rp0,6,6,6,0,6,6,0,6,Rp7.411,6815,154,2.26%,13,8.44%,3.90%,5809,132,2.27%,11,8.33%,4.55%
Set 2 Obeng Plus Minus Magnet Besi Kecil 12 Inch Obeng Setting Motor Obeng Radio,1729884829900900861,GMV & produk terjual = 0,Aktif,Rp201.032,Rp0,Rp0,Rp0,Rp141.547,Rp141.547,Rp0,Rp0,Rp0,Rp0,Rp0,Rp0,Rp0,Rp0,Rp59.485,6,6,6,6,Rp33.505,5163,173,3.35%,9,5.20%,3.47%,4298,152,3.54%,9,5.92%,3.95%,Rp201.032,Rp0,Rp292.338,Rp104.500,Rp60.258,2,2,2645,99,83,6,3.74%,6.06%,Rp201.032,6,Rp0,Rp0,Rp0,0,0,0,0,0,0,0,0,Rp0,0,3,0,0.00%,0,0.00%,0.00%,3,0,0.00%,0,0.00%,0.00%,Rp141.547,Rp141.547,Rp0,4,4,4,0,4,4,0,4,Rp35.387,0,1016,65,6.40%,2,3.08%,6.15%,851,50,5.88%,2,4.00%,8.00%,Rp0,Rp0,Rp0,Rp0,Rp0,Rp0,Rp0,0,0,0,0,Rp0,10,9,3,1811,52,2.87%,2,3.85%,0.00%,1387,51,3.68%,2,3.92%,0.00%,360,1,0.28%,1,100.00%,0.00%,313,1,0.32%,1,100.00%,0.00%,1393,50,3.59%,1,2.00%,0.00%,1033,49,4.74%,1,2.04%,0.00%,Rp59.485,Rp59.485,Rp0,2,2,2,0,2,2,0,2,Rp29.742,2332,56,2.40%,5,8.93%,3.57%,2094,52,2.48%,5,9.62%,3.85%
Fixit Level Pro 3 Penggaris Laser Waterpass Meteran Laser 250 Cm,1733078991019804157,GMV & produk terjual = 0,Aktif,Rp200.043,Rp61.500,Rp61.500,Rp0,Rp0,Rp0,Rp0,Rp0,Rp0,Rp0,Rp0,Rp0,Rp0,Rp0,Rp138.543,3,3,3,3,Rp66.681,2543,39,1.53%,4,10.26%,7.69%,2257,32,1.42%,4,12.50%,9.38%,Rp200.043,Rp0,Rp258.955,Rp68.312,Rp73.225,1,1,1130,17,15,2,1.50%,11.76%,Rp138.543,2,Rp61.500,Rp61.500,Rp0,1,1,1,0,1,1,0,1,Rp61.500,20,743,10,1.35%,1,10.00%,10.00%,658,6,0.91%,1,16.67%,16.67%,Rp0,Rp0,Rp0,0,0,0,0,0,0,0,0,Rp0,0,1,0,0.00%,0,0.00%,0.00%,1,0,0.00%,0,0.00%,0.00%,Rp0,Rp0,Rp0,Rp0,Rp0,Rp0,Rp0,0,0,0,0,Rp0,1,2,0,23,0,0.00%,0,0.00%,0.00%,21,0,0.00%,0,0.00%,0.00%,21,0,0.00%,0,0.00%,0.00%,19,0,0.00%,0,0.00%,0.00%,1,0,0.00%,0,0.00%,0.00%,1,0,0.00%,0,0.00%,0.00%,Rp138.543,Rp138.543,Rp0,2,2,2,0,2,2,0,2,Rp69.272,1776,29,1.63%,3,10.34%,6.90%,1562,26,1.66%,3,11.54%,7.69%
Karet Seal O Ring HNBR  225 Pcs - Rubber O Ring Seal Tightening + Boc,1729650304084576765,GMV & produk terjual = 0,Aktif,Rp199.185,Rp0,Rp0,Rp0,Rp0,Rp0,Rp0,Rp65.044,Rp0,Rp0,Rp0,Rp0,Rp0,Rp0,Rp134.141,6,6,6,6,Rp33.198,9195,139,1.51%,13,9.35%,4.32%,8071,119,1.47%,11,9.24%,5.04%,Rp199.185,Rp0,Rp313.089,Rp132.085,Rp27.031,1,1,6912,75,70,6,1.09%,8.00%,Rp199.185,6,Rp0,Rp0,Rp0,0,0,0,0,0,0,0,0,Rp0,1,17,1,5.88%,0,0.00%,0.00%,16,1,6.25%,0,0.00%,0.00%,Rp0,Rp0,Rp0,0,0,0,0,0,0,0,0,Rp0,0,9,0,0.00%,0,0.00%,0.00%,9,0,0.00%,0,0.00%,0.00%,Rp65.044,Rp0,Rp0,Rp0,Rp0,Rp0,Rp0,2,2,2,2,Rp32.522,3,2,2,348,22,6.32%,0,0.00%,9.09%,246,17,6.91%,0,0.00%,11.76%,17,0,0.00%,0,0.00%,0.00%,15,0,0.00%,0,0.00%,0.00%,240,18,7.50%,0,0.00%,0.00%,214,16,7.48%,0,0.00%,0.00%,Rp134.141,Rp134.141,Rp0,4,4,4,0,4,4,0,4,Rp33.535,8821,116,1.32%,13,11.21%,3.45%,7801,101,1.29%,11,10.89%,3.96%
Tire Inflator TG-3 Alat Pengukur Tekanan Pompa Angin Ban Kompresor Car 3 Fungsi Fleksibel 0-220 PSI dengan Selang dan Karet Pelindung,1729641267608062461,produk terjual ≥1,Aktif,Rp198.818,Rp0,Rp0,Rp0,Rp68.326,Rp68.326,Rp0,Rp130.492,Rp0,Rp0,Rp0,Rp130.492,Rp130.492,Rp0,Rp0,3,3,3,3,Rp66.273,3550,66,1.86%,3,4.55%,4.55%,3135,55,1.75%,3,5.45%,5.45%,Rp198.818,Rp0,Rp281.668,Rp80.500,Rp63.226,1,1,1615,37,32,2,2.29%,5.41%,Rp131.552,2,Rp0,Rp0,Rp0,0,0,0,0,0,0,0,0,Rp0,0,0,0,0.00%,0,0.00%,0.00%,0,0,0.00%,0,0.00%,0.00%,Rp68.326,Rp68.326,Rp0,1,1,1,0,1,1,0,1,Rp68.326,0,964,5,0.52%,0,0.00%,20.00%,879,5,0.57%,0,0.00%,20.00%,Rp130.492,Rp0,Rp0,Rp0,Rp130.492,Rp130.492,Rp0,2,2,2,2,Rp65.246,0,0,0,885,25,2.82%,1,4.00%,8.00%,742,18,2.43%,1,5.56%,11.11%,0,0,0.00%,0,0.00%,0.00%,0,0,0.00%,0,0.00%,0.00%,864,25,2.89%,1,4.00%,8.00%,723,18,2.49%,1,5.56%,11.11%,Rp0,Rp0,Rp0,0,0,0,0,0,0,0,0,Rp0,1701,36,2.12%,2,5.56%,0.00%,1543,32,2.07%,2,6.25%,0.00%
KUNCI RINGPAS RACHET SET 7 PCS BAHAN CR-V,1729747737747163645,GMV & produk terjual = 0,Aktif,Rp195.334,Rp0,Rp0,Rp0,Rp0,Rp0,Rp0,Rp0,Rp0,Rp0,Rp0,Rp0,Rp0,Rp0,Rp195.334,1,1,1,1,Rp195.334,512,17,3.32%,1,5.88%,5.88%,471,17,3.61%,1,5.88%,5.88%,Rp195.334,Rp0,Rp270.334,Rp80.000,Rp195.334,1,1,261,10,10,1,3.83%,10.00%,Rp195.334,1,Rp0,Rp0,Rp0,0,0,0,0,0,0,0,0,Rp0,0,0,0,0.00%,0,0.00%,0.00%,0,0,0.00%,0,0.00%,0.00%,Rp0,Rp0,Rp0,0,0,0,0,0,0,0,0,Rp0,0,0,0,0.00%,0,0.00%,0.00%,0,0,0.00%,0,0.00%,0.00%,Rp0,Rp0,Rp0,Rp0,Rp0,Rp0,Rp0,0,0,0,0,Rp0,0,0,0,76,1,1.32%,0,0.00%,0.00%,74,1,1.35%,0,0.00%,0.00%,0,0,0.00%,0,0.00%,0.00%,0,0,0.00%,0,0.00%,0.00%,72,1,1.39%,0,0.00%,0.00%,70,1,1.43%,0,0.00%,0.00%,Rp195.334,Rp195.334,Rp0,1,1,1,0,1,1,0,1,Rp195.334,436,16,3.67%,1,6.25%,6.25%,399,15,3.76%,1,6.67%,6.67%
"Wood carving disc mata gerinda chainsaw 4"" inch gergaji potong ukir / Chainsaw disc gerinda kayu potong ukir kikir",1729688112552969725,GMV & produk terjual = 0,Aktif,Rp194.425,Rp0,Rp0,Rp0,Rp141.400,Rp141.400,Rp0,Rp53.025,Rp0,Rp0,Rp0,Rp53.025,Rp53.025,Rp0,Rp0,4,4,5,4,Rp48.606,3634,121,3.33%,8,6.61%,3.31%,3142,101,3.21%,7,6.93%,3.96%,Rp194.425,Rp0,Rp289.425,Rp157.000,Rp0,0,0,2015,68,54,3,3.37%,4.41%,Rp168.165,4,Rp0,Rp0,Rp0,0,0,0,0,0,0,0,0,Rp0,0,0,0,0.00%,0,0.00%,0.00%,0,0,0.00%,0,0.00%,0.00%,Rp141.400,Rp141.400,Rp0,2,2,2,0,3,3,0,2,Rp70.700,0,629,35,5.56%,4,11.43%,5.71%,534,27,5.06%,3,11.11%,7.41%,Rp53.025,Rp0,Rp0,Rp0,Rp53.025,Rp53.025,Rp0,2,2,2,2,Rp26.512,0,0,0,339,15,4.42%,1,6.67%,13.33%,290,11,3.79%,1,9.09%,18.18%,0,0,0.00%,0,0.00%,0.00%,0,0,0.00%,0,0.00%,0.00%,323,15,4.64%,1,6.67%,13.33%,277,11,3.97%,1,9.09%,18.18%,Rp0,Rp0,Rp0,0,0,0,0,0,0,0,0,Rp0,2665,71,2.66%,3,4.23%,0.00%,2351,63,2.68%,3,4.76%,0.00%
NEPEL SANCHIN 14 MM X 9 MM KONEKTOR DRAT LUAR M14 STICK SPRAYER GUN 20/28/30/35/40/45 CM SELANG SANCIN NIPPLE HIGH PRESSURE,1730340250471597565,produk terjual ≥1,Aktif,Rp192.257,Rp0,Rp0,Rp0,Rp42.014,Rp31.005,Rp11.009,Rp11.009,Rp0,Rp0,Rp0,Rp0,Rp0,Rp0,Rp139.234,13,13,15,11,Rp14.789,7404,300,4.05%,17,5.67%,4.33%,5758,242,4.20%,14,5.79%,4.55%,Rp192.257,Rp0,Rp316.257,Rp153.000,Rp71.902,5,5,4720,194,151,6,4.11%,4.12%,Rp127.139,9,Rp0,Rp0,Rp0,0,0,0,0,0,0,0,0,Rp0,0,0,0,0.00%,0,0.00%,0.00%,0,0,0.00%,0,0.00%,0.00%,Rp42.014,Rp31.005,Rp11.009,3,3,2,1,3,2,1,3,Rp14.005,0,0,0,0.00%,0,0.00%,0.00%,0,0,0.00%,0,0.00%,0.00%,Rp11.009,Rp0,Rp0,Rp0,Rp0,Rp0,Rp0,1,1,1,1,Rp11.009,0,0,0,1855,75,4.04%,6,8.00%,1.33%,1416,53,3.74%,5,9.43%,1.89%,0,0,0.00%,0,0.00%,0.00%,0,0,0.00%,0,0.00%,0.00%,1817,75,4.13%,6,8.00%,0.00%,1383,53,3.83%,5,9.43%,0.00%,Rp139.234,Rp139.234,Rp0,9,9,9,0,11,11,0,7,Rp15.470,5547,225,4.06%,11,4.89%,4.00%,4514,192,4.25%,9,4.69%,3.65%
Tang Snap Ring 2-in-1 Lurus Buka Tutup 10-40mm 2 Fungsi Japan Technology Alat Handal Tinggi Kualitas Tinggi AB346-503,1729857326181485053,GMV & produk terjual = 0,Aktif,Rp191.660,Rp0,Rp0,Rp0,Rp0,Rp0,Rp0,Rp17.216,Rp0,Rp0,Rp0,Rp0,Rp0,Rp0,Rp174.444,9,9,10,9,Rp21.296,1840,63,3.42%,8,12.70%,14.29%,1477,50,3.39%,8,16.00%,18.00%,Rp191.660,Rp0,Rp331.059,Rp146.000,Rp0,0,0,1470,49,39,9,3.33%,18.37%,Rp191.660,10,Rp0,Rp0,Rp0,0,0,0,0,0,0,0,0,Rp0,0,0,0,0.00%,0,0.00%,0.00%,0,0,0.00%,0,0.00%,0.00%,Rp0,Rp0,Rp0,0,0,0,0,0,0,0,0,Rp0,0,0,0,0.00%,0,0.00%,0.00%,0,0,0.00%,0,0.00%,0.00%,Rp17.216,Rp0,Rp0,Rp0,Rp0,Rp0,Rp0,1,1,1,1,Rp17.216,0,0,0,25,2,8.00%,0,0.00%,50.00%,6,2,33.33%,0,0.00%,50.00%,0,0,0.00%,0,0.00%,0.00%,0,0,0.00%,0,0.00%,0.00%,0,0,0.00%,0,0.00%,0.00%,0,0,0.00%,0,0.00%,0.00%,Rp174.444,Rp174.444,Rp0,8,8,8,0,9,9,0,8,Rp21.806,1815,61,3.36%,8,13.11%,13.11%,1473,49,3.33%,8,16.33%,16.33%
NEW PRODUK!!! Mata Bor Kayu Spiral Panjang Auger Wood Bit Drill Fujiyama 6mm-8mm - 10mm - 12mm - 16mm,1729668952744822269,produk terjual ≥1,Aktif,Rp189.203,Rp0,Rp0,Rp0,Rp0,Rp0,Rp0,Rp44.109,Rp0,Rp0,Rp0,Rp0,Rp0,Rp0,Rp145.094,5,5,9,5,Rp37.841,3837,237,6.18%,9,3.80%,2.11%,3174,192,6.05%,7,3.65%,2.60%,Rp189.203,Rp0,Rp423.977,Rp216.200,Rp70.423,3,3,2668,180,146,5,6.75%,2.78%,Rp189.203,9,Rp0,Rp0,Rp0,0,0,0,0,0,0,0,0,Rp0,1,14,3,21.43%,0,0.00%,0.00%,9,2,22.22%,0,0.00%,0.00%,Rp0,Rp0,Rp0,0,0,0,0,0,0,0,0,Rp0,0,1,0,0.00%,0,0.00%,0.00%,1,0,0.00%,0,0.00%,0.00%,Rp44.109,Rp0,Rp0,Rp0,Rp0,Rp0,Rp0,2,2,2,2,Rp22.054,2,2,0,190,2,1.05%,0,0.00%,100.00%,135,2,1.48%,0,0.00%,100.00%,114,1,0.88%,0,0.00%,0.00%,75,1,1.33%,0,0.00%,0.00%,0,0,0.00%,0,0.00%,0.00%,0,0,0.00%,0,0.00%,0.00%,Rp145.094,Rp145.094,Rp0,3,3,3,0,7,7,0,3,Rp48.365,3633,232,6.39%,9,3.88%,1.29%,3006,187,6.22%,7,3.74%,1.60%
PAKET GERGAJI 3ITEM PAKET HEMAT ALAT TUKANG HARGA TERMURAH,1730341043504580093,GMV & produk terjual = 0,Aktif,Rp188.887,Rp0,Rp0,Rp0,Rp0,Rp0,Rp0,Rp0,Rp0,Rp0,Rp0,Rp0,Rp0,Rp0,Rp188.887,2,2,2,2,Rp94.444,2581,71,2.75%,1,1.41%,2.82%,1999,57,2.85%,1,1.75%,3.51%,Rp188.887,Rp0,Rp256.951,Rp102.500,Rp188.887,2,2,1975,49,40,1,2.48%,2.04%,Rp72.636,1,Rp0,Rp0,Rp0,0,0,0,0,0,0,0,0,Rp0,0,0,0,0.00%,0,0.00%,0.00%,0,0,0.00%,0,0.00%,0.00%,Rp0,Rp0,Rp0,0,0,0,0,0,0,0,0,Rp0,0,1,0,0.00%,0,0.00%,0.00%,1,0,0.00%,0,0.00%,0.00%,Rp0,Rp0,Rp0,Rp0,Rp0,Rp0,Rp0,0,0,0,0,Rp0,0,0,0,4,0,0.00%,0,0.00%,0.00%,4,0,0.00%,0,0.00%,0.00%,0,0,0.00%,0,0.00%,0.00%,0,0,0.00%,0,0.00%,0.00%,0,0,0.00%,0,0.00%,0.00%,0,0,0.00%,0,0.00%,0.00%,Rp188.887,Rp188.887,Rp0,2,2,2,0,2,2,0,2,Rp94.444,2576,71,2.76%,1,1.41%,2.82%,1994,57,2.86%,1,1.75%,3.51%
Kapasitor CB61 Kotak Putih 1.5 uF 4 uF 6 uF - Capasitor CB61 Run 450V AC MIKRO 450 VOLT | CAPASITOR POMPA AIR,1734165810951456253,GMV & produk terjual = 0,Aktif,Rp188.014,Rp0,Rp0,Rp0,Rp0,Rp0,Rp0,Rp39.491,Rp0,Rp0,Rp0,Rp0,Rp0,Rp0,Rp148.523,5,5,10,4,Rp37.603,3134,87,2.78%,1,1.15%,5.75%,2790,77,2.76%,1,1.30%,5.19%,Rp188.014,Rp0,Rp254.863,Rp114.827,Rp75.346,2,2,2429,62,56,2,2.55%,4.84%,Rp88.476,5,Rp0,Rp0,Rp0,0,0,0,0,0,0,0,0,Rp0,0,0,0,0.00%,0,0.00%,0.00%,0,0,0.00%,0,0.00%,0.00%,Rp0,Rp0,Rp0,0,0,0,0,0,0,0,0,Rp0,0,0,0,0.00%,0,0.00%,0.00%,0,0,0.00%,0,0.00%,0.00%,Rp39.491,Rp0,Rp0,Rp0,Rp0,Rp0,Rp0,1,1,1,1,Rp39.491,0,0,0,1,0,0.00%,0,0.00%,0.00%,1,0,0.00%,0,0.00%,0.00%,0,0,0.00%,0,0.00%,0.00%,0,0,0.00%,0,0.00%,0.00%,0,0,0.00%,0,0.00%,0.00%,0,0,0.00%,0,0.00%,0.00%,Rp148.523,Rp148.523,Rp0,4,4,4,0,9,9,0,3,Rp37.131,3132,87,2.78%,1,1.15%,4.60%,2762,75,2.72%,1,1.33%,4.00%
Paket Accesoris Las Tang Las 800A Tang Masa 500A Konektor Las Male dan Female - Untuk Mesin Las Welding Machine Stang Las Stang Massa,1732393237721613821,GMV & produk terjual = 0,Nonaktif,Rp186.204,Rp0,Rp0,Rp0,Rp78.704,Rp0,Rp78.704,Rp107.500,Rp0,Rp0,Rp0,Rp0,Rp0,Rp0,Rp0,2,2,2,2,Rp93.102,207,10,4.83%,0,0.00%,20.00%,180,9,5.00%,0,0.00%,22.22%,Rp186.204,Rp0,Rp267.679,Rp110.500,Rp0,0,0,116,7,6,2,6.03%,28.57%,Rp186.204,2,Rp0,Rp0,Rp0,0,0,0,0,0,0,0,0,Rp0,0,0,0,0.00%,0,0.00%,0.00%,0,0,0.00%,0,0.00%,0.00%,Rp78.704,Rp0,Rp78.704,1,1,0,1,1,0,1,1,Rp78.704,0,0,0,0.00%,0,0.00%,0.00%,0,0,0.00%,0,0.00%,0.00%,Rp107.500,Rp0,Rp0,Rp0,Rp0,Rp0,Rp0,1,1,1,1,Rp107.500,0,0,0,0,0,0.00%,0,0.00%,0.00%,0,0,0.00%,0,0.00%,0.00%,0,0,0.00%,0,0.00%,0.00%,0,0,0.00%,0,0.00%,0.00%,0,0,0.00%,0,0.00%,0.00%,0,0,0.00%,0,0.00%,0.00%,Rp0,Rp0,Rp0,0,0,0,0,0,0,0,0,Rp0,207,10,4.83%,0,0.00%,0.00%,180,9,5.00%,0,0.00%,0.00%
ORIGINAL!! FANBELT FAN BELT / V-BELT MESIN SERUT/KETAM/SUGU/PLANER FUJIYAMA,1733303481765234173,produk terjual ≥1,Aktif,Rp185.524,Rp0,Rp0,Rp0,Rp0,Rp0,Rp0,Rp34.845,Rp0,Rp0,Rp0,Rp0,Rp0,Rp0,Rp150.679,8,8,8,7,Rp23.190,925,47,5.08%,2,4.26%,17.02%,733,37,5.05%,2,5.41%,18.92%,Rp185.524,Rp0,Rp283.524,Rp148.000,Rp41.084,1,1,583,30,23,6,5.15%,23.33%,Rp168.354,7,Rp0,Rp0,Rp0,0,0,0,0,0,0,0,0,Rp0,0,1,0,0.00%,0,0.00%,0.00%,1,0,0.00%,0,0.00%,0.00%,Rp0,Rp0,Rp0,0,0,0,0,0,0,0,0,Rp0,0,0,0,0.00%,0,0.00%,0.00%,0,0,0.00%,0,0.00%,0.00%,Rp34.845,Rp0,Rp0,Rp0,Rp0,Rp0,Rp0,2,2,2,2,Rp17.422,1,0,1,124,2,1.61%,1,50.00%,100.00%,116,2,1.72%,1,50.00%,100.00%,0,0,0.00%,0,0.00%,0.00%,0,0,0.00%,0,0.00%,0.00%,115,2,1.74%,1,50.00%,0.00%,109,2,1.83%,1,50.00%,0.00%,Rp150.679,Rp150.679,Rp0,6,6,6,0,6,6,0,5,Rp25.113,800,45,5.63%,1,2.22%,13.33%,620,35,5.65%,1,2.86%,14.29%
"Gergaji kebun, gergaji penebangan kebun, gergaji ranting, gergaji ekor burung, gergaji bergigi halus kecil, gergaji tangan mini, baja mangan ekstra cepat.",1735865021766141437,produk terjual ≥1,Aktif,Rp183.463,Rp0,Rp0,Rp0,Rp0,Rp0,Rp0,Rp43.923,Rp0,Rp0,Rp0,Rp8.528,Rp0,Rp8.528,Rp139.540,8,8,8,8,Rp22.933,9593,183,1.91%,16,8.74%,4.37%,8506,159,1.87%,14,8.81%,5.03%,Rp183.463,Rp0,Rp236.933,Rp157.180,Rp0,0,0,4135,56,53,5,1.35%,8.93%,Rp140.119,5,Rp0,Rp0,Rp0,0,0,0,0,0,0,0,0,Rp0,12,532,2,0.38%,0,0.00%,0.00%,483,2,0.41%,0,0.00%,0.00%,Rp0,Rp0,Rp0,0,0,0,0,0,0,0,0,Rp0,1,123,12,9.76%,0,0.00%,0.00%,112,9,8.04%,0,0.00%,0.00%,Rp43.923,Rp0,Rp0,Rp0,Rp8.528,Rp0,Rp8.528,3,3,3,3,Rp14.641,13,8,7,1361,36,2.65%,1,2.78%,8.33%,1092,27,2.47%,1,3.70%,11.11%,431,10,2.32%,0,0.00%,0.00%,387,8,2.07%,0,0.00%,0.00%,705,21,2.98%,0,0.00%,4.76%,618,17,2.75%,0,0.00%,5.88%,Rp139.540,Rp139.540,Rp0,5,5,5,0,5,5,0,5,Rp27.908,7577,133,1.76%,15,11.28%,3.76%,6758,123,1.82%,13,10.57%,4.07%
"Engsel Salon 9"" Silver Sikutan Penahan Jendela Lipat 9 Inch Window Hinges Rush 7",1730838805476050429,GMV & produk terjual = 0,Aktif,Rp175.509,Rp0,Rp0,Rp0,Rp0,Rp0,Rp0,Rp49.894,Rp0,Rp0,Rp0,Rp0,Rp0,Rp0,Rp125.615,3,3,15,3,Rp58.503,2231,79,3.54%,0,0.00%,3.80%,1990,71,3.57%,0,0.00%,4.23%,Rp175.509,Rp0,Rp239.109,Rp54.000,Rp49.894,4,1,1675,55,50,1,3.28%,1.82%,Rp13.000,1,Rp0,Rp0,Rp0,0,0,0,0,0,0,0,0,Rp0,0,0,0,0.00%,0,0.00%,0.00%,0,0,0.00%,0,0.00%,0.00%,Rp0,Rp0,Rp0,0,0,0,0,0,0,0,0,Rp0,0,0,0,0.00%,0,0.00%,0.00%,0,0,0.00%,0,0.00%,0.00%,Rp49.894,Rp0,Rp0,Rp0,Rp0,Rp0,Rp0,1,1,4,1,Rp49.894,0,0,0,0,0,0.00%,0,0.00%,0.00%,0,0,0.00%,0,0.00%,0.00%,0,0,0.00%,0,0.00%,0.00%,0,0,0.00%,0,0.00%,0.00%,0,0,0.00%,0,0.00%,0.00%,0,0,0.00%,0,0.00%,0.00%,Rp125.615,Rp125.615,Rp0,2,2,2,0,11,11,0,2,Rp62.808,2231,79,3.54%,0,0.00%,2.53%,1990,71,3.57%,0,0.00%,2.82%
Mata Bor Twist Drill Multifungsi Bor Tembok Beton Keramik Kayu Besi 5 Pcs 6-12 mm,1729642999556377085,GMV & produk terjual = 0,Aktif,Rp174.375,Rp174.375,Rp174.375,Rp0,Rp0,Rp0,Rp0,Rp0,Rp0,Rp0,Rp0,Rp0,Rp0,Rp0,Rp0,2,2,2,1,Rp87.188,5897,111,1.88%,2,1.80%,1.80%,5010,101,2.02%,2,1.98%,0.99%,Rp174.375,Rp0,Rp258.300,Rp100.000,Rp0,0,0,1465,29,27,0,1.98%,0.00%,Rp0,0,Rp174.375,Rp174.375,Rp0,2,2,2,0,2,2,0,1,Rp87.188,63,1972,28,1.42%,0,0.00%,7.14%,1714,26,1.52%,0,0.00%,3.85%,Rp0,Rp0,Rp0,0,0,0,0,0,0,0,0,Rp0,0,262,7,2.67%,0,0.00%,0.00%,214,6,2.80%,0,0.00%,0.00%,Rp0,Rp0,Rp0,Rp0,Rp0,Rp0,Rp0,0,0,0,0,Rp0,1,0,1,105,0,0.00%,0,0.00%,0.00%,53,0,0.00%,0,0.00%,0.00%,0,0,0.00%,0,0.00%,0.00%,0,0,0.00%,0,0.00%,0.00%,47,0,0.00%,0,0.00%,0.00%,38,0,0.00%,0,0.00%,0.00%,Rp0,Rp0,Rp0,0,0,0,0,0,0,0,0,Rp0,3558,76,2.14%,2,2.63%,0.00%,2968,68,2.29%,2,2.94%,0.00%
Switch Saklar Dis Grenda Gerinda Gurinda belakang untuk Maktec MT90 dan lain lain,1729745040316073469,produk terjual ≥1,Aktif,Rp173.633,Rp0,Rp0,Rp0,Rp9.494,Rp0,Rp9.494,Rp64.017,Rp0,Rp0,Rp0,Rp0,Rp0,Rp0,Rp100.122,12,13,16,12,Rp13.356,6196,131,2.11%,12,9.16%,9.92%,5396,112,2.08%,11,9.82%,10.71%,Rp173.633,Rp0,Rp283.079,Rp112.585,Rp40.264,4,2,4025,82,68,7,2.04%,9.76%,Rp120.657,11,Rp0,Rp0,Rp0,0,0,0,0,0,0,0,0,Rp0,1,97,1,1.03%,0,0.00%,0.00%,86,1,1.16%,0,0.00%,0.00%,Rp9.494,Rp0,Rp9.494,1,1,0,1,1,0,1,1,Rp9.494,0,5,0,0.00%,0,0.00%,0.00%,5,0,0.00%,0,0.00%,0.00%,Rp64.017,Rp0,Rp0,Rp0,Rp0,Rp0,Rp0,5,5,7,5,Rp12.803,4,0,4,351,16,4.56%,1,6.25%,31.25%,318,15,4.72%,1,6.67%,33.33%,0,0,0.00%,0,0.00%,0.00%,0,0,0.00%,0,0.00%,0.00%,289,16,5.54%,1,6.25%,0.00%,275,15,5.45%,1,6.67%,0.00%,Rp100.122,Rp100.122,Rp0,6,7,7,0,8,8,0,6,Rp14.303,5743,114,1.99%,11,9.65%,6.14%,4963,95,1.91%,10,10.53%,6.32%
MESIN Gerinda Kairos gerinda listrik gerinda tangan 4inch Kusuka by fujiyama KG-90,1729758929642620413,GMV & produk terjual = 0,Aktif,Rp172.205,Rp0,Rp0,Rp0,Rp172.205,Rp172.205,Rp0,Rp0,Rp0,Rp0,Rp0,Rp0,Rp0,Rp0,Rp0,1,1,1,1,Rp172.205,3689,134,3.63%,7,5.22%,0.75%,3197,115,3.60%,7,6.09%,0.87%,Rp172.205,Rp0,Rp217.205,Rp30.000,Rp0,0,0,2343,84,69,1,3.59%,1.19%,Rp172.205,1,Rp0,Rp0,Rp0,0,0,0,0,0,0,0,0,Rp0,0,0,0,0.00%,0,0.00%,0.00%,0,0,0.00%,0,0.00%,0.00%,Rp172.205,Rp172.205,Rp0,1,1,1,0,1,1,0,1,Rp172.205,0,7,0,0.00%,0,0.00%,0.00%,6,0,0.00%,0,0.00%,0.00%,Rp0,Rp0,Rp0,Rp0,Rp0,Rp0,Rp0,0,0,0,0,Rp0,1,2,0,1728,63,3.65%,0,0.00%,0.00%,1483,52,3.51%,0,0.00%,0.00%,76,2,2.63%,0,0.00%,0.00%,61,2,3.28%,0,0.00%,0.00%,1589,59,3.71%,0,0.00%,0.00%,1362,48,3.52%,0,0.00%,0.00%,Rp0,Rp0,Rp0,0,0,0,0,0,0,0,0,Rp0,1954,71,3.63%,7,9.86%,0.00%,1758,66,3.75%,7,10.61%,0.00%
YUKIDO Mata Gerinda Potong 4''X1 -  (Satuan=1) Batu Gurinda Potong Besi 4 inch Cutting Wheel,1732065886480860669,produk terjual ≥1,Aktif,Rp171.713,Rp0,Rp0,Rp0,Rp10.194,Rp0,Rp10.194,Rp24.038,Rp0,Rp0,Rp0,Rp0,Rp0,Rp0,Rp137.481,9,9,47,9,Rp19.079,5013,92,1.84%,19,20.65%,9.78%,4363,65,1.49%,16,24.62%,13.85%,Rp171.713,Rp0,Rp212.529,Rp49.334,Rp27.385,5,1,2972,50,38,6,1.68%,12.00%,Rp97.124,28,Rp0,Rp0,Rp0,0,0,0,0,0,0,0,0,Rp0,0,0,0,0.00%,0,0.00%,0.00%,0,0,0.00%,0,0.00%,0.00%,Rp10.194,Rp0,Rp10.194,1,1,0,1,3,0,3,1,Rp10.194,0,0,0,0.00%,0,0.00%,0.00%,0,0,0.00%,0,0.00%,0.00%,Rp24.038,Rp0,Rp0,Rp0,Rp0,Rp0,Rp0,2,2,7,2,Rp12.019,0,0,0,18,1,5.56%,1,100.00%,200.00%,14,1,7.14%,1,100.00%,200.00%,0,0,0.00%,0,0.00%,0.00%,0,0,0.00%,0,0.00%,0.00%,1,0,0.00%,0,0.00%,0.00%,1,0,0.00%,0,0.00%,0.00%,Rp137.481,Rp137.481,Rp0,6,6,6,0,37,37,0,6,Rp22.914,4995,91,1.82%,18,19.78%,6.59%,4312,64,1.48%,15,23.44%,9.38%
Wilmer Sendok Semen Lancip Tukang Gagang Kayu Cetok Steel 6 - 8 Inch Tebal Kokoh Pegangan Kayu Plat Besi Tahan Lama,1729782863203632637,produk terjual ≥1,Aktif,Rp169.745,Rp0,Rp0,Rp0,Rp87.908,Rp55.454,Rp32.454,Rp36.360,Rp0,Rp0,Rp0,Rp23.735,Rp23.735,Rp0,Rp45.477,12,13,13,12,Rp13.057,8344,196,2.35%,10,5.10%,6.63%,6578,153,2.33%,7,4.58%,7.84%,Rp169.745,Rp0,Rp247.369,Rp109.281,Rp25.037,2,2,4552,122,96,10,2.68%,8.20%,Rp134.492,10,Rp0,Rp0,Rp0,0,0,0,0,0,0,0,0,Rp0,1,114,4,3.51%,0,0.00%,0.00%,85,3,3.53%,0,0.00%,0.00%,Rp87.908,Rp55.454,Rp32.454,6,6,4,2,6,4,2,6,Rp14.651,1,2462,78,3.17%,0,0.00%,7.69%,1554,53,3.41%,0,0.00%,11.32%,Rp36.360,Rp0,Rp0,Rp0,Rp23.735,Rp23.735,Rp0,2,3,3,2,Rp12.120,2,0,2,613,13,2.12%,2,15.38%,23.08%,6,0,0.00%,0,0.00%,0.00%,0,0,0.00%,0,0.00%,0.00%,0,0,0.00%,0,0.00%,0.00%,609,13,2.13%,2,15.38%,15.38%,1,0,0.00%,0,0.00%,0.00%,Rp45.477,Rp45.477,Rp0,4,4,4,0,4,4,0,4,Rp11.369,5153,101,1.96%,8,7.92%,3.96%,4411,84,1.90%,7,8.33%,4.76%
(1 PC) FUJIYAMA Batu Asah Planer TCT Sharpening Stone Kotak 82mm | SJ ABADIE |,1733180722072028669,produk terjual ≥1,Aktif,Rp169.353,Rp0,Rp0,Rp0,Rp0,Rp0,Rp0,Rp0,Rp0,Rp0,Rp0,Rp0,Rp0,Rp0,Rp169.353,2,2,2,2,Rp84.676,952,16,1.68%,0,0.00%,12.50%,877,15,1.71%,0,0.00%,13.33%,Rp169.353,Rp0,Rp205.281,Rp35.928,Rp0,0,0,633,6,6,1,0.95%,16.67%,Rp85.042,1,Rp0,Rp0,Rp0,0,0,0,0,0,0,0,0,Rp0,0,0,0,0.00%,0,0.00%,0.00%,0,0,0.00%,0,0.00%,0.00%,Rp0,Rp0,Rp0,0,0,0,0,0,0,0,0,Rp0,0,0,0,0.00%,0,0.00%,0.00%,0,0,0.00%,0,0.00%,0.00%,Rp0,Rp0,Rp0,Rp0,Rp0,Rp0,Rp0,0,0,0,0,Rp0,0,0,0,0,0,0.00%,0,0.00%,0.00%,0,0,0.00%,0,0.00%,0.00%,0,0,0.00%,0,0.00%,0.00%,0,0,0.00%,0,0.00%,0.00%,0,0,0.00%,0,0.00%,0.00%,0,0,0.00%,0,0.00%,0.00%,Rp169.353,Rp169.353,Rp0,2,2,2,0,2,2,0,2,Rp84.676,952,16,1.68%,0,0.00%,12.50%,866,15,1.73%,0,0.00%,13.33%
8-24mm Kunci Set Socket 12pcs /1/2 in Kunci Sok Wrench Rachet alat perkakas lengkap motor Handle L Multifungsi kunci 1 set/ Bahan Chrome Vanadium,1732004806468339197,produk terjual ≥1,Aktif,Rp165.696,Rp0,Rp0,Rp0,Rp58.131,Rp0,Rp58.131,Rp107.565,Rp0,Rp0,Rp0,Rp107.565,Rp107.565,Rp0,Rp0,2,2,3,2,Rp82.848,4612,83,1.80%,5,6.02%,2.41%,4136,74,1.79%,5,6.76%,2.70%,Rp165.696,Rp0,Rp199.507,Rp33.811,Rp165.696,3,2,1347,26,24,1,1.93%,3.85%,Rp107.565,2,Rp0,Rp0,Rp0,0,0,0,0,0,0,0,0,Rp0,44,1451,20,1.38%,1,5.00%,0.00%,1332,16,1.20%,1,6.25%,0.00%,Rp58.131,Rp0,Rp58.131,1,1,0,1,1,0,1,1,Rp58.131,1,11,1,9.09%,0,0.00%,100.00%,11,1,9.09%,0,0.00%,100.00%,Rp107.565,Rp0,Rp0,Rp0,Rp107.565,Rp107.565,Rp0,1,1,2,1,Rp107.565,12,8,4,1308,18,1.38%,1,5.56%,5.56%,1124,17,1.51%,1,5.88%,5.88%,302,0,0.00%,0,0.00%,0.00%,286,0,0.00%,0,0.00%,0.00%,869,17,1.96%,1,5.88%,5.88%,730,16,2.19%,1,6.25%,6.25%,Rp0,Rp0,Rp0,0,0,0,0,0,0,0,0,Rp0,1841,44,2.39%,3,6.82%,0.00%,1625,39,2.40%,3,7.69%,0.00%
Mikayo Electric Impact Drill 13mm Electric Drill 13 mm Mesin Bor Beton Tembok,1729725036938233341,GMV & produk terjual = 0,Aktif,Rp165.135,Rp0,Rp0,Rp0,Rp0,Rp0,Rp0,Rp0,Rp0,Rp0,Rp0,Rp0,Rp0,Rp0,Rp165.135,1,1,1,1,Rp165.135,236,2,0.85%,0,0.00%,50.00%,211,2,0.95%,0,0.00%,50.00%,Rp165.135,Rp0,Rp236.135,Rp56.000,Rp165.135,1,1,71,2,2,1,2.82%,50.00%,Rp165.135,1,Rp0,Rp0,Rp0,0,0,0,0,0,0,0,0,Rp0,33,155,0,0.00%,0,0.00%,0.00%,150,0,0.00%,0,0.00%,0.00%,Rp0,Rp0,Rp0,0,0,0,0,0,0,0,0,Rp0,0,0,0,0.00%,0,0.00%,0.00%,0,0,0.00%,0,0.00%,0.00%,Rp0,Rp0,Rp0,Rp0,Rp0,Rp0,Rp0,0,0,0,0,Rp0,0,0,0,4,0,0.00%,0,0.00%,0.00%,3,0,0.00%,0,0.00%,0.00%,0,0,0.00%,0,0.00%,0.00%,0,0,0.00%,0,0.00%,0.00%,0,0,0.00%,0,0.00%,0.00%,0,0,0.00%,0,0.00%,0.00%,Rp165.135,Rp165.135,Rp0,1,1,1,0,1,1,0,1,Rp165.135,77,2,2.60%,0,0.00%,50.00%,58,2,3.45%,0,0.00%,50.00%
DUDUKAN GERINDA  ELLKA + TCT 4 INCHI YUKIDO,1729682043749698045,produk terjual ≥1,Aktif,Rp161.690,Rp0,Rp0,Rp0,Rp0,Rp0,Rp0,Rp36.509,Rp0,Rp0,Rp0,Rp0,Rp0,Rp0,Rp125.181,4,4,4,4,Rp40.422,2989,72,2.41%,6,8.33%,5.56%,2607,62,2.38%,5,8.06%,6.45%,Rp161.690,Rp0,Rp253.991,Rp81.824,Rp0,0,0,1431,42,34,4,2.94%,9.52%,Rp161.690,4,Rp0,Rp0,Rp0,0,0,0,0,0,0,0,0,Rp0,0,0,0,0.00%,0,0.00%,0.00%,0,0,0.00%,0,0.00%,0.00%,Rp0,Rp0,Rp0,0,0,0,0,0,0,0,0,Rp0,0,18,0,0.00%,0,0.00%,0.00%,17,0,0.00%,0,0.00%,0.00%,Rp36.509,Rp0,Rp0,Rp0,Rp0,Rp0,Rp0,1,1,1,1,Rp36.509,3,3,1,239,15,6.28%,3,20.00%,6.67%,188,13,6.91%,2,15.38%,7.69%,127,1,0.79%,0,0.00%,0.00%,88,1,1.14%,0,0.00%,0.00%,106,14,13.21%,3,21.43%,0.00%,94,12,12.77%,2,16.67%,0.00%,Rp125.181,Rp125.181,Rp0,3,3,3,0,3,3,0,3,Rp41.727,2732,57,2.09%,3,5.26%,5.26%,2409,49,2.03%,3,6.12%,6.12%
Treker Bearing AB2 AB 2 Armature Bearing Puller AB2 AB 2 Tipe AB-2 Bahan Baja Karbon Tahan Lama,1729643342891354621,GMV & produk terjual = 0,Aktif,Rp161.117,Rp0,Rp0,Rp0,Rp72.561,Rp0,Rp72.561,Rp0,Rp0,Rp0,Rp0,Rp0,Rp0,Rp0,Rp88.556,2,2,2,2,Rp80.558,1257,36,2.86%,2,5.56%,5.56%,1141,34,2.98%,2,5.88%,5.88%,Rp161.117,Rp0,Rp214.613,Rp53.239,Rp0,0,0,643,20,18,2,3.11%,10.00%,Rp161.117,2,Rp0,Rp0,Rp0,0,0,0,0,0,0,0,0,Rp0,1,3,0,0.00%,0,0.00%,0.00%,3,0,0.00%,0,0.00%,0.00%,Rp72.561,Rp0,Rp72.561,1,1,0,1,1,0,1,1,Rp72.561,0,0,0,0.00%,0,0.00%,0.00%,0,0,0.00%,0,0.00%,0.00%,Rp0,Rp0,Rp0,Rp0,Rp0,Rp0,Rp0,0,0,0,0,Rp0,0,0,0,6,0,0.00%,0,0.00%,0.00%,6,0,0.00%,0,0.00%,0.00%,0,0,0.00%,0,0.00%,0.00%,0,0,0.00%,0,0.00%,0.00%,4,0,0.00%,0,0.00%,0.00%,4,0,0.00%,0,0.00%,0.00%,Rp88.556,Rp88.556,Rp0,1,1,1,0,1,1,0,1,Rp88.556,1247,36,2.89%,2,5.56%,2.78%,1124,34,3.02%,2,5.88%,2.94%
"Roda Trolley 3"" 4"" inch Wheel Only/Roda Karet/Roda Lori/ Roda Gerobak",1729703427240920573,produk terjual ≥1,Aktif,Rp159.999,Rp0,Rp0,Rp0,Rp78.588,Rp0,Rp78.588,Rp60.128,Rp0,Rp0,Rp0,Rp60.128,Rp60.128,Rp0,Rp21.283,3,3,10,3,Rp53.333,4104,142,3.46%,6,4.23%,2.11%,3679,121,3.29%,5,4.13%,2.48%,Rp159.999,Rp0,Rp219.710,Rp59.000,Rp99.871,6,2,1810,52,45,2,2.87%,3.85%,Rp99.871,6,Rp0,Rp0,Rp0,0,0,0,0,0,0,0,0,Rp0,0,0,0,0.00%,0,0.00%,0.00%,0,0,0.00%,0,0.00%,0.00%,Rp78.588,Rp0,Rp78.588,1,1,0,1,4,0,4,1,Rp78.588,0,1,0,0.00%,0,0.00%,0.00%,1,0,0.00%,0,0.00%,0.00%,Rp60.128,Rp0,Rp0,Rp0,Rp60.128,Rp60.128,Rp0,1,1,4,1,Rp60.128,5,3,3,1157,31,2.68%,1,3.23%,3.23%,1068,25,2.34%,1,4.00%,4.00%,75,0,0.00%,0,0.00%,0.00%,73,0,0.00%,0,0.00%,0.00%,1053,31,2.94%,1,3.23%,3.23%,975,25,2.56%,1,4.00%,4.00%,Rp21.283,Rp21.283,Rp0,1,1,1,0,2,2,0,1,Rp21.283,2946,111,3.77%,5,4.50%,0.90%,2601,97,3.73%,4,4.12%,1.03%
Mesin Poles 2 in 1 Mobil Motor Polisher Multifungsi Bisa Poles Bisa Ngebor Mesin Poles Motor Mobil  Car Polisher,1730720249994970621,GMV & produk terjual = 0,Aktif,Rp158.732,Rp0,Rp0,Rp0,Rp158.732,Rp0,Rp158.732,Rp0,Rp0,Rp0,Rp0,Rp0,Rp0,Rp0,Rp0,1,1,1,1,Rp158.732,5698,150,2.63%,17,11.33%,0.67%,4841,126,2.60%,14,11.11%,0.79%,Rp158.732,Rp0,Rp185.472,Rp8.500,Rp0,0,0,4326,114,94,1,2.64%,0.88%,Rp158.732,1,Rp0,Rp0,Rp0,0,0,0,0,0,0,0,0,Rp0,7,180,1,0.56%,0,0.00%,0.00%,161,1,0.62%,0,0.00%,0.00%,Rp158.732,Rp0,Rp158.732,1,1,0,1,1,0,1,1,Rp158.732,0,598,14,2.34%,1,7.14%,7.14%,552,11,1.99%,1,9.09%,9.09%,Rp0,Rp0,Rp0,Rp0,Rp0,Rp0,Rp0,0,0,0,0,Rp0,0,0,0,1486,49,3.30%,6,12.24%,0.00%,1352,39,2.88%,5,12.82%,0.00%,0,0,0.00%,0,0.00%,0.00%,0,0,0.00%,0,0.00%,0.00%,1403,49,3.49%,6,12.24%,0.00%,1283,39,3.04%,5,12.82%,0.00%,Rp0,Rp0,Rp0,0,0,0,0,0,0,0,0,Rp0,3434,86,2.50%,10,11.63%,0.00%,2955,78,2.64%,8,10.26%,0.00%
PAKET 3 ITEM ALAT TUKANG KAYU Gergaji Lancip 16in 12in Meteran 3meter dan Palu 8oz murah,1729757723017840125,produk terjual ≥1,Aktif,Rp157.745,Rp0,Rp0,Rp0,Rp0,Rp0,Rp0,Rp157.745,Rp0,Rp0,Rp0,Rp72.417,Rp72.417,Rp0,Rp0,2,2,2,2,Rp78.872,1116,29,2.60%,0,0.00%,6.90%,878,24,2.73%,0,0.00%,8.33%,Rp157.745,Rp0,Rp218.962,Rp59.500,Rp0,0,0,834,17,15,1,2.04%,5.88%,Rp85.328,1,Rp0,Rp0,Rp0,0,0,0,0,0,0,0,0,Rp0,0,1,0,0.00%,0,0.00%,0.00%,1,0,0.00%,0,0.00%,0.00%,Rp0,Rp0,Rp0,0,0,0,0,0,0,0,0,Rp0,0,1,0,0.00%,0,0.00%,0.00%,1,0,0.00%,0,0.00%,0.00%,Rp157.745,Rp0,Rp0,Rp0,Rp72.417,Rp72.417,Rp0,2,2,2,2,Rp78.872,0,0,0,803,17,2.12%,0,0.00%,11.76%,643,16,2.49%,0,0.00%,12.50%,0,0,0.00%,0,0.00%,0.00%,0,0,0.00%,0,0.00%,0.00%,799,16,2.00%,0,0.00%,6.25%,640,15,2.34%,0,0.00%,6.67%,Rp0,Rp0,Rp0,0,0,0,0,0,0,0,0,Rp0,311,12,3.86%,0,0.00%,0.00%,243,10,4.12%,0,0.00%,0.00%
Gergaji Pigura Gergaji Kayu Sudut Miter Box Saw with tenon saw 30 cm,1729607134173824509,GMV & produk terjual = 0,Aktif,Rp156.045,Rp0,Rp0,Rp0,Rp0,Rp0,Rp0,Rp0,Rp0,Rp0,Rp0,Rp0,Rp0,Rp0,Rp156.045,2,2,2,2,Rp78.022,1663,58,3.49%,6,10.34%,3.45%,1438,47,3.27%,5,10.64%,4.26%,Rp156.045,Rp0,Rp225.845,Rp76.500,Rp68.983,1,1,1130,41,33,2,3.63%,4.88%,Rp156.045,2,Rp0,Rp0,Rp0,0,0,0,0,0,0,0,0,Rp0,2,23,2,8.70%,0,0.00%,0.00%,20,2,10.00%,0,0.00%,0.00%,Rp0,Rp0,Rp0,0,0,0,0,0,0,0,0,Rp0,0,0,0,0.00%,0,0.00%,0.00%,0,0,0.00%,0,0.00%,0.00%,Rp0,Rp0,Rp0,Rp0,Rp0,Rp0,Rp0,0,0,0,0,Rp0,0,0,0,1,0,0.00%,0,0.00%,0.00%,1,0,0.00%,0,0.00%,0.00%,0,0,0.00%,0,0.00%,0.00%,0,0,0.00%,0,0.00%,0.00%,0,0,0.00%,0,0.00%,0.00%,0,0,0.00%,0,0.00%,0.00%,Rp156.045,Rp156.045,Rp0,2,2,2,0,2,2,0,2,Rp78.022,1639,56,3.42%,6,10.71%,3.57%,1417,45,3.18%,5,11.11%,4.44%
PAKET GERGAJI KAYU WILMER 18'' DITAMBAH DENGAN KIKIR DIAMOND 6PCS SATU SET YUKIDO,1730074773130937853,produk terjual ≥1,Aktif,Rp155.412,Rp0,Rp0,Rp0,Rp66.879,Rp0,Rp66.879,Rp0,Rp0,Rp0,Rp0,Rp0,Rp0,Rp0,Rp88.533,4,4,4,4,Rp38.853,3196,148,4.63%,7,4.73%,2.70%,2779,120,4.32%,7,5.83%,3.33%,Rp155.412,Rp0,Rp233.943,Rp67.004,Rp57.743,2,2,1773,74,52,2,4.17%,2.70%,Rp88.533,2,Rp0,Rp0,Rp0,0,0,0,0,0,0,0,0,Rp0,2,18,0,0.00%,0,0.00%,0.00%,18,0,0.00%,0,0.00%,0.00%,Rp66.879,Rp0,Rp66.879,2,2,0,2,2,0,2,2,Rp33.440,0,8,0,0.00%,0,0.00%,0.00%,7,0,0.00%,0,0.00%,0.00%,Rp0,Rp0,Rp0,Rp0,Rp0,Rp0,Rp0,0,0,0,0,Rp0,2,1,1,447,38,8.50%,0,0.00%,0.00%,400,36,9.00%,0,0.00%,0.00%,86,0,0.00%,0,0.00%,0.00%,76,0,0.00%,0,0.00%,0.00%,287,36,12.54%,0,0.00%,0.00%,257,35,13.62%,0,0.00%,0.00%,Rp88.533,Rp88.533,Rp0,2,2,2,0,2,2,0,2,Rp44.266,2723,110,4.04%,7,6.36%,1.82%,2359,84,3.56%,7,8.33%,2.38%
MATA PISAU MESIN POTONG RUMPUT -  REDFOX MATA PISAU MPR BULAT 10X40T STEEL,1729567680614335997,produk terjual ≥1,Aktif,Rp149.103,Rp0,Rp0,Rp0,Rp102.399,Rp0,Rp102.399,Rp0,Rp0,Rp0,Rp0,Rp0,Rp0,Rp0,Rp46.704,3,3,3,3,Rp49.701,1423,39,2.74%,6,15.38%,7.69%,1241,30,2.42%,5,16.67%,10.00%,Rp149.103,Rp0,Rp216.888,Rp68.442,Rp44.828,1,1,884,14,13,1,1.58%,7.14%,Rp46.704,1,Rp0,Rp0,Rp0,0,0,0,0,0,0,0,0,Rp0,0,0,0,0.00%,0,0.00%,0.00%,0,0,0.00%,0,0.00%,0.00%,Rp102.399,Rp0,Rp102.399,2,2,0,2,2,0,2,2,Rp51.200,0,0,0,0.00%,0,0.00%,0.00%,0,0,0.00%,0,0.00%,0.00%,Rp0,Rp0,Rp0,Rp0,Rp0,Rp0,Rp0,0,0,0,0,Rp0,0,0,0,226,5,2.21%,0,0.00%,0.00%,199,3,1.51%,0,0.00%,0.00%,0,0,0.00%,0,0.00%,0.00%,0,0,0.00%,0,0.00%,0.00%,203,5,2.46%,0,0.00%,0.00%,182,3,1.65%,0,0.00%,0.00%,Rp46.704,Rp46.704,Rp0,1,1,1,0,1,1,0,1,Rp46.704,1197,34,2.84%,6,17.65%,2.94%,1049,27,2.57%,5,18.52%,3.70%
Regulator Oksigen Tabung Las Oxygen BRANCH x Yamato Oxygen Regulator,1729894758818809341,produk terjual ≥1,Aktif,Rp148.027,Rp0,Rp0,Rp0,Rp0,Rp0,Rp0,Rp0,Rp0,Rp0,Rp0,Rp0,Rp0,Rp0,Rp148.027,1,1,1,1,Rp148.027,582,17,2.92%,2,11.76%,5.88%,502,11,2.19%,2,18.18%,9.09%,Rp148.027,Rp0,Rp200.031,Rp64.000,Rp0,0,0,317,9,7,0,2.84%,0.00%,Rp0,0,Rp0,Rp0,Rp0,0,0,0,0,0,0,0,0,Rp0,0,0,0,0.00%,0,0.00%,0.00%,0,0,0.00%,0,0.00%,0.00%,Rp0,Rp0,Rp0,0,0,0,0,0,0,0,0,Rp0,0,0,0,0.00%,0,0.00%,0.00%,0,0,0.00%,0,0.00%,0.00%,Rp0,Rp0,Rp0,Rp0,Rp0,Rp0,Rp0,0,0,0,0,Rp0,1,0,1,92,1,1.09%,0,0.00%,0.00%,69,1,1.45%,0,0.00%,0.00%,0,0,0.00%,0,0.00%,0.00%,0,0,0.00%,0,0.00%,0.00%,71,1,1.41%,0,0.00%,0.00%,63,1,1.59%,0,0.00%,0.00%,Rp148.027,Rp148.027,Rp0,1,1,1,0,1,1,0,1,Rp148.027,491,16,3.26%,2,12.50%,6.25%,423,10,2.36%,2,20.00%,10.00%
Mata Sock Shock 1/2 Inch YUKIDO Chrome Vanadium  Satuan- Kunci Sok Pilih Ukuran 8 - 32 mm TERLARIS,1729582299901363709,produk terjual ≥1,Aktif,Rp147.665,Rp0,Rp0,Rp0,Rp125.950,Rp0,Rp125.950,Rp21.715,Rp0,Rp0,Rp0,Rp0,Rp0,Rp0,Rp0,3,5,5,3,Rp29.533,3549,165,4.65%,11,6.67%,3.03%,3084,149,4.83%,7,4.70%,2.01%,Rp147.665,Rp0,Rp175.856,Rp84.830,Rp0,0,0,2112,113,104,2,5.35%,1.77%,Rp36.799,2,Rp0,Rp0,Rp0,0,0,0,0,0,0,0,0,Rp0,0,0,0,0.00%,0,0.00%,0.00%,0,0,0.00%,0,0.00%,0.00%,Rp125.950,Rp0,Rp125.950,2,4,0,4,4,0,4,2,Rp31.488,0,3,0,0.00%,0,0.00%,0.00%,3,0,0.00%,0,0.00%,0.00%,Rp21.715,Rp0,Rp0,Rp0,Rp0,Rp0,Rp0,1,1,1,1,Rp21.715,0,0,0,53,3,5.66%,0,0.00%,33.33%,44,3,6.82%,0,0.00%,33.33%,0,0,0.00%,0,0.00%,0.00%,0,0,0.00%,0,0.00%,0.00%,28,1,3.57%,0,0.00%,0.00%,26,1,3.85%,0,0.00%,0.00%,Rp0,Rp0,Rp0,0,0,0,0,0,0,0,0,Rp0,3492,162,4.64%,11,6.79%,0.00%,3017,145,4.81%,7,4.83%,0.00%
Air Filter Spraygun Mini 1/4 Inch Filter Saringan Udara Kompressor,1729947422712236541,GMV & produk terjual = 0,Aktif,Rp146.869,Rp0,Rp0,Rp0,Rp500,Rp0,Rp500,Rp0,Rp0,Rp0,Rp0,Rp0,Rp0,Rp0,Rp146.369,2,2,7,2,Rp73.434,4515,100,2.21%,8,8.00%,2.00%,3928,81,2.06%,7,8.64%,2.47%,Rp146.869,Rp0,Rp178.849,Rp40.500,Rp0,0,0,2751,65,56,1,2.36%,1.54%,Rp146.369,6,Rp0,Rp0,Rp0,0,0,0,0,0,0,0,0,Rp0,37,607,8,1.32%,0,0.00%,0.00%,550,7,1.27%,0,0.00%,0.00%,Rp500,Rp0,Rp500,1,1,0,1,1,0,1,1,Rp500,0,3,0,0.00%,0,0.00%,0.00%,3,0,0.00%,0,0.00%,0.00%,Rp0,Rp0,Rp0,Rp0,Rp0,Rp0,Rp0,0,0,0,0,Rp0,4,6,0,637,10,1.57%,1,10.00%,0.00%,555,8,1.44%,1,12.50%,0.00%,241,2,0.83%,0,0.00%,0.00%,223,2,0.90%,0,0.00%,0.00%,352,5,1.42%,1,20.00%,0.00%,309,4,1.29%,1,25.00%,0.00%,Rp146.369,Rp146.369,Rp0,1,1,1,0,6,6,0,1,Rp146.369,3266,82,2.51%,7,8.54%,1.22%,2803,64,2.28%,6,9.38%,1.56%
"Baterai 48V Li-Ion 4.0Ah dan Charger Untuk Mesin Impact, Bor, Jet Cleaner, Gerinda dll",1729637421084215805,GMV & produk terjual = 0,Aktif,Rp145.101,Rp0,Rp0,Rp0,Rp145.101,Rp145.101,Rp0,Rp0,Rp0,Rp0,Rp0,Rp0,Rp0,Rp0,Rp0,1,1,1,1,Rp145.101,2126,126,5.93%,2,1.59%,0.79%,1471,91,6.19%,2,2.20%,1.10%,Rp145.101,Rp0,Rp204.326,Rp47.000,Rp0,0,0,1098,69,53,1,6.28%,1.45%,Rp145.101,1,Rp0,Rp0,Rp0,0,0,0,0,0,0,0,0,Rp0,0,0,0,0.00%,0,0.00%,0.00%,0,0,0.00%,0,0.00%,0.00%,Rp145.101,Rp145.101,Rp0,1,1,1,0,1,1,0,1,Rp145.101,0,3,0,0.00%,0,0.00%,0.00%,3,0,0.00%,0,0.00%,0.00%,Rp0,Rp0,Rp0,Rp0,Rp0,Rp0,Rp0,0,0,0,0,Rp0,0,0,0,1559,95,6.09%,2,2.11%,0.00%,1003,74,7.38%,2,2.70%,0.00%,0,0,0.00%,0,0.00%,0.00%,0,0,0.00%,0,0.00%,0.00%,1347,90,6.68%,2,2.22%,0.00%,814,69,8.48%,2,2.90%,0.00%,Rp0,Rp0,Rp0,0,0,0,0,0,0,0,0,Rp0,564,31,5.50%,0,0.00%,0.00%,485,20,4.12%,0,0.00%,0.00%
Mata Obeng + Dengan Pembatas limit Magnet Kuat Ujung Obeng Dengan limited Magnet kuat,1730743478549775869,produk terjual ≥1,Aktif,Rp145.057,Rp0,Rp0,Rp0,Rp0,Rp0,Rp0,Rp64.900,Rp0,Rp0,Rp0,Rp64.900,Rp0,Rp64.900,Rp80.157,7,7,10,7,Rp20.722,3354,169,5.04%,10,5.92%,4.14%,2904,154,5.30%,10,6.49%,4.55%,Rp145.057,Rp0,Rp175.067,Rp51.156,Rp64.580,4,3,2048,122,108,6,5.96%,4.92%,Rp125.174,8,Rp0,Rp0,Rp0,0,0,0,0,0,0,0,0,Rp0,1,93,2,2.15%,0,0.00%,0.00%,69,2,2.90%,0,0.00%,0.00%,Rp0,Rp0,Rp0,0,0,0,0,0,0,0,0,Rp0,0,2,0,0.00%,0,0.00%,0.00%,2,0,0.00%,0,0.00%,0.00%,Rp64.900,Rp0,Rp0,Rp0,Rp64.900,Rp0,Rp64.900,3,3,4,3,Rp21.633,0,0,0,8,0,0.00%,0,0.00%,0.00%,8,0,0.00%,0,0.00%,0.00%,0,0,0.00%,0,0.00%,0.00%,0,0,0.00%,0,0.00%,0.00%,0,0,0.00%,0,0.00%,0.00%,0,0,0.00%,0,0.00%,0.00%,Rp80.157,Rp80.157,Rp0,4,4,4,0,6,6,0,4,Rp20.039,3251,167,5.14%,10,5.99%,2.40%,2826,152,5.38%,10,6.58%,2.63%
PAKET KUNCI GAGANG SHOCK L 1/2 INCH FREE MATA SOCK SHOCK YUKIDO CROM VANADIUM,1730235560896398845,produk terjual ≥1,Aktif,Rp142.995,Rp0,Rp0,Rp0,Rp0,Rp0,Rp0,Rp61.783,Rp0,Rp0,Rp0,Rp61.783,Rp51.807,Rp9.976,Rp81.212,8,11,11,8,Rp13.000,18605,1690,9.08%,30,1.78%,0.65%,16220,1517,9.35%,19,1.25%,0.53%,Rp142.995,Rp0,Rp246.900,Rp99.000,Rp0,0,0,15173,1404,1269,7,9.25%,0.71%,Rp133.019,10,Rp0,Rp0,Rp0,0,0,0,0,0,0,0,0,Rp0,0,2,0,0.00%,0,0.00%,0.00%,2,0,0.00%,0,0.00%,0.00%,Rp0,Rp0,Rp0,0,0,0,0,0,0,0,0,Rp0,0,2,1,50.00%,0,0.00%,0.00%,2,1,50.00%,0,0.00%,0.00%,Rp61.783,Rp0,Rp0,Rp0,Rp61.783,Rp51.807,Rp9.976,3,6,6,3,Rp10.297,1,0,1,1357,143,10.54%,7,4.90%,4.20%,1068,116,10.86%,2,1.72%,2.59%,0,0,0.00%,0,0.00%,0.00%,0,0,0.00%,0,0.00%,0.00%,1304,142,10.89%,7,4.93%,4.23%,1035,115,11.11%,2,1.74%,2.61%,Rp81.212,Rp81.212,Rp0,5,5,5,0,5,5,0,5,Rp16.242,17244,1546,8.97%,23,1.49%,0.32%,15139,1384,9.14%,17,1.23%,0.36%
KACAMATA LAS KOTAK WELDING BUKA TUTUP VITATOOLS,1729657046181054973,produk terjual ≥1,Aktif,Rp141.844,Rp0,Rp0,Rp0,Rp0,Rp0,Rp0,Rp123.108,Rp0,Rp0,Rp0,Rp0,Rp0,Rp0,Rp18.736,3,3,8,3,Rp47.281,5816,126,2.17%,14,11.11%,2.38%,5105,100,1.96%,13,13.00%,3.00%,Rp141.844,Rp0,Rp195.748,Rp51.300,Rp0,0,0,3373,72,63,2,2.13%,2.78%,Rp33.976,2,Rp0,Rp0,Rp0,0,0,0,0,0,0,0,0,Rp0,0,0,0,0.00%,0,0.00%,0.00%,0,0,0.00%,0,0.00%,0.00%,Rp0,Rp0,Rp0,0,0,0,0,0,0,0,0,Rp0,0,727,34,4.68%,0,0.00%,0.00%,533,19,3.56%,0,0.00%,0.00%,Rp123.108,Rp0,Rp0,Rp0,Rp0,Rp0,Rp0,2,2,7,2,Rp61.554,0,0,0,50,0,0.00%,0,0.00%,0.00%,49,0,0.00%,0,0.00%,0.00%,0,0,0.00%,0,0.00%,0.00%,0,0,0.00%,0,0.00%,0.00%,46,0,0.00%,0,0.00%,0.00%,46,0,0.00%,0,0.00%,0.00%,Rp18.736,Rp18.736,Rp0,1,1,1,0,1,1,0,1,Rp18.736,5037,92,1.83%,14,15.22%,1.09%,4487,81,1.81%,13,16.05%,1.23%
YUKIDO Solder Listrik 40 Watt Model Lurus 60Watt 40 Watt Terbagus Praktis Tanpa Baterai,1735363192286578173,GMV & produk terjual = 0,Nonaktif,Rp140.188,Rp0,Rp0,Rp0,Rp0,Rp0,Rp0,Rp0,Rp0,Rp0,Rp0,Rp0,Rp0,Rp0,Rp140.188,1,1,1,1,Rp140.188,4790,154,3.22%,3,1.95%,0.65%,3970,140,3.53%,3,2.14%,0.71%,Rp140.188,Rp0,Rp185.188,Rp82.500,Rp0,0,0,1641,70,64,1,4.27%,1.43%,Rp140.188,1,Rp0,Rp0,Rp0,0,0,0,0,0,0,0,0,Rp0,49,1307,17,1.30%,1,5.88%,0.00%,1149,15,1.31%,1,6.67%,0.00%,Rp0,Rp0,Rp0,0,0,0,0,0,0,0,0,Rp0,1,385,24,6.23%,0,0.00%,0.00%,286,22,7.69%,0,0.00%,0.00%,Rp0,Rp0,Rp0,Rp0,Rp0,Rp0,Rp0,0,0,0,0,Rp0,14,14,3,437,3,0.69%,0,0.00%,0.00%,320,3,0.94%,0,0.00%,0.00%,289,1,0.35%,0,0.00%,0.00%,274,1,0.36%,0,0.00%,0.00%,5,1,20.00%,0,0.00%,0.00%,2,1,50.00%,0,0.00%,0.00%,Rp140.188,Rp140.188,Rp0,1,1,1,0,1,1,0,1,Rp140.188,2661,110,4.13%,2,1.82%,0.91%,2236,103,4.61%,2,1.94%,0.97%
PAKET HEMATT PALU BESI MARTIL/BESI COR DITAMBAH DENGAN PENGGARIS WATERPAS MAGHNET HARGA TERMURAH,1730305328446342653,produk terjual ≥1,Aktif,Rp139.897,Rp0,Rp0,Rp0,Rp99.720,Rp99.720,Rp0,Rp0,Rp0,Rp0,Rp0,Rp0,Rp0,Rp0,Rp40.177,4,4,4,4,Rp34.974,3623,96,2.65%,4,4.17%,4.17%,3012,67,2.22%,4,5.97%,5.97%,Rp139.897,Rp0,Rp207.897,Rp68.000,Rp0,0,0,2754,77,55,3,2.80%,3.90%,Rp109.025,3,Rp0,Rp0,Rp0,0,0,0,0,0,0,0,0,Rp0,0,0,0,0.00%,0,0.00%,0.00%,0,0,0.00%,0,0.00%,0.00%,Rp99.720,Rp99.720,Rp0,3,3,3,0,3,3,0,3,Rp33.240,0,1859,68,3.66%,2,2.94%,4.41%,1548,43,2.78%,2,4.65%,6.98%,Rp0,Rp0,Rp0,Rp0,Rp0,Rp0,Rp0,0,0,0,0,Rp0,0,0,0,2,0,0.00%,0,0.00%,0.00%,2,0,0.00%,0,0.00%,0.00%,0,0,0.00%,0,0.00%,0.00%,0,0,0.00%,0,0.00%,0.00%,0,0,0.00%,0,0.00%,0.00%,0,0,0.00%,0,0.00%,0.00%,Rp40.177,Rp40.177,Rp0,1,1,1,0,1,1,0,1,Rp40.177,1760,28,1.59%,2,7.14%,3.57%,1495,25,1.67%,2,8.00%,4.00%
Kunci Ratchet Scaffolding Satuan 17x21mm Double Ratchet Kunci Rachet Skafolding 2 Arah G anda Double Baja CRV Tahan Lama Anti Karat,1732876903898646013,produk terjual ≥1,Aktif,Rp137.861,Rp0,Rp0,Rp0,Rp0,Rp0,Rp0,Rp0,Rp0,Rp0,Rp0,Rp0,Rp0,Rp0,Rp137.861,2,2,2,2,Rp68.930,2527,183,7.24%,2,1.09%,1.09%,2168,144,6.64%,2,1.39%,1.39%,Rp137.861,Rp0,Rp162.861,Rp32.500,Rp352.092,7,2,1799,136,108,2,7.56%,1.47%,Rp137.861,2,Rp0,Rp0,Rp0,0,0,0,0,0,0,0,0,Rp0,2,3,0,0.00%,0,0.00%,0.00%,3,0,0.00%,0,0.00%,0.00%,Rp0,Rp0,Rp0,0,0,0,0,0,0,0,0,Rp0,0,2,0,0.00%,0,0.00%,0.00%,2,0,0.00%,0,0.00%,0.00%,Rp0,Rp0,Rp0,Rp0,Rp0,Rp0,Rp0,0,0,0,0,Rp0,1,0,1,23,4,17.39%,0,0.00%,0.00%,18,2,11.11%,0,0.00%,0.00%,0,0,0.00%,0,0.00%,0.00%,0,0,0.00%,0,0.00%,0.00%,10,0,0.00%,0,0.00%,0.00%,10,0,0.00%,0,0.00%,0.00%,Rp137.861,Rp137.861,Rp0,2,2,2,0,2,2,0,2,Rp68.930,2499,179,7.16%,2,1.12%,1.12%,2148,143,6.66%,2,1.40%,1.40%
"Wilmer PRUNING SAW GRAJI DAHAN POHON / GERGAJI KOPI GG PIPA 12"" RSH-PS15 gera ji",1732630116726179325,GMV & produk terjual = 0,Aktif,Rp136.165,Rp0,Rp0,Rp0,Rp31.411,Rp0,Rp31.411,Rp65.861,Rp0,Rp0,Rp0,Rp34.724,Rp0,Rp34.724,Rp38.893,4,4,4,4,Rp34.041,4787,144,3.01%,10,6.94%,2.78%,4099,118,2.88%,10,8.47%,3.39%,Rp136.165,Rp0,Rp181.046,Rp56.125,Rp0,0,0,1525,44,33,2,2.89%,4.55%,Rp70.030,2,Rp0,Rp0,Rp0,0,0,0,0,0,0,0,0,Rp0,82,1298,7,0.54%,0,0.00%,0.00%,1142,7,0.61%,0,0.00%,0.00%,Rp31.411,Rp0,Rp31.411,1,1,0,1,1,0,1,1,Rp31.411,0,639,24,3.76%,0,0.00%,4.17%,392,20,5.10%,0,0.00%,5.00%,Rp65.861,Rp0,Rp0,Rp0,Rp34.724,Rp0,Rp34.724,2,2,2,2,Rp32.930,3,0,3,836,57,6.82%,3,5.26%,3.51%,766,48,6.27%,3,6.25%,4.17%,0,0,0.00%,0,0.00%,0.00%,0,0,0.00%,0,0.00%,0.00%,756,55,7.28%,2,3.64%,1.82%,707,47,6.65%,2,4.26%,2.13%,Rp38.893,Rp38.893,Rp0,1,1,1,0,1,1,0,1,Rp38.893,2014,56,2.78%,7,12.50%,1.79%,1796,43,2.39%,7,16.28%,2.33%
Gunting Dahan SK5 35MM/ Ranting Bunga Tanaman / PVC - Gunting Kebun & Taman/Gunting Dahan SK5 Ranting,1735769104950986237,GMV & produk terjual = 0,Aktif,Rp135.070,Rp0,Rp0,Rp0,Rp41.968,Rp0,Rp41.968,Rp0,Rp0,Rp0,Rp0,Rp0,Rp0,Rp0,Rp93.102,2,2,2,2,Rp67.535,2279,39,1.71%,0,0.00%,5.13%,2029,36,1.77%,0,0.00%,5.56%,Rp135.070,Rp0,Rp151.250,Rp14.500,Rp0,0,0,906,15,13,2,1.66%,13.33%,Rp135.070,2,Rp0,Rp0,Rp0,0,0,0,0,0,0,0,0,Rp0,4,69,4,5.80%,0,0.00%,0.00%,65,3,4.62%,0,0.00%,0.00%,Rp41.968,Rp0,Rp41.968,1,1,0,1,1,0,1,1,Rp41.968,0,1,0,0.00%,0,0.00%,0.00%,1,0,0.00%,0,0.00%,0.00%,Rp0,Rp0,Rp0,Rp0,Rp0,Rp0,Rp0,0,0,0,0,Rp0,3,1,2,456,9,1.97%,0,0.00%,0.00%,402,9,2.24%,0,0.00%,0.00%,72,0,0.00%,0,0.00%,0.00%,64,0,0.00%,0,0.00%,0.00%,327,9,2.75%,0,0.00%,0.00%,285,9,3.16%,0,0.00%,0.00%,Rp93.102,Rp93.102,Rp0,1,1,1,0,1,1,0,1,Rp93.102,1752,26,1.48%,0,0.00%,3.85%,1534,24,1.56%,0,0.00%,4.17%
Kunci Y 3 Pcs Kunci Y-Type Wrench Kunci Sock Y 8-10-12MM Kucnci Y 12-14-17MM Kunci Y 10-12-14MM,1730775213595264509,produk terjual ≥1,Aktif,Rp132.963,Rp0,Rp0,Rp0,Rp0,Rp0,Rp0,Rp29.290,Rp0,Rp0,Rp0,Rp0,Rp0,Rp0,Rp103.673,6,6,6,6,Rp22.160,1420,56,3.94%,11,19.64%,10.71%,1218,44,3.61%,11,25.00%,13.64%,Rp132.963,Rp0,Rp317.163,Rp145.000,Rp3.030,1,1,974,40,32,6,4.11%,15.00%,Rp132.963,6,Rp0,Rp0,Rp0,0,0,0,0,0,0,0,0,Rp0,0,0,0,0.00%,0,0.00%,0.00%,0,0,0.00%,0,0.00%,0.00%,Rp0,Rp0,Rp0,0,0,0,0,0,0,0,0,Rp0,0,0,0,0.00%,0,0.00%,0.00%,0,0,0.00%,0,0.00%,0.00%,Rp29.290,Rp0,Rp0,Rp0,Rp0,Rp0,Rp0,1,1,1,1,Rp29.290,3,1,3,151,1,0.66%,0,0.00%,100.00%,114,1,0.88%,0,0.00%,100.00%,47,0,0.00%,0,0.00%,0.00%,47,0,0.00%,0,0.00%,0.00%,62,1,1.61%,0,0.00%,0.00%,51,1,1.96%,0,0.00%,0.00%,Rp103.673,Rp103.673,Rp0,5,5,5,0,5,5,0,5,Rp20.735,1269,55,4.33%,11,20.00%,9.09%,1107,43,3.88%,11,25.58%,11.63%
"Flap Disc 4 Inch Mofuji 1 PCS GRIT #40 #60 #80 #100 #120 #150 #180 #240 #320 #400 / Mata Amplas Susun 4""",1729653791260182013,produk terjual ≥1,Aktif,Rp128.396,Rp0,Rp0,Rp0,Rp26.806,Rp0,Rp26.806,Rp8.080,Rp0,Rp0,Rp0,Rp0,Rp0,Rp0,Rp93.510,8,9,9,8,Rp14.266,5730,155,2.71%,46,29.68%,5.81%,4903,126,2.57%,24,19.05%,6.35%,Rp128.396,Rp0,Rp162.559,Rp30.965,Rp0,0,0,3291,98,77,7,2.98%,8.16%,Rp120.316,8,Rp0,Rp0,Rp0,0,0,0,0,0,0,0,0,Rp0,0,0,0,0.00%,0,0.00%,0.00%,0,0,0.00%,0,0.00%,0.00%,Rp26.806,Rp0,Rp26.806,1,1,0,1,1,0,1,1,Rp26.806,0,10,1,10.00%,0,0.00%,100.00%,9,1,11.11%,0,0.00%,100.00%,Rp8.080,Rp0,Rp0,Rp0,Rp0,Rp0,Rp0,1,1,1,1,Rp8.080,0,0,0,89,3,3.37%,0,0.00%,33.33%,71,2,2.82%,0,0.00%,50.00%,0,0,0.00%,0,0.00%,0.00%,0,0,0.00%,0,0.00%,0.00%,51,2,3.92%,0,0.00%,0.00%,46,0,0.00%,0,0.00%,0.00%,Rp93.510,Rp93.510,Rp0,6,7,7,0,7,7,0,6,Rp13.359,5631,150,2.66%,46,30.67%,4.67%,4776,120,2.51%,24,20.00%,5.00%
IWA Oxygen Welding Regulation Asitilena Regulator LPG,1729967185192913405,produk terjual ≥1,Aktif,Rp127.603,Rp0,Rp0,Rp0,Rp0,Rp0,Rp0,Rp0,Rp0,Rp0,Rp0,Rp0,Rp0,Rp0,Rp127.603,1,1,1,1,Rp127.603,207,5,2.42%,2,40.00%,20.00%,187,3,1.60%,1,33.33%,33.33%,Rp127.603,Rp0,Rp179.603,Rp58.500,Rp0,0,0,122,1,1,0,0.82%,0.00%,Rp0,0,Rp0,Rp0,Rp0,0,0,0,0,0,0,0,0,Rp0,0,0,0,0.00%,0,0.00%,0.00%,0,0,0.00%,0,0.00%,0.00%,Rp0,Rp0,Rp0,0,0,0,0,0,0,0,0,Rp0,0,0,0,0.00%,0,0.00%,0.00%,0,0,0.00%,0,0.00%,0.00%,Rp0,Rp0,Rp0,Rp0,Rp0,Rp0,Rp0,0,0,0,0,Rp0,0,0,0,0,0,0.00%,0,0.00%,0.00%,0,0,0.00%,0,0.00%,0.00%,0,0,0.00%,0,0.00%,0.00%,0,0,0.00%,0,0.00%,0.00%,0,0,0.00%,0,0.00%,0.00%,0,0,0.00%,0,0.00%,0.00%,Rp127.603,Rp127.603,Rp0,1,1,1,0,1,1,0,1,Rp127.603,207,5,2.42%,2,40.00%,20.00%,187,3,1.60%,1,33.33%,33.33%
Sikat Kawat Baja Tembaga Gagang Kayu Satuan - Sikat Gerinda Multifungsi,1730741212701558269,produk terjual ≥1,Aktif,Rp124.152,Rp0,Rp0,Rp0,Rp31.232,Rp0,Rp31.232,Rp33.436,Rp0,Rp0,Rp0,Rp0,Rp0,Rp0,Rp59.484,18,18,22,17,Rp6.897,8518,177,2.08%,31,17.51%,10.17%,7340,153,2.08%,30,19.61%,11.11%,Rp124.152,Rp0,Rp272.509,Rp170.027,Rp20.766,3,2,5666,120,103,14,2.12%,11.67%,Rp92.675,17,Rp0,Rp0,Rp0,0,0,0,0,0,0,0,0,Rp0,10,166,0,0.00%,0,0.00%,0.00%,147,0,0.00%,0,0.00%,0.00%,Rp31.232,Rp0,Rp31.232,5,5,0,5,5,0,5,5,Rp6.246,0,3,0,0.00%,0,0.00%,0.00%,2,0,0.00%,0,0.00%,0.00%,Rp33.436,Rp0,Rp0,Rp0,Rp0,Rp0,Rp0,4,4,7,4,Rp8.359,3,3,1,106,0,0.00%,0,0.00%,0.00%,102,0,0.00%,0,0.00%,0.00%,72,0,0.00%,0,0.00%,0.00%,70,0,0.00%,0,0.00%,0.00%,5,0,0.00%,0,0.00%,0.00%,4,0,0.00%,0,0.00%,0.00%,Rp59.484,Rp59.484,Rp0,9,9,9,0,10,10,0,8,Rp6.609,8243,177,2.15%,31,17.51%,5.08%,7090,153,2.16%,30,19.61%,5.23%
YUKIDO Tang Buaya Oval 10 inch Tang Jepit,1729715753869347325,produk terjual ≥1,Aktif,Rp122.412,Rp0,Rp0,Rp0,Rp122.412,Rp122.412,Rp0,Rp0,Rp0,Rp0,Rp0,Rp0,Rp0,Rp0,Rp0,1,1,1,1,Rp122.412,152,4,2.63%,0,0.00%,25.00%,116,4,3.45%,0,0.00%,25.00%,Rp122.412,Rp0,Rp134.412,Rp12.000,Rp0,0,0,76,1,1,1,1.32%,100.00%,Rp122.412,1,Rp0,Rp0,Rp0,0,0,0,0,0,0,0,0,Rp0,0,0,0,0.00%,0,0.00%,0.00%,0,0,0.00%,0,0.00%,0.00%,Rp122.412,Rp122.412,Rp0,1,1,1,0,1,1,0,1,Rp122.412,0,43,1,2.33%,0,0.00%,100.00%,34,1,2.94%,0,0.00%,100.00%,Rp0,Rp0,Rp0,Rp0,Rp0,Rp0,Rp0,0,0,0,0,Rp0,1,0,1,22,0,0.00%,0,0.00%,0.00%,14,0,0.00%,0,0.00%,0.00%,0,0,0.00%,0,0.00%,0.00%,0,0,0.00%,0,0.00%,0.00%,11,0,0.00%,0,0.00%,0.00%,11,0,0.00%,0,0.00%,0.00%,Rp0,Rp0,Rp0,0,0,0,0,0,0,0,0,Rp0,86,3,3.49%,0,0.00%,0.00%,46,3,6.52%,0,0.00%,0.00%
Isi Cutter 5 Pcs L 150 Isi Pisau Cutter Refill L150 Besar Isi Ulang Cutter Potong Kardus PVC Kertas dll,1731249382017107453,produk terjual ≥1,Aktif,Rp122.258,Rp0,Rp0,Rp0,Rp26.055,Rp0,Rp26.055,Rp19.572,Rp0,Rp0,Rp0,Rp0,Rp0,Rp0,Rp76.631,12,12,13,12,Rp10.188,7766,91,1.17%,8,8.79%,13.19%,6844,81,1.18%,8,9.88%,14.81%,Rp122.258,Rp0,Rp186.054,Rp61.551,Rp0,0,0,4948,58,52,8,1.17%,13.79%,Rp83.249,9,Rp0,Rp0,Rp0,0,0,0,0,0,0,0,0,Rp0,0,0,0,0.00%,0,0.00%,0.00%,0,0,0.00%,0,0.00%,0.00%,Rp26.055,Rp0,Rp26.055,3,3,0,3,3,0,3,3,Rp8.685,0,1,0,0.00%,0,0.00%,0.00%,1,0,0.00%,0,0.00%,0.00%,Rp19.572,Rp0,Rp0,Rp0,Rp0,Rp0,Rp0,2,2,2,2,Rp9.786,1,0,1,51,1,1.96%,0,0.00%,200.00%,42,1,2.38%,0,0.00%,200.00%,0,0,0.00%,0,0.00%,0.00%,0,0,0.00%,0,0.00%,0.00%,36,1,2.78%,0,0.00%,0.00%,31,1,3.23%,0,0.00%,0.00%,Rp76.631,Rp76.631,Rp0,7,7,7,0,8,8,0,7,Rp10.947,7713,90,1.17%,8,8.89%,7.78%,6750,80,1.19%,8,10.00%,8.75%
Gembok Kode Digital 40 mm Murah Gembok Pintu Angka Kunci Kode Kombinasi / Tas Koper Pagar Pintu Wilmer,1729805403609007613,GMV & produk terjual = 0,Aktif,Rp120.156,Rp0,Rp0,Rp0,Rp43.223,Rp24.571,Rp18.652,Rp21.601,Rp0,Rp0,Rp0,Rp0,Rp0,Rp0,Rp55.332,5,5,5,5,Rp24.031,3162,56,1.77%,3,5.36%,8.93%,2909,49,1.68%,3,6.12%,10.20%,Rp120.156,Rp0,Rp165.302,Rp46.808,Rp0,0,0,2035,35,33,3,1.72%,8.57%,Rp79.903,3,Rp0,Rp0,Rp0,0,0,0,0,0,0,0,0,Rp0,0,0,0,0.00%,0,0.00%,0.00%,0,0,0.00%,0,0.00%,0.00%,Rp43.223,Rp24.571,Rp18.652,2,2,1,1,2,1,1,2,Rp21.612,0,61,6,9.84%,0,0.00%,33.33%,56,5,8.93%,0,0.00%,40.00%,Rp21.601,Rp0,Rp0,Rp0,Rp0,Rp0,Rp0,1,1,1,1,Rp21.601,3,3,0,28,1,3.57%,0,0.00%,100.00%,16,1,6.25%,0,0.00%,100.00%,4,0,0.00%,0,0.00%,0.00%,4,0,0.00%,0,0.00%,0.00%,0,0,0.00%,0,0.00%,0.00%,0,0,0.00%,0,0.00%,0.00%,Rp55.332,Rp55.332,Rp0,2,2,2,0,2,2,0,2,Rp27.666,3072,49,1.60%,3,6.12%,4.08%,2810,41,1.46%,3,7.32%,4.88%
SIKAT KAWAT MANGKOK SET 5 PCS SIKAT KAWAT MATA BOR GERINDA,1729941081681070589,GMV & produk terjual = 0,Aktif,Rp119.947,Rp0,Rp0,Rp0,Rp74.936,Rp0,Rp74.936,Rp45.011,Rp0,Rp0,Rp0,Rp0,Rp0,Rp0,Rp0,2,2,3,2,Rp59.974,2869,47,1.64%,7,14.89%,4.26%,2589,38,1.47%,6,15.79%,5.26%,Rp119.947,Rp0,Rp146.021,Rp25.954,Rp0,0,0,1741,28,22,1,1.61%,3.57%,Rp74.936,2,Rp0,Rp0,Rp0,0,0,0,0,0,0,0,0,Rp0,0,0,0,0.00%,0,0.00%,0.00%,0,0,0.00%,0,0.00%,0.00%,Rp74.936,Rp0,Rp74.936,1,1,0,1,2,0,2,1,Rp74.936,0,291,6,2.06%,1,16.67%,16.67%,252,4,1.59%,1,25.00%,25.00%,Rp45.011,Rp0,Rp0,Rp0,Rp0,Rp0,Rp0,1,1,1,1,Rp45.011,0,0,0,180,1,0.56%,0,0.00%,100.00%,157,1,0.64%,0,0.00%,100.00%,0,0,0.00%,0,0.00%,0.00%,0,0,0.00%,0,0.00%,0.00%,163,0,0.00%,0,0.00%,0.00%,145,0,0.00%,0,0.00%,0.00%,Rp0,Rp0,Rp0,0,0,0,0,0,0,0,0,Rp0,2398,40,1.67%,6,15.00%,0.00%,2182,34,1.56%,5,14.71%,0.00%
Belter 5PCS Mata Gergaji Jigsaw Blade Kayu Reciprocating Potong Triplek Papan Balok T344d HCS 80mm untuk Kayu Lunak Panel Triplek,1729651434844359165,GMV & produk terjual = 0,Aktif,Rp119.644,Rp46.763,Rp46.763,Rp0,Rp0,Rp0,Rp0,Rp0,Rp0,Rp0,Rp0,Rp0,Rp0,Rp0,Rp72.881,5,5,5,5,Rp23.929,3844,115,2.99%,8,6.96%,4.35%,3391,98,2.89%,8,8.16%,5.10%,Rp119.644,Rp0,Rp174.324,Rp78.800,Rp0,0,0,2618,79,70,4,3.02%,5.06%,Rp100.454,4,Rp46.763,Rp46.763,Rp0,1,1,1,0,1,1,0,1,Rp46.763,3,236,12,5.08%,2,16.67%,8.33%,196,7,3.57%,2,28.57%,14.29%,Rp0,Rp0,Rp0,0,0,0,0,0,0,0,0,Rp0,0,0,0,0.00%,0,0.00%,0.00%,0,0,0.00%,0,0.00%,0.00%,Rp0,Rp0,Rp0,Rp0,Rp0,Rp0,Rp0,0,0,0,0,Rp0,0,0,0,1,0,0.00%,0,0.00%,0.00%,1,0,0.00%,0,0.00%,0.00%,0,0,0.00%,0,0.00%,0.00%,0,0,0.00%,0,0.00%,0.00%,0,0,0.00%,0,0.00%,0.00%,0,0,0.00%,0,0.00%,0.00%,Rp72.881,Rp72.881,Rp0,4,4,4,0,4,4,0,4,Rp18.220,3607,103,2.86%,6,5.83%,3.88%,3198,91,2.85%,6,6.59%,4.40%
TERMURAH !!! FUKUTA Obeng TESPEN Bolak Balik Adjustable,1729702784198608381,produk terjual ≥1,Aktif,Rp118.162,Rp0,Rp0,Rp0,Rp20.196,Rp0,Rp20.196,Rp21.580,Rp0,Rp0,Rp0,Rp7.191,Rp0,Rp7.191,Rp76.386,14,14,16,14,Rp8.440,7450,201,2.70%,34,16.92%,6.97%,6379,169,2.65%,33,19.53%,8.28%,Rp118.162,Rp0,Rp206.061,Rp91.068,Rp14.200,2,2,4778,119,97,12,2.49%,10.08%,Rp104.468,14,Rp0,Rp0,Rp0,0,0,0,0,0,0,0,0,Rp0,0,0,0,0.00%,0,0.00%,0.00%,0,0,0.00%,0,0.00%,0.00%,Rp20.196,Rp0,Rp20.196,3,3,0,3,3,0,3,3,Rp6.732,0,3,0,0.00%,0,0.00%,0.00%,3,0,0.00%,0,0.00%,0.00%,Rp21.580,Rp0,Rp0,Rp0,Rp7.191,Rp0,Rp7.191,3,3,3,3,Rp7.193,2,0,2,315,11,3.49%,1,9.09%,27.27%,267,10,3.75%,1,10.00%,30.00%,0,0,0.00%,0,0.00%,0.00%,0,0,0.00%,0,0.00%,0.00%,279,11,3.94%,1,9.09%,9.09%,236,10,4.24%,1,10.00%,10.00%,Rp76.386,Rp76.386,Rp0,8,8,8,0,10,10,0,8,Rp9.548,7132,190,2.66%,33,17.37%,4.21%,6072,159,2.62%,32,20.13%,5.03%
Mata Bor HSS Twist Drill Bit 5-12mm Satuan Mata Bor Multifungsi,1729703363579643389,GMV & produk terjual = 0,Aktif,Rp116.054,Rp0,Rp0,Rp0,Rp54.152,Rp54.152,Rp0,Rp39.740,Rp0,Rp0,Rp0,Rp0,Rp0,Rp0,Rp22.162,4,4,9,4,Rp29.014,6345,275,4.33%,17,6.18%,1.45%,5348,247,4.62%,12,4.86%,1.62%,Rp116.054,Rp0,Rp145.474,Rp28.400,Rp0,0,0,4242,182,167,2,4.29%,1.10%,Rp52.399,4,Rp0,Rp0,Rp0,0,0,0,0,0,0,0,0,Rp0,1,26,0,0.00%,0,0.00%,0.00%,19,0,0.00%,0,0.00%,0.00%,Rp54.152,Rp54.152,Rp0,1,1,1,0,4,4,0,1,Rp54.152,0,333,14,4.20%,0,0.00%,7.14%,299,11,3.68%,0,0.00%,9.09%,Rp39.740,Rp0,Rp0,Rp0,Rp0,Rp0,Rp0,1,1,3,1,Rp39.740,0,0,0,4,0,0.00%,0,0.00%,0.00%,3,0,0.00%,0,0.00%,0.00%,0,0,0.00%,0,0.00%,0.00%,0,0,0.00%,0,0.00%,0.00%,0,0,0.00%,0,0.00%,0.00%,0,0,0.00%,0,0.00%,0.00%,Rp22.162,Rp22.162,Rp0,2,2,2,0,2,2,0,2,Rp11.081,5981,261,4.36%,17,6.51%,0.77%,5009,236,4.71%,12,5.08%,0.85%
Sparepart Recoil Stater Assy GX Untuk Mesin Gx160 Gx200 Tarikan Tali Kit Engine Genset,1734244670395549181,produk terjual ≥1,Aktif,Rp112.989,Rp0,Rp0,Rp0,Rp0,Rp0,Rp0,Rp36.241,Rp0,Rp0,Rp0,Rp0,Rp0,Rp0,Rp76.748,3,3,3,3,Rp37.663,1439,30,2.08%,5,16.67%,10.00%,1335,27,2.02%,4,14.81%,11.11%,Rp112.989,Rp0,Rp193.489,Rp80.500,Rp0,0,0,1040,24,22,3,2.31%,12.50%,Rp112.989,3,Rp0,Rp0,Rp0,0,0,0,0,0,0,0,0,Rp0,0,0,0,0.00%,0,0.00%,0.00%,0,0,0.00%,0,0.00%,0.00%,Rp0,Rp0,Rp0,0,0,0,0,0,0,0,0,Rp0,0,1,0,0.00%,0,0.00%,0.00%,1,0,0.00%,0,0.00%,0.00%,Rp36.241,Rp0,Rp0,Rp0,Rp0,Rp0,Rp0,1,1,1,1,Rp36.241,1,0,1,13,0,0.00%,0,0.00%,0.00%,0,0,0.00%,0,0.00%,0.00%,0,0,0.00%,0,0.00%,0.00%,0,0,0.00%,0,0.00%,0.00%,13,0,0.00%,0,0.00%,0.00%,0,0,0.00%,0,0.00%,0.00%,Rp76.748,Rp76.748,Rp0,2,2,2,0,2,2,0,2,Rp38.374,1425,30,2.11%,5,16.67%,6.67%,1254,23,1.83%,4,17.39%,8.70%
BRANCH X YAMATO ACETYLENE REGULATOR WELDING REGULATOR  ASITILIN GAS ASETILIN KUNINGAN,1730397798042273277,GMV & produk terjual = 0,Aktif,Rp112.400,Rp0,Rp0,Rp0,Rp0,Rp0,Rp0,Rp112.400,Rp0,Rp0,Rp0,Rp0,Rp0,Rp0,Rp0,1,1,1,1,Rp112.400,1024,23,2.25%,2,8.70%,4.35%,918,23,2.51%,1,4.35%,4.35%,Rp112.400,Rp0,Rp167.213,Rp39.000,Rp112.400,1,1,564,16,16,1,2.84%,6.25%,Rp112.400,1,Rp0,Rp0,Rp0,0,0,0,0,0,0,0,0,Rp0,0,0,0,0.00%,0,0.00%,0.00%,0,0,0.00%,0,0.00%,0.00%,Rp0,Rp0,Rp0,0,0,0,0,0,0,0,0,Rp0,0,4,0,0.00%,0,0.00%,0.00%,4,0,0.00%,0,0.00%,0.00%,Rp112.400,Rp0,Rp0,Rp0,Rp0,Rp0,Rp0,1,1,1,1,Rp112.400,0,0,0,1,0,0.00%,0,0.00%,0.00%,0,0,0.00%,0,0.00%,0.00%,0,0,0.00%,0,0.00%,0.00%,0,0,0.00%,0,0.00%,0.00%,0,0,0.00%,0,0.00%,0.00%,0,0,0.00%,0,0.00%,0.00%,Rp0,Rp0,Rp0,0,0,0,0,0,0,0,0,Rp0,1019,23,2.26%,2,8.70%,0.00%,891,22,2.47%,1,4.55%,0.00%
Paket Dudukan Gerinda Circular Saw Pemotong Kayu Stand Holder Lengkap Free Mata Gerinda Multifungsi,1731922038803105277,GMV & produk terjual = 0,Aktif,Rp112.160,Rp0,Rp0,Rp0,Rp39.602,Rp0,Rp39.602,Rp37.269,Rp0,Rp0,Rp0,Rp37.269,Rp0,Rp37.269,Rp35.289,3,3,3,3,Rp37.387,2263,52,2.30%,6,11.54%,5.77%,2035,42,2.06%,5,11.90%,7.14%,Rp112.160,Rp0,Rp204.116,Rp90.038,Rp37.269,1,1,1337,38,28,3,2.84%,7.89%,Rp112.160,3,Rp0,Rp0,Rp0,0,0,0,0,0,0,0,0,Rp0,0,0,0,0.00%,0,0.00%,0.00%,0,0,0.00%,0,0.00%,0.00%,Rp39.602,Rp0,Rp39.602,1,1,0,1,1,0,1,1,Rp39.602,0,0,0,0.00%,0,0.00%,0.00%,0,0,0.00%,0,0.00%,0.00%,Rp37.269,Rp0,Rp0,Rp0,Rp37.269,Rp0,Rp37.269,1,1,1,1,Rp37.269,0,0,0,639,20,3.13%,1,5.00%,5.00%,585,16,2.74%,1,6.25%,6.25%,0,0,0.00%,0,0.00%,0.00%,0,0,0.00%,0,0.00%,0.00%,556,20,3.60%,1,5.00%,5.00%,508,16,3.15%,1,6.25%,6.25%,Rp35.289,Rp35.289,Rp0,1,1,1,0,1,1,0,1,Rp35.289,1624,32,1.97%,5,15.63%,3.13%,1461,27,1.85%,4,14.81%,3.70%
Sendok Semen Tukang Maganese Steel 6 Inch & 8 Inch Tebal Kokoh,1733135828990854653,produk terjual ≥1,Aktif,Rp111.128,Rp0,Rp0,Rp0,Rp15.655,Rp0,Rp15.655,Rp53.265,Rp0,Rp0,Rp0,Rp11.607,Rp0,Rp11.607,Rp42.208,7,7,8,7,Rp15.875,4616,105,2.27%,14,13.33%,6.67%,4082,88,2.16%,14,15.91%,7.95%,Rp111.128,Rp0,Rp128.378,Rp28.631,Rp26.147,2,1,2853,59,50,4,2.07%,6.78%,Rp58.382,4,Rp0,Rp0,Rp0,0,0,0,0,0,0,0,0,Rp0,0,0,0,0.00%,0,0.00%,0.00%,0,0,0.00%,0,0.00%,0.00%,Rp15.655,Rp0,Rp15.655,1,1,0,1,1,0,1,1,Rp15.655,0,2,0,0.00%,0,0.00%,0.00%,2,0,0.00%,0,0.00%,0.00%,Rp53.265,Rp0,Rp0,Rp0,Rp11.607,Rp0,Rp11.607,3,3,4,3,Rp17.755,1,0,1,553,14,2.53%,0,0.00%,21.43%,507,13,2.56%,0,0.00%,23.08%,0,0,0.00%,0,0.00%,0.00%,0,0,0.00%,0,0.00%,0.00%,550,14,2.55%,0,0.00%,7.14%,504,13,2.58%,0,0.00%,7.69%,Rp42.208,Rp42.208,Rp0,3,3,3,0,3,3,0,3,Rp14.069,4060,91,2.24%,14,15.38%,3.30%,3545,74,2.09%,14,18.92%,4.05%
Spidol Permanen Spidol Marker Free Flow Round Tip Permanent Marker,1731249791934629373,produk terjual ≥1,Aktif,Rp110.855,Rp0,Rp0,Rp0,Rp104.267,Rp0,Rp104.267,Rp0,Rp0,Rp0,Rp0,Rp0,Rp0,Rp0,Rp6.588,2,2,11,2,Rp55.428,4382,58,1.32%,6,10.34%,3.45%,3952,53,1.34%,6,11.32%,3.77%,Rp110.855,Rp0,Rp143.512,Rp33.089,Rp0,0,0,2605,31,29,1,1.19%,3.23%,Rp6.588,1,Rp0,Rp0,Rp0,0,0,0,0,0,0,0,0,Rp0,0,0,0,0.00%,0,0.00%,0.00%,0,0,0.00%,0,0.00%,0.00%,Rp104.267,Rp0,Rp104.267,1,1,0,1,10,0,10,1,Rp104.267,0,0,0,0.00%,0,0.00%,0.00%,0,0,0.00%,0,0.00%,0.00%,Rp0,Rp0,Rp0,Rp0,Rp0,Rp0,Rp0,0,0,0,0,Rp0,0,0,0,4,0,0.00%,0,0.00%,0.00%,3,0,0.00%,0,0.00%,0.00%,0,0,0.00%,0,0.00%,0.00%,0,0,0.00%,0,0.00%,0.00%,0,0,0.00%,0,0.00%,0.00%,0,0,0.00%,0,0.00%,0.00%,Rp6.588,Rp6.588,Rp0,1,1,1,0,1,1,0,1,Rp6.588,4378,58,1.32%,6,10.34%,1.72%,3908,53,1.36%,6,11.32%,1.89%
Palu Ukuran Mini 8 oz YUKIDO,1729643401367620093,produk terjual ≥1,Aktif,Rp108.413,Rp0,Rp0,Rp0,Rp0,Rp0,Rp0,Rp56.571,Rp0,Rp0,Rp0,Rp0,Rp0,Rp0,Rp51.842,4,4,4,2,Rp27.103,2005,56,2.79%,5,8.93%,7.14%,1666,42,2.52%,4,9.52%,4.76%,Rp108.413,Rp0,Rp178.531,Rp65.654,Rp54.096,2,1,1167,40,29,2,3.43%,10.00%,Rp108.413,4,Rp0,Rp0,Rp0,0,0,0,0,0,0,0,0,Rp0,0,0,0,0.00%,0,0.00%,0.00%,0,0,0.00%,0,0.00%,0.00%,Rp0,Rp0,Rp0,0,0,0,0,0,0,0,0,Rp0,0,301,6,1.99%,0,0.00%,0.00%,247,5,2.02%,0,0.00%,0.00%,Rp56.571,Rp0,Rp0,Rp0,Rp0,Rp0,Rp0,2,2,2,2,Rp28.286,2,0,2,147,3,2.04%,0,0.00%,66.67%,39,2,5.13%,0,0.00%,100.00%,0,0,0.00%,0,0.00%,0.00%,0,0,0.00%,0,0.00%,0.00%,26,3,11.54%,0,0.00%,0.00%,25,2,8.00%,0,0.00%,0.00%,Rp51.842,Rp51.842,Rp0,2,2,2,0,2,2,0,1,Rp25.921,1556,47,3.02%,5,10.64%,4.26%,1363,36,2.64%,4,11.11%,2.78%
"ELLKA 10 Pcs Mata Socket 1/2"" 8-24mm dengan Gagang Sock L Ratchet Impact Socket Drive Deep Set Mata Shock Panjang Bahan Baja Molybdenum Anti Karat",1730859901636543997,produk terjual ≥1,Aktif,Rp107.565,Rp0,Rp0,Rp0,Rp0,Rp0,Rp0,Rp107.565,Rp107.565,Rp0,Rp107.565,Rp0,Rp0,Rp0,Rp0,1,1,1,1,Rp107.565,2615,74,2.83%,4,5.41%,1.35%,2421,66,2.73%,3,4.55%,1.52%,Rp107.565,Rp0,Rp122.565,Rp15.000,Rp107.565,1,1,1014,28,25,0,2.76%,0.00%,Rp0,0,Rp0,Rp0,Rp0,0,0,0,0,0,0,0,0,Rp0,50,305,1,0.33%,0,0.00%,0.00%,296,1,0.34%,0,0.00%,0.00%,Rp0,Rp0,Rp0,0,0,0,0,0,0,0,0,Rp0,1,203,12,5.91%,0,0.00%,0.00%,184,8,4.35%,0,0.00%,0.00%,Rp107.565,Rp107.565,Rp0,Rp107.565,Rp0,Rp0,Rp0,1,1,1,1,Rp107.565,2,1,1,293,11,3.75%,0,0.00%,9.09%,251,10,3.98%,0,0.00%,10.00%,85,2,2.35%,0,0.00%,50.00%,81,2,2.47%,0,0.00%,50.00%,109,7,6.42%,0,0.00%,0.00%,99,6,6.06%,0,0.00%,0.00%,Rp0,Rp0,Rp0,0,0,0,0,0,0,0,0,Rp0,1814,50,2.76%,4,8.00%,0.00%,1662,46,2.77%,3,6.52%,0.00%
Sendok Semen Lancip 8” Inch / Sendok Semen Camel 8”,1733135952158164477,GMV & produk terjual = 0,Aktif,Rp105.881,Rp0,Rp0,Rp0,Rp12.222,Rp0,Rp12.222,Rp17.873,Rp0,Rp0,Rp0,Rp0,Rp0,Rp0,Rp75.786,3,3,7,3,Rp35.294,2738,35,1.28%,2,5.71%,8.57%,2478,30,1.21%,2,6.67%,10.00%,Rp105.881,Rp0,Rp149.314,Rp45.029,Rp0,0,0,1790,22,19,1,1.23%,4.55%,Rp17.873,1,Rp0,Rp0,Rp0,0,0,0,0,0,0,0,0,Rp0,0,0,0,0.00%,0,0.00%,0.00%,0,0,0.00%,0,0.00%,0.00%,Rp12.222,Rp0,Rp12.222,1,1,0,1,1,0,1,1,Rp12.222,0,1,0,0.00%,0,0.00%,0.00%,1,0,0.00%,0,0.00%,0.00%,Rp17.873,Rp0,Rp0,Rp0,Rp0,Rp0,Rp0,1,1,1,1,Rp17.873,0,0,0,0,0,0.00%,0,0.00%,0.00%,0,0,0.00%,0,0.00%,0.00%,0,0,0.00%,0,0.00%,0.00%,0,0,0.00%,0,0.00%,0.00%,0,0,0.00%,0,0.00%,0.00%,0,0,0.00%,0,0.00%,0.00%,Rp75.786,Rp75.786,Rp0,1,1,1,0,5,5,0,1,Rp75.786,2736,35,1.28%,2,5.71%,2.86%,2444,29,1.19%,2,6.90%,3.45%
TERMURAH BISA COD !!! SELANG RECOIL 12 MTR - 9 MTR - 6 MTR - 4.5 MTR / SELANG SPIRAL YUKIDO JAPAN TECNOLOGY ORIGINAL PRODUCT,1736072935044843005,produk terjual ≥1,Aktif,Rp105.545,Rp0,Rp0,Rp0,Rp0,Rp0,Rp0,Rp105.545,Rp0,Rp0,Rp0,Rp105.545,Rp105.545,Rp0,Rp0,1,1,1,1,Rp105.545,1969,32,1.63%,1,3.13%,3.13%,1732,27,1.56%,0,0.00%,3.70%,Rp105.545,Rp0,Rp127.545,Rp22.000,Rp0,0,0,217,3,3,0,1.38%,0.00%,Rp0,0,Rp0,Rp0,Rp0,0,0,0,0,0,0,0,0,Rp0,3,982,9,0.92%,0,0.00%,0.00%,898,8,0.89%,0,0.00%,0.00%,Rp0,Rp0,Rp0,0,0,0,0,0,0,0,0,Rp0,2,149,1,0.67%,0,0.00%,0.00%,113,1,0.88%,0,0.00%,0.00%,Rp105.545,Rp0,Rp0,Rp0,Rp105.545,Rp105.545,Rp0,1,1,1,1,Rp105.545,2,0,2,362,8,2.21%,1,12.50%,12.50%,293,6,2.05%,0,0.00%,16.67%,0,0,0.00%,0,0.00%,0.00%,0,0,0.00%,0,0.00%,0.00%,287,8,2.79%,1,12.50%,12.50%,256,6,2.34%,0,0.00%,16.67%,Rp0,Rp0,Rp0,0,0,0,0,0,0,0,0,Rp0,475,14,2.95%,0,0.00%,0.00%,380,11,2.89%,0,0.00%,0.00%
(PROMO 1LUSIN 12 PASANG) Sarung Tangan Kerja/Proyek  Matahari Putih Bintik Kuning/Sarung Tangan Kain Benang Bintik/Sarung Tangan Serbaguna Grosir Termurah,1735803001207686653,produk terjual ≥1,Aktif,Rp105.347,Rp0,Rp0,Rp0,Rp0,Rp0,Rp0,Rp25.250,Rp0,Rp0,Rp0,Rp0,Rp0,Rp0,Rp80.097,4,4,4,4,Rp26.337,7931,274,3.45%,8,2.92%,1.46%,7122,237,3.33%,8,3.38%,1.69%,Rp105.347,Rp0,Rp157.187,Rp55.500,Rp0,0,0,3684,167,146,3,4.53%,1.80%,Rp82.036,3,Rp0,Rp0,Rp0,0,0,0,0,0,0,0,0,Rp0,19,429,6,1.40%,0,0.00%,0.00%,407,6,1.47%,0,0.00%,0.00%,Rp0,Rp0,Rp0,0,0,0,0,0,0,0,0,Rp0,2,214,6,2.80%,0,0.00%,0.00%,198,6,3.03%,0,0.00%,0.00%,Rp25.250,Rp0,Rp0,Rp0,Rp0,Rp0,Rp0,1,1,1,1,Rp25.250,10,0,10,1256,19,1.51%,1,5.26%,5.26%,1024,18,1.76%,1,5.56%,5.56%,0,0,0.00%,0,0.00%,0.00%,0,0,0.00%,0,0.00%,0.00%,1126,18,1.60%,0,0.00%,0.00%,959,17,1.77%,0,0.00%,0.00%,Rp80.097,Rp80.097,Rp0,3,3,3,0,3,3,0,3,Rp26.699,6031,243,4.03%,7,2.88%,1.23%,5436,199,3.66%,7,3.52%,1.51%
Sepatu Boot Tinggi YUKIDO Kuning Anti Slip Air Lentur Nyaman Ringan Lokal Karet Perkebunan,1736493022218585597,produk terjual ≥1,Aktif,Rp104.384,Rp104.384,Rp104.384,Rp0,Rp0,Rp0,Rp0,Rp0,Rp0,Rp0,Rp0,Rp0,Rp0,Rp0,Rp0,1,1,1,1,Rp104.384,8531,66,0.77%,0,0.00%,1.52%,7203,57,0.79%,0,0.00%,1.75%,Rp104.384,Rp0,Rp128.034,Rp20.500,Rp0,0,0,415,0,0,0,0.00%,0.00%,Rp0,0,Rp104.384,Rp104.384,Rp0,1,1,1,0,1,1,0,1,Rp104.384,7,7322,45,0.61%,0,0.00%,2.22%,1445,7,0.48%,0,0.00%,14.29%,Rp0,Rp0,Rp0,0,0,0,0,0,0,0,0,Rp0,1,86,4,4.65%,0,0.00%,0.00%,65,3,4.62%,0,0.00%,0.00%,Rp0,Rp0,Rp0,Rp0,Rp0,Rp0,Rp0,0,0,0,0,Rp0,5,2,4,760,9,1.18%,0,0.00%,0.00%,114,1,0.88%,0,0.00%,0.00%,558,5,0.90%,0,0.00%,0.00%,61,0,0.00%,0,0.00%,0.00%,181,4,2.21%,0,0.00%,0.00%,48,1,2.08%,0,0.00%,0.00%,Rp0,Rp0,Rp0,0,0,0,0,0,0,0,0,Rp0,361,8,2.22%,0,0.00%,0.00%,121,5,4.13%,0,0.00%,0.00%
Kunci Sok T 3 in 1 Jason – Alat Perkakas Serbaguna,1732221598976607741,produk terjual ≥1,Aktif,Rp103.400,Rp0,Rp0,Rp0,Rp0,Rp0,Rp0,Rp52.200,Rp0,Rp0,Rp0,Rp0,Rp0,Rp0,Rp51.200,2,2,2,2,Rp51.700,2231,96,4.30%,6,6.25%,2.08%,2009,86,4.28%,5,5.81%,2.33%,Rp103.400,Rp0,Rp159.900,Rp56.500,Rp0,0,0,1359,48,45,1,3.53%,2.08%,Rp51.200,1,Rp0,Rp0,Rp0,0,0,0,0,0,0,0,0,Rp0,0,0,0,0.00%,0,0.00%,0.00%,0,0,0.00%,0,0.00%,0.00%,Rp0,Rp0,Rp0,0,0,0,0,0,0,0,0,Rp0,0,0,0,0.00%,0,0.00%,0.00%,0,0,0.00%,0,0.00%,0.00%,Rp52.200,Rp0,Rp0,Rp0,Rp0,Rp0,Rp0,1,1,1,1,Rp52.200,0,0,0,33,5,15.15%,0,0.00%,20.00%,23,2,8.70%,0,0.00%,50.00%,0,0,0.00%,0,0.00%,0.00%,0,0,0.00%,0,0.00%,0.00%,0,0,0.00%,0,0.00%,0.00%,0,0,0.00%,0,0.00%,0.00%,Rp51.200,Rp51.200,Rp0,1,1,1,0,1,1,0,1,Rp51.200,2195,91,4.15%,6,6.59%,1.10%,1964,85,4.33%,5,5.88%,1.18%
Mata Shock Impact Panjang 1/2 Kunci Sok Pukul 8mm ~ 19mm Impact Socket Baja CRV Anti Karat JIS Premium Quality,1731348219145324029,produk terjual ≥1,Aktif,Rp103.232,Rp0,Rp0,Rp0,Rp0,Rp0,Rp0,Rp67.719,Rp0,Rp0,Rp0,Rp0,Rp0,Rp0,Rp35.513,4,4,5,4,Rp25.808,5990,286,4.77%,10,3.50%,1.40%,5482,253,4.62%,10,3.95%,1.58%,Rp103.232,Rp0,Rp148.894,Rp60.769,Rp0,0,0,4749,222,200,4,4.67%,1.80%,Rp103.232,5,Rp0,Rp0,Rp0,0,0,0,0,0,0,0,0,Rp0,0,0,0,0.00%,0,0.00%,0.00%,0,0,0.00%,0,0.00%,0.00%,Rp0,Rp0,Rp0,0,0,0,0,0,0,0,0,Rp0,0,3,0,0.00%,0,0.00%,0.00%,3,0,0.00%,0,0.00%,0.00%,Rp67.719,Rp0,Rp0,Rp0,Rp0,Rp0,Rp0,2,2,3,2,Rp33.860,0,0,0,30,1,3.33%,0,0.00%,200.00%,25,1,4.00%,0,0.00%,200.00%,0,0,0.00%,0,0.00%,0.00%,0,0,0.00%,0,0.00%,0.00%,1,0,0.00%,0,0.00%,0.00%,1,0,0.00%,0,0.00%,0.00%,Rp35.513,Rp35.513,Rp0,2,2,2,0,2,2,0,2,Rp17.756,5957,285,4.78%,10,3.51%,0.70%,5406,252,4.66%,10,3.97%,0.79%
"Multi Cutting Wheel 4"" Fujiyama GU910 101x1.8x20/16mm/ Multifungsi Batu Potong/ Mata Gurinda/Gerinda",1730552062626268669,produk terjual ≥1,Aktif,Rp102.686,Rp51.813,Rp51.813,Rp0,Rp0,Rp0,Rp0,Rp50.873,Rp0,Rp0,Rp0,Rp0,Rp0,Rp0,Rp0,2,2,2,2,Rp51.343,701,17,2.43%,1,5.88%,11.76%,613,13,2.12%,1,7.69%,15.38%,Rp102.686,Rp0,Rp137.606,Rp34.909,Rp0,0,0,341,11,9,1,3.23%,9.09%,Rp50.873,1,Rp51.813,Rp51.813,Rp0,1,1,1,0,1,1,0,1,Rp51.813,1,110,5,4.55%,0,0.00%,20.00%,91,3,3.30%,0,0.00%,33.33%,Rp0,Rp0,Rp0,0,0,0,0,0,0,0,0,Rp0,0,0,0,0.00%,0,0.00%,0.00%,0,0,0.00%,0,0.00%,0.00%,Rp50.873,Rp0,Rp0,Rp0,Rp0,Rp0,Rp0,1,1,1,1,Rp50.873,0,0,0,109,2,1.83%,0,0.00%,50.00%,93,2,2.15%,0,0.00%,50.00%,0,0,0.00%,0,0.00%,0.00%,0,0,0.00%,0,0.00%,0.00%,109,2,1.83%,0,0.00%,0.00%,93,2,2.15%,0,0.00%,0.00%,Rp0,Rp0,Rp0,0,0,0,0,0,0,0,0,Rp0,482,10,2.07%,1,10.00%,0.00%,425,8,1.88%,1,12.50%,0.00%
Ratchet Handle Gagang Kunci Sock Gagang Rachet 1/2 Inch / Ratchet Handle / Gagang Kunci Sock / Gagang kunci shock / Gagang Rachet,1729965532595128829,GMV & produk terjual = 0,Aktif,Rp102.436,Rp0,Rp0,Rp0,Rp0,Rp0,Rp0,Rp49.779,Rp0,Rp0,Rp0,Rp0,Rp0,Rp0,Rp52.657,2,2,2,2,Rp51.218,4069,162,3.98%,7,4.32%,1.23%,3450,140,4.06%,7,5.00%,1.43%,Rp102.436,Rp0,Rp124.760,Rp23.636,Rp0,0,0,2659,101,89,0,3.80%,0.00%,Rp0,0,Rp0,Rp0,Rp0,0,0,0,0,0,0,0,0,Rp0,0,0,0,0.00%,0,0.00%,0.00%,0,0,0.00%,0,0.00%,0.00%,Rp0,Rp0,Rp0,0,0,0,0,0,0,0,0,Rp0,0,972,57,5.86%,3,5.26%,0.00%,823,45,5.47%,3,6.67%,0.00%,Rp49.779,Rp0,Rp0,Rp0,Rp0,Rp0,Rp0,1,1,1,1,Rp49.779,10,6,5,743,30,4.04%,0,0.00%,3.33%,485,16,3.30%,0,0.00%,6.25%,132,1,0.76%,0,0.00%,0.00%,94,1,1.06%,0,0.00%,0.00%,557,28,5.03%,0,0.00%,0.00%,360,14,3.89%,0,0.00%,0.00%,Rp52.657,Rp52.657,Rp0,1,1,1,0,1,1,0,1,Rp52.657,2354,75,3.19%,4,5.33%,1.33%,2075,69,3.33%,4,5.80%,1.45%
PAKET GEGRGAJI COMPAS YUKIDO/GERGAJI LANCIP SERBAGUNA SATU SET DENGAN KIKIR DIAMOND YUKIDO 6PCS HARGA TERMURAH,1730164068439590397,produk terjual ≥1,Aktif,Rp101.412,Rp0,Rp0,Rp0,Rp0,Rp0,Rp0,Rp50.453,Rp0,Rp0,Rp0,Rp0,Rp0,Rp0,Rp50.959,2,2,2,2,Rp50.706,3707,158,4.26%,2,1.27%,1.27%,3190,139,4.36%,2,1.44%,1.44%,Rp101.412,Rp0,Rp136.412,Rp35.000,Rp50.453,1,1,3019,122,107,2,4.04%,1.64%,Rp101.412,2,Rp0,Rp0,Rp0,0,0,0,0,0,0,0,0,Rp0,0,0,0,0.00%,0,0.00%,0.00%,0,0,0.00%,0,0.00%,0.00%,Rp0,Rp0,Rp0,0,0,0,0,0,0,0,0,Rp0,0,0,0,0.00%,0,0.00%,0.00%,0,0,0.00%,0,0.00%,0.00%,Rp50.453,Rp0,Rp0,Rp0,Rp0,Rp0,Rp0,1,1,1,1,Rp50.453,0,0,0,899,26,2.89%,0,0.00%,3.85%,803,24,2.99%,0,0.00%,4.17%,0,0,0.00%,0,0.00%,0.00%,0,0,0.00%,0,0.00%,0.00%,899,26,2.89%,0,0.00%,0.00%,803,24,2.99%,0,0.00%,0.00%,Rp50.959,Rp50.959,Rp0,1,1,1,0,1,1,0,1,Rp50.959,2807,132,4.70%,2,1.52%,0.76%,2378,113,4.75%,2,1.77%,0.88%
Yukido Tang Kombinasi Multifungsi 9INC / LINESMAN PLIERS AB88-1HD,1729715210942384637,produk terjual ≥1,Aktif,Rp100.960,Rp0,Rp0,Rp0,Rp0,Rp0,Rp0,Rp0,Rp0,Rp0,Rp0,Rp0,Rp0,Rp0,Rp100.960,1,1,1,1,Rp100.960,4323,157,3.63%,6,3.82%,0.64%,3538,131,3.70%,6,4.58%,0.76%,Rp100.960,Rp0,Rp121.900,Rp7.500,Rp100.960,1,1,2285,88,79,1,3.85%,1.14%,Rp100.960,1,Rp0,Rp0,Rp0,0,0,0,0,0,0,0,0,Rp0,52,270,0,0.00%,0,0.00%,0.00%,263,0,0.00%,0,0.00%,0.00%,Rp0,Rp0,Rp0,0,0,0,0,0,0,0,0,Rp0,0,515,22,4.27%,0,0.00%,0.00%,474,18,3.80%,0,0.00%,0.00%,Rp0,Rp0,Rp0,Rp0,Rp0,Rp0,Rp0,0,0,0,0,Rp0,5,4,1,1513,65,4.30%,2,3.08%,0.00%,1075,50,4.65%,2,4.00%,0.00%,122,0,0.00%,0,0.00%,0.00%,81,0,0.00%,0,0.00%,0.00%,982,55,5.60%,2,3.64%,0.00%,769,44,5.72%,2,4.55%,0.00%,Rp100.960,Rp100.960,Rp0,1,1,1,0,1,1,0,1,Rp100.960,2024,70,3.46%,4,5.71%,1.43%,1786,66,3.70%,4,6.06%,1.52%
2 Pcs Mata Gerinda Multifungsi Diamond Untuk Pemotongan Ubin Keramik Kayu Marmer 4 Inch,1731796262918456829,GMV & produk terjual = 0,Aktif,Rp99.875,Rp0,Rp0,Rp0,Rp0,Rp0,Rp0,Rp27.025,Rp0,Rp0,Rp0,Rp27.025,Rp0,Rp27.025,Rp72.850,4,4,4,4,Rp24.969,1996,47,2.35%,4,8.51%,8.51%,1776,36,2.03%,4,11.11%,11.11%,Rp99.875,Rp0,Rp144.986,Rp39.846,Rp0,0,0,1111,34,24,4,3.06%,11.76%,Rp99.875,4,Rp0,Rp0,Rp0,0,0,0,0,0,0,0,0,Rp0,0,0,0,0.00%,0,0.00%,0.00%,0,0,0.00%,0,0.00%,0.00%,Rp0,Rp0,Rp0,0,0,0,0,0,0,0,0,Rp0,0,164,2,1.22%,0,0.00%,0.00%,158,2,1.27%,0,0.00%,0.00%,Rp27.025,Rp0,Rp0,Rp0,Rp27.025,Rp0,Rp27.025,1,1,1,1,Rp27.025,0,0,0,44,0,0.00%,0,0.00%,0.00%,22,0,0.00%,0,0.00%,0.00%,0,0,0.00%,0,0.00%,0.00%,0,0,0.00%,0,0.00%,0.00%,2,0,0.00%,0,0.00%,0.00%,2,0,0.00%,0,0.00%,0.00%,Rp72.850,Rp72.850,Rp0,3,3,3,0,3,3,0,3,Rp24.283,1788,45,2.52%,4,8.89%,6.67%,1596,34,2.13%,4,11.76%,8.82%
ELLKA Alat Potong Rantai Sepeda Motor Chain Breaker Rantai Sepeda Rante Motor Alat Pemotong rantai Outdoor Roda,1730477281257424381,GMV & produk terjual = 0,Aktif,Rp99.598,Rp0,Rp0,Rp0,Rp0,Rp0,Rp0,Rp34.159,Rp0,Rp0,Rp0,Rp34.159,Rp34.159,Rp0,Rp65.439,3,3,3,3,Rp33.199,4971,64,1.29%,7,10.94%,4.69%,4670,60,1.28%,7,11.67%,5.00%,Rp99.598,Rp0,Rp136.997,Rp36.198,Rp0,0,0,2869,29,27,1,1.01%,3.45%,Rp30.689,1,Rp0,Rp0,Rp0,0,0,0,0,0,0,0,0,Rp0,63,588,7,1.19%,0,0.00%,0.00%,559,6,1.07%,0,0.00%,0.00%,Rp0,Rp0,Rp0,0,0,0,0,0,0,0,0,Rp0,0,1,0,0.00%,0,0.00%,0.00%,1,0,0.00%,0,0.00%,0.00%,Rp34.159,Rp0,Rp0,Rp0,Rp34.159,Rp34.159,Rp0,1,1,1,1,Rp34.159,6,6,1,712,15,2.11%,0,0.00%,6.67%,675,14,2.07%,0,0.00%,7.14%,129,1,0.78%,0,0.00%,0.00%,125,1,0.80%,0,0.00%,0.00%,565,14,2.48%,0,0.00%,7.14%,534,13,2.43%,0,0.00%,7.69%,Rp65.439,Rp65.439,Rp0,2,2,2,0,2,2,0,2,Rp32.720,3670,42,1.14%,7,16.67%,4.76%,3445,40,1.16%,7,17.50%,5.00%
3 Pasang Sarung Tangan Kerja Proyek Industri Sarung Tangan Karet Safety Binting Kuning Premium Kuning/Sarung Tangan Kain Benang Bintik/Sarung Tangan Serbaguna,1735803166031250941,produk terjual ≥1,Aktif,Rp97.949,Rp21.210,Rp0,Rp21.210,Rp11.937,Rp0,Rp11.937,Rp52.589,Rp0,Rp0,Rp0,Rp0,Rp0,Rp0,Rp12.213,6,6,11,6,Rp16.325,8325,147,1.77%,7,4.76%,4.08%,7531,137,1.82%,7,5.11%,4.38%,Rp97.949,Rp0,Rp107.963,Rp43.442,Rp24.934,4,2,4584,79,72,3,1.72%,3.80%,Rp51.529,6,Rp21.210,Rp0,Rp21.210,1,1,0,1,1,0,1,1,Rp21.210,14,187,1,0.53%,0,0.00%,100.00%,179,1,0.56%,0,0.00%,100.00%,Rp11.937,Rp0,Rp11.937,1,1,0,1,1,0,1,1,Rp11.937,0,1,0,0.00%,0,0.00%,0.00%,1,0,0.00%,0,0.00%,0.00%,Rp52.589,Rp0,Rp0,Rp0,Rp0,Rp0,Rp0,3,3,8,3,Rp17.530,1,0,1,454,15,3.30%,0,0.00%,20.00%,319,14,4.39%,0,0.00%,21.43%,0,0,0.00%,0,0.00%,0.00%,0,0,0.00%,0,0.00%,0.00%,335,14,4.18%,0,0.00%,0.00%,285,13,4.56%,0,0.00%,0.00%,Rp12.213,Rp12.213,Rp0,1,1,1,0,1,1,0,1,Rp12.213,7682,131,1.71%,7,5.34%,0.76%,6976,121,1.73%,7,5.79%,0.83%
PALU KARET KERAMIK - PALU KERAMIK - PALU KARET GRANIT - PALU KARET - PALU KARET SERBAGUNA,1729736875682596349,GMV & produk terjual = 0,Aktif,Rp97.839,Rp0,Rp0,Rp0,Rp0,Rp0,Rp0,Rp97.839,Rp0,Rp0,Rp0,Rp97.839,Rp97.839,Rp0,Rp0,4,4,4,4,Rp24.460,1319,38,2.88%,2,5.26%,10.53%,1083,32,2.95%,2,6.25%,12.50%,Rp97.839,Rp0,Rp189.369,Rp91.500,Rp49.490,2,2,778,25,21,4,3.21%,16.00%,Rp97.839,4,Rp0,Rp0,Rp0,0,0,0,0,0,0,0,0,Rp0,37,170,3,1.76%,0,0.00%,0.00%,144,2,1.39%,0,0.00%,0.00%,Rp0,Rp0,Rp0,0,0,0,0,0,0,0,0,Rp0,0,47,2,4.26%,0,0.00%,0.00%,39,2,5.13%,0,0.00%,0.00%,Rp97.839,Rp0,Rp0,Rp0,Rp97.839,Rp97.839,Rp0,4,4,4,4,Rp24.460,5,5,0,442,17,3.85%,0,0.00%,23.53%,347,14,4.03%,0,0.00%,28.57%,14,0,0.00%,0,0.00%,0.00%,12,0,0.00%,0,0.00%,0.00%,414,17,4.11%,0,0.00%,23.53%,326,14,4.29%,0,0.00%,28.57%,Rp0,Rp0,Rp0,0,0,0,0,0,0,0,0,Rp0,660,16,2.42%,2,12.50%,0.00%,577,14,2.43%,2,14.29%,0.00%
Rangka Steam Motor Dudukan Mesin Steam Sasis Frame Cuci Motor Car,1731848827083654653,produk terjual ≥1,Aktif,Rp97.303,Rp0,Rp0,Rp0,Rp0,Rp0,Rp0,Rp97.303,Rp0,Rp0,Rp0,Rp0,Rp0,Rp0,Rp0,1,1,1,1,Rp97.303,1572,38,2.42%,0,0.00%,2.63%,1396,35,2.51%,0,0.00%,2.86%,Rp97.303,Rp0,Rp124.363,Rp21.000,Rp0,0,0,1001,22,20,0,2.20%,0.00%,Rp0,0,Rp0,Rp0,Rp0,0,0,0,0,0,0,0,0,Rp0,0,0,0,0.00%,0,0.00%,0.00%,0,0,0.00%,0,0.00%,0.00%,Rp0,Rp0,Rp0,0,0,0,0,0,0,0,0,Rp0,0,0,0,0.00%,0,0.00%,0.00%,0,0,0.00%,0,0.00%,0.00%,Rp97.303,Rp0,Rp0,Rp0,Rp0,Rp0,Rp0,1,1,1,1,Rp97.303,0,0,0,39,0,0.00%,0,0.00%,0.00%,35,0,0.00%,0,0.00%,0.00%,0,0,0.00%,0,0.00%,0.00%,0,0,0.00%,0,0.00%,0.00%,0,0,0.00%,0,0.00%,0.00%,0,0,0.00%,0,0.00%,0.00%,Rp0,Rp0,Rp0,0,0,0,0,0,0,0,0,Rp0,1533,38,2.48%,0,0.00%,0.00%,1329,35,2.63%,0,0.00%,0.00%
"Pisau mata potong granit keramik 4""(inch) diamond wheel cuting workman",1729841536644843005,produk terjual ≥1,Aktif,Rp97.013,Rp27.514,Rp27.514,Rp0,Rp0,Rp0,Rp0,Rp20.000,Rp0,Rp0,Rp0,Rp0,Rp0,Rp0,Rp49.499,4,4,4,4,Rp24.253,2929,75,2.56%,5,6.67%,5.33%,2602,61,2.34%,5,8.20%,6.56%,Rp97.013,Rp0,Rp132.731,Rp30.969,Rp0,0,0,1417,43,34,2,3.03%,4.65%,Rp46.000,2,Rp27.514,Rp27.514,Rp0,1,1,1,0,1,1,0,1,Rp27.514,37,648,9,1.39%,1,11.11%,11.11%,572,9,1.57%,1,11.11%,11.11%,Rp0,Rp0,Rp0,0,0,0,0,0,0,0,0,Rp0,0,1,0,0.00%,0,0.00%,0.00%,1,0,0.00%,0,0.00%,0.00%,Rp20.000,Rp0,Rp0,Rp0,Rp0,Rp0,Rp0,1,1,1,1,Rp20.000,0,0,0,86,2,2.33%,0,0.00%,50.00%,78,2,2.56%,0,0.00%,50.00%,0,0,0.00%,0,0.00%,0.00%,0,0,0.00%,0,0.00%,0.00%,49,1,2.04%,0,0.00%,0.00%,43,1,2.33%,0,0.00%,0.00%,Rp49.499,Rp49.499,Rp0,2,2,2,0,2,2,0,2,Rp24.750,2195,64,2.92%,4,6.25%,3.13%,1935,49,2.53%,4,8.16%,4.08%
Gear Set Gerinda MAKTEC MT90 MT91 Gir Gearset Gigi Nanas Mesin Gurinda Grinder,1730466296684578301,GMV & produk terjual = 0,Aktif,Rp95.900,Rp0,Rp0,Rp0,Rp0,Rp0,Rp0,Rp95.900,Rp0,Rp0,Rp0,Rp95.900,Rp95.900,Rp0,Rp0,1,1,1,1,Rp95.900,1474,43,2.92%,1,2.33%,2.33%,899,37,4.12%,1,2.70%,2.70%,Rp95.900,Rp0,Rp111.400,Rp9.500,Rp0,0,0,601,18,15,1,3.00%,5.56%,Rp95.900,1,Rp0,Rp0,Rp0,0,0,0,0,0,0,0,0,Rp0,0,1,0,0.00%,0,0.00%,0.00%,1,0,0.00%,0,0.00%,0.00%,Rp0,Rp0,Rp0,0,0,0,0,0,0,0,0,Rp0,0,0,0,0.00%,0,0.00%,0.00%,0,0,0.00%,0,0.00%,0.00%,Rp95.900,Rp0,Rp0,Rp0,Rp95.900,Rp95.900,Rp0,1,1,1,1,Rp95.900,1,0,1,1059,34,3.21%,1,2.94%,2.94%,480,21,4.38%,1,4.76%,4.76%,0,0,0.00%,0,0.00%,0.00%,0,0,0.00%,0,0.00%,0.00%,1060,34,3.21%,1,2.94%,2.94%,479,21,4.38%,1,4.76%,4.76%,Rp0,Rp0,Rp0,0,0,0,0,0,0,0,0,Rp0,409,9,2.20%,0,0.00%,0.00%,332,8,2.41%,0,0.00%,0.00%
Yukido AB-220FW Air Duster Gun Alat Semprotan Angin Dual Coupler Jepun Technology Top Brand,1731620269841548797,GMV & produk terjual = 0,Aktif,Rp95.856,Rp0,Rp0,Rp0,Rp46.498,Rp0,Rp46.498,Rp0,Rp0,Rp0,Rp0,Rp0,Rp0,Rp0,Rp49.358,2,2,2,2,Rp47.928,699,15,2.15%,2,13.33%,13.33%,641,13,2.03%,2,15.38%,15.38%,Rp95.856,Rp0,Rp105.001,Rp9.918,Rp0,0,0,402,7,7,2,1.74%,28.57%,Rp95.856,2,Rp0,Rp0,Rp0,0,0,0,0,0,0,0,0,Rp0,0,0,0,0.00%,0,0.00%,0.00%,0,0,0.00%,0,0.00%,0.00%,Rp46.498,Rp0,Rp46.498,1,1,0,1,1,0,1,1,Rp46.498,0,0,0,0.00%,0,0.00%,0.00%,0,0,0.00%,0,0.00%,0.00%,Rp0,Rp0,Rp0,Rp0,Rp0,Rp0,Rp0,0,0,0,0,Rp0,0,0,0,0,0,0.00%,0,0.00%,0.00%,0,0,0.00%,0,0.00%,0.00%,0,0,0.00%,0,0.00%,0.00%,0,0,0.00%,0,0.00%,0.00%,0,0,0.00%,0,0.00%,0.00%,0,0,0.00%,0,0.00%,0.00%,Rp49.358,Rp49.358,Rp0,1,1,1,0,1,1,0,1,Rp49.358,699,15,2.15%,2,13.33%,6.67%,641,13,2.03%,2,15.38%,7.69%
PISAU POTONG RUMPUT SENAR . TRIMER HEAD . PISAU POTONG RUMPUT NYLON GLADIATOR,1729560572162704893,GMV & produk terjual = 0,Aktif,Rp94.763,Rp0,Rp0,Rp0,Rp0,Rp0,Rp0,Rp0,Rp0,Rp0,Rp0,Rp0,Rp0,Rp0,Rp94.763,1,2,3,1,Rp47.382,2413,38,1.57%,6,15.79%,5.26%,2053,32,1.56%,4,12.50%,3.13%,Rp94.763,Rp0,Rp118.163,Rp15.000,Rp0,0,0,1153,21,16,1,1.82%,9.52%,Rp94.763,3,Rp0,Rp0,Rp0,0,0,0,0,0,0,0,0,Rp0,0,0,0,0.00%,0,0.00%,0.00%,0,0,0.00%,0,0.00%,0.00%,Rp0,Rp0,Rp0,0,0,0,0,0,0,0,0,Rp0,0,0,0,0.00%,0,0.00%,0.00%,0,0,0.00%,0,0.00%,0.00%,Rp0,Rp0,Rp0,Rp0,Rp0,Rp0,Rp0,0,0,0,0,Rp0,1,0,1,504,4,0.79%,1,25.00%,0.00%,374,4,1.07%,1,25.00%,0.00%,0,0,0.00%,0,0.00%,0.00%,0,0,0.00%,0,0.00%,0.00%,372,3,0.81%,0,0.00%,0.00%,350,3,0.86%,0,0.00%,0.00%,Rp94.763,Rp94.763,Rp0,1,2,2,0,3,3,0,1,Rp47.382,1910,34,1.78%,5,14.71%,5.88%,1691,28,1.66%,3,10.71%,3.57%
Welding Cable Set 2/3/5/10 meter/Kabel las set /Tang Las Kabel Las Set/Stang Las Set,1732540149661271549,GMV & produk terjual = 0,Aktif,Rp94.233,Rp0,Rp0,Rp0,Rp0,Rp0,Rp0,Rp94.233,Rp0,Rp0,Rp0,Rp0,Rp0,Rp0,Rp0,1,1,1,1,Rp94.233,3684,168,4.56%,3,1.79%,0.60%,3113,158,5.08%,3,1.90%,0.63%,Rp94.233,Rp0,Rp116.233,Rp12.000,Rp0,0,0,2570,117,108,0,4.55%,0.00%,Rp0,0,Rp0,Rp0,Rp0,0,0,0,0,0,0,0,0,Rp0,0,0,0,0.00%,0,0.00%,0.00%,0,0,0.00%,0,0.00%,0.00%,Rp0,Rp0,Rp0,0,0,0,0,0,0,0,0,Rp0,0,2,0,0.00%,0,0.00%,0.00%,2,0,0.00%,0,0.00%,0.00%,Rp94.233,Rp0,Rp0,Rp0,Rp0,Rp0,Rp0,1,1,1,1,Rp94.233,1,0,1,66,0,0.00%,0,0.00%,0.00%,40,0,0.00%,0,0.00%,0.00%,0,0,0.00%,0,0.00%,0.00%,0,0,0.00%,0,0.00%,0.00%,57,0,0.00%,0,0.00%,0.00%,37,0,0.00%,0,0.00%,0.00%,Rp0,Rp0,Rp0,0,0,0,0,0,0,0,0,Rp0,3616,168,4.65%,3,1.79%,0.00%,3054,158,5.17%,3,1.90%,0.00%
Aeji 10 Meter Tali Tambang Tali PP Monofilament 6mm 8mm 10mm 12mm Putih Titik Biru Kuat Tebal Tali Pengikat,1731333031043368445,GMV & produk terjual = 0,Aktif,Rp93.483,Rp0,Rp0,Rp0,Rp0,Rp0,Rp0,Rp0,Rp0,Rp0,Rp0,Rp0,Rp0,Rp0,Rp93.483,3,3,3,2,Rp31.161,1744,36,2.06%,1,2.78%,8.33%,1539,30,1.95%,1,3.33%,6.67%,Rp93.483,Rp0,Rp150.948,Rp52.583,Rp35.949,1,1,946,15,13,1,1.59%,6.67%,Rp35.983,1,Rp0,Rp0,Rp0,0,0,0,0,0,0,0,0,Rp0,0,0,0,0.00%,0,0.00%,0.00%,0,0,0.00%,0,0.00%,0.00%,Rp0,Rp0,Rp0,0,0,0,0,0,0,0,0,Rp0,0,311,11,3.54%,0,0.00%,0.00%,219,9,4.11%,0,0.00%,0.00%,Rp0,Rp0,Rp0,Rp0,Rp0,Rp0,Rp0,0,0,0,0,Rp0,0,0,0,170,7,4.12%,0,0.00%,0.00%,141,6,4.26%,0,0.00%,0.00%,0,0,0.00%,0,0.00%,0.00%,0,0,0.00%,0,0.00%,0.00%,169,7,4.14%,0,0.00%,0.00%,140,6,4.29%,0,0.00%,0.00%,Rp93.483,Rp93.483,Rp0,3,3,3,0,3,3,0,2,Rp31.161,1263,18,1.43%,1,5.56%,16.67%,1158,15,1.30%,1,6.67%,13.33%
paket 4 aksesoris potong rumput dudukan senar mesin potong rumput trimer head dan trimer line,1735973480392590845,produk terjual ≥1,Aktif,Rp92.779,Rp56.419,Rp56.419,Rp0,Rp0,Rp0,Rp0,Rp36.360,Rp36.360,Rp36.360,Rp0,Rp0,Rp0,Rp0,Rp0,2,2,2,2,Rp46.390,5294,144,2.72%,4,2.78%,1.39%,4299,122,2.84%,3,2.46%,1.64%,Rp92.779,Rp0,Rp134.719,Rp34.500,Rp0,0,0,1397,37,30,0,2.65%,0.00%,Rp0,0,Rp56.419,Rp56.419,Rp0,1,1,1,0,1,1,0,1,Rp56.419,22,798,15,1.88%,1,6.67%,6.67%,714,11,1.54%,1,9.09%,9.09%,Rp0,Rp0,Rp0,0,0,0,0,0,0,0,0,Rp0,1,863,35,4.06%,2,5.71%,0.00%,566,29,5.12%,2,6.90%,0.00%,Rp36.360,Rp36.360,Rp36.360,Rp0,Rp0,Rp0,Rp0,1,1,1,1,Rp36.360,4,2,2,806,40,4.96%,1,2.50%,2.50%,685,36,5.26%,1,2.78%,2.78%,325,14,4.31%,1,7.14%,7.14%,277,12,4.33%,1,8.33%,8.33%,358,23,6.42%,0,0.00%,0.00%,327,21,6.42%,0,0.00%,0.00%,Rp0,Rp0,Rp0,0,0,0,0,0,0,0,0,Rp0,2826,54,1.91%,0,0.00%,0.00%,2321,45,1.94%,0,0.00%,0.00%
Sarung Tangan Safety Proyek Anti Cutting Anti Slip Telapak Karet,1733049716735378941,produk terjual ≥1,Aktif,Rp92.637,Rp0,Rp0,Rp0,Rp22.572,Rp0,Rp22.572,Rp36.865,Rp0,Rp0,Rp0,Rp0,Rp0,Rp0,Rp33.200,10,10,12,10,Rp9.264,3488,140,4.01%,13,9.29%,7.14%,2933,113,3.85%,12,10.62%,8.85%,Rp92.637,Rp0,Rp225.040,Rp137.446,Rp14.145,2,2,1920,68,56,7,3.54%,10.29%,Rp64.584,9,Rp0,Rp0,Rp0,0,0,0,0,0,0,0,0,Rp0,0,0,0,0.00%,0,0.00%,0.00%,0,0,0.00%,0,0.00%,0.00%,Rp22.572,Rp0,Rp22.572,3,3,0,3,3,0,3,3,Rp7.524,0,0,0,0.00%,0,0.00%,0.00%,0,0,0.00%,0,0.00%,0.00%,Rp36.865,Rp0,Rp0,Rp0,Rp0,Rp0,Rp0,3,3,5,3,Rp12.288,1,0,1,142,13,9.15%,0,0.00%,23.08%,46,11,23.91%,0,0.00%,27.27%,0,0,0.00%,0,0.00%,0.00%,0,0,0.00%,0,0.00%,0.00%,90,12,13.33%,0,0.00%,0.00%,33,10,30.30%,0,0.00%,0.00%,Rp33.200,Rp33.200,Rp0,4,4,4,0,4,4,0,4,Rp8.300,3346,127,3.80%,13,10.24%,3.15%,2891,102,3.53%,12,11.76%,3.92%
PAKET BENGKEL HEMAT 3 ITEM KUNCI  BUSI 2 IN 1 16 MM 21 MM KUNCI INGGRIS 8 INCH CRV DAN OBENG PLUS MINUS BOLAK BALIK,1730933918570350077,GMV & produk terjual = 0,Aktif,Rp92.231,Rp0,Rp0,Rp0,Rp0,Rp0,Rp0,Rp92.231,Rp0,Rp0,Rp0,Rp92.231,Rp0,Rp92.231,Rp0,1,1,1,1,Rp92.231,1607,55,3.42%,3,5.45%,1.82%,1423,48,3.37%,3,6.25%,2.08%,Rp92.231,Rp0,Rp109.309,Rp26.405,Rp0,0,0,1072,43,36,1,4.01%,2.33%,Rp92.231,1,Rp0,Rp0,Rp0,0,0,0,0,0,0,0,0,Rp0,0,0,0,0.00%,0,0.00%,0.00%,0,0,0.00%,0,0.00%,0.00%,Rp0,Rp0,Rp0,0,0,0,0,0,0,0,0,Rp0,0,0,0,0.00%,0,0.00%,0.00%,0,0,0.00%,0,0.00%,0.00%,Rp92.231,Rp0,Rp0,Rp0,Rp92.231,Rp0,Rp92.231,1,1,1,1,Rp92.231,0,0,0,0,0,0.00%,0,0.00%,0.00%,0,0,0.00%,0,0.00%,0.00%,0,0,0.00%,0,0.00%,0.00%,0,0,0.00%,0,0.00%,0.00%,0,0,0.00%,0,0.00%,0.00%,0,0,0.00%,0,0.00%,0.00%,Rp0,Rp0,Rp0,0,0,0,0,0,0,0,0,Rp0,1604,55,3.43%,3,5.45%,0.00%,1402,48,3.42%,3,6.25%,0.00%
530pcs Set Kabel Bakar Heat Shrink Bahan Polyolefin Warna Warni /Heat Shrink Tube Selang Bakar Kabel Isolasl Bakar / Heat Shrink COD,1732923876477142525,produk terjual ≥1,Aktif,Rp88.805,Rp0,Rp0,Rp0,Rp0,Rp0,Rp0,Rp39.456,Rp0,Rp0,Rp0,Rp0,Rp0,Rp0,Rp49.349,2,2,2,2,Rp44.402,2252,34,1.51%,1,2.94%,5.88%,2070,32,1.55%,1,3.13%,6.25%,Rp88.805,Rp0,Rp135.067,Rp55.722,Rp0,0,0,1234,25,23,2,2.03%,8.00%,Rp88.805,2,Rp0,Rp0,Rp0,0,0,0,0,0,0,0,0,Rp0,0,0,0,0.00%,0,0.00%,0.00%,0,0,0.00%,0,0.00%,0.00%,Rp0,Rp0,Rp0,0,0,0,0,0,0,0,0,Rp0,0,2,0,0.00%,0,0.00%,0.00%,2,0,0.00%,0,0.00%,0.00%,Rp39.456,Rp0,Rp0,Rp0,Rp0,Rp0,Rp0,1,1,1,1,Rp39.456,1,1,0,53,0,0.00%,0,0.00%,0.00%,21,0,0.00%,0,0.00%,0.00%,7,0,0.00%,0,0.00%,0.00%,6,0,0.00%,0,0.00%,0.00%,0,0,0.00%,0,0.00%,0.00%,0,0,0.00%,0,0.00%,0.00%,Rp49.349,Rp49.349,Rp0,1,1,1,0,1,1,0,1,Rp49.349,2197,34,1.55%,1,2.94%,2.94%,2027,31,1.53%,1,3.23%,3.23%
"Mata Bor Baja Kecepatan Tinggi Twist 1 untuk Baja Tahan Karat, Besi, Aluminium, Kayu",1734165807810577917,GMV & produk terjual = 0,Aktif,Rp85.114,Rp0,Rp0,Rp0,Rp0,Rp0,Rp0,Rp3.313,Rp0,Rp0,Rp0,Rp0,Rp0,Rp0,Rp81.801,10,18,24,10,Rp4.729,7376,267,3.62%,46,17.23%,6.74%,6179,229,3.71%,20,8.73%,4.37%,Rp85.114,Rp0,Rp141.343,Rp54.759,Rp40.872,8,2,5384,200,168,7,3.71%,6.50%,Rp67.338,19,Rp0,Rp0,Rp0,0,0,0,0,0,0,0,0,Rp0,0,1,0,0.00%,0,0.00%,0.00%,1,0,0.00%,0,0.00%,0.00%,Rp0,Rp0,Rp0,0,0,0,0,0,0,0,0,Rp0,0,1,0,0.00%,0,0.00%,0.00%,1,0,0.00%,0,0.00%,0.00%,Rp3.313,Rp0,Rp0,Rp0,Rp0,Rp0,Rp0,1,1,1,1,Rp3.313,0,0,0,0,0,0.00%,0,0.00%,0.00%,0,0,0.00%,0,0.00%,0.00%,0,0,0.00%,0,0.00%,0.00%,0,0,0.00%,0,0.00%,0.00%,0,0,0.00%,0,0.00%,0.00%,0,0,0.00%,0,0.00%,0.00%,Rp81.801,Rp81.801,Rp0,9,17,17,0,23,23,0,9,Rp4.812,7373,267,3.62%,46,17.23%,6.37%,6136,229,3.73%,20,8.73%,3.93%
YUKIDO PROFESSIONAL 4pcs Kunci T 8 10 12 14mm Kunci Sock T 1 Set Kunci T 8 Kunci T 10 Kunci T 12 Kunci T 14,1729637118511254013,produk terjual ≥1,Aktif,Rp84.237,Rp0,Rp0,Rp0,Rp0,Rp0,Rp0,Rp40.100,Rp0,Rp0,Rp0,Rp40.100,Rp40.100,Rp0,Rp44.137,2,2,2,2,Rp42.118,4540,96,2.11%,3,3.13%,2.08%,3944,82,2.08%,2,2.44%,2.44%,Rp84.237,Rp0,Rp111.737,Rp27.500,Rp0,0,0,873,32,22,1,3.67%,3.13%,Rp44.137,1,Rp0,Rp0,Rp0,0,0,0,0,0,0,0,0,Rp0,8,2216,22,0.99%,0,0.00%,0.00%,1943,21,1.08%,0,0.00%,0.00%,Rp0,Rp0,Rp0,0,0,0,0,0,0,0,0,Rp0,1,273,15,5.49%,0,0.00%,0.00%,246,13,5.28%,0,0.00%,0.00%,Rp40.100,Rp0,Rp0,Rp0,Rp40.100,Rp40.100,Rp0,1,1,1,1,Rp40.100,8,5,3,968,30,3.10%,2,6.67%,3.33%,771,25,3.24%,2,8.00%,4.00%,53,0,0.00%,0,0.00%,0.00%,50,0,0.00%,0,0.00%,0.00%,824,29,3.52%,2,6.90%,3.45%,655,24,3.66%,2,8.33%,4.17%,Rp44.137,Rp44.137,Rp0,1,1,1,0,1,1,0,1,Rp44.137,1079,29,2.69%,1,3.45%,3.45%,968,21,2.17%,0,0.00%,4.76%
Armature Profil MT370 Angker Mesin Profil Kayu MT370 Gulungan Mesin untuk Profil MT 370,1732738537876260349,GMV & produk terjual = 0,Aktif,Rp83.900,Rp0,Rp0,Rp0,Rp0,Rp0,Rp0,Rp0,Rp0,Rp0,Rp0,Rp0,Rp0,Rp0,Rp83.900,1,1,1,1,Rp83.900,1045,33,3.16%,5,15.15%,3.03%,939,24,2.56%,3,12.50%,4.17%,Rp83.900,Rp0,Rp133.400,Rp14.500,Rp0,0,0,381,23,17,0,6.04%,0.00%,Rp0,0,Rp0,Rp0,Rp0,0,0,0,0,0,0,0,0,Rp0,0,1,0,0.00%,0,0.00%,0.00%,1,0,0.00%,0,0.00%,0.00%,Rp0,Rp0,Rp0,0,0,0,0,0,0,0,0,Rp0,0,0,0,0.00%,0,0.00%,0.00%,0,0,0.00%,0,0.00%,0.00%,Rp0,Rp0,Rp0,Rp0,Rp0,Rp0,Rp0,0,0,0,0,Rp0,12,12,0,483,2,0.41%,2,100.00%,0.00%,463,2,0.43%,1,50.00%,0.00%,478,1,0.21%,0,0.00%,0.00%,458,1,0.22%,0,0.00%,0.00%,0,0,0.00%,0,0.00%,0.00%,0,0,0.00%,0,0.00%,0.00%,Rp83.900,Rp83.900,Rp0,1,1,1,0,1,1,0,1,Rp83.900,561,31,5.53%,3,9.68%,3.23%,476,23,4.83%,3,13.04%,4.35%
GNT TIRE INFLATOR TG-3 Alat Pengukur Tekanan Pompa Angin Ban Kompresor Car,1730490865154426365,GMV & produk terjual = 0,Aktif,Rp83.434,Rp0,Rp0,Rp0,Rp0,Rp0,Rp0,Rp0,Rp0,Rp0,Rp0,Rp0,Rp0,Rp0,Rp83.434,1,1,1,1,Rp83.434,1227,21,1.71%,1,4.76%,4.76%,1120,20,1.79%,1,5.00%,5.00%,Rp83.434,Rp0,Rp129.191,Rp60.615,Rp0,0,0,662,14,13,1,2.11%,7.14%,Rp83.434,1,Rp0,Rp0,Rp0,0,0,0,0,0,0,0,0,Rp0,0,0,0,0.00%,0,0.00%,0.00%,0,0,0.00%,0,0.00%,0.00%,Rp0,Rp0,Rp0,0,0,0,0,0,0,0,0,Rp0,0,209,2,0.96%,0,0.00%,0.00%,186,2,1.08%,0,0.00%,0.00%,Rp0,Rp0,Rp0,Rp0,Rp0,Rp0,Rp0,0,0,0,0,Rp0,1,0,1,110,3,2.73%,0,0.00%,0.00%,97,3,3.09%,0,0.00%,0.00%,0,0,0.00%,0,0.00%,0.00%,0,0,0.00%,0,0.00%,0.00%,98,3,3.06%,0,0.00%,0.00%,90,3,3.33%,0,0.00%,0.00%,Rp83.434,Rp83.434,Rp0,1,1,1,0,1,1,0,1,Rp83.434,908,16,1.76%,1,6.25%,6.25%,838,15,1.79%,1,6.67%,6.67%
Mata Bor 6PCS Pembuat Ulir Drat Drill Tap Set Hex Twist Spiral Tapper Baut Bit Drilling Tapping Deburring Tapper Baut Bit 0.5/0.75/0.8/1/1.25/1.5mm HSS,1731966818696201725,GMV & produk terjual = 0,Aktif,Rp82.177,Rp0,Rp0,Rp0,Rp0,Rp0,Rp0,Rp82.177,Rp0,Rp0,Rp0,Rp0,Rp0,Rp0,Rp0,1,1,1,1,Rp82.177,2882,87,3.02%,5,5.75%,1.15%,2598,86,3.31%,5,5.81%,1.16%,Rp82.177,Rp0,Rp102.177,Rp44.500,Rp0,0,0,1233,40,40,1,3.24%,2.50%,Rp82.177,1,Rp0,Rp0,Rp0,0,0,0,0,0,0,0,0,Rp0,20,445,13,2.92%,0,0.00%,0.00%,390,13,3.33%,0,0.00%,0.00%,Rp0,Rp0,Rp0,0,0,0,0,0,0,0,0,Rp0,0,2,0,0.00%,0,0.00%,0.00%,2,0,0.00%,0,0.00%,0.00%,Rp82.177,Rp0,Rp0,Rp0,Rp0,Rp0,Rp0,1,1,1,1,Rp82.177,2,2,0,278,5,1.80%,0,0.00%,20.00%,214,5,2.34%,0,0.00%,20.00%,115,3,2.61%,0,0.00%,0.00%,75,3,4.00%,0,0.00%,0.00%,112,2,1.79%,0,0.00%,0.00%,91,2,2.20%,0,0.00%,0.00%,Rp0,Rp0,Rp0,0,0,0,0,0,0,0,0,Rp0,2157,69,3.20%,5,7.25%,0.00%,1975,68,3.44%,5,7.35%,0.00%
BELTER Karet SEAL O-ring Set - Oring Seal Kit 419PCS - Karet Ring Set - Seal Set Motor Mobil - Box Merah,1730741148338062845,produk terjual ≥1,Aktif,Rp79.329,Rp0,Rp0,Rp0,Rp0,Rp0,Rp0,Rp0,Rp0,Rp0,Rp0,Rp0,Rp0,Rp0,Rp79.329,1,1,1,1,Rp79.329,2149,55,2.56%,4,7.27%,1.82%,1924,49,2.55%,3,6.12%,2.04%,Rp79.329,Rp0,Rp122.630,Rp38.500,Rp0,0,0,1316,30,29,1,2.28%,3.33%,Rp79.329,1,Rp0,Rp0,Rp0,0,0,0,0,0,0,0,0,Rp0,1,10,0,0.00%,0,0.00%,0.00%,9,0,0.00%,0,0.00%,0.00%,Rp0,Rp0,Rp0,0,0,0,0,0,0,0,0,Rp0,0,11,0,0.00%,0,0.00%,0.00%,10,0,0.00%,0,0.00%,0.00%,Rp0,Rp0,Rp0,Rp0,Rp0,Rp0,Rp0,0,0,0,0,Rp0,1,0,1,482,19,3.94%,4,21.05%,0.00%,397,15,3.78%,3,20.00%,0.00%,0,0,0.00%,0,0.00%,0.00%,0,0,0.00%,0,0.00%,0.00%,471,19,4.03%,4,21.05%,0.00%,388,15,3.87%,3,20.00%,0.00%,Rp79.329,Rp79.329,Rp0,1,1,1,0,1,1,0,1,Rp79.329,1645,36,2.19%,0,0.00%,2.78%,1504,34,2.26%,0,0.00%,2.94%
Paket Set 2 Pcs Tang Rivet Gunting Holo Gunting Baja Ringan / Tang Rivet Hand Riveter Tang Ripet 2.4-4.8 Tembakan Paku Keling,1733107270590825981,GMV & produk terjual = 0,Aktif,Rp78.679,Rp0,Rp0,Rp0,Rp0,Rp0,Rp0,Rp78.679,Rp0,Rp0,Rp0,Rp0,Rp0,Rp0,Rp0,1,1,1,1,Rp78.679,996,26,2.61%,5,19.23%,3.85%,934,23,2.46%,3,13.04%,4.35%,Rp78.679,Rp0,Rp78.679,Rp15.000,Rp0,0,0,583,16,13,0,2.74%,0.00%,Rp0,0,Rp0,Rp0,Rp0,0,0,0,0,0,0,0,0,Rp0,38,187,1,0.53%,0,0.00%,0.00%,181,1,0.55%,0,0.00%,0.00%,Rp0,Rp0,Rp0,0,0,0,0,0,0,0,0,Rp0,0,5,0,0.00%,4,0.00%,0.00%,5,0,0.00%,2,0.00%,0.00%,Rp78.679,Rp0,Rp0,Rp0,Rp0,Rp0,Rp0,1,1,1,1,Rp78.679,0,0,0,1,0,0.00%,0,0.00%,0.00%,1,0,0.00%,0,0.00%,0.00%,0,0,0.00%,0,0.00%,0.00%,0,0,0.00%,0,0.00%,0.00%,0,0,0.00%,0,0.00%,0.00%,0,0,0.00%,0,0.00%,0.00%,Rp0,Rp0,Rp0,0,0,0,0,0,0,0,0,Rp0,804,25,3.11%,1,4.00%,0.00%,747,22,2.95%,1,4.55%,0.00%
METERAN DENGAN PANJANG 5 METER,1729654391944415741,produk terjual ≥1,Aktif,Rp76.360,Rp0,Rp0,Rp0,Rp35.035,Rp0,Rp35.035,Rp30.259,Rp0,Rp0,Rp0,Rp0,Rp0,Rp0,Rp11.066,5,5,5,5,Rp15.272,4689,57,1.22%,6,10.53%,8.77%,4146,54,1.30%,6,11.11%,9.26%,Rp76.360,Rp0,Rp97.758,Rp29.555,Rp0,0,0,2510,36,35,3,1.43%,8.33%,Rp41.325,3,Rp0,Rp0,Rp0,0,0,0,0,0,0,0,0,Rp0,0,0,0,0.00%,0,0.00%,0.00%,0,0,0.00%,0,0.00%,0.00%,Rp35.035,Rp0,Rp35.035,2,2,0,2,2,0,2,2,Rp17.518,0,2,0,0.00%,0,0.00%,0.00%,2,0,0.00%,0,0.00%,0.00%,Rp30.259,Rp0,Rp0,Rp0,Rp0,Rp0,Rp0,2,2,2,2,Rp15.130,0,0,0,100,1,1.00%,0,0.00%,200.00%,17,1,5.88%,0,0.00%,200.00%,0,0,0.00%,0,0.00%,0.00%,0,0,0.00%,0,0.00%,0.00%,0,0,0.00%,0,0.00%,0.00%,0,0,0.00%,0,0.00%,0.00%,Rp11.066,Rp11.066,Rp0,1,1,1,0,1,1,0,1,Rp11.066,4586,56,1.22%,6,10.71%,1.79%,4059,53,1.31%,6,11.32%,1.89%
YUKIDO Air Duster Semprotan Angin Tipe Kinki New,1729856878018660861,GMV & produk terjual = 0,Aktif,Rp75.655,Rp0,Rp0,Rp0,Rp0,Rp0,Rp0,Rp0,Rp0,Rp0,Rp0,Rp0,Rp0,Rp0,Rp75.655,1,1,1,1,Rp75.655,796,35,4.40%,6,17.14%,2.86%,672,17,2.53%,5,29.41%,5.88%,Rp75.655,Rp0,Rp78.055,Rp3.480,Rp0,0,0,478,24,12,0,5.02%,0.00%,Rp0,0,Rp0,Rp0,Rp0,0,0,0,0,0,0,0,0,Rp0,0,0,0,0.00%,0,0.00%,0.00%,0,0,0.00%,0,0.00%,0.00%,Rp0,Rp0,Rp0,0,0,0,0,0,0,0,0,Rp0,0,0,0,0.00%,0,0.00%,0.00%,0,0,0.00%,0,0.00%,0.00%,Rp0,Rp0,Rp0,Rp0,Rp0,Rp0,Rp0,0,0,0,0,Rp0,0,0,0,0,0,0.00%,0,0.00%,0.00%,0,0,0.00%,0,0.00%,0.00%,0,0,0.00%,0,0.00%,0.00%,0,0,0.00%,0,0.00%,0.00%,0,0,0.00%,0,0.00%,0.00%,0,0,0.00%,0,0.00%,0.00%,Rp75.655,Rp75.655,Rp0,1,1,1,0,1,1,0,1,Rp75.655,796,35,4.40%,6,17.14%,2.86%,672,17,2.53%,5,29.41%,5.88%
Kuas Cat 3 Gagang Kayu 1” / Kuas Cat Murah 1”,1734165758330766845,GMV ≥250 atau produk terjual ≥3,Aktif,Rp73.751,Rp0,Rp0,Rp0,Rp6.985,Rp0,Rp6.985,Rp2.799,Rp0,Rp0,Rp0,Rp0,Rp0,Rp0,Rp63.967,18,18,41,17,Rp4.097,10398,270,2.60%,39,14.44%,6.67%,8925,210,2.35%,37,17.62%,8.10%,Rp73.751,Rp0,Rp127.894,Rp76.783,Rp22.789,5,4,7352,209,162,15,2.84%,7.66%,Rp68.797,38,Rp0,Rp0,Rp0,0,0,0,0,0,0,0,0,Rp0,0,1,0,0.00%,0,0.00%,0.00%,1,0,0.00%,0,0.00%,0.00%,Rp6.985,Rp0,Rp6.985,3,3,0,3,4,0,4,3,Rp2.328,0,1,0,0.00%,0,0.00%,0.00%,1,0,0.00%,0,0.00%,0.00%,Rp2.799,Rp0,Rp0,Rp0,Rp0,Rp0,Rp0,2,2,2,2,Rp1.400,0,0,0,20,0,0.00%,0,0.00%,0.00%,8,0,0.00%,0,0.00%,0.00%,0,0,0.00%,0,0.00%,0.00%,0,0,0.00%,0,0.00%,0.00%,0,0,0.00%,0,0.00%,0.00%,0,0,0.00%,0,0.00%,0.00%,Rp63.967,Rp63.967,Rp0,13,13,13,0,35,35,0,12,Rp4.921,10377,270,2.60%,39,14.44%,4.81%,8783,198,2.25%,37,18.69%,6.06%
YUKIDO Obeng Gagang Karet Plus Minus Baja S2 Magnetic Ukuran 4 6 10 12 Cushion Grip Screwdriver,1729639978106586621,produk terjual ≥1,Aktif,Rp73.600,Rp0,Rp0,Rp0,Rp0,Rp0,Rp0,Rp47.472,Rp0,Rp0,Rp0,Rp28.886,Rp28.886,Rp0,Rp26.128,3,3,3,3,Rp24.533,3733,139,3.72%,9,6.47%,2.16%,3351,124,3.70%,8,6.45%,2.42%,Rp73.600,Rp0,Rp97.530,Rp16.185,Rp0,0,0,2274,99,85,3,4.35%,3.03%,Rp73.600,3,Rp0,Rp0,Rp0,0,0,0,0,0,0,0,0,Rp0,0,1,0,0.00%,0,0.00%,0.00%,1,0,0.00%,0,0.00%,0.00%,Rp0,Rp0,Rp0,0,0,0,0,0,0,0,0,Rp0,0,418,24,5.74%,0,0.00%,0.00%,369,20,5.42%,0,0.00%,0.00%,Rp47.472,Rp0,Rp0,Rp0,Rp28.886,Rp28.886,Rp0,2,2,2,2,Rp23.736,2,2,0,357,13,3.64%,0,0.00%,15.38%,309,11,3.56%,0,0.00%,18.18%,69,0,0.00%,0,0.00%,0.00%,66,0,0.00%,0,0.00%,0.00%,247,12,4.86%,0,0.00%,8.33%,217,10,4.61%,0,0.00%,10.00%,Rp26.128,Rp26.128,Rp0,1,1,1,0,1,1,0,1,Rp26.128,2957,102,3.45%,9,8.82%,0.98%,2674,94,3.52%,8,8.51%,1.06%
"Kuas Cat 5 Pcs Gagang Kayu Ukuran 1"" 2"" 3"" 4"" 5"" Semua Ukuran Kuas Cat 5 Pcs Paint",1730509618761860605,produk terjual ≥1,Aktif,Rp71.872,Rp0,Rp0,Rp0,Rp24.745,Rp0,Rp24.745,Rp24.745,Rp0,Rp0,Rp0,Rp24.745,Rp24.745,Rp0,Rp22.382,3,3,3,3,Rp23.957,1254,10,0.80%,0,0.00%,30.00%,1131,9,0.80%,0,0.00%,33.33%,Rp71.872,Rp0,Rp136.212,Rp62.500,Rp24.745,1,1,856,7,6,2,0.82%,28.57%,Rp47.127,2,Rp0,Rp0,Rp0,0,0,0,0,0,0,0,0,Rp0,0,0,0,0.00%,0,0.00%,0.00%,0,0,0.00%,0,0.00%,0.00%,Rp24.745,Rp0,Rp24.745,1,1,0,1,1,0,1,1,Rp24.745,0,0,0,0.00%,0,0.00%,0.00%,0,0,0.00%,0,0.00%,0.00%,Rp24.745,Rp0,Rp0,Rp0,Rp24.745,Rp24.745,Rp0,1,1,1,1,Rp24.745,1,0,1,28,2,7.14%,0,0.00%,50.00%,20,2,10.00%,0,0.00%,50.00%,0,0,0.00%,0,0.00%,0.00%,0,0,0.00%,0,0.00%,0.00%,28,2,7.14%,0,0.00%,50.00%,20,2,10.00%,0,0.00%,50.00%,Rp22.382,Rp22.382,Rp0,1,1,1,0,1,1,0,1,Rp22.382,1225,8,0.65%,0,0.00%,12.50%,1103,7,0.63%,0,0.00%,14.29%
AMPLAS SUSUN 4 INCH IN / FLAP DISC 4 GRID 80 100 120 150 180 240 400 CML,1734165711885665789,produk terjual ≥1,Aktif,Rp69.372,Rp0,Rp0,Rp0,Rp0,Rp0,Rp0,Rp46.763,Rp0,Rp0,Rp0,Rp0,Rp0,Rp0,Rp22.609,2,2,15,2,Rp34.686,1707,50,2.93%,6,12.00%,4.00%,1499,46,3.07%,6,13.04%,4.35%,Rp69.372,Rp0,Rp85.613,Rp16.230,Rp0,0,0,1186,36,34,2,3.04%,5.56%,Rp69.372,15,Rp0,Rp0,Rp0,0,0,0,0,0,0,0,0,Rp0,0,0,0,0.00%,0,0.00%,0.00%,0,0,0.00%,0,0.00%,0.00%,Rp0,Rp0,Rp0,0,0,0,0,0,0,0,0,Rp0,0,0,0,0.00%,0,0.00%,0.00%,0,0,0.00%,0,0.00%,0.00%,Rp46.763,Rp0,Rp0,Rp0,Rp0,Rp0,Rp0,1,1,10,1,Rp46.763,0,0,0,0,0,0.00%,0,0.00%,0.00%,0,0,0.00%,0,0.00%,0.00%,0,0,0.00%,0,0.00%,0.00%,0,0,0.00%,0,0.00%,0.00%,0,0,0.00%,0,0.00%,0.00%,0,0,0.00%,0,0.00%,0.00%,Rp22.609,Rp22.609,Rp0,1,1,1,0,5,5,0,1,Rp22.609,1707,50,2.93%,6,12.00%,2.00%,1444,44,3.05%,6,13.64%,2.27%
"10 Ton Tali Pengikat Barang Ratchet Tie Down 5 cm x 10 M Lashing Track Belt Webbing Cargo Rachet Tie Down 2""  10 Meter",1732822415964603901,produk terjual ≥1,Aktif,Rp68.820,Rp0,Rp0,Rp0,Rp0,Rp0,Rp0,Rp68.820,Rp0,Rp0,Rp0,Rp68.820,Rp68.820,Rp0,Rp0,1,1,1,1,Rp68.820,408,19,4.66%,0,0.00%,5.26%,384,16,4.17%,0,0.00%,6.25%,Rp68.820,Rp0,Rp94.700,Rp20.000,Rp0,0,0,132,3,3,0,2.27%,0.00%,Rp0,0,Rp0,Rp0,Rp0,0,0,0,0,0,0,0,0,Rp0,1,0,0,0.00%,0,0.00%,0.00%,0,0,0.00%,0,0.00%,0.00%,Rp0,Rp0,Rp0,0,0,0,0,0,0,0,0,Rp0,0,0,0,0.00%,0,0.00%,0.00%,0,0,0.00%,0,0.00%,0.00%,Rp68.820,Rp0,Rp0,Rp0,Rp68.820,Rp68.820,Rp0,1,1,1,1,Rp68.820,1,0,1,156,9,5.77%,0,0.00%,11.11%,144,9,6.25%,0,0.00%,11.11%,0,0,0.00%,0,0.00%,0.00%,0,0,0.00%,0,0.00%,0.00%,153,9,5.88%,0,0.00%,11.11%,142,9,6.34%,0,0.00%,11.11%,Rp0,Rp0,Rp0,0,0,0,0,0,0,0,0,Rp0,252,10,3.97%,0,0.00%,0.00%,216,7,3.24%,0,0.00%,0.00%
YUKIDO Tang Kombinasi Tang Combinasi Kombinasi Tang Lancip Tang Kawat Multifungsi 6 inch Pemotong Kabel Tang Potong 6 Inch Tang Gunting Kawat Kabel Tang Set per Pcs Tang Kombinasi Dan Tang Lancip Dan Tang Potong 6 Inch Pliers Set,1729643867484621309,GMV & produk terjual = 0,Aktif,Rp68.326,Rp0,Rp0,Rp0,Rp0,Rp0,Rp0,Rp0,Rp0,Rp0,Rp0,Rp0,Rp0,Rp0,Rp68.326,1,1,1,1,Rp68.326,2950,81,2.75%,2,2.47%,1.23%,2727,76,2.79%,2,2.63%,1.32%,Rp68.326,Rp0,Rp95.818,Rp23.172,Rp0,0,0,1402,42,39,0,3.00%,0.00%,Rp0,0,Rp0,Rp0,Rp0,0,0,0,0,0,0,0,0,Rp0,18,261,4,1.53%,0,0.00%,0.00%,247,4,1.62%,0,0.00%,0.00%,Rp0,Rp0,Rp0,0,0,0,0,0,0,0,0,Rp0,0,1,0,0.00%,0,0.00%,0.00%,1,0,0.00%,0,0.00%,0.00%,Rp0,Rp0,Rp0,Rp0,Rp0,Rp0,Rp0,0,0,0,0,Rp0,7,7,0,368,8,2.17%,0,0.00%,0.00%,345,8,2.32%,0,0.00%,0.00%,335,6,1.79%,0,0.00%,0.00%,313,6,1.92%,0,0.00%,0.00%,23,0,0.00%,0,0.00%,0.00%,22,0,0.00%,0,0.00%,0.00%,Rp68.326,Rp68.326,Rp0,1,1,1,0,1,1,0,1,Rp68.326,2319,69,2.98%,2,2.90%,1.45%,2116,62,2.93%,2,3.23%,1.61%
10 Pcs Mata Socket Extention Impact Socket NEW 1/2 Inch Baja Karbon Tahan Lama,1729559819316069885,produk terjual ≥1,Aktif,Rp66.646,Rp0,Rp0,Rp0,Rp0,Rp0,Rp0,Rp0,Rp0,Rp0,Rp0,Rp0,Rp0,Rp0,Rp66.646,1,1,1,1,Rp66.646,1489,49,3.29%,3,6.12%,2.04%,1346,46,3.42%,3,6.52%,2.17%,Rp66.646,Rp0,Rp101.646,Rp15.000,Rp0,0,0,616,19,18,0,3.08%,0.00%,Rp0,0,Rp0,Rp0,Rp0,0,0,0,0,0,0,0,0,Rp0,0,0,0,0.00%,0,0.00%,0.00%,0,0,0.00%,0,0.00%,0.00%,Rp0,Rp0,Rp0,0,0,0,0,0,0,0,0,Rp0,0,73,2,2.74%,0,0.00%,0.00%,43,2,4.65%,0,0.00%,0.00%,Rp0,Rp0,Rp0,Rp0,Rp0,Rp0,Rp0,0,0,0,0,Rp0,1,0,1,137,2,1.46%,0,0.00%,0.00%,109,2,1.83%,0,0.00%,0.00%,0,0,0.00%,0,0.00%,0.00%,0,0,0.00%,0,0.00%,0.00%,83,2,2.41%,0,0.00%,0.00%,79,2,2.53%,0,0.00%,0.00%,Rp66.646,Rp66.646,Rp0,1,1,1,0,1,1,0,1,Rp66.646,1279,45,3.52%,3,6.67%,2.22%,1173,42,3.58%,3,7.14%,2.38%
Kape Pisau Pembesih Noda Cat / Portable Scrapper / Scraper Pembersih Cat dengan isi 5 Mata Pisau Cat Pengikis Alat pengerok Cat Scraper Pembersih Noda Cat,1732772108200084989,produk terjual ≥1,Aktif,Rp66.344,Rp0,Rp0,Rp0,Rp0,Rp0,Rp0,Rp33.145,Rp0,Rp0,Rp0,Rp0,Rp0,Rp0,Rp33.199,5,5,5,5,Rp13.269,5866,94,1.60%,9,9.57%,5.32%,5320,88,1.65%,9,10.23%,5.68%,Rp66.344,Rp0,Rp98.065,Rp38.280,Rp22.978,2,2,3858,58,55,4,1.50%,6.90%,Rp54.959,4,Rp0,Rp0,Rp0,0,0,0,0,0,0,0,0,Rp0,0,0,0,0.00%,0,0.00%,0.00%,0,0,0.00%,0,0.00%,0.00%,Rp0,Rp0,Rp0,0,0,0,0,0,0,0,0,Rp0,0,0,0,0.00%,0,0.00%,0.00%,0,0,0.00%,0,0.00%,0.00%,Rp33.145,Rp0,Rp0,Rp0,Rp0,Rp0,Rp0,2,2,2,2,Rp16.572,2,0,2,121,2,1.65%,0,0.00%,100.00%,110,2,1.82%,0,0.00%,100.00%,0,0,0.00%,0,0.00%,0.00%,0,0,0.00%,0,0.00%,0.00%,105,0,0.00%,0,0.00%,0.00%,100,0,0.00%,0,0.00%,0.00%,Rp33.199,Rp33.199,Rp0,3,3,3,0,3,3,0,3,Rp11.066,5745,92,1.60%,9,9.78%,3.26%,5182,87,1.68%,9,10.34%,3.45%
Sikat Kawat  7 Inch 3 In 1 Anti Karat Kuningan Baja Iron,1729988833964755453,produk terjual ≥1,Aktif,Rp66.292,Rp0,Rp0,Rp0,Rp0,Rp0,Rp0,Rp0,Rp0,Rp0,Rp0,Rp0,Rp0,Rp0,Rp66.292,1,1,4,1,Rp66.292,2685,16,0.60%,1,6.25%,6.25%,2482,16,0.64%,1,6.25%,6.25%,Rp66.292,Rp0,Rp76.535,Rp1.363,Rp0,0,0,1673,11,11,1,0.66%,9.09%,Rp66.292,4,Rp0,Rp0,Rp0,0,0,0,0,0,0,0,0,Rp0,0,0,0,0.00%,0,0.00%,0.00%,0,0,0.00%,0,0.00%,0.00%,Rp0,Rp0,Rp0,0,0,0,0,0,0,0,0,Rp0,0,1,0,0.00%,0,0.00%,0.00%,1,0,0.00%,0,0.00%,0.00%,Rp0,Rp0,Rp0,Rp0,Rp0,Rp0,Rp0,0,0,0,0,Rp0,0,0,0,2,0,0.00%,0,0.00%,0.00%,1,0,0.00%,0,0.00%,0.00%,0,0,0.00%,0,0.00%,0.00%,0,0,0.00%,0,0.00%,0.00%,0,0,0.00%,0,0.00%,0.00%,0,0,0.00%,0,0.00%,0.00%,Rp66.292,Rp66.292,Rp0,1,1,1,0,4,4,0,1,Rp66.292,2681,16,0.60%,1,6.25%,6.25%,2451,16,0.65%,1,6.25%,6.25%
"TEKIRO Tang Snap Ring 7"" Inc SATUAN Varian EB / ES / IB / IS/ Snaring Pliers",1729560011784488445,GMV & produk terjual = 0,Aktif,Rp65.600,Rp0,Rp0,Rp0,Rp0,Rp0,Rp0,Rp0,Rp0,Rp0,Rp0,Rp0,Rp0,Rp0,Rp65.600,1,1,1,1,Rp65.600,1797,110,6.12%,1,0.91%,0.91%,1674,103,6.15%,1,0.97%,0.97%,Rp65.600,Rp0,Rp79.100,Rp13.500,Rp0,0,0,1130,74,70,1,6.55%,1.35%,Rp65.600,1,Rp0,Rp0,Rp0,0,0,0,0,0,0,0,0,Rp0,0,0,0,0.00%,0,0.00%,0.00%,0,0,0.00%,0,0.00%,0.00%,Rp0,Rp0,Rp0,0,0,0,0,0,0,0,0,Rp0,0,103,5,4.85%,0,0.00%,0.00%,89,5,5.62%,0,0.00%,0.00%,Rp0,Rp0,Rp0,Rp0,Rp0,Rp0,Rp0,0,0,0,0,Rp0,0,0,0,31,0,0.00%,0,0.00%,0.00%,29,0,0.00%,0,0.00%,0.00%,0,0,0.00%,0,0.00%,0.00%,0,0,0.00%,0,0.00%,0.00%,0,0,0.00%,0,0.00%,0.00%,0,0,0.00%,0,0.00%,0.00%,Rp65.600,Rp65.600,Rp0,1,1,1,0,1,1,0,1,Rp65.600,1663,105,6.31%,1,0.95%,0.95%,1547,98,6.33%,1,1.02%,1.02%
"YUKIDO Mata Kunci Shock impact Extra Panjang 130mm/ Kunci Shock Panjang 8/10/12/14mm 1/2"" Hex Socket Head Adapter",1731921000350385661,GMV & produk terjual = 0,Aktif,Rp63.125,Rp0,Rp0,Rp0,Rp0,Rp0,Rp0,Rp63.125,Rp0,Rp0,Rp0,Rp0,Rp0,Rp0,Rp0,1,1,1,1,Rp63.125,3243,216,6.66%,6,2.78%,0.46%,2917,210,7.20%,4,1.90%,0.48%,Rp63.125,Rp0,Rp101.625,Rp38.500,Rp0,0,0,1860,134,131,0,7.20%,0.00%,Rp0,0,Rp0,Rp0,Rp0,0,0,0,0,0,0,0,0,Rp0,2,26,0,0.00%,0,0.00%,0.00%,26,0,0.00%,0,0.00%,0.00%,Rp0,Rp0,Rp0,0,0,0,0,0,0,0,0,Rp0,1,420,24,5.71%,0,0.00%,0.00%,376,23,6.12%,0,0.00%,0.00%,Rp63.125,Rp0,Rp0,Rp0,Rp0,Rp0,Rp0,1,1,1,1,Rp63.125,7,5,2,481,31,6.44%,0,0.00%,3.23%,410,27,6.59%,0,0.00%,3.70%,132,6,4.55%,0,0.00%,0.00%,125,6,4.80%,0,0.00%,0.00%,260,19,7.31%,0,0.00%,0.00%,210,16,7.62%,0,0.00%,0.00%,Rp0,Rp0,Rp0,0,0,0,0,0,0,0,0,Rp0,2316,161,6.95%,6,3.73%,0.00%,2098,159,7.58%,4,2.52%,0.00%
Kunci L Kombinasi 9PCS Jason Satin | Hex & Torx Set Kualitas Profesional,1732220661311309309,GMV & produk terjual = 0,Aktif,Rp62.115,Rp0,Rp0,Rp0,Rp0,Rp0,Rp0,Rp62.115,Rp0,Rp0,Rp0,Rp62.115,Rp62.115,Rp0,Rp0,1,1,1,1,Rp62.115,1611,51,3.17%,2,3.92%,1.96%,1457,44,3.02%,2,4.55%,2.27%,Rp62.115,Rp0,Rp89.115,Rp27.000,Rp0,0,0,834,18,16,1,2.16%,5.56%,Rp62.115,1,Rp0,Rp0,Rp0,0,0,0,0,0,0,0,0,Rp0,7,78,1,1.28%,0,0.00%,0.00%,69,1,1.45%,0,0.00%,0.00%,Rp0,Rp0,Rp0,0,0,0,0,0,0,0,0,Rp0,0,1,0,0.00%,0,0.00%,0.00%,1,0,0.00%,0,0.00%,0.00%,Rp62.115,Rp0,Rp0,Rp0,Rp62.115,Rp62.115,Rp0,1,1,1,1,Rp62.115,1,0,1,280,11,3.93%,0,0.00%,9.09%,246,10,4.07%,0,0.00%,10.00%,0,0,0.00%,0,0.00%,0.00%,0,0,0.00%,0,0.00%,0.00%,259,10,3.86%,0,0.00%,10.00%,229,9,3.93%,0,0.00%,11.11%,Rp0,Rp0,Rp0,0,0,0,0,0,0,0,0,Rp0,1252,39,3.12%,2,5.13%,0.00%,1142,33,2.89%,2,6.06%,0.00%
"Yukido Adaptor Kepala Bor Chuck Bor 13 mm sds Set Kunci  1/2 "" 1/2 inch  Universal Adaptor Chuck Bor Konverter",1729642900315212285,produk terjual ≥1,Aktif,Rp60.449,Rp0,Rp0,Rp0,Rp60.449,Rp60.449,Rp0,Rp0,Rp0,Rp0,Rp0,Rp0,Rp0,Rp0,Rp0,2,2,2,2,Rp30.224,424,9,2.12%,0,0.00%,22.22%,305,5,1.64%,0,0.00%,40.00%,Rp60.449,Rp0,Rp120.099,Rp55.000,Rp27.624,1,1,200,4,1,0,2.00%,0.00%,Rp0,0,Rp0,Rp0,Rp0,0,0,0,0,0,0,0,0,Rp0,0,0,0,0.00%,0,0.00%,0.00%,0,0,0.00%,0,0.00%,0.00%,Rp60.449,Rp60.449,Rp0,2,2,2,0,2,2,0,2,Rp30.224,0,197,4,2.03%,0,0.00%,50.00%,110,4,3.64%,0,0.00%,50.00%,Rp0,Rp0,Rp0,Rp0,Rp0,Rp0,Rp0,0,0,0,0,Rp0,0,0,0,2,0,0.00%,0,0.00%,0.00%,2,0,0.00%,0,0.00%,0.00%,0,0,0.00%,0,0.00%,0.00%,0,0,0.00%,0,0.00%,0.00%,1,0,0.00%,0,0.00%,0.00%,1,0,0.00%,0,0.00%,0.00%,Rp0,Rp0,Rp0,0,0,0,0,0,0,0,0,Rp0,225,5,2.22%,0,0.00%,0.00%,198,2,1.01%,0,0.00%,0.00%
"Mata Diamon Disc Mata Gerinda Keramik Multifungsi YUKIDO 4 Inch - Diameter 105mm, Tebal 2mm, Lubang 16/20mm",1729680065684343293,produk terjual ≥1,Aktif,Rp60.228,Rp0,Rp0,Rp0,Rp60.228,Rp0,Rp60.228,Rp0,Rp0,Rp0,Rp0,Rp0,Rp0,Rp0,Rp0,1,1,1,1,Rp60.228,826,15,1.82%,0,0.00%,6.67%,727,14,1.93%,0,0.00%,7.14%,Rp60.228,Rp0,Rp66.462,Rp6.234,Rp0,0,0,454,7,7,1,1.54%,14.29%,Rp60.228,1,Rp0,Rp0,Rp0,0,0,0,0,0,0,0,0,Rp0,2,7,0,0.00%,0,0.00%,0.00%,7,0,0.00%,0,0.00%,0.00%,Rp60.228,Rp0,Rp60.228,1,1,0,1,1,0,1,1,Rp60.228,0,142,2,1.41%,0,0.00%,50.00%,112,2,1.79%,0,0.00%,50.00%,Rp0,Rp0,Rp0,Rp0,Rp0,Rp0,Rp0,0,0,0,0,Rp0,1,0,1,44,2,4.55%,0,0.00%,0.00%,31,1,3.23%,0,0.00%,0.00%,0,0,0.00%,0,0.00%,0.00%,0,0,0.00%,0,0.00%,0.00%,37,2,5.41%,0,0.00%,0.00%,25,1,4.00%,0,0.00%,0.00%,Rp0,Rp0,Rp0,0,0,0,0,0,0,0,0,Rp0,633,11,1.74%,0,0.00%,0.00%,570,11,1.93%,0,0.00%,0.00%
Trimmer Line 10m 25m 50m Tali Senar Nylon Cutter Mesin Potong Rumput Brush Cutter BG 328 PROFESSIONAL Kuning,1729567680523044349,GMV & produk terjual = 0,Aktif,Rp58.298,Rp0,Rp0,Rp0,Rp0,Rp0,Rp0,Rp55.798,Rp0,Rp0,Rp0,Rp55.798,Rp55.798,Rp0,Rp2.500,3,3,3,3,Rp19.433,3349,106,3.17%,3,2.83%,2.83%,2874,96,3.34%,2,2.08%,3.13%,Rp58.298,Rp0,Rp135.250,Rp49.000,Rp35.298,1,1,1558,57,52,1,3.66%,1.75%,Rp2.500,1,Rp0,Rp0,Rp0,0,0,0,0,0,0,0,0,Rp0,0,0,0,0.00%,0,0.00%,0.00%,0,0,0.00%,0,0.00%,0.00%,Rp0,Rp0,Rp0,0,0,0,0,0,0,0,0,Rp0,0,0,0,0.00%,0,0.00%,0.00%,0,0,0.00%,0,0.00%,0.00%,Rp55.798,Rp0,Rp0,Rp0,Rp55.798,Rp55.798,Rp0,2,2,2,2,Rp27.899,10,10,2,1152,57,4.95%,1,1.75%,3.51%,946,52,5.50%,0,0.00%,3.85%,481,8,1.66%,0,0.00%,0.00%,400,6,1.50%,0,0.00%,0.00%,627,49,7.81%,1,2.04%,4.08%,525,46,8.76%,0,0.00%,4.35%,Rp2.500,Rp2.500,Rp0,1,1,1,0,1,1,0,1,Rp2.500,2197,49,2.23%,2,4.08%,2.04%,1937,44,2.27%,2,4.55%,2.27%
FUJIYAMA MA;TA BOR SET PAGODA MULTI STEP DRILL BIT HSS TITANIUM 3 PCS,1729685007798798845,GMV & produk terjual = 0,Aktif,Rp57.802,Rp0,Rp0,Rp0,Rp0,Rp0,Rp0,Rp0,Rp0,Rp0,Rp0,Rp0,Rp0,Rp0,Rp57.802,1,1,1,1,Rp57.802,3392,70,2.06%,7,10.00%,1.43%,3050,62,2.03%,7,11.29%,1.61%,Rp57.802,Rp0,Rp97.385,Rp31.273,Rp0,0,0,1459,38,31,1,2.60%,2.63%,Rp57.802,1,Rp0,Rp0,Rp0,0,0,0,0,0,0,0,0,Rp0,1,660,4,0.61%,0,0.00%,0.00%,565,4,0.71%,0,0.00%,0.00%,Rp0,Rp0,Rp0,0,0,0,0,0,0,0,0,Rp0,0,5,0,0.00%,0,0.00%,0.00%,5,0,0.00%,0,0.00%,0.00%,Rp0,Rp0,Rp0,Rp0,Rp0,Rp0,Rp0,0,0,0,0,Rp0,0,0,0,4,0,0.00%,0,0.00%,0.00%,4,0,0.00%,0,0.00%,0.00%,0,0,0.00%,0,0.00%,0.00%,0,0,0.00%,0,0.00%,0.00%,1,0,0.00%,0,0.00%,0.00%,1,0,0.00%,0,0.00%,0.00%,Rp57.802,Rp57.802,Rp0,1,1,1,0,1,1,0,1,Rp57.802,2723,66,2.42%,7,10.61%,1.52%,2464,58,2.35%,7,12.07%,1.72%
BISA COD Paket Poles Tatakan Amplas + 10 Amplas Bulat,1729607112543667709,GMV & produk terjual = 0,Aktif,Rp56.435,Rp0,Rp0,Rp0,Rp16.160,Rp16.160,Rp0,Rp0,Rp0,Rp0,Rp0,Rp0,Rp0,Rp0,Rp40.275,4,4,4,4,Rp14.109,6135,146,2.38%,8,5.48%,2.74%,5285,127,2.40%,8,6.30%,3.15%,Rp56.435,Rp0,Rp143.135,Rp85.500,Rp14.948,1,1,3849,100,84,2,2.60%,2.00%,Rp24.448,2,Rp0,Rp0,Rp0,0,0,0,0,0,0,0,0,Rp0,29,239,1,0.42%,1,100.00%,0.00%,224,1,0.45%,1,100.00%,0.00%,Rp16.160,Rp16.160,Rp0,1,1,1,0,1,1,0,1,Rp16.160,0,999,36,3.60%,1,2.78%,2.78%,659,34,5.16%,1,2.94%,2.94%,Rp0,Rp0,Rp0,Rp0,Rp0,Rp0,Rp0,0,0,0,0,Rp0,0,0,0,65,3,4.62%,0,0.00%,0.00%,50,2,4.00%,0,0.00%,0.00%,0,0,0.00%,0,0.00%,0.00%,0,0,0.00%,0,0.00%,0.00%,45,3,6.67%,0,0.00%,0.00%,37,2,5.41%,0,0.00%,0.00%,Rp40.275,Rp40.275,Rp0,3,3,3,0,3,3,0,3,Rp13.425,4832,106,2.19%,6,5.66%,2.83%,4366,89,2.04%,6,6.74%,3.37%
Sarung Tangan Las Kulit Safety Merah Biru Coklat - Alat Keselamatan Welding Gloves Machine,1733107014582437373,GMV & produk terjual = 0,Aktif,Rp54.780,Rp0,Rp0,Rp0,Rp29.580,Rp29.580,Rp0,Rp0,Rp0,Rp0,Rp0,Rp0,Rp0,Rp0,Rp25.200,2,2,2,2,Rp27.390,574,16,2.79%,2,12.50%,12.50%,442,14,3.17%,2,14.29%,14.29%,Rp54.780,Rp0,Rp81.267,Rp23.687,Rp25.200,1,1,200,6,6,2,3.00%,33.33%,Rp54.780,2,Rp0,Rp0,Rp0,0,0,0,0,0,0,0,0,Rp0,35,130,0,0.00%,0,0.00%,0.00%,129,0,0.00%,0,0.00%,0.00%,Rp29.580,Rp29.580,Rp0,1,1,1,0,1,1,0,1,Rp29.580,0,200,8,4.00%,0,0.00%,12.50%,98,8,8.16%,0,0.00%,12.50%,Rp0,Rp0,Rp0,Rp0,Rp0,Rp0,Rp0,0,0,0,0,Rp0,0,0,0,2,0,0.00%,0,0.00%,0.00%,2,0,0.00%,0,0.00%,0.00%,0,0,0.00%,0,0.00%,0.00%,0,0,0.00%,0,0.00%,0.00%,2,0,0.00%,0,0.00%,0.00%,2,0,0.00%,0,0.00%,0.00%,Rp25.200,Rp25.200,Rp0,1,1,1,0,1,1,0,1,Rp25.200,242,8,3.31%,2,25.00%,12.50%,215,6,2.79%,2,33.33%,16.67%
Kuas Cat Tembok Dinding Gagang Kayu Ukuran 1 2 3 4 5 inch - Kuas Cat besi Murah - Kuas Bulu Kuas Pernis Tebal Paint,1730260084607845885,GMV & produk terjual = 0,Aktif,Rp54.682,Rp0,Rp0,Rp0,Rp18.240,Rp0,Rp18.240,Rp36.442,Rp0,Rp0,Rp0,Rp0,Rp0,Rp0,Rp0,2,3,9,2,Rp18.227,7669,235,3.06%,33,14.04%,1.28%,6690,197,2.94%,27,13.71%,1.02%,Rp54.682,Rp0,Rp68.049,Rp12.779,Rp0,0,0,4153,106,79,1,2.55%,1.89%,Rp36.442,6,Rp0,Rp0,Rp0,0,0,0,0,0,0,0,0,Rp0,0,1,0,0.00%,0,0.00%,0.00%,1,0,0.00%,0,0.00%,0.00%,Rp18.240,Rp0,Rp18.240,1,1,0,1,3,0,3,1,Rp18.240,0,32,0,0.00%,0,0.00%,0.00%,31,0,0.00%,0,0.00%,0.00%,Rp36.442,Rp0,Rp0,Rp0,Rp0,Rp0,Rp0,1,2,6,1,Rp18.221,4,0,4,2005,108,5.39%,5,4.63%,1.85%,1611,96,5.96%,4,4.17%,1.04%,0,0,0.00%,0,0.00%,0.00%,0,0,0.00%,0,0.00%,0.00%,1935,107,5.53%,5,4.67%,0.00%,1552,95,6.12%,4,4.21%,0.00%,Rp0,Rp0,Rp0,0,0,0,0,0,0,0,0,Rp0,5629,127,2.26%,28,22.05%,0.00%,4996,99,1.98%,23,23.23%,0.00%
"amplas roll bahan kertas 10 cm x10m amplas alumunium, kaca,besi,stainless, tembok,kayu,batu,logam",1736205513089713661,produk terjual ≥1,Aktif,Rp53.025,Rp0,Rp0,Rp0,Rp0,Rp0,Rp0,Rp0,Rp0,Rp0,Rp0,Rp0,Rp0,Rp0,Rp53.025,1,1,1,1,Rp53.025,4021,77,1.91%,2,2.60%,1.30%,3535,58,1.64%,2,3.45%,1.72%,Rp53.025,Rp0,Rp70.025,Rp17.000,Rp0,0,0,2470,46,35,0,1.86%,0.00%,Rp0,0,Rp0,Rp0,Rp0,0,0,0,0,0,0,0,0,Rp0,0,0,0,0.00%,0,0.00%,0.00%,0,0,0.00%,0,0.00%,0.00%,Rp0,Rp0,Rp0,0,0,0,0,0,0,0,0,Rp0,0,3,0,0.00%,0,0.00%,0.00%,3,0,0.00%,0,0.00%,0.00%,Rp0,Rp0,Rp0,Rp0,Rp0,Rp0,Rp0,0,0,0,0,Rp0,0,0,0,0,0,0.00%,0,0.00%,0.00%,0,0,0.00%,0,0.00%,0.00%,0,0,0.00%,0,0.00%,0.00%,0,0,0.00%,0,0.00%,0.00%,0,0,0.00%,0,0.00%,0.00%,0,0,0.00%,0,0.00%,0.00%,Rp53.025,Rp53.025,Rp0,1,1,1,0,1,1,0,1,Rp53.025,4019,77,1.92%,2,2.60%,1.30%,3480,55,1.58%,2,3.64%,1.82%
7 PCS OBENG LISTRIK SET PLUS MINUS DAN TESPEN 7PCS PEN TESTER LISTRIK MULTIFUNGSI,1730326333496919549,GMV & produk terjual = 0,Aktif,Rp52.148,Rp0,Rp0,Rp0,Rp0,Rp0,Rp0,Rp0,Rp0,Rp0,Rp0,Rp0,Rp0,Rp0,Rp52.148,1,1,1,1,Rp52.148,117,8,6.84%,0,0.00%,12.50%,87,5,5.75%,0,0.00%,20.00%,Rp52.148,Rp0,Rp74.731,Rp12.000,Rp52.148,1,1,91,8,5,1,8.79%,12.50%,Rp52.148,1,Rp0,Rp0,Rp0,0,0,0,0,0,0,0,0,Rp0,0,0,0,0.00%,0,0.00%,0.00%,0,0,0.00%,0,0.00%,0.00%,Rp0,Rp0,Rp0,0,0,0,0,0,0,0,0,Rp0,0,0,0,0.00%,0,0.00%,0.00%,0,0,0.00%,0,0.00%,0.00%,Rp0,Rp0,Rp0,Rp0,Rp0,Rp0,Rp0,0,0,0,0,Rp0,0,0,0,0,0,0.00%,0,0.00%,0.00%,0,0,0.00%,0,0.00%,0.00%,0,0,0.00%,0,0.00%,0.00%,0,0,0.00%,0,0.00%,0.00%,0,0,0.00%,0,0.00%,0.00%,0,0,0.00%,0,0.00%,0.00%,Rp52.148,Rp52.148,Rp0,1,1,1,0,1,1,0,1,Rp52.148,117,8,6.84%,0,0.00%,12.50%,87,5,5.75%,0,0.00%,20.00%
Fanbelt Fan Belt V-Belt Vanbelt Van Belt Sugu Planer Ketam Fujiyama,1733303510177449469,produk terjual ≥1,Aktif,Rp52.116,Rp0,Rp0,Rp0,Rp0,Rp0,Rp0,Rp17.372,Rp0,Rp0,Rp0,Rp0,Rp0,Rp0,Rp34.744,2,2,3,2,Rp26.058,285,22,7.72%,0,0.00%,9.09%,226,16,7.08%,0,0.00%,12.50%,Rp52.116,Rp0,Rp97.616,Rp45.500,Rp34.744,2,1,209,18,12,2,8.61%,11.11%,Rp52.116,3,Rp0,Rp0,Rp0,0,0,0,0,0,0,0,0,Rp0,0,0,0,0.00%,0,0.00%,0.00%,0,0,0.00%,0,0.00%,0.00%,Rp0,Rp0,Rp0,0,0,0,0,0,0,0,0,Rp0,0,0,0,0.00%,0,0.00%,0.00%,0,0,0.00%,0,0.00%,0.00%,Rp17.372,Rp0,Rp0,Rp0,Rp0,Rp0,Rp0,1,1,1,1,Rp17.372,0,0,0,0,0,0.00%,0,0.00%,0.00%,0,0,0.00%,0,0.00%,0.00%,0,0,0.00%,0,0.00%,0.00%,0,0,0.00%,0,0.00%,0.00%,0,0,0.00%,0,0.00%,0.00%,0,0,0.00%,0,0.00%,0.00%,Rp34.744,Rp34.744,Rp0,1,1,1,0,2,2,0,1,Rp34.744,285,22,7.72%,0,0.00%,4.55%,226,16,7.08%,0,0.00%,6.25%
"Spring Clamp 2"" 4"" 6"" 9"" - Klem Penjepit Kayu - Klip Jepit Multifungsi - Klip Jepit Backdrop Studio Fotografi & Papan Woodworking",1729688193067156989,produk terjual ≥1,Aktif,Rp51.873,Rp0,Rp0,Rp0,Rp46.038,Rp0,Rp46.038,Rp0,Rp0,Rp0,Rp0,Rp0,Rp0,Rp0,Rp5.835,2,2,5,2,Rp25.936,4755,131,2.75%,10,7.63%,1.53%,4321,120,2.78%,10,8.33%,1.67%,Rp51.873,Rp0,Rp61.199,Rp5.420,Rp0,0,0,3033,76,68,0,2.51%,0.00%,Rp0,0,Rp0,Rp0,Rp0,0,0,0,0,0,0,0,0,Rp0,0,0,0,0.00%,0,0.00%,0.00%,0,0,0.00%,0,0.00%,0.00%,Rp46.038,Rp0,Rp46.038,1,1,0,1,4,0,4,1,Rp46.038,0,1,0,0.00%,0,0.00%,0.00%,1,0,0.00%,0,0.00%,0.00%,Rp0,Rp0,Rp0,Rp0,Rp0,Rp0,Rp0,0,0,0,0,Rp0,0,0,0,0,0,0.00%,0,0.00%,0.00%,0,0,0.00%,0,0.00%,0.00%,0,0,0.00%,0,0.00%,0.00%,0,0,0.00%,0,0.00%,0.00%,0,0,0.00%,0,0.00%,0.00%,0,0,0.00%,0,0.00%,0.00%,Rp5.835,Rp5.835,Rp0,1,1,1,0,1,1,0,1,Rp5.835,4756,131,2.75%,10,7.63%,0.76%,4274,117,2.74%,10,8.55%,0.85%
Cutter Stainless Steel Multifungsi Pisau Cutter Besi Stainless Besar 18 MM Tahan Karat,1730727110984238589,produk terjual ≥1,Aktif,Rp51.353,Rp0,Rp0,Rp0,Rp32.401,Rp0,Rp32.401,Rp0,Rp0,Rp0,Rp0,Rp0,Rp0,Rp0,Rp18.952,2,2,2,2,Rp25.676,3915,79,2.02%,4,5.06%,2.53%,3523,69,1.96%,4,5.80%,2.90%,Rp51.353,Rp0,Rp88.712,Rp47.027,Rp52.601,2,2,2586,48,43,2,1.86%,4.17%,Rp51.353,2,Rp0,Rp0,Rp0,0,0,0,0,0,0,0,0,Rp0,0,2,0,0.00%,0,0.00%,0.00%,1,0,0.00%,0,0.00%,0.00%,Rp32.401,Rp0,Rp32.401,1,1,0,1,1,0,1,1,Rp32.401,0,0,0,0.00%,0,0.00%,0.00%,0,0,0.00%,0,0.00%,0.00%,Rp0,Rp0,Rp0,Rp0,Rp0,Rp0,Rp0,0,0,0,0,Rp0,0,0,0,1,0,0.00%,0,0.00%,0.00%,1,0,0.00%,0,0.00%,0.00%,0,0,0.00%,0,0.00%,0.00%,0,0,0.00%,0,0.00%,0.00%,0,0,0.00%,0,0.00%,0.00%,0,0,0.00%,0,0.00%,0.00%,Rp18.952,Rp18.952,Rp0,1,1,1,0,1,1,0,1,Rp18.952,3912,79,2.02%,4,5.06%,1.27%,3488,69,1.98%,4,5.80%,1.45%
Yukido Kunci Shock Sock Sok Y Panjang 12-14-17MM 10-12-14MM 8-10-12MM Material Chrome Vanadium Anti Karat Ergonomis untuk Motor dan Bengkel,1736308197860541949,produk terjual ≥1,Aktif,Rp50.904,Rp0,Rp0,Rp0,Rp0,Rp0,Rp0,Rp50.904,Rp0,Rp0,Rp0,Rp0,Rp0,Rp0,Rp0,1,1,1,1,Rp50.904,6200,96,1.55%,3,3.13%,1.04%,5330,83,1.56%,2,2.41%,1.20%,Rp50.904,Rp0,Rp93.904,Rp43.000,Rp0,0,0,2888,33,31,0,1.14%,0.00%,Rp0,0,Rp0,Rp0,Rp0,0,0,0,0,0,0,0,0,Rp0,6,477,5,1.05%,0,0.00%,0.00%,399,4,1.00%,0,0.00%,0.00%,Rp0,Rp0,Rp0,0,0,0,0,0,0,0,0,Rp0,1,315,8,2.54%,0,0.00%,0.00%,288,8,2.78%,0,0.00%,0.00%,Rp50.904,Rp0,Rp0,Rp0,Rp0,Rp0,Rp0,1,1,1,1,Rp50.904,1,0,1,243,10,4.12%,1,10.00%,10.00%,211,10,4.74%,1,10.00%,10.00%,0,0,0.00%,0,0.00%,0.00%,0,0,0.00%,0,0.00%,0.00%,236,10,4.24%,1,10.00%,0.00%,210,10,4.76%,1,10.00%,0.00%,Rp0,Rp0,Rp0,0,0,0,0,0,0,0,0,Rp0,5165,73,1.41%,2,2.74%,0.00%,4389,61,1.39%,1,1.64%,0.00%
Kunci T 4Pcs T-Type Sock Wrench 8mm 10mm 12mm 14mm Ellka Kunci Sock T isi 4,1731593904443327997,GMV & produk terjual = 0,Aktif,Rp50.197,Rp0,Rp0,Rp0,Rp0,Rp0,Rp0,Rp50.197,Rp0,Rp0,Rp0,Rp50.197,Rp50.197,Rp0,Rp0,1,1,1,1,Rp50.197,1077,38,3.53%,1,2.63%,2.63%,913,31,3.40%,1,3.23%,3.23%,Rp50.197,Rp0,Rp90.197,Rp42.500,Rp0,0,0,235,4,3,0,1.70%,0.00%,Rp0,0,Rp0,Rp0,Rp0,0,0,0,0,0,0,0,0,Rp0,2,139,5,3.60%,0,0.00%,0.00%,118,3,2.54%,0,0.00%,0.00%,Rp0,Rp0,Rp0,0,0,0,0,0,0,0,0,Rp0,1,236,11,4.66%,0,0.00%,0.00%,168,11,6.55%,0,0.00%,0.00%,Rp50.197,Rp0,Rp0,Rp0,Rp50.197,Rp50.197,Rp0,1,1,1,1,Rp50.197,11,9,4,343,9,2.62%,0,0.00%,11.11%,294,8,2.72%,0,0.00%,12.50%,156,2,1.28%,0,0.00%,0.00%,140,2,1.43%,0,0.00%,0.00%,150,7,4.67%,0,0.00%,14.29%,125,6,4.80%,0,0.00%,16.67%,Rp0,Rp0,Rp0,0,0,0,0,0,0,0,0,Rp0,359,13,3.62%,1,7.69%,0.00%,340,10,2.94%,1,10.00%,0.00%
8PCS Roda PVC HIDUP+REM 1.5 Inch Roda Kastor Caster Etelase Gerobak Trolley Troli Isi 4 REM + 4 HIDUP,1730556413994829309,GMV & produk terjual = 0,Aktif,Rp49.217,Rp0,Rp0,Rp0,Rp0,Rp0,Rp0,Rp49.217,Rp0,Rp0,Rp0,Rp49.217,Rp49.217,Rp0,Rp0,1,1,1,1,Rp49.217,880,18,2.05%,0,0.00%,5.56%,783,14,1.79%,0,0.00%,7.14%,Rp49.217,Rp0,Rp70.217,Rp21.000,Rp0,0,0,584,11,8,1,1.88%,9.09%,Rp49.217,1,Rp0,Rp0,Rp0,0,0,0,0,0,0,0,0,Rp0,0,0,0,0.00%,0,0.00%,0.00%,0,0,0.00%,0,0.00%,0.00%,Rp0,Rp0,Rp0,0,0,0,0,0,0,0,0,Rp0,0,0,0,0.00%,0,0.00%,0.00%,0,0,0.00%,0,0.00%,0.00%,Rp49.217,Rp0,Rp0,Rp0,Rp49.217,Rp49.217,Rp0,1,1,1,1,Rp49.217,1,2,0,227,9,3.96%,0,0.00%,11.11%,202,6,2.97%,0,0.00%,16.67%,17,0,0.00%,0,0.00%,0.00%,17,0,0.00%,0,0.00%,0.00%,203,9,4.43%,0,0.00%,11.11%,179,6,3.35%,0,0.00%,16.67%,Rp0,Rp0,Rp0,0,0,0,0,0,0,0,0,Rp0,653,9,1.38%,0,0.00%,0.00%,584,8,1.37%,0,0.00%,0.00%
9 PCS Kunci L Torx Bintang/Hex bola/ Pendek dan Panjang CR-V Buat buka Honda Yamaha,1733449194815260157,GMV & produk terjual = 0,Aktif,Rp49.061,Rp0,Rp0,Rp0,Rp49.061,Rp49.061,Rp0,Rp0,Rp0,Rp0,Rp0,Rp0,Rp0,Rp0,Rp0,1,1,1,1,Rp49.061,1254,35,2.79%,2,5.71%,2.86%,1091,31,2.84%,2,6.45%,3.23%,Rp49.061,Rp0,Rp71.886,Rp14.500,Rp0,0,0,832,24,24,0,2.88%,0.00%,Rp0,0,Rp0,Rp0,Rp0,0,0,0,0,0,0,0,0,Rp0,0,0,0,0.00%,0,0.00%,0.00%,0,0,0.00%,0,0.00%,0.00%,Rp49.061,Rp49.061,Rp0,1,1,1,0,1,1,0,1,Rp49.061,0,370,21,5.68%,0,0.00%,4.76%,319,18,5.64%,0,0.00%,5.56%,Rp0,Rp0,Rp0,Rp0,Rp0,Rp0,Rp0,0,0,0,0,Rp0,0,0,0,1,0,0.00%,0,0.00%,0.00%,1,0,0.00%,0,0.00%,0.00%,0,0,0.00%,0,0.00%,0.00%,0,0,0.00%,0,0.00%,0.00%,0,0,0.00%,0,0.00%,0.00%,0,0,0.00%,0,0.00%,0.00%,Rp0,Rp0,Rp0,0,0,0,0,0,0,0,0,Rp0,883,14,1.59%,2,14.29%,0.00%,769,12,1.56%,2,16.67%,0.00%
"Yukido Ball Valve Kompressor 1/4"" Onda / Stop Kran Kompressor",1736106691234661885,produk terjual ≥1,Aktif,Rp48.886,Rp0,Rp0,Rp0,Rp0,Rp0,Rp0,Rp0,Rp0,Rp0,Rp0,Rp0,Rp0,Rp0,Rp48.886,1,1,1,1,Rp48.886,1402,42,3.00%,1,2.38%,2.38%,1139,36,3.16%,1,2.78%,2.78%,Rp48.886,Rp0,Rp74.849,Rp15.698,Rp0,0,0,354,11,10,0,3.11%,0.00%,Rp0,0,Rp0,Rp0,Rp0,0,0,0,0,0,0,0,0,Rp0,2,8,0,0.00%,0,0.00%,0.00%,8,0,0.00%,0,0.00%,0.00%,Rp0,Rp0,Rp0,0,0,0,0,0,0,0,0,Rp0,1,370,14,3.78%,0,0.00%,0.00%,288,11,3.82%,0,0.00%,0.00%,Rp0,Rp0,Rp0,Rp0,Rp0,Rp0,Rp0,0,0,0,0,Rp0,1,0,1,306,5,1.63%,0,0.00%,0.00%,0,0,0.00%,0,0.00%,0.00%,0,0,0.00%,0,0.00%,0.00%,0,0,0.00%,0,0.00%,0.00%,299,5,1.67%,0,0.00%,0.00%,0,0,0.00%,0,0.00%,0.00%,Rp48.886,Rp48.886,Rp0,1,1,1,0,1,1,0,1,Rp48.886,719,23,3.20%,1,4.35%,4.35%,592,20,3.38%,1,5.00%,5.00%
Kunci Oli Filter Wrench Two Way AB-102MM Universal 63-102mm Alat Pembuka Filter Oli Mobil Chrome Vanadium Steel PROMO Car,1729965581199051261,produk terjual ≥1,Aktif,Rp48.783,Rp0,Rp0,Rp0,Rp0,Rp0,Rp0,Rp0,Rp0,Rp0,Rp0,Rp0,Rp0,Rp0,Rp48.783,1,1,1,1,Rp48.783,1623,39,2.40%,5,12.82%,2.56%,1407,35,2.49%,5,14.29%,2.86%,Rp48.783,Rp0,Rp68.783,Rp22.500,Rp48.783,1,1,873,23,19,1,2.63%,4.35%,Rp48.783,1,Rp0,Rp0,Rp0,0,0,0,0,0,0,0,0,Rp0,1,139,2,1.44%,0,0.00%,0.00%,116,2,1.72%,0,0.00%,0.00%,Rp0,Rp0,Rp0,0,0,0,0,0,0,0,0,Rp0,0,0,0,0.00%,0,0.00%,0.00%,0,0,0.00%,0,0.00%,0.00%,Rp0,Rp0,Rp0,Rp0,Rp0,Rp0,Rp0,0,0,0,0,Rp0,0,0,0,136,2,1.47%,1,50.00%,0.00%,111,1,0.90%,1,100.00%,0.00%,0,0,0.00%,0,0.00%,0.00%,0,0,0.00%,0,0.00%,0.00%,134,2,1.49%,1,50.00%,0.00%,109,1,0.92%,1,100.00%,0.00%,Rp48.783,Rp48.783,Rp0,1,1,1,0,1,1,0,1,Rp48.783,1348,35,2.60%,4,11.43%,2.86%,1168,32,2.74%,4,12.50%,3.13%
Klem Selang Ring Klem Cincin Selang Jepitan Selang Hose Clamp,1734165806534198781,GMV & produk terjual = 0,Aktif,Rp46.745,Rp0,Rp0,Rp0,Rp9.316,Rp0,Rp9.316,Rp37.429,Rp0,Rp0,Rp0,Rp0,Rp0,Rp0,Rp0,3,3,27,3,Rp15.582,1475,17,1.15%,3,17.65%,17.65%,1353,13,0.96%,3,23.08%,23.08%,Rp46.745,Rp0,Rp57.042,Rp29.127,Rp0,0,0,847,5,4,1,0.59%,20.00%,Rp5.448,6,Rp0,Rp0,Rp0,0,0,0,0,0,0,0,0,Rp0,0,0,0,0.00%,0,0.00%,0.00%,0,0,0.00%,0,0.00%,0.00%,Rp9.316,Rp0,Rp9.316,1,1,0,1,5,0,5,1,Rp9.316,0,1,0,0.00%,0,0.00%,0.00%,1,0,0.00%,0,0.00%,0.00%,Rp37.429,Rp0,Rp0,Rp0,Rp0,Rp0,Rp0,2,2,22,2,Rp18.714,0,0,0,0,0,0.00%,0,0.00%,0.00%,0,0,0.00%,0,0.00%,0.00%,0,0,0.00%,0,0.00%,0.00%,0,0,0.00%,0,0.00%,0.00%,0,0,0.00%,0,0.00%,0.00%,0,0,0.00%,0,0.00%,0.00%,Rp0,Rp0,Rp0,0,0,0,0,0,0,0,0,Rp0,1474,17,1.15%,3,17.65%,0.00%,1352,13,0.96%,3,23.08%,0.00%
YUKIDO TANG SNAP RING LURUS BUKA ORIGINAL EXTERNAL STRAIGHT PLIERS Anti selip handle Extra durability strength,1729743223667656189,produk terjual ≥1,Aktif,Rp46.296,Rp0,Rp0,Rp0,Rp0,Rp0,Rp0,Rp46.296,Rp0,Rp0,Rp0,Rp46.296,Rp0,Rp46.296,Rp0,1,1,1,1,Rp46.296,1898,86,4.53%,4,4.65%,1.16%,1665,67,4.02%,4,5.97%,1.49%,Rp46.296,Rp0,Rp60.796,Rp14.500,Rp0,0,0,1305,71,54,1,5.44%,1.41%,Rp46.296,1,Rp0,Rp0,Rp0,0,0,0,0,0,0,0,0,Rp0,1,11,0,0.00%,0,0.00%,0.00%,9,0,0.00%,0,0.00%,0.00%,Rp0,Rp0,Rp0,0,0,0,0,0,0,0,0,Rp0,0,1,0,0.00%,0,0.00%,0.00%,1,0,0.00%,0,0.00%,0.00%,Rp46.296,Rp0,Rp0,Rp0,Rp46.296,Rp0,Rp46.296,1,1,1,1,Rp46.296,0,0,0,653,48,7.35%,2,4.17%,2.08%,521,35,6.72%,2,5.71%,2.86%,0,0,0.00%,0,0.00%,0.00%,0,0,0.00%,0,0.00%,0.00%,647,47,7.26%,2,4.26%,2.13%,515,35,6.80%,2,5.71%,2.86%,Rp0,Rp0,Rp0,0,0,0,0,0,0,0,0,Rp0,1231,38,3.09%,2,5.26%,0.00%,1120,33,2.95%,2,6.06%,0.00%
10 Pasang Sarung Tangan Kerja Proyek Anti Slip Tebal Kuat Safety Glove Premium Sarung Tangan Karet Sarung Tangan Palm Fit Anti Cuttin Sarung Tangan Proyek Isi 10 pasang,1730759801657132541,GMV & produk terjual = 0,Aktif,Rp46.218,Rp0,Rp0,Rp0,Rp0,Rp0,Rp0,Rp46.218,Rp0,Rp0,Rp0,Rp46.218,Rp46.218,Rp0,Rp0,1,1,1,1,Rp46.218,1783,36,2.02%,2,5.56%,2.78%,1587,32,2.02%,2,6.25%,3.13%,Rp46.218,Rp0,Rp61.978,Rp12.000,Rp0,0,0,746,13,12,0,1.74%,0.00%,Rp0,0,Rp0,Rp0,Rp0,0,0,0,0,0,0,0,0,Rp0,0,0,0,0.00%,0,0.00%,0.00%,0,0,0.00%,0,0.00%,0.00%,Rp0,Rp0,Rp0,0,0,0,0,0,0,0,0,Rp0,0,36,0,0.00%,0,0.00%,0.00%,34,0,0.00%,0,0.00%,0.00%,Rp46.218,Rp0,Rp0,Rp0,Rp46.218,Rp46.218,Rp0,1,1,1,1,Rp46.218,1,0,1,328,14,4.27%,2,14.29%,7.14%,276,12,4.35%,2,16.67%,8.33%,0,0,0.00%,0,0.00%,0.00%,0,0,0.00%,0,0.00%,0.00%,307,13,4.23%,2,15.38%,7.69%,267,11,4.12%,2,18.18%,9.09%,Rp0,Rp0,Rp0,0,0,0,0,0,0,0,0,Rp0,1419,22,1.55%,0,0.00%,0.00%,1283,20,1.56%,0,0.00%,0.00%
TEKIPO BY TEKIRO NINGBO TOOLS - T WRENCH 8 10 12 14 KUNCI T 10MM/12MM/8MM/14MM,1732215425054246397,GMV & produk terjual = 0,Aktif,Rp44.312,Rp0,Rp0,Rp0,Rp0,Rp0,Rp0,Rp0,Rp0,Rp0,Rp0,Rp0,Rp0,Rp0,Rp44.312,2,2,2,2,Rp22.156,2649,75,2.83%,7,9.33%,2.67%,2387,70,2.93%,5,7.14%,2.86%,Rp44.312,Rp0,Rp57.341,Rp13.029,Rp0,0,0,1687,52,47,2,3.08%,3.85%,Rp44.312,2,Rp0,Rp0,Rp0,0,0,0,0,0,0,0,0,Rp0,0,0,0,0.00%,0,0.00%,0.00%,0,0,0.00%,0,0.00%,0.00%,Rp0,Rp0,Rp0,0,0,0,0,0,0,0,0,Rp0,0,1,0,0.00%,0,0.00%,0.00%,1,0,0.00%,0,0.00%,0.00%,Rp0,Rp0,Rp0,Rp0,Rp0,Rp0,Rp0,0,0,0,0,Rp0,0,0,0,1,0,0.00%,0,0.00%,0.00%,0,0,0.00%,0,0.00%,0.00%,0,0,0.00%,0,0.00%,0.00%,0,0,0.00%,0,0.00%,0.00%,0,0,0.00%,0,0.00%,0.00%,0,0,0.00%,0,0.00%,0.00%,Rp44.312,Rp44.312,Rp0,2,2,2,0,2,2,0,2,Rp22.156,2645,75,2.84%,7,9.33%,2.67%,2364,69,2.92%,5,7.25%,2.90%
Kepala mesin bor fujiyama 13mm fujiyama Kepala Bor 13mm / Kepala Mesin Bor 13mm / Drill Chuck 13mm original,1731658022778013181,GMV & produk terjual = 0,Aktif,Rp43.618,Rp0,Rp0,Rp0,Rp0,Rp0,Rp0,Rp0,Rp0,Rp0,Rp0,Rp0,Rp0,Rp0,Rp43.618,1,1,1,1,Rp43.618,2088,56,2.68%,7,12.50%,1.79%,1904,50,2.63%,7,14.00%,2.00%,Rp43.618,Rp0,Rp55.047,Rp11.429,Rp0,0,0,905,30,25,0,3.31%,0.00%,Rp0,0,Rp0,Rp0,Rp0,0,0,0,0,0,0,0,0,Rp0,2,10,1,10.00%,0,0.00%,0.00%,9,1,11.11%,0,0.00%,0.00%,Rp0,Rp0,Rp0,0,0,0,0,0,0,0,0,Rp0,0,0,0,0.00%,0,0.00%,0.00%,0,0,0.00%,0,0.00%,0.00%,Rp0,Rp0,Rp0,Rp0,Rp0,Rp0,Rp0,0,0,0,0,Rp0,14,14,0,494,5,1.01%,0,0.00%,0.00%,467,5,1.07%,0,0.00%,0.00%,440,5,1.14%,0,0.00%,0.00%,417,5,1.20%,0,0.00%,0.00%,0,0,0.00%,0,0.00%,0.00%,0,0,0.00%,0,0.00%,0.00%,Rp43.618,Rp43.618,Rp0,1,1,1,0,1,1,0,1,Rp43.618,1584,50,3.16%,7,14.00%,2.00%,1427,44,3.08%,7,15.91%,2.27%
Rompi Safety Jaring Proyek Vest Kerja Baju Keselamatan Kerja,1730838891577050621,GMV & produk terjual = 0,Aktif,Rp43.229,Rp0,Rp0,Rp0,Rp22.120,Rp22.120,Rp0,Rp0,Rp0,Rp0,Rp0,Rp0,Rp0,Rp0,Rp21.109,3,3,4,3,Rp14.410,1972,65,3.30%,1,1.54%,4.62%,1159,53,4.57%,1,1.89%,5.66%,Rp43.229,Rp0,Rp92.229,Rp49.000,Rp11.060,1,1,380,11,4,1,2.89%,9.09%,Rp11.060,1,Rp0,Rp0,Rp0,0,0,0,0,0,0,0,0,Rp0,0,0,0,0.00%,0,0.00%,0.00%,0,0,0.00%,0,0.00%,0.00%,Rp22.120,Rp22.120,Rp0,2,2,2,0,2,2,0,2,Rp11.060,0,1523,62,4.07%,1,1.61%,3.23%,758,51,6.73%,1,1.96%,3.92%,Rp0,Rp0,Rp0,Rp0,Rp0,Rp0,Rp0,0,0,0,0,Rp0,1,0,1,7,0,0.00%,0,0.00%,0.00%,6,0,0.00%,0,0.00%,0.00%,0,0,0.00%,0,0.00%,0.00%,0,0,0.00%,0,0.00%,0.00%,7,0,0.00%,0,0.00%,0.00%,6,0,0.00%,0,0.00%,0.00%,Rp21.109,Rp21.109,Rp0,1,1,1,0,2,2,0,1,Rp21.109,442,3,0.68%,0,0.00%,33.33%,411,3,0.73%,0,0.00%,33.33%
paket Hemat kunci Y 3PCS /Y8-10-12 /Y10-12-14 /Y12-14-17 Dan Obeng America Bolak-Balik Termurahhh,1730780452063315453,produk terjual ≥1,Aktif,Rp41.373,Rp0,Rp0,Rp0,Rp0,Rp0,Rp0,Rp0,Rp0,Rp0,Rp0,Rp0,Rp0,Rp0,Rp41.373,1,1,1,1,Rp41.373,223,7,3.14%,3,42.86%,14.29%,193,5,2.59%,3,60.00%,20.00%,Rp41.373,Rp0,Rp58.373,Rp17.000,Rp0,0,0,168,5,4,1,2.98%,20.00%,Rp41.373,1,Rp0,Rp0,Rp0,0,0,0,0,0,0,0,0,Rp0,0,0,0,0.00%,0,0.00%,0.00%,0,0,0.00%,0,0.00%,0.00%,Rp0,Rp0,Rp0,0,0,0,0,0,0,0,0,Rp0,0,0,0,0.00%,0,0.00%,0.00%,0,0,0.00%,0,0.00%,0.00%,Rp0,Rp0,Rp0,Rp0,Rp0,Rp0,Rp0,0,0,0,0,Rp0,0,0,0,0,0,0.00%,0,0.00%,0.00%,0,0,0.00%,0,0.00%,0.00%,0,0,0.00%,0,0.00%,0.00%,0,0,0.00%,0,0.00%,0.00%,0,0,0.00%,0,0.00%,0.00%,0,0,0.00%,0,0.00%,0.00%,Rp41.373,Rp41.373,Rp0,1,1,1,0,1,1,0,1,Rp41.373,223,7,3.14%,3,42.86%,14.29%,193,5,2.59%,3,60.00%,20.00%
YUKIDO 6 pcs Sikat Kawat Mix Set Wire Brusher Murah,1733604004230104573,GMV & produk terjual = 0,Aktif,Rp39.169,Rp0,Rp0,Rp0,Rp0,Rp0,Rp0,Rp39.169,Rp0,Rp0,Rp0,Rp0,Rp0,Rp0,Rp0,1,1,1,1,Rp39.169,1816,30,1.65%,2,6.67%,3.33%,1678,29,1.73%,2,6.90%,3.45%,Rp39.169,Rp0,Rp57.633,Rp20.909,Rp0,0,0,933,6,6,1,0.64%,16.67%,Rp39.169,1,Rp0,Rp0,Rp0,0,0,0,0,0,0,0,0,Rp0,0,0,0,0.00%,0,0.00%,0.00%,0,0,0.00%,0,0.00%,0.00%,Rp0,Rp0,Rp0,0,0,0,0,0,0,0,0,Rp0,2,220,10,4.55%,1,10.00%,0.00%,190,10,5.26%,1,10.00%,0.00%,Rp39.169,Rp0,Rp0,Rp0,Rp0,Rp0,Rp0,1,1,1,1,Rp39.169,0,0,0,0,0,0.00%,0,0.00%,0.00%,0,0,0.00%,0,0.00%,0.00%,0,0,0.00%,0,0.00%,0.00%,0,0,0.00%,0,0.00%,0.00%,0,0,0.00%,0,0.00%,0.00%,0,0,0.00%,0,0.00%,0.00%,Rp0,Rp0,Rp0,0,0,0,0,0,0,0,0,Rp0,1597,20,1.25%,1,5.00%,0.00%,1475,19,1.29%,1,5.26%,0.00%
【COD】530pcs Set Kabel Bakar Heat Shrink Bahan Polyolefin Warna Warni /Heat Shrink Tube Selang Bakar Kabel Isolasl Bakar / Heat,1732923786280404477,GMV & produk terjual = 0,Aktif,Rp37.658,Rp0,Rp0,Rp0,Rp0,Rp0,Rp0,Rp0,Rp0,Rp0,Rp0,Rp0,Rp0,Rp0,Rp37.658,1,1,1,1,Rp37.658,3048,47,1.54%,3,6.38%,2.13%,2726,41,1.50%,3,7.32%,2.44%,Rp37.658,Rp0,Rp44.276,Rp4.675,Rp37.658,1,1,1516,18,15,0,1.19%,0.00%,Rp0,0,Rp0,Rp0,Rp0,0,0,0,0,0,0,0,0,Rp0,0,1,0,0.00%,0,0.00%,0.00%,1,0,0.00%,0,0.00%,0.00%,Rp0,Rp0,Rp0,0,0,0,0,0,0,0,0,Rp0,0,1,0,0.00%,0,0.00%,0.00%,1,0,0.00%,0,0.00%,0.00%,Rp0,Rp0,Rp0,Rp0,Rp0,Rp0,Rp0,0,0,0,0,Rp0,2,2,0,150,5,3.33%,0,0.00%,0.00%,89,4,4.49%,0,0.00%,0.00%,150,5,3.33%,0,0.00%,0.00%,89,4,4.49%,0,0.00%,0.00%,0,0,0.00%,0,0.00%,0.00%,0,0,0.00%,0,0.00%,0.00%,Rp37.658,Rp37.658,Rp0,1,1,1,0,1,1,0,1,Rp37.658,2895,42,1.45%,3,7.14%,2.38%,2620,37,1.41%,3,8.11%,2.70%
Adaptor bor to Jigsaw Adapter Bor Menjadi Jigsaw Potong Kayu - Bonus 2 Mata Potong - Converter Bor Drill To Jigsaw,1730309191318341117,GMV & produk terjual = 0,Aktif,Rp36.963,Rp0,Rp0,Rp0,Rp36.963,Rp0,Rp36.963,Rp0,Rp0,Rp0,Rp0,Rp0,Rp0,Rp0,Rp0,1,1,1,1,Rp36.963,447,13,2.91%,2,15.38%,7.69%,405,9,2.22%,2,22.22%,11.11%,Rp36.963,Rp0,Rp48.235,Rp7.222,Rp0,0,0,255,3,3,0,1.18%,0.00%,Rp0,0,Rp0,Rp0,Rp0,0,0,0,0,0,0,0,0,Rp0,0,0,0,0.00%,0,0.00%,0.00%,0,0,0.00%,0,0.00%,0.00%,Rp36.963,Rp0,Rp36.963,1,1,0,1,1,0,1,1,Rp36.963,0,1,0,0.00%,0,0.00%,0.00%,1,0,0.00%,0,0.00%,0.00%,Rp0,Rp0,Rp0,Rp0,Rp0,Rp0,Rp0,0,0,0,0,Rp0,0,0,0,0,0,0.00%,0,0.00%,0.00%,0,0,0.00%,0,0.00%,0.00%,0,0,0.00%,0,0.00%,0.00%,0,0,0.00%,0,0.00%,0.00%,0,0,0.00%,0,0.00%,0.00%,0,0,0.00%,0,0.00%,0.00%,Rp0,Rp0,Rp0,0,0,0,0,0,0,0,0,Rp0,446,13,2.91%,2,15.38%,0.00%,404,9,2.23%,2,22.22%,0.00%
2 Pcs SET JEPIT AKI (7 cm 20A) (8cm 80A) (9cm 100A) Full Tembaga,1729631951136065021,produk terjual ≥1,Aktif,Rp35.062,Rp0,Rp0,Rp0,Rp5.219,Rp0,Rp5.219,Rp16.551,Rp0,Rp0,Rp0,Rp0,Rp0,Rp0,Rp13.292,5,5,6,5,Rp7.012,3318,87,2.62%,5,5.75%,5.75%,2916,74,2.54%,5,6.76%,6.76%,Rp35.062,Rp0,Rp70.798,Rp39.640,Rp9.027,2,1,2135,55,48,4,2.58%,7.27%,Rp23.882,5,Rp0,Rp0,Rp0,0,0,0,0,0,0,0,0,Rp0,0,0,0,0.00%,0,0.00%,0.00%,0,0,0.00%,0,0.00%,0.00%,Rp5.219,Rp0,Rp5.219,1,1,0,1,1,0,1,1,Rp5.219,0,0,0,0.00%,0,0.00%,0.00%,0,0,0.00%,0,0.00%,0.00%,Rp16.551,Rp0,Rp0,Rp0,Rp0,Rp0,Rp0,2,2,2,2,Rp8.276,0,0,0,307,25,8.14%,2,8.00%,8.00%,260,20,7.69%,2,10.00%,10.00%,0,0,0.00%,0,0.00%,0.00%,0,0,0.00%,0,0.00%,0.00%,304,25,8.22%,2,8.00%,0.00%,258,20,7.75%,2,10.00%,0.00%,Rp13.292,Rp13.292,Rp0,2,2,2,0,3,3,0,2,Rp6.646,3011,62,2.06%,3,4.84%,3.23%,2677,54,2.02%,3,5.56%,3.70%
"Ball Valve 1/2 Inch, 3/4 Inch, 1 Inch, 2 Inch PVC Stop Keran Pipa BallValve PVC Tebal",1732994275868771837,produk terjual ≥1,Aktif,Rp33.769,Rp0,Rp0,Rp0,Rp0,Rp0,Rp0,Rp7.381,Rp0,Rp0,Rp0,Rp0,Rp0,Rp0,Rp26.388,3,3,3,3,Rp11.256,2352,29,1.23%,6,20.69%,10.34%,2126,25,1.18%,6,24.00%,12.00%,Rp33.769,Rp0,Rp50.003,Rp14.973,Rp0,0,0,1489,22,20,2,1.48%,9.09%,Rp16.094,2,Rp0,Rp0,Rp0,0,0,0,0,0,0,0,0,Rp0,1,1,0,0.00%,0,0.00%,0.00%,1,0,0.00%,0,0.00%,0.00%,Rp0,Rp0,Rp0,0,0,0,0,0,0,0,0,Rp0,0,8,0,0.00%,0,0.00%,0.00%,8,0,0.00%,0,0.00%,0.00%,Rp7.381,Rp0,Rp0,Rp0,Rp0,Rp0,Rp0,1,1,1,1,Rp7.381,0,0,0,16,0,0.00%,0,0.00%,0.00%,9,0,0.00%,0,0.00%,0.00%,0,0,0.00%,0,0.00%,0.00%,0,0,0.00%,0,0.00%,0.00%,0,0,0.00%,0,0.00%,0.00%,0,0,0.00%,0,0.00%,0.00%,Rp26.388,Rp26.388,Rp0,2,2,2,0,2,2,0,2,Rp13.194,2327,29,1.25%,6,20.69%,6.90%,2068,24,1.16%,6,25.00%,8.33%
Klem Selang 3/4 Inch Ring Klem Cincin Selang Jepitan Selang Hose Clamp,1734165735654393341,GMV & produk terjual = 0,Aktif,Rp29.759,Rp0,Rp0,Rp0,Rp14.191,Rp0,Rp14.191,Rp0,Rp0,Rp0,Rp0,Rp0,Rp0,Rp0,Rp15.568,5,5,22,5,Rp5.952,2366,33,1.39%,10,30.30%,15.15%,2083,27,1.30%,9,33.33%,18.52%,Rp29.759,Rp0,Rp47.442,Rp20.787,Rp0,0,0,1419,21,18,4,1.48%,19.05%,Rp28.742,21,Rp0,Rp0,Rp0,0,0,0,0,0,0,0,0,Rp0,0,0,0,0.00%,0,0.00%,0.00%,0,0,0.00%,0,0.00%,0.00%,Rp14.191,Rp0,Rp14.191,2,2,0,2,14,0,14,2,Rp7.096,0,0,0,0.00%,0,0.00%,0.00%,0,0,0.00%,0,0.00%,0.00%,Rp0,Rp0,Rp0,Rp0,Rp0,Rp0,Rp0,0,0,0,0,Rp0,1,0,1,5,2,40.00%,2,100.00%,0.00%,3,2,66.67%,1,50.00%,0.00%,0,0,0.00%,0,0.00%,0.00%,0,0,0.00%,0,0.00%,0.00%,5,2,40.00%,2,100.00%,0.00%,3,2,66.67%,1,50.00%,0.00%,Rp15.568,Rp15.568,Rp0,3,3,3,0,8,8,0,3,Rp5.189,2361,31,1.31%,8,25.81%,9.68%,2081,25,1.20%,8,32.00%,12.00%
Kabel Tie Twist Tie Jason With Cutter 30m / 50m – Pengikat Serbaguna Praktis,1732221925426759165,GMV & produk terjual = 0,Aktif,Rp27.285,Rp0,Rp0,Rp0,Rp27.285,Rp0,Rp27.285,Rp0,Rp0,Rp0,Rp0,Rp0,Rp0,Rp0,Rp0,1,1,1,1,Rp27.285,2806,138,4.92%,6,4.35%,0.72%,2610,138,5.29%,6,4.35%,0.72%,Rp27.285,Rp0,Rp32.610,Rp5.655,Rp0,0,0,1627,74,74,0,4.55%,0.00%,Rp0,0,Rp0,Rp0,Rp0,0,0,0,0,0,0,0,0,Rp0,0,0,0,0.00%,0,0.00%,0.00%,0,0,0.00%,0,0.00%,0.00%,Rp27.285,Rp0,Rp27.285,1,1,0,1,1,0,1,1,Rp27.285,0,2,0,0.00%,0,0.00%,0.00%,2,0,0.00%,0,0.00%,0.00%,Rp0,Rp0,Rp0,Rp0,Rp0,Rp0,Rp0,0,0,0,0,Rp0,0,0,0,17,0,0.00%,0,0.00%,0.00%,14,0,0.00%,0,0.00%,0.00%,0,0,0.00%,0,0.00%,0.00%,0,0,0.00%,0,0.00%,0.00%,0,0,0.00%,0,0.00%,0.00%,0,0,0.00%,0,0.00%,0.00%,Rp0,Rp0,Rp0,0,0,0,0,0,0,0,0,Rp0,2786,138,4.95%,6,4.35%,0.00%,2569,138,5.37%,6,4.35%,0.00%
SDI Permanent Marker / Spidol Permanen P500,1732959521675576829,GMV & produk terjual = 0,Aktif,Rp27.095,Rp0,Rp0,Rp0,Rp0,Rp0,Rp0,Rp0,Rp0,Rp0,Rp0,Rp0,Rp0,Rp0,Rp27.095,2,3,3,2,Rp9.032,4816,53,1.10%,8,15.09%,5.66%,4348,51,1.17%,7,13.73%,3.92%,Rp27.095,Rp0,Rp32.308,Rp6.293,Rp0,0,0,2827,29,27,1,1.03%,3.45%,Rp8.834,1,Rp0,Rp0,Rp0,0,0,0,0,0,0,0,0,Rp0,0,0,0,0.00%,0,0.00%,0.00%,0,0,0.00%,0,0.00%,0.00%,Rp0,Rp0,Rp0,0,0,0,0,0,0,0,0,Rp0,0,0,0,0.00%,0,0.00%,0.00%,0,0,0.00%,0,0.00%,0.00%,Rp0,Rp0,Rp0,Rp0,Rp0,Rp0,Rp0,0,0,0,0,Rp0,0,0,0,0,0,0.00%,0,0.00%,0.00%,0,0,0.00%,0,0.00%,0.00%,0,0,0.00%,0,0.00%,0.00%,0,0,0.00%,0,0.00%,0.00%,0,0,0.00%,0,0.00%,0.00%,0,0,0.00%,0,0.00%,0.00%,Rp27.095,Rp27.095,Rp0,2,3,3,0,3,3,0,2,Rp9.032,4816,53,1.10%,8,15.09%,5.66%,4311,51,1.18%,7,13.73%,3.92%
PROMO CUCI GUDANG!! Tespen Test Pen Alat Tes Listrik Obeng Kelistrikan Test Pen Merah BY YUKIDO BERKUALITAS,1729702731119232509,GMV & produk terjual = 0,Aktif,Rp26.990,Rp0,Rp0,Rp0,Rp0,Rp0,Rp0,Rp0,Rp0,Rp0,Rp0,Rp0,Rp0,Rp0,Rp26.990,2,2,2,2,Rp13.495,719,25,3.48%,1,4.00%,8.00%,616,21,3.41%,1,4.76%,9.52%,Rp26.990,Rp0,Rp52.341,Rp24.000,Rp13.148,1,1,566,20,17,2,3.53%,10.00%,Rp26.990,2,Rp0,Rp0,Rp0,0,0,0,0,0,0,0,0,Rp0,0,0,0,0.00%,0,0.00%,0.00%,0,0,0.00%,0,0.00%,0.00%,Rp0,Rp0,Rp0,0,0,0,0,0,0,0,0,Rp0,0,0,0,0.00%,0,0.00%,0.00%,0,0,0.00%,0,0.00%,0.00%,Rp0,Rp0,Rp0,Rp0,Rp0,Rp0,Rp0,0,0,0,0,Rp0,0,0,0,0,0,0.00%,0,0.00%,0.00%,0,0,0.00%,0,0.00%,0.00%,0,0,0.00%,0,0.00%,0.00%,0,0,0.00%,0,0.00%,0.00%,0,0,0.00%,0,0.00%,0.00%,0,0,0.00%,0,0.00%,0.00%,Rp26.990,Rp26.990,Rp0,2,2,2,0,2,2,0,2,Rp13.495,719,25,3.48%,1,4.00%,8.00%,616,21,3.41%,1,4.76%,9.52%
8Pcs Mata Bor Besi Drill Serbaguna Set 8 Pcs HSS Set Mata Bor Multifungsi,1731353435620083197,GMV & produk terjual = 0,Aktif,Rp26.096,Rp0,Rp0,Rp0,Rp26.096,Rp0,Rp26.096,Rp0,Rp0,Rp0,Rp0,Rp0,Rp0,Rp0,Rp0,1,1,1,1,Rp26.096,2671,67,2.51%,3,4.48%,1.49%,2374,60,2.53%,3,5.00%,1.67%,Rp26.096,Rp0,Rp29.096,Rp4.500,Rp0,0,0,1293,29,25,0,2.24%,0.00%,Rp0,0,Rp0,Rp0,Rp0,0,0,0,0,0,0,0,0,Rp0,8,211,8,3.79%,0,0.00%,0.00%,171,8,4.68%,0,0.00%,0.00%,Rp26.096,Rp0,Rp26.096,1,1,0,1,1,0,1,1,Rp26.096,0,0,0,0.00%,0,0.00%,0.00%,0,0,0.00%,0,0.00%,0.00%,Rp0,Rp0,Rp0,Rp0,Rp0,Rp0,Rp0,0,0,0,0,Rp0,0,0,0,0,0,0.00%,0,0.00%,0.00%,0,0,0.00%,0,0.00%,0.00%,0,0,0.00%,0,0.00%,0.00%,0,0,0.00%,0,0.00%,0.00%,0,0,0.00%,0,0.00%,0.00%,0,0,0.00%,0,0.00%,0.00%,Rp0,Rp0,Rp0,0,0,0,0,0,0,0,0,Rp0,2460,59,2.40%,3,5.08%,0.00%,2204,52,2.36%,3,5.77%,0.00%
YUKIDO KUNCI STEL KLEP PLUS KUNCI L BINTANG T40,1729649753778522621,produk terjual ≥1,Aktif,Rp25.894,Rp0,Rp0,Rp0,Rp0,Rp0,Rp0,Rp0,Rp0,Rp0,Rp0,Rp0,Rp0,Rp0,Rp25.894,1,1,1,1,Rp25.894,2396,43,1.79%,5,11.63%,2.33%,2187,39,1.78%,5,12.82%,2.56%,Rp25.894,Rp0,Rp33.950,Rp8.056,Rp0,0,0,1685,30,27,1,1.78%,3.33%,Rp25.894,1,Rp0,Rp0,Rp0,0,0,0,0,0,0,0,0,Rp0,0,0,0,0.00%,0,0.00%,0.00%,0,0,0.00%,0,0.00%,0.00%,Rp0,Rp0,Rp0,0,0,0,0,0,0,0,0,Rp0,1,536,8,1.49%,1,12.50%,0.00%,496,7,1.41%,1,14.29%,0.00%,Rp0,Rp0,Rp0,Rp0,Rp0,Rp0,Rp0,0,0,0,0,Rp0,0,0,0,44,1,2.27%,0,0.00%,0.00%,40,1,2.50%,0,0.00%,0.00%,0,0,0.00%,0,0.00%,0.00%,0,0,0.00%,0,0.00%,0.00%,0,0,0.00%,0,0.00%,0.00%,0,0,0.00%,0,0.00%,0.00%,Rp25.894,Rp25.894,Rp0,1,1,1,0,1,1,0,1,Rp25.894,1815,34,1.87%,4,11.76%,2.94%,1634,32,1.96%,4,12.50%,3.13%
"1 Set Penjepit Konektor Aki YUKIDO / Clamp Accu car 6,5CM - 9 CM",1729643506669816317,GMV & produk terjual = 0,Aktif,Rp25.172,Rp0,Rp0,Rp0,Rp0,Rp0,Rp0,Rp0,Rp0,Rp0,Rp0,Rp0,Rp0,Rp0,Rp25.172,3,3,4,3,Rp8.391,3815,64,1.68%,4,6.25%,4.69%,3379,53,1.57%,4,7.55%,5.66%,Rp25.172,Rp0,Rp55.507,Rp30.542,Rp0,0,0,2283,41,33,2,1.80%,4.88%,Rp17.889,3,Rp0,Rp0,Rp0,0,0,0,0,0,0,0,0,Rp0,1,1,0,0.00%,0,0.00%,0.00%,1,0,0.00%,0,0.00%,0.00%,Rp0,Rp0,Rp0,0,0,0,0,0,0,0,0,Rp0,0,1,1,100.00%,0,0.00%,0.00%,1,1,100.00%,0,0.00%,0.00%,Rp0,Rp0,Rp0,Rp0,Rp0,Rp0,Rp0,0,0,0,0,Rp0,0,0,0,756,21,2.78%,1,4.76%,0.00%,694,19,2.74%,1,5.26%,0.00%,0,0,0.00%,0,0.00%,0.00%,0,0,0.00%,0,0.00%,0.00%,748,21,2.81%,1,4.76%,0.00%,688,19,2.76%,1,5.26%,0.00%,Rp25.172,Rp25.172,Rp0,3,3,3,0,4,4,0,3,Rp8.391,3057,42,1.37%,3,7.14%,7.14%,2781,36,1.29%,3,8.33%,8.33%
Kunci Dongkrak Mobil Universal Auto Labor-Saving Jack Ratchet Wrench Besi Dongkrak Mobil Wheel Lug Wrench Car,1729970853444553213,GMV & produk terjual = 0,Aktif,Rp24.745,Rp0,Rp0,Rp0,Rp0,Rp0,Rp0,Rp24.745,Rp0,Rp0,Rp0,Rp0,Rp0,Rp0,Rp0,1,1,1,1,Rp24.745,3300,70,2.12%,2,2.86%,1.43%,2928,57,1.95%,2,3.51%,1.75%,Rp24.745,Rp0,Rp46.745,Rp22.000,Rp0,0,0,1869,35,29,1,1.87%,2.86%,Rp24.745,1,Rp0,Rp0,Rp0,0,0,0,0,0,0,0,0,Rp0,0,0,0,0.00%,0,0.00%,0.00%,0,0,0.00%,0,0.00%,0.00%,Rp0,Rp0,Rp0,0,0,0,0,0,0,0,0,Rp0,1,516,16,3.10%,1,6.25%,0.00%,449,14,3.12%,1,7.14%,0.00%,Rp24.745,Rp0,Rp0,Rp0,Rp0,Rp0,Rp0,1,1,1,1,Rp24.745,0,0,0,231,4,1.73%,0,0.00%,25.00%,187,4,2.14%,0,0.00%,25.00%,0,0,0.00%,0,0.00%,0.00%,0,0,0.00%,0,0.00%,0.00%,229,4,1.75%,0,0.00%,0.00%,185,4,2.16%,0,0.00%,0.00%,Rp0,Rp0,Rp0,0,0,0,0,0,0,0,0,Rp0,2553,50,1.96%,1,2.00%,0.00%,2303,39,1.69%,1,2.56%,0.00%
ADAPTER HEX SOCKET MAGNETIC SET 1/4 INCH 8X45 MM MATA OBENG ROOFING,1730757398740043261,produk terjual ≥1,Aktif,Rp23.451,Rp0,Rp0,Rp0,Rp0,Rp0,Rp0,Rp0,Rp0,Rp0,Rp0,Rp0,Rp0,Rp0,Rp23.451,3,3,3,3,Rp7.817,3693,134,3.63%,8,5.97%,2.24%,3284,117,3.56%,7,5.98%,2.56%,Rp23.451,Rp0,Rp31.988,Rp8.185,Rp0,0,0,2700,99,87,3,3.67%,3.03%,Rp23.451,3,Rp0,Rp0,Rp0,0,0,0,0,0,0,0,0,Rp0,0,0,0,0.00%,0,0.00%,0.00%,0,0,0.00%,0,0.00%,0.00%,Rp0,Rp0,Rp0,0,0,0,0,0,0,0,0,Rp0,0,1,0,0.00%,0,0.00%,0.00%,1,0,0.00%,0,0.00%,0.00%,Rp0,Rp0,Rp0,Rp0,Rp0,Rp0,Rp0,0,0,0,0,Rp0,0,0,0,0,0,0.00%,0,0.00%,0.00%,0,0,0.00%,0,0.00%,0.00%,0,0,0.00%,0,0.00%,0.00%,0,0,0.00%,0,0.00%,0.00%,0,0,0.00%,0,0.00%,0.00%,0,0,0.00%,0,0.00%,0.00%,Rp23.451,Rp23.451,Rp0,3,3,3,0,3,3,0,3,Rp7.817,3691,134,3.63%,8,5.97%,2.24%,3250,116,3.57%,7,6.03%,2.59%
Mata bor granit keramik kaca marmer Keenness Diamond Core Bit Granite,1730757428529825277,produk terjual ≥1,Aktif,Rp21.427,Rp0,Rp0,Rp0,Rp0,Rp0,Rp0,Rp0,Rp0,Rp0,Rp0,Rp0,Rp0,Rp0,Rp21.427,2,2,2,2,Rp10.714,1672,55,3.29%,2,3.64%,3.64%,1500,49,3.27%,2,4.08%,4.08%,Rp21.427,Rp0,Rp69.607,Rp46.500,Rp0,0,0,1051,34,29,2,3.24%,5.88%,Rp21.427,2,Rp0,Rp0,Rp0,0,0,0,0,0,0,0,0,Rp0,0,0,0,0.00%,0,0.00%,0.00%,0,0,0.00%,0,0.00%,0.00%,Rp0,Rp0,Rp0,0,0,0,0,0,0,0,0,Rp0,0,0,0,0.00%,0,0.00%,0.00%,0,0,0.00%,0,0.00%,0.00%,Rp0,Rp0,Rp0,Rp0,Rp0,Rp0,Rp0,0,0,0,0,Rp0,0,0,0,0,0,0.00%,0,0.00%,0.00%,0,0,0.00%,0,0.00%,0.00%,0,0,0.00%,0,0.00%,0.00%,0,0,0.00%,0,0.00%,0.00%,0,0,0.00%,0,0.00%,0.00%,0,0,0.00%,0,0.00%,0.00%,Rp21.427,Rp21.427,Rp0,2,2,2,0,2,2,0,2,Rp10.714,1672,55,3.29%,2,3.64%,3.64%,1487,49,3.30%,2,4.08%,4.08%
Palu Ketok Per Las 300 500 Gram Palu Keping Las Chipping Hammer Ciping - Yukido,1729775176439006717,GMV & produk terjual = 0,Aktif,Rp20.685,Rp0,Rp0,Rp0,Rp20.685,Rp20.685,Rp0,Rp0,Rp0,Rp0,Rp0,Rp0,Rp0,Rp0,Rp0,1,1,1,1,Rp20.685,4356,161,3.70%,6,3.73%,0.62%,3270,120,3.67%,6,5.00%,0.83%,Rp20.685,Rp0,Rp30.185,Rp9.500,Rp0,0,0,2042,79,57,0,3.87%,0.00%,Rp0,0,Rp0,Rp0,Rp0,0,0,0,0,0,0,0,0,Rp0,0,0,0,0.00%,0,0.00%,0.00%,0,0,0.00%,0,0.00%,0.00%,Rp20.685,Rp20.685,Rp0,1,1,1,0,1,1,0,1,Rp20.685,0,789,39,4.94%,1,2.56%,2.56%,506,30,5.93%,1,3.33%,3.33%,Rp0,Rp0,Rp0,Rp0,Rp0,Rp0,Rp0,0,0,0,0,Rp0,9,7,3,1398,69,4.94%,1,1.45%,0.00%,1014,50,4.93%,1,2.00%,0.00%,160,0,0.00%,0,0.00%,0.00%,117,0,0.00%,0,0.00%,0.00%,1214,67,5.52%,1,1.49%,0.00%,889,49,5.51%,1,2.04%,0.00%,Rp0,Rp0,Rp0,0,0,0,0,0,0,0,0,Rp0,2169,53,2.44%,4,7.55%,0.00%,1908,44,2.31%,4,9.09%,0.00%
Klem Selang Gas/Selang Air TAIWAN 1 Hose Clamp Selang Regulator / Pengunci Selang,1734165794884257277,GMV & produk terjual = 0,Aktif,Rp20.611,Rp0,Rp0,Rp0,Rp0,Rp0,Rp0,Rp4.459,Rp0,Rp0,Rp0,Rp0,Rp0,Rp0,Rp16.152,4,4,9,4,Rp5.153,3010,52,1.73%,6,11.54%,7.69%,2743,46,1.68%,4,8.70%,8.70%,Rp20.611,Rp0,Rp82.037,Rp61.125,Rp12.297,5,3,2093,44,38,4,2.10%,9.09%,Rp20.611,9,Rp0,Rp0,Rp0,0,0,0,0,0,0,0,0,Rp0,1,31,1,3.23%,0,0.00%,0.00%,26,1,3.85%,0,0.00%,0.00%,Rp0,Rp0,Rp0,0,0,0,0,0,0,0,0,Rp0,0,0,0,0.00%,0,0.00%,0.00%,0,0,0.00%,0,0.00%,0.00%,Rp4.459,Rp0,Rp0,Rp0,Rp0,Rp0,Rp0,1,1,2,1,Rp4.459,0,0,0,0,0,0.00%,0,0.00%,0.00%,0,0,0.00%,0,0.00%,0.00%,0,0,0.00%,0,0.00%,0.00%,0,0,0.00%,0,0.00%,0.00%,0,0,0.00%,0,0.00%,0.00%,0,0,0.00%,0,0.00%,0.00%,Rp16.152,Rp16.152,Rp0,3,3,3,0,7,7,0,3,Rp5.384,2979,51,1.71%,6,11.76%,5.88%,2717,45,1.66%,4,8.89%,6.67%
YUKIDO TREKER PENAHAN RUMAH ROLLER CVT / Holder Roller CVT Treker Penahan Rumah Roller Kunci Pembuka Roller Penahan Gigi Stater Honda Matic,1730244232506541565,produk terjual ≥1,Aktif,Rp20.330,Rp0,Rp0,Rp0,Rp0,Rp0,Rp0,Rp0,Rp0,Rp0,Rp0,Rp0,Rp0,Rp0,Rp20.330,1,1,1,1,Rp20.330,3029,65,2.15%,5,7.69%,1.54%,2674,52,1.94%,4,7.69%,1.92%,Rp20.330,Rp0,Rp27.830,Rp7.500,Rp0,0,0,2575,51,40,1,1.98%,1.96%,Rp20.330,1,Rp0,Rp0,Rp0,0,0,0,0,0,0,0,0,Rp0,1,37,2,5.41%,0,0.00%,0.00%,35,2,5.71%,0,0.00%,0.00%,Rp0,Rp0,Rp0,0,0,0,0,0,0,0,0,Rp0,0,1,0,0.00%,0,0.00%,0.00%,1,0,0.00%,0,0.00%,0.00%,Rp0,Rp0,Rp0,Rp0,Rp0,Rp0,Rp0,0,0,0,0,Rp0,0,0,0,3,0,0.00%,0,0.00%,0.00%,3,0,0.00%,0,0.00%,0.00%,0,0,0.00%,0,0.00%,0.00%,0,0,0.00%,0,0.00%,0.00%,0,0,0.00%,0,0.00%,0.00%,0,0,0.00%,0,0.00%,0.00%,Rp20.330,Rp20.330,Rp0,1,1,1,0,1,1,0,1,Rp20.330,2986,63,2.11%,5,7.94%,1.59%,2582,50,1.94%,4,8.00%,2.00%
Kuas Cat  Gagang Kayu 1” / Kuas Cat Murah 1”,1734165883632190973,GMV & produk terjual = 0,Aktif,Rp20.265,Rp0,Rp0,Rp0,Rp0,Rp0,Rp0,Rp0,Rp0,Rp0,Rp0,Rp0,Rp0,Rp0,Rp20.265,2,2,12,2,Rp10.132,2984,39,1.31%,10,25.64%,5.13%,2652,32,1.21%,10,31.25%,6.25%,Rp20.265,Rp0,Rp47.706,Rp25.971,Rp0,0,0,1928,24,20,2,1.24%,8.33%,Rp20.265,12,Rp0,Rp0,Rp0,0,0,0,0,0,0,0,0,Rp0,1,32,0,0.00%,0,0.00%,0.00%,29,0,0.00%,0,0.00%,0.00%,Rp0,Rp0,Rp0,0,0,0,0,0,0,0,0,Rp0,0,0,0,0.00%,0,0.00%,0.00%,0,0,0.00%,0,0.00%,0.00%,Rp0,Rp0,Rp0,Rp0,Rp0,Rp0,Rp0,0,0,0,0,Rp0,1,2,0,18,0,0.00%,0,0.00%,0.00%,17,0,0.00%,0,0.00%,0.00%,18,0,0.00%,0,0.00%,0.00%,17,0,0.00%,0,0.00%,0.00%,0,0,0.00%,0,0.00%,0.00%,0,0,0.00%,0,0.00%,0.00%,Rp20.265,Rp20.265,Rp0,2,2,2,0,12,12,0,2,Rp10.132,2933,39,1.33%,10,25.64%,5.13%,2577,32,1.24%,10,31.25%,6.25%
YUKIDO SATUAN Kunci L Bintang Panjang Isi 1 pcs T25 T27 T30 T40 T50 Ujung Padat Chrome Vanadium / Long Torx Key JIS JAPAN TECH,1736404737614906877,produk terjual ≥1,Aktif,Rp20.200,Rp0,Rp0,Rp0,Rp0,Rp0,Rp0,Rp20.200,Rp0,Rp0,Rp0,Rp0,Rp0,Rp0,Rp0,1,1,1,1,Rp20.200,479,18,3.76%,1,5.56%,5.56%,423,14,3.31%,1,7.14%,7.14%,Rp20.200,Rp0,Rp27.700,Rp7.500,Rp0,0,0,302,10,8,1,3.31%,10.00%,Rp20.200,1,Rp0,Rp0,Rp0,0,0,0,0,0,0,0,0,Rp0,0,1,0,0.00%,0,0.00%,0.00%,1,0,0.00%,0,0.00%,0.00%,Rp0,Rp0,Rp0,0,0,0,0,0,0,0,0,Rp0,0,1,0,0.00%,0,0.00%,0.00%,1,0,0.00%,0,0.00%,0.00%,Rp20.200,Rp0,Rp0,Rp0,Rp0,Rp0,Rp0,1,1,1,1,Rp20.200,0,0,0,0,0,0.00%,0,0.00%,0.00%,0,0,0.00%,0,0.00%,0.00%,0,0,0.00%,0,0.00%,0.00%,0,0,0.00%,0,0.00%,0.00%,0,0,0.00%,0,0.00%,0.00%,0,0,0.00%,0,0.00%,0.00%,Rp0,Rp0,Rp0,0,0,0,0,0,0,0,0,Rp0,476,18,3.78%,1,5.56%,0.00%,363,10,2.75%,1,10.00%,0.00%
"Klem Selang - Cincin Ukuran 3/4 inch , Untuk Selang Gas / Selang Air",1732901138340414973,produk terjual ≥1,Aktif,Rp19.591,Rp0,Rp0,Rp0,Rp14.733,Rp0,Rp14.733,Rp0,Rp0,Rp0,Rp0,Rp0,Rp0,Rp0,Rp4.858,4,4,5,4,Rp4.898,3518,55,1.56%,8,14.55%,7.27%,3120,44,1.41%,7,15.91%,9.09%,Rp19.591,Rp0,Rp21.509,Rp1.662,Rp0,0,0,2066,34,29,2,1.65%,5.88%,Rp13.289,3,Rp0,Rp0,Rp0,0,0,0,0,0,0,0,0,Rp0,0,0,0,0.00%,0,0.00%,0.00%,0,0,0.00%,0,0.00%,0.00%,Rp14.733,Rp0,Rp14.733,2,2,0,2,3,0,3,2,Rp7.366,0,0,0,0.00%,0,0.00%,0.00%,0,0,0.00%,0,0.00%,0.00%,Rp0,Rp0,Rp0,Rp0,Rp0,Rp0,Rp0,0,0,0,0,Rp0,0,0,0,1,0,0.00%,0,0.00%,0.00%,1,0,0.00%,0,0.00%,0.00%,0,0,0.00%,0,0.00%,0.00%,0,0,0.00%,0,0.00%,0.00%,0,0,0.00%,0,0.00%,0.00%,0,0,0.00%,0,0.00%,0.00%,Rp4.858,Rp4.858,Rp0,2,2,2,0,2,2,0,2,Rp2.429,3519,55,1.56%,8,14.55%,3.64%,3069,41,1.34%,7,17.07%,4.88%
"BRANCH Roda Caster Bulat Karet  2""/50MM Satuan - Roda Troli Trolley",1729588239115257341,GMV & produk terjual = 0,Aktif,Rp19.370,Rp0,Rp0,Rp0,Rp0,Rp0,Rp0,Rp0,Rp0,Rp0,Rp0,Rp0,Rp0,Rp0,Rp19.370,2,2,2,2,Rp9.685,1267,44,3.47%,1,2.27%,4.55%,1012,35,3.46%,0,0.00%,5.71%,Rp19.370,Rp0,Rp55.370,Rp36.000,Rp0,0,0,450,20,13,2,4.44%,10.00%,Rp19.370,2,Rp0,Rp0,Rp0,0,0,0,0,0,0,0,0,Rp0,0,0,0,0.00%,0,0.00%,0.00%,0,0,0.00%,0,0.00%,0.00%,Rp0,Rp0,Rp0,0,0,0,0,0,0,0,0,Rp0,0,496,13,2.62%,1,7.69%,0.00%,337,10,2.97%,0,0.00%,0.00%,Rp0,Rp0,Rp0,Rp0,Rp0,Rp0,Rp0,0,0,0,0,Rp0,1,0,1,40,2,5.00%,0,0.00%,0.00%,33,2,6.06%,0,0.00%,0.00%,0,0,0.00%,0,0.00%,0.00%,0,0,0.00%,0,0.00%,0.00%,39,2,5.13%,0,0.00%,0.00%,32,2,6.25%,0,0.00%,0.00%,Rp19.370,Rp19.370,Rp0,2,2,2,0,2,2,0,2,Rp9.685,731,29,3.97%,0,0.00%,6.90%,641,21,3.28%,0,0.00%,9.52%
Tatakan Amplas Velcro 4 In / Amplas Velcro 4inch / Piringan Amplas Velcro 4inch Pad Perekat Amplas,1729582050019542525,GMV & produk terjual = 0,Aktif,Rp18.919,Rp0,Rp0,Rp0,Rp18.919,Rp0,Rp18.919,Rp0,Rp0,Rp0,Rp0,Rp0,Rp0,Rp0,Rp0,1,1,1,1,Rp18.919,2891,57,1.97%,11,19.30%,1.75%,2592,45,1.74%,11,24.44%,2.22%,Rp18.919,Rp0,Rp21.919,Rp4.500,Rp0,0,0,1741,31,22,0,1.78%,0.00%,Rp0,0,Rp0,Rp0,Rp0,0,0,0,0,0,0,0,0,Rp0,0,0,0,0.00%,0,0.00%,0.00%,0,0,0.00%,0,0.00%,0.00%,Rp18.919,Rp0,Rp18.919,1,1,0,1,1,0,1,1,Rp18.919,0,1,0,0.00%,0,0.00%,0.00%,1,0,0.00%,0,0.00%,0.00%,Rp0,Rp0,Rp0,Rp0,Rp0,Rp0,Rp0,0,0,0,0,Rp0,1,2,0,243,9,3.70%,1,11.11%,0.00%,195,8,4.10%,1,12.50%,0.00%,18,0,0.00%,0,0.00%,0.00%,17,0,0.00%,0,0.00%,0.00%,225,9,4.00%,1,11.11%,0.00%,178,8,4.49%,1,12.50%,0.00%,Rp0,Rp0,Rp0,0,0,0,0,0,0,0,0,Rp0,2647,48,1.81%,10,20.83%,0.00%,2382,37,1.55%,10,27.03%,0.00%
Mata Gerinda Kaca Pemotong Keramik Marmer Granit Roda Potong Mata Gergaji Multifungsi,1731796041919333885,produk terjual ≥1,Aktif,Rp17.901,Rp0,Rp0,Rp0,Rp0,Rp0,Rp0,Rp17.901,Rp0,Rp0,Rp0,Rp0,Rp0,Rp0,Rp0,1,1,1,1,Rp17.901,1603,31,1.93%,3,9.68%,3.23%,1458,28,1.92%,3,10.71%,3.57%,Rp17.901,Rp0,Rp26.934,Rp9.000,Rp0,0,0,913,19,17,1,2.08%,5.26%,Rp17.901,1,Rp0,Rp0,Rp0,0,0,0,0,0,0,0,0,Rp0,1,36,1,2.78%,0,0.00%,0.00%,32,1,3.13%,0,0.00%,0.00%,Rp0,Rp0,Rp0,0,0,0,0,0,0,0,0,Rp0,0,9,0,0.00%,0,0.00%,0.00%,9,0,0.00%,0,0.00%,0.00%,Rp17.901,Rp0,Rp0,Rp0,Rp0,Rp0,Rp0,1,1,1,1,Rp17.901,0,0,0,7,0,0.00%,0,0.00%,0.00%,7,0,0.00%,0,0.00%,0.00%,0,0,0.00%,0,0.00%,0.00%,0,0,0.00%,0,0.00%,0.00%,2,0,0.00%,0,0.00%,0.00%,2,0,0.00%,0,0.00%,0.00%,Rp0,Rp0,Rp0,0,0,0,0,0,0,0,0,Rp0,1551,30,1.93%,3,10.00%,0.00%,1394,27,1.94%,3,11.11%,0.00%
Topmax Saarung Tangan Kebun Cakar Sepasang Sarung Tangan berkebun,1729675524245457405,GMV & produk terjual = 0,Aktif,Rp16.169,Rp0,Rp0,Rp0,Rp0,Rp0,Rp0,Rp0,Rp0,Rp0,Rp0,Rp0,Rp0,Rp0,Rp16.169,1,1,1,1,Rp16.169,3696,95,2.57%,7,7.37%,1.05%,3380,89,2.63%,5,5.62%,1.12%,Rp16.169,Rp0,Rp23.169,Rp7.000,Rp0,0,0,2445,57,54,0,2.33%,0.00%,Rp0,0,Rp0,Rp0,Rp0,0,0,0,0,0,0,0,0,Rp0,0,0,0,0.00%,0,0.00%,0.00%,0,0,0.00%,0,0.00%,0.00%,Rp0,Rp0,Rp0,0,0,0,0,0,0,0,0,Rp0,0,0,0,0.00%,0,0.00%,0.00%,0,0,0.00%,0,0.00%,0.00%,Rp0,Rp0,Rp0,Rp0,Rp0,Rp0,Rp0,0,0,0,0,Rp0,1,0,1,266,6,2.26%,0,0.00%,0.00%,233,4,1.72%,0,0.00%,0.00%,0,0,0.00%,0,0.00%,0.00%,0,0,0.00%,0,0.00%,0.00%,257,6,2.33%,0,0.00%,0.00%,229,4,1.75%,0,0.00%,0.00%,Rp16.169,Rp16.169,Rp0,1,1,1,0,1,1,0,1,Rp16.169,3430,89,2.59%,7,7.87%,1.12%,3151,85,2.70%,5,5.88%,1.18%
"Pipe Screw Extractor Alat Pembuka Baut Rusak Patah Kran Uuntuk 1/2"" 3/4"" Alat Cabut Pipa Broken Pipe",1732920661238253053,GMV & produk terjual = 0,Aktif,Rp16.088,Rp0,Rp0,Rp0,Rp0,Rp0,Rp0,Rp16.088,Rp0,Rp0,Rp0,Rp0,Rp0,Rp0,Rp0,1,1,1,1,Rp16.088,1829,20,1.09%,0,0.00%,5.00%,1723,20,1.16%,0,0.00%,5.00%,Rp16.088,Rp0,Rp24.900,Rp7.500,Rp0,0,0,1159,10,10,0,0.86%,0.00%,Rp0,0,Rp0,Rp0,Rp0,0,0,0,0,0,0,0,0,Rp0,0,0,0,0.00%,0,0.00%,0.00%,0,0,0.00%,0,0.00%,0.00%,Rp0,Rp0,Rp0,0,0,0,0,0,0,0,0,Rp0,0,0,0,0.00%,0,0.00%,0.00%,0,0,0.00%,0,0.00%,0.00%,Rp16.088,Rp0,Rp0,Rp0,Rp0,Rp0,Rp0,1,1,1,1,Rp16.088,0,0,0,10,0,0.00%,0,0.00%,0.00%,4,0,0.00%,0,0.00%,0.00%,0,0,0.00%,0,0.00%,0.00%,0,0,0.00%,0,0.00%,0.00%,0,0,0.00%,0,0.00%,0.00%,0,0,0.00%,0,0.00%,0.00%,Rp0,Rp0,Rp0,0,0,0,0,0,0,0,0,Rp0,1818,20,1.10%,0,0.00%,0.00%,1705,20,1.17%,0,0.00%,0.00%
10pcs Mata Obeng Angin  PH2X65mm Mata Bor Screwdriver Bit Obeng set magnet screw driver hex shank Murah MataObeng Set 10 Pcs Screwdriver Bits PH2 X 65mm,1735862798129661437,produk terjual ≥1,Aktif,Rp15.668,Rp0,Rp0,Rp0,Rp0,Rp0,Rp0,Rp0,Rp0,Rp0,Rp0,Rp0,Rp0,Rp0,Rp15.668,1,1,1,1,Rp15.668,3314,81,2.44%,9,11.11%,1.23%,2833,52,1.84%,9,17.31%,1.92%,Rp15.668,Rp0,Rp15.668,Rp0,Rp0,0,0,1220,22,18,1,1.80%,4.55%,Rp15.668,1,Rp0,Rp0,Rp0,0,0,0,0,0,0,0,0,Rp0,4,43,1,2.33%,0,0.00%,0.00%,43,1,2.33%,0,0.00%,0.00%,Rp0,Rp0,Rp0,0,0,0,0,0,0,0,0,Rp0,0,0,0,0.00%,0,0.00%,0.00%,0,0,0.00%,0,0.00%,0.00%,Rp0,Rp0,Rp0,Rp0,Rp0,Rp0,Rp0,0,0,0,0,Rp0,4,0,5,820,13,1.59%,4,30.77%,0.00%,663,13,1.96%,4,30.77%,0.00%,0,0,0.00%,0,0.00%,0.00%,0,0,0.00%,0,0.00%,0.00%,736,13,1.77%,3,23.08%,0.00%,638,13,2.04%,3,23.08%,0.00%,Rp15.668,Rp15.668,Rp0,1,1,1,0,1,1,0,1,Rp15.668,2449,67,2.74%,5,7.46%,1.49%,2108,38,1.80%,5,13.16%,2.63%
"Ecer Kapi Kape Cat Gagang Karet UKURAN 2 Inch 2,5 Inch 3 Inch 4 Inch",1733581051686127101,GMV & produk terjual = 0,Aktif,Rp14.590,Rp0,Rp0,Rp0,Rp0,Rp0,Rp0,Rp0,Rp0,Rp0,Rp0,Rp0,Rp0,Rp0,Rp14.590,2,2,2,2,Rp7.295,1724,37,2.15%,5,13.51%,5.41%,1510,32,2.12%,5,15.63%,6.25%,Rp14.590,Rp0,Rp20.251,Rp5.924,Rp6.728,1,1,994,25,21,2,2.52%,8.00%,Rp14.590,2,Rp0,Rp0,Rp0,0,0,0,0,0,0,0,0,Rp0,0,0,0,0.00%,0,0.00%,0.00%,0,0,0.00%,0,0.00%,0.00%,Rp0,Rp0,Rp0,0,0,0,0,0,0,0,0,Rp0,0,60,2,3.33%,0,0.00%,0.00%,56,2,3.57%,0,0.00%,0.00%,Rp0,Rp0,Rp0,Rp0,Rp0,Rp0,Rp0,0,0,0,0,Rp0,0,0,0,5,0,0.00%,0,0.00%,0.00%,1,0,0.00%,0,0.00%,0.00%,0,0,0.00%,0,0.00%,0.00%,0,0,0.00%,0,0.00%,0.00%,0,0,0.00%,0,0.00%,0.00%,0,0,0.00%,0,0.00%,0.00%,Rp14.590,Rp14.590,Rp0,2,2,2,0,2,2,0,2,Rp7.295,1659,35,2.11%,5,14.29%,5.71%,1454,30,2.06%,5,16.67%,6.67%
FLOWHOSE  Klem Selang Air 1/2 5/8 3/4 1 Inch Stainless Steel Klem Selang Gas Klem Selang Air Cincin Regulator Gas,1734165690472171005,produk terjual ≥1,Aktif,Rp14.305,Rp0,Rp0,Rp0,Rp5.674,Rp0,Rp5.674,Rp8.631,Rp0,Rp0,Rp0,Rp0,Rp0,Rp0,Rp0,3,3,5,3,Rp4.768,2911,39,1.34%,6,15.38%,7.69%,2611,34,1.30%,5,14.71%,8.82%,Rp14.305,Rp0,Rp29.301,Rp14.996,Rp0,0,0,1760,21,19,1,1.19%,4.76%,Rp2.843,1,Rp0,Rp0,Rp0,0,0,0,0,0,0,0,0,Rp0,0,0,0,0.00%,0,0.00%,0.00%,0,0,0.00%,0,0.00%,0.00%,Rp5.674,Rp0,Rp5.674,2,2,0,2,2,0,2,2,Rp2.837,0,2,0,0.00%,0,0.00%,0.00%,2,0,0.00%,0,0.00%,0.00%,Rp8.631,Rp0,Rp0,Rp0,Rp0,Rp0,Rp0,1,1,3,1,Rp8.631,0,0,0,0,0,0.00%,0,0.00%,0.00%,0,0,0.00%,0,0.00%,0.00%,0,0,0.00%,0,0.00%,0.00%,0,0,0.00%,0,0.00%,0.00%,0,0,0.00%,0,0.00%,0.00%,0,0,0.00%,0,0.00%,0.00%,Rp0,Rp0,Rp0,0,0,0,0,0,0,0,0,Rp0,2907,39,1.34%,6,15.38%,0.00%,2567,32,1.25%,5,15.63%,0.00%
(NEW) Kunci Sock T Yukido Kunci Sock T Kunci Y 8mm / 10mm / 12mm / 17mm / Kunci T Hitam,1729631882312517117,GMV & produk terjual = 0,Aktif,Rp13.748,Rp0,Rp0,Rp0,Rp0,Rp0,Rp0,Rp13.748,Rp0,Rp0,Rp0,Rp0,Rp0,Rp0,Rp0,1,1,1,1,Rp13.748,4120,170,4.13%,4,2.35%,0.59%,3670,159,4.33%,4,2.52%,0.63%,Rp13.748,Rp0,Rp28.248,Rp14.500,Rp0,0,0,2876,132,123,1,4.59%,0.76%,Rp13.748,1,Rp0,Rp0,Rp0,0,0,0,0,0,0,0,0,Rp0,0,0,0,0.00%,0,0.00%,0.00%,0,0,0.00%,0,0.00%,0.00%,Rp0,Rp0,Rp0,0,0,0,0,0,0,0,0,Rp0,0,1,0,0.00%,0,0.00%,0.00%,1,0,0.00%,0,0.00%,0.00%,Rp13.748,Rp0,Rp0,Rp0,Rp0,Rp0,Rp0,1,1,1,1,Rp13.748,0,0,0,0,0,0.00%,0,0.00%,0.00%,0,0,0.00%,0,0.00%,0.00%,0,0,0.00%,0,0.00%,0.00%,0,0,0.00%,0,0.00%,0.00%,0,0,0.00%,0,0.00%,0.00%,0,0,0.00%,0,0.00%,0.00%,Rp0,Rp0,Rp0,0,0,0,0,0,0,0,0,Rp0,4120,170,4.13%,4,2.35%,0.00%,3631,159,4.38%,4,2.52%,0.00%
Isi Ulang Lem Tembak / Reffil Lem Tembak / Lem Bakar / Refill  Lem Tembak Glue Gun,1730374909328000509,GMV & produk terjual = 0,Aktif,Rp8.711,Rp0,Rp0,Rp0,Rp0,Rp0,Rp0,Rp0,Rp0,Rp0,Rp0,Rp0,Rp0,Rp0,Rp8.711,1,1,1,1,Rp8.711,1612,11,0.68%,1,9.09%,9.09%,1585,10,0.63%,1,10.00%,10.00%,Rp8.711,Rp0,Rp18.711,Rp10.000,Rp0,0,0,1414,6,6,0,0.42%,0.00%,Rp0,0,Rp0,Rp0,Rp0,0,0,0,0,0,0,0,0,Rp0,0,0,0,0.00%,0,0.00%,0.00%,0,0,0.00%,0,0.00%,0.00%,Rp0,Rp0,Rp0,0,0,0,0,0,0,0,0,Rp0,0,0,0,0.00%,0,0.00%,0.00%,0,0,0.00%,0,0.00%,0.00%,Rp0,Rp0,Rp0,Rp0,Rp0,Rp0,Rp0,0,0,0,0,Rp0,0,0,0,1,0,0.00%,0,0.00%,0.00%,1,0,0.00%,0,0.00%,0.00%,0,0,0.00%,0,0.00%,0.00%,0,0,0.00%,0,0.00%,0.00%,0,0,0.00%,0,0.00%,0.00%,0,0,0.00%,0,0.00%,0.00%,Rp8.711,Rp8.711,Rp0,1,1,1,0,1,1,0,1,Rp8.711,1611,11,0.68%,1,9.09%,9.09%,1584,10,0.63%,1,10.00%,10.00%
Gergaji Lancip 16in Panjang Mata 35mm Gagang Karet untuk Potong Kayu & Bambu Compass Saw Wood,1729650796051007997,GMV & produk terjual = 0,Aktif,Rp8.080,Rp0,Rp0,Rp0,Rp0,Rp0,Rp0,Rp0,Rp0,Rp0,Rp0,Rp0,Rp0,Rp0,Rp8.080,2,2,2,1,Rp4.040,1053,8,0.76%,0,0.00%,25.00%,926,7,0.76%,0,0.00%,14.29%,Rp8.080,Rp0,Rp0,Rp15.000,Rp0,0,0,413,2,2,0,0.48%,0.00%,Rp0,0,Rp0,Rp0,Rp0,0,0,0,0,0,0,0,0,Rp0,1,342,1,0.29%,0,0.00%,0.00%,307,1,0.33%,0,0.00%,0.00%,Rp0,Rp0,Rp0,0,0,0,0,0,0,0,0,Rp0,0,116,0,0.00%,0,0.00%,0.00%,100,0,0.00%,0,0.00%,0.00%,Rp0,Rp0,Rp0,Rp0,Rp0,Rp0,Rp0,0,0,0,0,Rp0,0,0,0,0,0,0.00%,0,0.00%,0.00%,0,0,0.00%,0,0.00%,0.00%,0,0,0.00%,0,0.00%,0.00%,0,0,0.00%,0,0.00%,0.00%,0,0,0.00%,0,0.00%,0.00%,0,0,0.00%,0,0.00%,0.00%,Rp8.080,Rp8.080,Rp0,2,2,2,0,2,2,0,1,Rp4.040,595,7,1.18%,0,0.00%,28.57%,501,3,0.60%,0,0.00%,33.33%
Obeng Bolak Balik Amerika 4 Inch Screwdriver Satuan 2WAY Murah Bagus,1729947440575318525,produk terjual ≥1,Aktif,Rp7.911,Rp0,Rp0,Rp0,Rp0,Rp0,Rp0,Rp0,Rp0,Rp0,Rp0,Rp0,Rp0,Rp0,Rp7.911,1,1,1,1,Rp7.911,1222,25,2.05%,5,20.00%,4.00%,1076,25,2.32%,4,16.00%,4.00%,Rp7.911,Rp0,Rp10.901,Rp2.318,Rp0,0,0,708,17,17,1,2.40%,5.88%,Rp7.911,1,Rp0,Rp0,Rp0,0,0,0,0,0,0,0,0,Rp0,0,0,0,0.00%,0,0.00%,0.00%,0,0,0.00%,0,0.00%,0.00%,Rp0,Rp0,Rp0,0,0,0,0,0,0,0,0,Rp0,0,200,4,2.00%,0,0.00%,0.00%,182,4,2.20%,0,0.00%,0.00%,Rp0,Rp0,Rp0,Rp0,Rp0,Rp0,Rp0,0,0,0,0,Rp0,1,0,1,80,4,5.00%,0,0.00%,0.00%,74,4,5.41%,0,0.00%,0.00%,0,0,0.00%,0,0.00%,0.00%,0,0,0.00%,0,0.00%,0.00%,77,4,5.19%,0,0.00%,0.00%,72,4,5.56%,0,0.00%,0.00%,Rp7.911,Rp7.911,Rp0,1,1,1,0,1,1,0,1,Rp7.911,942,17,1.80%,5,29.41%,5.88%,774,17,2.20%,4,23.53%,5.88%
Kuas Cat  Gagang Kayu 1” / Kuas Cat Murah 1”,1734165847951443453,GMV & produk terjual = 0,Aktif,Rp7.644,Rp0,Rp0,Rp0,Rp0,Rp0,Rp0,Rp2.381,Rp0,Rp0,Rp0,Rp0,Rp0,Rp0,Rp5.263,2,2,2,2,Rp3.822,1966,14,0.71%,1,7.14%,14.29%,1809,11,0.61%,1,9.09%,18.18%,Rp7.644,Rp0,Rp9.415,Rp1.571,Rp0,0,0,1320,10,7,2,0.76%,20.00%,Rp7.644,2,Rp0,Rp0,Rp0,0,0,0,0,0,0,0,0,Rp0,0,0,0,0.00%,0,0.00%,0.00%,0,0,0.00%,0,0.00%,0.00%,Rp0,Rp0,Rp0,0,0,0,0,0,0,0,0,Rp0,0,0,0,0.00%,0,0.00%,0.00%,0,0,0.00%,0,0.00%,0.00%,Rp2.381,Rp0,Rp0,Rp0,Rp0,Rp0,Rp0,1,1,1,1,Rp2.381,0,0,0,0,0,0.00%,0,0.00%,0.00%,0,0,0.00%,0,0.00%,0.00%,0,0,0.00%,0,0.00%,0.00%,0,0,0.00%,0,0.00%,0.00%,0,0,0.00%,0,0.00%,0.00%,0,0,0.00%,0,0.00%,0.00%,Rp5.263,Rp5.263,Rp0,1,1,1,0,1,1,0,1,Rp5.263,1965,14,0.71%,1,7.14%,7.14%,1789,11,0.61%,1,9.09%,9.09%
"Kuas Cat Tembok Gagang Kayu 1"" Berbagai Ukuran Murah",1732901258758096381,produk terjual ≥1,Aktif,Rp5.992,Rp0,Rp0,Rp0,Rp0,Rp0,Rp0,Rp3.908,Rp0,Rp0,Rp0,Rp0,Rp0,Rp0,Rp2.084,3,3,3,3,Rp1.997,3710,33,0.89%,6,18.18%,9.09%,3366,25,0.74%,5,20.00%,12.00%,Rp5.992,Rp0,Rp8.817,Rp11.328,Rp2.016,1,1,2534,26,19,2,1.03%,7.69%,Rp3.908,2,Rp0,Rp0,Rp0,0,0,0,0,0,0,0,0,Rp0,0,1,0,0.00%,0,0.00%,0.00%,1,0,0.00%,0,0.00%,0.00%,Rp0,Rp0,Rp0,0,0,0,0,0,0,0,0,Rp0,0,1,0,0.00%,0,0.00%,0.00%,1,0,0.00%,0,0.00%,0.00%,Rp3.908,Rp0,Rp0,Rp0,Rp0,Rp0,Rp0,2,2,2,2,Rp1.954,0,0,0,0,0,0.00%,0,0.00%,0.00%,0,0,0.00%,0,0.00%,0.00%,0,0,0.00%,0,0.00%,0.00%,0,0,0.00%,0,0.00%,0.00%,0,0,0.00%,0,0.00%,0.00%,0,0,0.00%,0,0.00%,0.00%,Rp2.084,Rp2.084,Rp0,1,1,1,0,1,1,0,1,Rp2.084,3707,33,0.89%,6,18.18%,3.03%,3316,24,0.72%,5,20.83%,4.17%
Klem Selang Gas/Selang Air TAIWAN 3/4” / Hose Clamp Selang Regulator / Pengunci Selang,1734165735578764797,GMV & produk terjual = 0,Aktif,Rp2.610,Rp0,Rp0,Rp0,Rp0,Rp0,Rp0,Rp0,Rp0,Rp0,Rp0,Rp0,Rp0,Rp0,Rp2.610,1,1,4,1,Rp2.610,1757,7,0.40%,3,42.86%,14.29%,1548,7,0.45%,2,28.57%,14.29%,Rp2.610,Rp0,Rp4.392,Rp1.583,Rp0,0,0,1094,4,4,1,0.37%,25.00%,Rp2.610,4,Rp0,Rp0,Rp0,0,0,0,0,0,0,0,0,Rp0,0,0,0,0.00%,0,0.00%,0.00%,0,0,0.00%,0,0.00%,0.00%,Rp0,Rp0,Rp0,0,0,0,0,0,0,0,0,Rp0,0,1,0,0.00%,0,0.00%,0.00%,1,0,0.00%,0,0.00%,0.00%,Rp0,Rp0,Rp0,Rp0,Rp0,Rp0,Rp0,0,0,0,0,Rp0,0,0,0,0,0,0.00%,0,0.00%,0.00%,0,0,0.00%,0,0.00%,0.00%,0,0,0.00%,0,0.00%,0.00%,0,0,0.00%,0,0.00%,0.00%,0,0,0.00%,0,0.00%,0.00%,0,0,0.00%,0,0.00%,0.00%,Rp2.610,Rp2.610,Rp0,1,1,1,0,4,4,0,1,Rp2.610,1756,7,0.40%,3,42.86%,14.29%,1547,7,0.45%,2,28.57%,14.29%
Yukido Gunting Potong Besi Bolt Cutter 18 Inch 24 Inch 36 Inch 48 Inch gunting besi beton / gunting kawat Bolt Cutter Gunting Besi Potong Besi Rantai Kawat,1729607134776034813,GMV & produk terjual = 0,Aktif,Rp0,Rp0,Rp0,Rp0,Rp0,Rp0,Rp0,Rp0,Rp0,Rp0,Rp0,Rp0,Rp0,Rp0,Rp0,0,0,0,0,Rp0,1467,87,5.93%,0,0.00%,0.00%,1300,74,5.69%,0,0.00%,0.00%,Rp0,Rp0,Rp0,Rp0,Rp0,0,0,473,30,26,0,6.34%,0.00%,Rp0,0,Rp0,Rp0,Rp0,0,0,0,0,0,0,0,0,Rp0,6,355,6,1.69%,0,0.00%,0.00%,321,6,1.87%,0,0.00%,0.00%,Rp0,Rp0,Rp0,0,0,0,0,0,0,0,0,Rp0,1,194,18,9.28%,0,0.00%,0.00%,173,18,10.40%,0,0.00%,0.00%,Rp0,Rp0,Rp0,Rp0,Rp0,Rp0,Rp0,0,0,0,0,Rp0,4,0,4,456,46,10.09%,0,0.00%,0.00%,386,34,8.81%,0,0.00%,0.00%,0,0,0.00%,0,0.00%,0.00%,0,0,0.00%,0,0.00%,0.00%,409,44,10.76%,0,0.00%,0.00%,361,32,8.86%,0,0.00%,0.00%,Rp0,Rp0,Rp0,0,0,0,0,0,0,0,0,Rp0,460,17,3.70%,0,0.00%,0.00%,401,14,3.49%,0,0.00%,0.00%
Branch X Yamato Regulator Las LPG Welding LPG Gas Welding Regulator YR76 Regulator LPG - Regulator las,1730397906595644925,GMV & produk terjual = 0,Aktif,Rp0,Rp0,Rp0,Rp0,Rp0,Rp0,Rp0,Rp0,Rp0,Rp0,Rp0,Rp0,Rp0,Rp0,Rp0,0,0,0,0,Rp0,243,7,2.88%,1,14.29%,0.00%,229,6,2.62%,1,16.67%,0.00%,Rp0,Rp0,Rp0,Rp0,Rp0,0,0,110,1,1,0,0.91%,0.00%,Rp0,0,Rp0,Rp0,Rp0,0,0,0,0,0,0,0,0,Rp0,0,0,0,0.00%,0,0.00%,0.00%,0,0,0.00%,0,0.00%,0.00%,Rp0,Rp0,Rp0,0,0,0,0,0,0,0,0,Rp0,0,0,0,0.00%,0,0.00%,0.00%,0,0,0.00%,0,0.00%,0.00%,Rp0,Rp0,Rp0,Rp0,Rp0,Rp0,Rp0,0,0,0,0,Rp0,0,0,0,10,0,0.00%,0,0.00%,0.00%,9,0,0.00%,0,0.00%,0.00%,0,0,0.00%,0,0.00%,0.00%,0,0,0.00%,0,0.00%,0.00%,0,0,0.00%,0,0.00%,0.00%,0,0,0.00%,0,0.00%,0.00%,Rp0,Rp0,Rp0,0,0,0,0,0,0,0,0,Rp0,232,7,3.02%,1,14.29%,0.00%,215,6,2.79%,1,16.67%,0.00%
"Paket Hemat Tukang Set 3 Barang Palu 8 Oz, Geraji 18 In, Meteran 3M Alat Bangunan",1730404050091607549,GMV & produk terjual = 0,Aktif,Rp0,Rp0,Rp0,Rp0,Rp0,Rp0,Rp0,Rp0,Rp0,Rp0,Rp0,Rp0,Rp0,Rp0,Rp0,0,0,0,0,Rp0,1411,21,1.49%,0,0.00%,0.00%,1247,20,1.60%,0,0.00%,0.00%,Rp0,Rp0,Rp0,Rp0,Rp0,0,0,897,13,12,0,1.45%,0.00%,Rp0,0,Rp0,Rp0,Rp0,0,0,0,0,0,0,0,0,Rp0,0,0,0,0.00%,0,0.00%,0.00%,0,0,0.00%,0,0.00%,0.00%,Rp0,Rp0,Rp0,0,0,0,0,0,0,0,0,Rp0,0,0,0,0.00%,0,0.00%,0.00%,0,0,0.00%,0,0.00%,0.00%,Rp0,Rp0,Rp0,Rp0,Rp0,Rp0,Rp0,0,0,0,0,Rp0,5,5,0,225,2,0.89%,0,0.00%,0.00%,203,2,0.99%,0,0.00%,0.00%,78,0,0.00%,0,0.00%,0.00%,72,0,0.00%,0,0.00%,0.00%,143,2,1.40%,0,0.00%,0.00%,127,2,1.57%,0,0.00%,0.00%,Rp0,Rp0,Rp0,0,0,0,0,0,0,0,0,Rp0,1184,19,1.60%,0,0.00%,0.00%,1037,16,1.54%,0,0.00%,0.00%
Mata Bor Set Tembok Beton Kayu - Mata Bor Beton Tembok 5Pcs + Mata Bor Kayu 8 Pcs,1730668543233656317,GMV & produk terjual = 0,Aktif,Rp0,Rp0,Rp0,Rp0,Rp0,Rp0,Rp0,Rp0,Rp0,Rp0,Rp0,Rp0,Rp0,Rp0,Rp0,0,0,0,0,Rp0,919,25,2.72%,1,4.00%,0.00%,822,22,2.68%,1,4.55%,0.00%,Rp0,Rp0,Rp0,Rp0,Rp0,0,0,530,17,15,0,3.21%,0.00%,Rp0,0,Rp0,Rp0,Rp0,0,0,0,0,0,0,0,0,Rp0,0,0,0,0.00%,0,0.00%,0.00%,0,0,0.00%,0,0.00%,0.00%,Rp0,Rp0,Rp0,0,0,0,0,0,0,0,0,Rp0,0,0,0,0.00%,0,0.00%,0.00%,0,0,0.00%,0,0.00%,0.00%,Rp0,Rp0,Rp0,Rp0,Rp0,Rp0,Rp0,0,0,0,0,Rp0,0,0,0,58,5,8.62%,0,0.00%,0.00%,45,4,8.89%,0,0.00%,0.00%,0,0,0.00%,0,0.00%,0.00%,0,0,0.00%,0,0.00%,0.00%,58,5,8.62%,0,0.00%,0.00%,45,4,8.89%,0,0.00%,0.00%,Rp0,Rp0,Rp0,0,0,0,0,0,0,0,0,Rp0,861,20,2.32%,1,5.00%,0.00%,773,18,2.33%,1,5.56%,0.00%
Stang Kunci Shock Sock Sok Model T Gagang T Handle 1/2 Inch,1736519815743440381,GMV & produk terjual = 0,Aktif,Rp0,Rp0,Rp0,Rp0,Rp0,Rp0,Rp0,Rp0,Rp0,Rp0,Rp0,Rp0,Rp0,Rp0,Rp0,0,0,0,0,Rp0,620,19,3.06%,1,5.26%,0.00%,526,12,2.28%,0,0.00%,0.00%,Rp0,Rp0,Rp0,Rp0,Rp0,0,0,102,11,4,0,10.78%,0.00%,Rp0,0,Rp0,Rp0,Rp0,0,0,0,0,0,0,0,0,Rp0,1,280,3,1.07%,0,0.00%,0.00%,264,3,1.14%,0,0.00%,0.00%,Rp0,Rp0,Rp0,0,0,0,0,0,0,0,0,Rp0,0,0,0,0.00%,0,0.00%,0.00%,0,0,0.00%,0,0.00%,0.00%,Rp0,Rp0,Rp0,Rp0,Rp0,Rp0,Rp0,0,0,0,0,Rp0,1,0,1,186,2,1.08%,1,50.00%,0.00%,0,0,0.00%,0,0.00%,0.00%,0,0,0.00%,0,0.00%,0.00%,0,0,0.00%,0,0.00%,0.00%,179,2,1.12%,1,50.00%,0.00%,0,0,0.00%,0,0.00%,0.00%,Rp0,Rp0,Rp0,0,0,0,0,0,0,0,0,Rp0,155,14,9.03%,0,0.00%,0.00%,41,1,2.44%,0,0.00%,0.00%
YUKIDO Obeng Ketok 13 PCS / Impact Driver SET 13 PCS Screwdriver Chrome Vanadium Box Besi Mata S2,1729645569302235645,GMV & produk terjual = 0,Aktif,Rp0,Rp0,Rp0,Rp0,Rp0,Rp0,Rp0,Rp0,Rp0,Rp0,Rp0,Rp0,Rp0,Rp0,Rp0,0,0,0,0,Rp0,1232,30,2.44%,0,0.00%,0.00%,1013,27,2.67%,0,0.00%,0.00%,Rp0,Rp0,Rp0,Rp0,Rp0,0,0,406,9,9,0,2.22%,0.00%,Rp0,0,Rp0,Rp0,Rp0,0,0,0,0,0,0,0,0,Rp0,9,83,1,1.20%,0,0.00%,0.00%,78,1,1.28%,0,0.00%,0.00%,Rp0,Rp0,Rp0,0,0,0,0,0,0,0,0,Rp0,2,236,5,2.12%,0,0.00%,0.00%,185,5,2.70%,0,0.00%,0.00%,Rp0,Rp0,Rp0,Rp0,Rp0,Rp0,Rp0,0,0,0,0,Rp0,8,3,6,434,10,2.30%,0,0.00%,0.00%,295,10,3.39%,0,0.00%,0.00%,151,0,0.00%,0,0.00%,0.00%,111,0,0.00%,0,0.00%,0.00%,232,10,4.31%,0,0.00%,0.00%,170,10,5.88%,0,0.00%,0.00%,Rp0,Rp0,Rp0,0,0,0,0,0,0,0,0,Rp0,480,14,2.92%,0,0.00%,0.00%,415,11,2.65%,0,0.00%,0.00%
"Bestguard Seal Tape Tebal 10 Meter 3/4"" Isolasi Pipa Keran Model Onda Premium PTFE Seal Tape USA",1731849287007438333,GMV & produk terjual = 0,Aktif,Rp0,Rp0,Rp0,Rp0,Rp0,Rp0,Rp0,Rp0,Rp0,Rp0,Rp0,Rp0,Rp0,Rp0,Rp0,0,0,0,0,Rp0,1261,13,1.03%,2,15.38%,0.00%,1118,11,0.98%,2,18.18%,0.00%,Rp0,Rp0,Rp0,Rp0,Rp0,0,0,786,9,8,0,1.15%,0.00%,Rp0,0,Rp0,Rp0,Rp0,0,0,0,0,0,0,0,0,Rp0,0,0,0,0.00%,0,0.00%,0.00%,0,0,0.00%,0,0.00%,0.00%,Rp0,Rp0,Rp0,0,0,0,0,0,0,0,0,Rp0,0,1,0,0.00%,0,0.00%,0.00%,1,0,0.00%,0,0.00%,0.00%,Rp0,Rp0,Rp0,Rp0,Rp0,Rp0,Rp0,0,0,0,0,Rp0,0,0,0,0,0,0.00%,0,0.00%,0.00%,0,0,0.00%,0,0.00%,0.00%,0,0,0.00%,0,0.00%,0.00%,0,0,0.00%,0,0.00%,0.00%,0,0,0.00%,0,0.00%,0.00%,0,0,0.00%,0,0.00%,0.00%,Rp0,Rp0,Rp0,0,0,0,0,0,0,0,0,Rp0,1260,13,1.03%,2,15.38%,0.00%,1102,11,1.00%,2,18.18%,0.00%
Rantai Plastik Safety Jason – 1 Gulung 25 Meter (6mm / 8mm),1732221172981597693,GMV & produk terjual = 0,Aktif,Rp0,Rp0,Rp0,Rp0,Rp0,Rp0,Rp0,Rp0,Rp0,Rp0,Rp0,Rp0,Rp0,Rp0,Rp0,0,0,0,0,Rp0,942,21,2.23%,2,9.52%,0.00%,822,18,2.19%,2,11.11%,0.00%,Rp0,Rp0,Rp0,Rp0,Rp0,0,0,588,16,14,0,2.72%,0.00%,Rp0,0,Rp0,Rp0,Rp0,0,0,0,0,0,0,0,0,Rp0,0,0,0,0.00%,0,0.00%,0.00%,0,0,0.00%,0,0.00%,0.00%,Rp0,Rp0,Rp0,0,0,0,0,0,0,0,0,Rp0,0,50,0,0.00%,0,0.00%,0.00%,40,0,0.00%,0,0.00%,0.00%,Rp0,Rp0,Rp0,Rp0,Rp0,Rp0,Rp0,0,0,0,0,Rp0,0,0,0,20,0,0.00%,0,0.00%,0.00%,16,0,0.00%,0,0.00%,0.00%,0,0,0.00%,0,0.00%,0.00%,0,0,0.00%,0,0.00%,0.00%,1,0,0.00%,0,0.00%,0.00%,1,0,0.00%,0,0.00%,0.00%,Rp0,Rp0,Rp0,0,0,0,0,0,0,0,0,Rp0,871,21,2.41%,2,9.52%,0.00%,758,18,2.37%,2,11.11%,0.00%
YUKIDO Extension Bar 1/2 Inch Panjang 5/ 10 Inch Sambungan Gagang Kunci Sock KUNCI SAMBUNGAN SOCK,1729567838996301309,GMV & produk terjual = 0,Aktif,Rp0,Rp0,Rp0,Rp0,Rp0,Rp0,Rp0,Rp0,Rp0,Rp0,Rp0,Rp0,Rp0,Rp0,Rp0,0,0,0,0,Rp0,1235,28,2.27%,2,7.14%,0.00%,1098,26,2.37%,2,7.69%,0.00%,Rp0,Rp0,Rp0,Rp0,Rp0,0,0,758,20,19,0,2.64%,0.00%,Rp0,0,Rp0,Rp0,Rp0,0,0,0,0,0,0,0,0,Rp0,0,0,0,0.00%,0,0.00%,0.00%,0,0,0.00%,0,0.00%,0.00%,Rp0,Rp0,Rp0,0,0,0,0,0,0,0,0,Rp0,0,2,0,0.00%,0,0.00%,0.00%,2,0,0.00%,0,0.00%,0.00%,Rp0,Rp0,Rp0,Rp0,Rp0,Rp0,Rp0,0,0,0,0,Rp0,0,0,0,121,2,1.65%,0,0.00%,0.00%,101,2,1.98%,0,0.00%,0.00%,0,0,0.00%,0,0.00%,0.00%,0,0,0.00%,0,0.00%,0.00%,101,2,1.98%,0,0.00%,0.00%,86,2,2.33%,0,0.00%,0.00%,Rp0,Rp0,Rp0,0,0,0,0,0,0,0,0,Rp0,1112,26,2.34%,2,7.69%,0.00%,989,24,2.43%,2,8.33%,0.00%
BOSCH Mesin Router Profil Kayu GKF550 Mesin Wood Trimmer Kayu Mesin Router Bosch 6 mm,1732667498134996477,GMV & produk terjual = 0,Aktif,Rp0,Rp0,Rp0,Rp0,Rp0,Rp0,Rp0,Rp0,Rp0,Rp0,Rp0,Rp0,Rp0,Rp0,Rp0,0,0,0,0,Rp0,17012,1365,8.02%,12,0.88%,0.00%,13123,1088,8.29%,11,1.01%,0.00%,Rp0,Rp0,Rp0,Rp0,Rp0,0,0,1656,46,40,0,2.78%,0.00%,Rp0,0,Rp0,Rp0,Rp0,0,0,0,0,0,0,0,0,Rp0,112,5476,94,1.72%,0,0.00%,0.00%,3806,73,1.92%,0,0.00%,0.00%,Rp0,Rp0,Rp0,0,0,0,0,0,0,0,0,Rp0,0,2397,345,14.39%,2,0.58%,0.00%,2044,319,15.61%,2,0.63%,0.00%,Rp0,Rp0,Rp0,Rp0,Rp0,Rp0,Rp0,0,0,0,0,Rp0,34,36,1,7488,857,11.44%,9,1.05%,0.00%,5269,672,12.75%,8,1.19%,0.00%,2032,43,2.12%,2,4.65%,0.00%,1799,37,2.06%,1,2.70%,0.00%,5286,813,15.38%,7,0.86%,0.00%,3397,635,18.69%,7,1.10%,0.00%,Rp0,Rp0,Rp0,0,0,0,0,0,0,0,0,Rp0,1642,69,4.20%,1,1.45%,0.00%,1330,53,3.98%,1,1.89%,0.00%
MIKAYO SET GERINDA TANGAN DAN ELECTRIC DRILL 10 MM - BOR DRILL TEMBO K KAYU BESI DAN GURINDA TANGAN LISTRIK 10mm,1732770302719264253,GMV & produk terjual = 0,Aktif,Rp0,Rp0,Rp0,Rp0,Rp0,Rp0,Rp0,Rp0,Rp0,Rp0,Rp0,Rp0,Rp0,Rp0,Rp0,0,0,0,0,Rp0,1204,29,2.41%,1,3.45%,0.00%,981,28,2.85%,1,3.57%,0.00%,Rp0,Rp0,Rp0,Rp0,Rp0,0,0,388,7,7,0,1.80%,0.00%,Rp0,0,Rp0,Rp0,Rp0,0,0,0,0,0,0,0,0,Rp0,1,40,2,5.00%,0,0.00%,0.00%,36,2,5.56%,0,0.00%,0.00%,Rp0,Rp0,Rp0,0,0,0,0,0,0,0,0,Rp0,0,0,0,0.00%,0,0.00%,0.00%,0,0,0.00%,0,0.00%,0.00%,Rp0,Rp0,Rp0,Rp0,Rp0,Rp0,Rp0,0,0,0,0,Rp0,5,6,0,674,15,2.23%,0,0.00%,0.00%,545,15,2.75%,0,0.00%,0.00%,633,15,2.37%,0,0.00%,0.00%,525,15,2.86%,0,0.00%,0.00%,1,0,0.00%,0,0.00%,0.00%,1,0,0.00%,0,0.00%,0.00%,Rp0,Rp0,Rp0,0,0,0,0,0,0,0,0,Rp0,490,12,2.45%,1,8.33%,0.00%,403,11,2.73%,1,9.09%,0.00%
ADAPTER MESIN GERINDA MULTIFUNGSI UNIVERSAL SEMUA MESIN GERINDA 4INCHI,1730231731390285309,GMV & produk terjual = 0,Aktif,Rp0,Rp0,Rp0,Rp0,Rp0,Rp0,Rp0,Rp0,Rp0,Rp0,Rp0,Rp0,Rp0,Rp0,Rp0,0,0,0,0,Rp0,1800,65,3.61%,3,4.62%,0.00%,1692,65,3.84%,3,4.62%,0.00%,Rp0,Rp0,Rp0,Rp0,Rp0,0,0,860,31,31,0,3.60%,0.00%,Rp0,0,Rp0,Rp0,Rp0,0,0,0,0,0,0,0,0,Rp0,0,0,0,0.00%,0,0.00%,0.00%,0,0,0.00%,0,0.00%,0.00%,Rp0,Rp0,Rp0,0,0,0,0,0,0,0,0,Rp0,0,3,0,0.00%,0,0.00%,0.00%,3,0,0.00%,0,0.00%,0.00%,Rp0,Rp0,Rp0,Rp0,Rp0,Rp0,Rp0,0,0,0,0,Rp0,0,0,0,0,0,0.00%,0,0.00%,0.00%,0,0,0.00%,0,0.00%,0.00%,0,0,0.00%,0,0.00%,0.00%,0,0,0.00%,0,0.00%,0.00%,0,0,0.00%,0,0.00%,0.00%,0,0,0.00%,0,0.00%,0.00%,Rp0,Rp0,Rp0,0,0,0,0,0,0,0,0,Rp0,1797,65,3.62%,3,4.62%,0.00%,1672,64,3.83%,3,4.69%,0.00%
OBENG RADIO ELEKTRONIK JASON 8 INCI X 3 MM CRV,1733020973050267133,GMV & produk terjual = 0,Aktif,Rp0,Rp0,Rp0,Rp0,Rp0,Rp0,Rp0,Rp0,Rp0,Rp0,Rp0,Rp0,Rp0,Rp0,Rp0,0,0,0,0,Rp0,2314,67,2.90%,4,5.97%,0.00%,2135,61,2.86%,4,6.56%,0.00%,Rp0,Rp0,Rp0,Rp0,Rp0,0,0,1593,51,45,0,3.20%,0.00%,Rp0,0,Rp0,Rp0,Rp0,0,0,0,0,0,0,0,0,Rp0,9,92,0,0.00%,0,0.00%,0.00%,86,0,0.00%,0,0.00%,0.00%,Rp0,Rp0,Rp0,0,0,0,0,0,0,0,0,Rp0,0,0,0,0.00%,0,0.00%,0.00%,0,0,0.00%,0,0.00%,0.00%,Rp0,Rp0,Rp0,Rp0,Rp0,Rp0,Rp0,0,0,0,0,Rp0,0,0,0,1,0,0.00%,0,0.00%,0.00%,1,0,0.00%,0,0.00%,0.00%,0,0,0.00%,0,0.00%,0.00%,0,0,0.00%,0,0.00%,0.00%,0,0,0.00%,0,0.00%,0.00%,0,0,0.00%,0,0.00%,0.00%,Rp0,Rp0,Rp0,0,0,0,0,0,0,0,0,Rp0,2220,67,3.02%,4,5.97%,0.00%,2034,61,3.00%,4,6.56%,0.00%
KABEL LAS 16mm FULL TEMBANGA WELDING CABLE 16mm FULL COPPER WIRE ORI,1733120096702399997,GMV & produk terjual = 0,Aktif,Rp0,Rp0,Rp0,Rp0,Rp0,Rp0,Rp0,Rp0,Rp0,Rp0,Rp0,Rp0,Rp0,Rp0,Rp0,0,0,0,0,Rp0,66,3,4.55%,0,0.00%,0.00%,59,3,5.08%,0,0.00%,0.00%,Rp0,Rp0,Rp0,Rp0,Rp0,0,0,49,2,2,0,4.08%,0.00%,Rp0,0,Rp0,Rp0,Rp0,0,0,0,0,0,0,0,0,Rp0,0,0,0,0.00%,0,0.00%,0.00%,0,0,0.00%,0,0.00%,0.00%,Rp0,Rp0,Rp0,0,0,0,0,0,0,0,0,Rp0,0,0,0,0.00%,0,0.00%,0.00%,0,0,0.00%,0,0.00%,0.00%,Rp0,Rp0,Rp0,Rp0,Rp0,Rp0,Rp0,0,0,0,0,Rp0,0,0,0,0,0,0.00%,0,0.00%,0.00%,0,0,0.00%,0,0.00%,0.00%,0,0,0.00%,0,0.00%,0.00%,0,0,0.00%,0,0.00%,0.00%,0,0,0.00%,0,0.00%,0.00%,0,0,0.00%,0,0.00%,0.00%,Rp0,Rp0,Rp0,0,0,0,0,0,0,0,0,Rp0,66,3,4.55%,0,0.00%,0.00%,45,1,2.22%,0,0.00%,0.00%
JUAL RUGI DIKIT!!! Kabel las tembaga 16mm biru 20 meter / 15 meter / 10 meter / 5 meter Cabel las 16 mm² Cable 16mm²,1733120137093481981,GMV & produk terjual = 0,Aktif,Rp0,Rp0,Rp0,Rp0,Rp0,Rp0,Rp0,Rp0,Rp0,Rp0,Rp0,Rp0,Rp0,Rp0,Rp0,0,0,0,0,Rp0,56,8,14.29%,1,12.50%,0.00%,49,7,14.29%,0,0.00%,0.00%,Rp0,Rp0,Rp0,Rp0,Rp0,0,0,49,5,4,0,10.20%,0.00%,Rp0,0,Rp0,Rp0,Rp0,0,0,0,0,0,0,0,0,Rp0,0,0,0,0.00%,0,0.00%,0.00%,0,0,0.00%,0,0.00%,0.00%,Rp0,Rp0,Rp0,0,0,0,0,0,0,0,0,Rp0,0,0,0,0.00%,0,0.00%,0.00%,0,0,0.00%,0,0.00%,0.00%,Rp0,Rp0,Rp0,Rp0,Rp0,Rp0,Rp0,0,0,0,0,Rp0,0,0,0,0,0,0.00%,0,0.00%,0.00%,0,0,0.00%,0,0.00%,0.00%,0,0,0.00%,0,0.00%,0.00%,0,0,0.00%,0,0.00%,0.00%,0,0,0.00%,0,0.00%,0.00%,0,0,0.00%,0,0.00%,0.00%,Rp0,Rp0,Rp0,0,0,0,0,0,0,0,0,Rp0,55,8,14.55%,1,12.50%,0.00%,1,0,0.00%,0,0.00%,0.00%
MAKITA M2401B Mesin Cut Off 14 Inch Potong Besi Cutting Wheel MAKTEC MT243 MT 243 M 2401 B M2401 B M 2401B,1735228098713650685,GMV & produk terjual = 0,Aktif,Rp0,Rp0,Rp0,Rp0,Rp0,Rp0,Rp0,Rp0,Rp0,Rp0,Rp0,Rp0,Rp0,Rp0,Rp0,0,0,0,0,Rp0,9512,262,2.75%,1,0.38%,0.00%,8114,237,2.92%,1,0.42%,0.00%,Rp0,Rp0,Rp0,Rp0,Rp0,0,0,3028,57,48,0,1.88%,0.00%,Rp0,0,Rp0,Rp0,Rp0,0,0,0,0,0,0,0,0,Rp0,22,572,10,1.75%,0,0.00%,0.00%,512,9,1.76%,0,0.00%,0.00%,Rp0,Rp0,Rp0,0,0,0,0,0,0,0,0,Rp0,1,250,21,8.40%,0,0.00%,0.00%,221,20,9.05%,0,0.00%,0.00%,Rp0,Rp0,Rp0,Rp0,Rp0,Rp0,Rp0,0,0,0,0,Rp0,5,2,5,2889,140,4.85%,1,0.71%,0.00%,2214,128,5.78%,1,0.78%,0.00%,179,4,2.23%,0,0.00%,0.00%,153,4,2.61%,0,0.00%,0.00%,2229,133,5.97%,1,0.75%,0.00%,2014,121,6.01%,1,0.83%,0.00%,Rp0,Rp0,Rp0,0,0,0,0,0,0,0,0,Rp0,5800,91,1.57%,0,0.00%,0.00%,5191,81,1.56%,0,0.00%,0.00%
PAKET TUNE UP MOTOR SET 3PCS - STEL KLEP FEELER GAUGE DAN 8X9MM BERKUALITAS FULL CR-V ALAT Lengkap PRECISION untuk Performa Optimal,1735848778644358653,GMV & produk terjual = 0,Aktif,Rp0,Rp0,Rp0,Rp0,Rp0,Rp0,Rp0,Rp0,Rp0,Rp0,Rp0,Rp0,Rp0,Rp0,Rp0,0,0,0,0,Rp0,941,13,1.38%,1,7.69%,0.00%,782,10,1.28%,1,10.00%,0.00%,Rp0,Rp0,Rp0,Rp0,Rp0,0,0,518,11,8,0,2.12%,0.00%,Rp0,0,Rp0,Rp0,Rp0,0,0,0,0,0,0,0,0,Rp0,1,17,0,0.00%,0,0.00%,0.00%,17,0,0.00%,0,0.00%,0.00%,Rp0,Rp0,Rp0,0,0,0,0,0,0,0,0,Rp0,0,0,0,0.00%,0,0.00%,0.00%,0,0,0.00%,0,0.00%,0.00%,Rp0,Rp0,Rp0,Rp0,Rp0,Rp0,Rp0,0,0,0,0,Rp0,1,1,0,198,0,0.00%,0,0.00%,0.00%,114,0,0.00%,0,0.00%,0.00%,90,0,0.00%,0,0.00%,0.00%,85,0,0.00%,0,0.00%,0.00%,0,0,0.00%,0,0.00%,0.00%,0,0,0.00%,0,0.00%,0.00%,Rp0,Rp0,Rp0,0,0,0,0,0,0,0,0,Rp0,725,13,1.79%,1,7.69%,0.00%,636,9,1.42%,1,11.11%,0.00%
Selang  Hose Kompresor 50 Meter 100 Meter Steam Angin Air Cuci 50 Meter 8.5mm 50 M 100 M 10 M,1736362399751374333,GMV & produk terjual = 0,Aktif,Rp0,Rp0,Rp0,Rp0,Rp0,Rp0,Rp0,Rp0,Rp0,Rp0,Rp0,Rp0,Rp0,Rp0,Rp0,0,0,0,0,Rp0,8002,166,2.07%,2,1.20%,0.00%,6492,138,2.13%,2,1.45%,0.00%,Rp0,Rp0,Rp0,Rp0,Rp0,0,0,2970,35,32,0,1.18%,0.00%,Rp0,0,Rp0,Rp0,Rp0,0,0,0,0,0,0,0,0,Rp0,4,1678,15,0.89%,0,0.00%,0.00%,1455,13,0.89%,0,0.00%,0.00%,Rp0,Rp0,Rp0,0,0,0,0,0,0,0,0,Rp0,1,80,7,8.75%,0,0.00%,0.00%,72,7,9.72%,0,0.00%,0.00%,Rp0,Rp0,Rp0,Rp0,Rp0,Rp0,Rp0,0,0,0,0,Rp0,2,1,1,847,74,8.74%,2,2.70%,0.00%,655,57,8.70%,2,3.51%,0.00%,73,3,4.11%,0,0.00%,0.00%,66,3,4.55%,0,0.00%,0.00%,614,70,11.40%,2,2.86%,0.00%,533,54,10.13%,2,3.70%,0.00%,Rp0,Rp0,Rp0,0,0,0,0,0,0,0,0,Rp0,5397,70,1.30%,0,0.00%,0.00%,4242,58,1.37%,0,0.00%,0.00%
Kusuka Bor SET Mesin Bor 10 mm electric drill 10 mm + mata bor kayu besi,1729460817616340477,GMV & produk terjual = 0,Aktif,Rp0,Rp0,Rp0,Rp0,Rp0,Rp0,Rp0,Rp0,Rp0,Rp0,Rp0,Rp0,Rp0,Rp0,Rp0,0,0,0,0,Rp0,4,0,0.00%,0,0.00%,0.00%,4,0,0.00%,0,0.00%,0.00%,Rp0,Rp0,Rp0,Rp0,Rp0,0,0,3,0,0,0,0.00%,0.00%,Rp0,0,Rp0,Rp0,Rp0,0,0,0,0,0,0,0,0,Rp0,0,0,0,0.00%,0,0.00%,0.00%,0,0,0.00%,0,0.00%,0.00%,Rp0,Rp0,Rp0,0,0,0,0,0,0,0,0,Rp0,0,0,0,0.00%,0,0.00%,0.00%,0,0,0.00%,0,0.00%,0.00%,Rp0,Rp0,Rp0,Rp0,Rp0,Rp0,Rp0,0,0,0,0,Rp0,0,0,0,0,0,0.00%,0,0.00%,0.00%,0,0,0.00%,0,0.00%,0.00%,0,0,0.00%,0,0.00%,0.00%,0,0,0.00%,0,0.00%,0.00%,0,0,0.00%,0,0.00%,0.00%,0,0,0.00%,0,0.00%,0.00%,Rp0,Rp0,Rp0,0,0,0,0,0,0,0,0,Rp0,4,0,0.00%,0,0.00%,0.00%,3,0,0.00%,0,0.00%,0.00%
YUKIDO DONGKRAK MODEL BUAYA KAPASITAS 2 TON,1729694687592614397,GMV & produk terjual = 0,Aktif,Rp0,Rp0,Rp0,Rp0,Rp0,Rp0,Rp0,Rp0,Rp0,Rp0,Rp0,Rp0,Rp0,Rp0,Rp0,0,0,0,0,Rp0,7721,503,6.51%,4,0.80%,0.00%,6115,466,7.62%,3,0.64%,0.00%,Rp0,Rp0,Rp0,Rp0,Rp0,0,0,1230,35,25,0,2.85%,0.00%,Rp0,0,Rp0,Rp0,Rp0,0,0,0,0,0,0,0,0,Rp0,9,230,1,0.43%,0,0.00%,0.00%,202,1,0.50%,0,0.00%,0.00%,Rp0,Rp0,Rp0,0,0,0,0,0,0,0,0,Rp0,2,3626,353,9.74%,3,0.85%,0.00%,2737,332,12.13%,2,0.60%,0.00%,Rp0,Rp0,Rp0,Rp0,Rp0,Rp0,Rp0,0,0,0,0,Rp0,11,8,5,2227,116,5.21%,0,0.00%,0.00%,1877,106,5.65%,0,0.00%,0.00%,367,5,1.36%,0,0.00%,0.00%,290,5,1.72%,0,0.00%,0.00%,1730,111,6.42%,0,0.00%,0.00%,1483,101,6.81%,0,0.00%,0.00%,Rp0,Rp0,Rp0,0,0,0,0,0,0,0,0,Rp0,1635,33,2.02%,1,3.03%,0.00%,1373,26,1.89%,1,3.85%,0.00%
Pisau Cutter Besar HD 5 Mata Premium Blade 18 mm Pisau Potong Derbaguna Pemotong Kertas PVC Kardus Kater Pisau Cutter Blade 18 mm,1730735670386066941,GMV & produk terjual = 0,Aktif,Rp0,Rp0,Rp0,Rp0,Rp0,Rp0,Rp0,Rp0,Rp0,Rp0,Rp0,Rp0,Rp0,Rp0,Rp0,0,0,0,0,Rp0,160,1,0.63%,0,0.00%,0.00%,76,1,1.32%,0,0.00%,0.00%,Rp0,Rp0,Rp0,Rp0,Rp0,0,0,114,1,1,0,0.88%,0.00%,Rp0,0,Rp0,Rp0,Rp0,0,0,0,0,0,0,0,0,Rp0,0,0,0,0.00%,0,0.00%,0.00%,0,0,0.00%,0,0.00%,0.00%,Rp0,Rp0,Rp0,0,0,0,0,0,0,0,0,Rp0,0,0,0,0.00%,0,0.00%,0.00%,0,0,0.00%,0,0.00%,0.00%,Rp0,Rp0,Rp0,Rp0,Rp0,Rp0,Rp0,0,0,0,0,Rp0,0,0,0,0,0,0.00%,0,0.00%,0.00%,0,0,0.00%,0,0.00%,0.00%,0,0,0.00%,0,0.00%,0.00%,0,0,0.00%,0,0.00%,0.00%,0,0,0.00%,0,0.00%,0.00%,0,0,0.00%,0,0.00%,0.00%,Rp0,Rp0,Rp0,0,0,0,0,0,0,0,0,Rp0,160,1,0.63%,0,0.00%,0.00%,74,1,1.35%,0,0.00%,0.00%
Hole Saw Set 6 Pcs - Mata Bor Pelubang Kayu PVC Holesaw - Hidroponik,1729567717692114429,GMV & produk terjual = 0,Aktif,Rp0,Rp0,Rp0,Rp0,Rp0,Rp0,Rp0,Rp0,Rp0,Rp0,Rp0,Rp0,Rp0,Rp0,Rp0,0,0,0,0,Rp0,44,0,0.00%,0,0.00%,0.00%,41,0,0.00%,0,0.00%,0.00%,Rp0,Rp0,Rp0,Rp0,Rp0,0,0,27,0,0,0,0.00%,0.00%,Rp0,0,Rp0,Rp0,Rp0,0,0,0,0,0,0,0,0,Rp0,0,0,0,0.00%,0,0.00%,0.00%,0,0,0.00%,0,0.00%,0.00%,Rp0,Rp0,Rp0,0,0,0,0,0,0,0,0,Rp0,0,0,0,0.00%,0,0.00%,0.00%,0,0,0.00%,0,0.00%,0.00%,Rp0,Rp0,Rp0,Rp0,Rp0,Rp0,Rp0,0,0,0,0,Rp0,2,0,2,2,0,0.00%,0,0.00%,0.00%,2,0,0.00%,0,0.00%,0.00%,0,0,0.00%,0,0.00%,0.00%,0,0,0.00%,0,0.00%,0.00%,1,0,0.00%,0,0.00%,0.00%,1,0,0.00%,0,0.00%,0.00%,Rp0,Rp0,Rp0,0,0,0,0,0,0,0,0,Rp0,42,0,0.00%,0,0.00%,0.00%,38,0,0.00%,0,0.00%,0.00%
Bosch GKS 130 Circular Saw 1300W 184mm | Mesin Potong Kayu Listrik Original | Mesin Gergaji Listrik Resmi,1732997863937377789,GMV & produk terjual = 0,Aktif,Rp0,Rp0,Rp0,Rp0,Rp0,Rp0,Rp0,Rp0,Rp0,Rp0,Rp0,Rp0,Rp0,Rp0,Rp0,0,0,0,0,Rp0,1201,32,2.66%,1,3.13%,0.00%,1065,30,2.82%,1,3.33%,0.00%,Rp0,Rp0,Rp0,Rp0,Rp0,0,0,461,11,11,0,2.39%,0.00%,Rp0,0,Rp0,Rp0,Rp0,0,0,0,0,0,0,0,0,Rp0,38,362,3,0.83%,0,0.00%,0.00%,315,3,0.95%,0,0.00%,0.00%,Rp0,Rp0,Rp0,0,0,0,0,0,0,0,0,Rp0,0,0,0,0.00%,0,0.00%,0.00%,0,0,0.00%,0,0.00%,0.00%,Rp0,Rp0,Rp0,Rp0,Rp0,Rp0,Rp0,0,0,0,0,Rp0,0,0,0,3,0,0.00%,0,0.00%,0.00%,3,0,0.00%,0,0.00%,0.00%,0,0,0.00%,0,0.00%,0.00%,0,0,0.00%,0,0.00%,0.00%,0,0,0.00%,0,0.00%,0.00%,0,0,0.00%,0,0.00%,0.00%,Rp0,Rp0,Rp0,0,0,0,0,0,0,0,0,Rp0,836,29,3.47%,1,3.45%,0.00%,744,27,3.63%,1,3.70%,0.00%
Paket Tukang Isi 3 Gergaji 18 inch Meteran 3 M dan Tang Gegep,1730833791767774717,GMV & produk terjual = 0,Aktif,Rp0,Rp0,Rp0,Rp0,Rp0,Rp0,Rp0,Rp0,Rp0,Rp0,Rp0,Rp0,Rp0,Rp0,Rp0,0,0,0,0,Rp0,129,5,3.88%,0,0.00%,0.00%,111,3,2.70%,0,0.00%,0.00%,Rp0,Rp0,Rp0,Rp0,Rp0,0,0,95,5,3,0,5.26%,0.00%,Rp0,0,Rp0,Rp0,Rp0,0,0,0,0,0,0,0,0,Rp0,0,0,0,0.00%,0,0.00%,0.00%,0,0,0.00%,0,0.00%,0.00%,Rp0,Rp0,Rp0,0,0,0,0,0,0,0,0,Rp0,0,0,0,0.00%,0,0.00%,0.00%,0,0,0.00%,0,0.00%,0.00%,Rp0,Rp0,Rp0,Rp0,Rp0,Rp0,Rp0,0,0,0,0,Rp0,0,0,0,0,0,0.00%,0,0.00%,0.00%,0,0,0.00%,0,0.00%,0.00%,0,0,0.00%,0,0.00%,0.00%,0,0,0.00%,0,0.00%,0.00%,0,0,0.00%,0,0.00%,0.00%,0,0,0.00%,0,0.00%,0.00%,Rp0,Rp0,Rp0,0,0,0,0,0,0,0,0,Rp0,129,5,3.88%,0,0.00%,0.00%,101,3,2.97%,0,0.00%,0.00%
"VANA Kunci Pas Filter Oli Universal Alat Pelepas Kotak Oli Tiga Cakar Datar, Alat Perbaikan Kunci Pemasangan Dan Pelepas Sepeda Motor Yang Dapat Disesuaikan",1734432104041645565,GMV & produk terjual = 0,Aktif,Rp0,Rp0,Rp0,Rp0,Rp0,Rp0,Rp0,Rp0,Rp0,Rp0,Rp0,Rp0,Rp0,Rp0,Rp0,0,0,0,0,Rp0,850,12,1.41%,0,0.00%,0.00%,777,12,1.54%,0,0.00%,0.00%,Rp0,Rp0,Rp0,Rp0,Rp0,0,0,431,4,4,0,0.93%,0.00%,Rp0,0,Rp0,Rp0,Rp0,0,0,0,0,0,0,0,0,Rp0,1,70,1,1.43%,0,0.00%,0.00%,57,1,1.75%,0,0.00%,0.00%,Rp0,Rp0,Rp0,0,0,0,0,0,0,0,0,Rp0,0,0,0,0.00%,0,0.00%,0.00%,0,0,0.00%,0,0.00%,0.00%,Rp0,Rp0,Rp0,Rp0,Rp0,Rp0,Rp0,0,0,0,0,Rp0,0,0,0,0,0,0.00%,0,0.00%,0.00%,0,0,0.00%,0,0.00%,0.00%,0,0,0.00%,0,0.00%,0.00%,0,0,0.00%,0,0.00%,0.00%,0,0,0.00%,0,0.00%,0.00%,0,0,0.00%,0,0.00%,0.00%,Rp0,Rp0,Rp0,0,0,0,0,0,0,0,0,Rp0,779,11,1.41%,0,0.00%,0.00%,715,11,1.54%,0,0.00%,0.00%
PAKET YUKIDO POMPA GEMUK TANGAN 500CC + KEPALA POMPA ACC GREASE GUN BERTEKANAN TINGGI,1729460826340689405,GMV & produk terjual = 0,Aktif,Rp0,Rp0,Rp0,Rp0,Rp0,Rp0,Rp0,Rp0,Rp0,Rp0,Rp0,Rp0,Rp0,Rp0,Rp0,0,0,0,0,Rp0,248,9,3.63%,1,11.11%,0.00%,232,8,3.45%,1,12.50%,0.00%,Rp0,Rp0,Rp0,Rp0,Rp0,0,0,130,2,2,0,1.54%,0.00%,Rp0,0,Rp0,Rp0,Rp0,0,0,0,0,0,0,0,0,Rp0,0,0,0,0.00%,0,0.00%,0.00%,0,0,0.00%,0,0.00%,0.00%,Rp0,Rp0,Rp0,0,0,0,0,0,0,0,0,Rp0,0,0,0,0.00%,0,0.00%,0.00%,0,0,0.00%,0,0.00%,0.00%,Rp0,Rp0,Rp0,Rp0,Rp0,Rp0,Rp0,0,0,0,0,Rp0,0,0,0,0,0,0.00%,0,0.00%,0.00%,0,0,0.00%,0,0.00%,0.00%,0,0,0.00%,0,0.00%,0.00%,0,0,0.00%,0,0.00%,0.00%,0,0,0.00%,0,0.00%,0.00%,0,0,0.00%,0,0.00%,0.00%,Rp0,Rp0,Rp0,0,0,0,0,0,0,0,0,Rp0,248,9,3.63%,1,11.11%,0.00%,217,7,3.23%,1,14.29%,0.00%
YUKIDO AB-400ML Tabung Spraygun 400ml Untuk Spray Gun F75G & F100G Tabung Atas Spraygun Cup Kapasitas Besar Kompatibel dengan Semua Merek Cat,1731620402672010749,GMV & produk terjual = 0,Aktif,Rp0,Rp0,Rp0,Rp0,Rp0,Rp0,Rp0,Rp0,Rp0,Rp0,Rp0,Rp0,Rp0,Rp0,Rp0,0,0,0,0,Rp0,604,4,0.66%,1,25.00%,0.00%,540,3,0.56%,1,33.33%,0.00%,Rp0,Rp0,Rp0,Rp0,Rp0,0,0,274,1,1,0,0.36%,0.00%,Rp0,0,Rp0,Rp0,Rp0,0,0,0,0,0,0,0,0,Rp0,5,228,0,0.00%,0,0.00%,0.00%,190,0,0.00%,0,0.00%,0.00%,Rp0,Rp0,Rp0,0,0,0,0,0,0,0,0,Rp0,0,0,0,0.00%,0,0.00%,0.00%,0,0,0.00%,0,0.00%,0.00%,Rp0,Rp0,Rp0,Rp0,Rp0,Rp0,Rp0,0,0,0,0,Rp0,0,0,0,0,0,0.00%,0,0.00%,0.00%,0,0,0.00%,0,0.00%,0.00%,0,0,0.00%,0,0.00%,0.00%,0,0,0.00%,0,0.00%,0.00%,0,0,0.00%,0,0.00%,0.00%,0,0,0.00%,0,0.00%,0.00%,Rp0,Rp0,Rp0,0,0,0,0,0,0,0,0,Rp0,376,4,1.06%,1,25.00%,0.00%,346,3,0.87%,1,33.33%,0.00%
Stik Power Sprayer Sanchin 20 cm/ 30 cm/ 45 cm / Spray Gun Jet Cleaner Cuci Steam Car,1729560509143221757,GMV & produk terjual = 0,Aktif,Rp0,Rp0,Rp0,Rp0,Rp0,Rp0,Rp0,Rp0,Rp0,Rp0,Rp0,Rp0,Rp0,Rp0,Rp0,0,0,0,0,Rp0,4229,105,2.48%,2,1.90%,0.00%,3570,94,2.63%,2,2.13%,0.00%,Rp0,Rp0,Rp0,Rp0,Rp0,0,0,2577,48,43,0,1.86%,0.00%,Rp0,0,Rp0,Rp0,Rp0,0,0,0,0,0,0,0,0,Rp0,2,38,1,2.63%,0,0.00%,0.00%,30,1,3.33%,0,0.00%,0.00%,Rp0,Rp0,Rp0,0,0,0,0,0,0,0,0,Rp0,1,13,1,7.69%,0,0.00%,0.00%,13,1,7.69%,0,0.00%,0.00%,Rp0,Rp0,Rp0,Rp0,Rp0,Rp0,Rp0,0,0,0,0,Rp0,2,0,2,1288,41,3.18%,0,0.00%,0.00%,1128,38,3.37%,0,0.00%,0.00%,0,0,0.00%,0,0.00%,0.00%,0,0,0.00%,0,0.00%,0.00%,1237,39,3.15%,0,0.00%,0.00%,1102,36,3.27%,0,0.00%,0.00%,Rp0,Rp0,Rp0,0,0,0,0,0,0,0,0,Rp0,2890,62,2.15%,2,3.23%,0.00%,2553,57,2.23%,2,3.51%,0.00%
"PAKET HEMAT Mata Gerinda 4inch Mata Potong Serbaguna,Amplas dan Poles Dengan Tatakan dan Amplas Tempel",1731948063516296701,GMV & produk terjual = 0,Aktif,Rp0,Rp0,Rp0,Rp0,Rp0,Rp0,Rp0,Rp0,Rp0,Rp0,Rp0,Rp0,Rp0,Rp0,Rp0,0,0,0,0,Rp0,1301,29,2.23%,3,10.34%,0.00%,1199,25,2.09%,3,12.00%,0.00%,Rp0,Rp0,Rp0,Rp0,Rp0,0,0,666,17,14,0,2.55%,0.00%,Rp0,0,Rp0,Rp0,Rp0,0,0,0,0,0,0,0,0,Rp0,0,0,0,0.00%,0,0.00%,0.00%,0,0,0.00%,0,0.00%,0.00%,Rp0,Rp0,Rp0,0,0,0,0,0,0,0,0,Rp0,0,0,0,0.00%,0,0.00%,0.00%,0,0,0.00%,0,0.00%,0.00%,Rp0,Rp0,Rp0,Rp0,Rp0,Rp0,Rp0,0,0,0,0,Rp0,0,0,0,30,0,0.00%,0,0.00%,0.00%,28,0,0.00%,0,0.00%,0.00%,0,0,0.00%,0,0.00%,0.00%,0,0,0.00%,0,0.00%,0.00%,5,0,0.00%,0,0.00%,0.00%,5,0,0.00%,0,0.00%,0.00%,Rp0,Rp0,Rp0,0,0,0,0,0,0,0,0,Rp0,1271,29,2.28%,3,10.34%,0.00%,1172,25,2.13%,3,12.00%,0.00%
Paket Termurah Tang Las Set Kabel 3 Meter Tang Massa Masa Set Kabel 2 Meter Kabel 25 Mm Hitam,1731974276284057085,GMV & produk terjual = 0,Aktif,Rp0,Rp0,Rp0,Rp0,Rp0,Rp0,Rp0,Rp0,Rp0,Rp0,Rp0,Rp0,Rp0,Rp0,Rp0,0,0,0,0,Rp0,1894,108,5.70%,1,0.93%,0.00%,1701,91,5.35%,1,1.10%,0.00%,Rp0,Rp0,Rp0,Rp0,Rp0,0,0,1107,64,56,0,5.78%,0.00%,Rp0,0,Rp0,Rp0,Rp0,0,0,0,0,0,0,0,0,Rp0,0,0,0,0.00%,0,0.00%,0.00%,0,0,0.00%,0,0.00%,0.00%,Rp0,Rp0,Rp0,0,0,0,0,0,0,0,0,Rp0,0,0,0,0.00%,0,0.00%,0.00%,0,0,0.00%,0,0.00%,0.00%,Rp0,Rp0,Rp0,Rp0,Rp0,Rp0,Rp0,0,0,0,0,Rp0,0,0,0,151,10,6.62%,0,0.00%,0.00%,107,8,7.48%,0,0.00%,0.00%,0,0,0.00%,0,0.00%,0.00%,0,0,0.00%,0,0.00%,0.00%,99,9,9.09%,0,0.00%,0.00%,84,7,8.33%,0,0.00%,0.00%,Rp0,Rp0,Rp0,0,0,0,0,0,0,0,0,Rp0,1743,98,5.62%,1,1.02%,0.00%,1587,81,5.10%,1,1.23%,0.00%
Adaptor Sambungan Chainsaw - Gerinda Menjadi Gergaji Chainsaw Senso Gurinda Graji Kayu Pohon ELLKA-HANYA ADAPTOR BUKAN MESIN!!,1729657921150354941,GMV & produk terjual = 0,Nonaktif,Rp0,Rp0,Rp0,Rp0,Rp0,Rp0,Rp0,Rp0,Rp0,Rp0,Rp0,Rp0,Rp0,Rp0,Rp0,0,0,0,0,Rp0,1999,51,2.55%,0,0.00%,0.00%,1314,30,2.28%,0,0.00%,0.00%,Rp0,Rp0,Rp0,Rp0,Rp0,0,0,1030,11,8,0,1.07%,0.00%,Rp0,0,Rp0,Rp0,Rp0,0,0,0,0,0,0,0,0,Rp0,0,0,0,0.00%,0,0.00%,0.00%,0,0,0.00%,0,0.00%,0.00%,Rp0,Rp0,Rp0,0,0,0,0,0,0,0,0,Rp0,0,0,0,0.00%,0,0.00%,0.00%,0,0,0.00%,0,0.00%,0.00%,Rp0,Rp0,Rp0,Rp0,Rp0,Rp0,Rp0,0,0,0,0,Rp0,0,0,0,113,35,30.97%,0,0.00%,0.00%,65,17,26.15%,0,0.00%,0.00%,0,0,0.00%,0,0.00%,0.00%,0,0,0.00%,0,0.00%,0.00%,69,35,50.72%,0,0.00%,0.00%,31,17,54.84%,0,0.00%,0.00%,Rp0,Rp0,Rp0,0,0,0,0,0,0,0,0,Rp0,1886,16,0.85%,0,0.00%,0.00%,1234,13,1.05%,0,0.00%,0.00%
YUKIDO Tang Kombinasi Tang Lancip Tang Potong tang kawat tang potong6  inch steel pvc handle/tang set linesman pliers long nose plier tang lancip 6 inch,1729641667506244093,GMV & produk terjual = 0,Aktif,Rp0,Rp0,Rp0,Rp0,Rp0,Rp0,Rp0,Rp0,Rp0,Rp0,Rp0,Rp0,Rp0,Rp0,Rp0,0,0,0,0,Rp0,1185,29,2.45%,3,10.34%,0.00%,1059,29,2.74%,3,10.34%,0.00%,Rp0,Rp0,Rp0,Rp0,Rp0,0,0,504,11,11,0,2.18%,0.00%,Rp0,0,Rp0,Rp0,Rp0,0,0,0,0,0,0,0,0,Rp0,4,33,0,0.00%,0,0.00%,0.00%,28,0,0.00%,0,0.00%,0.00%,Rp0,Rp0,Rp0,0,0,0,0,0,0,0,0,Rp0,0,1,0,0.00%,0,0.00%,0.00%,1,0,0.00%,0,0.00%,0.00%,Rp0,Rp0,Rp0,Rp0,Rp0,Rp0,Rp0,0,0,0,0,Rp0,5,2,3,227,4,1.76%,0,0.00%,0.00%,160,4,2.50%,0,0.00%,0.00%,151,1,0.66%,0,0.00%,0.00%,89,1,1.12%,0,0.00%,0.00%,75,3,4.00%,0,0.00%,0.00%,70,3,4.29%,0,0.00%,0.00%,Rp0,Rp0,Rp0,0,0,0,0,0,0,0,0,Rp0,924,25,2.71%,3,12.00%,0.00%,862,25,2.90%,3,12.00%,0.00%
YUKIDO TREKER BEARING PULLER SET 5PCS TREKER LEPAS BEARING SELONGSONG BESAR,1729666648290658813,GMV & produk terjual = 0,Aktif,Rp0,Rp0,Rp0,Rp0,Rp0,Rp0,Rp0,Rp0,Rp0,Rp0,Rp0,Rp0,Rp0,Rp0,Rp0,0,0,0,0,Rp0,2949,67,2.27%,0,0.00%,0.00%,2552,62,2.43%,0,0.00%,0.00%,Rp0,Rp0,Rp0,Rp0,Rp0,0,0,1424,28,27,0,1.97%,0.00%,Rp0,0,Rp0,Rp0,Rp0,0,0,0,0,0,0,0,0,Rp0,53,367,2,0.54%,0,0.00%,0.00%,333,2,0.60%,0,0.00%,0.00%,Rp0,Rp0,Rp0,0,0,0,0,0,0,0,0,Rp0,0,533,15,2.81%,0,0.00%,0.00%,431,13,3.02%,0,0.00%,0.00%,Rp0,Rp0,Rp0,Rp0,Rp0,Rp0,Rp0,0,0,0,0,Rp0,0,0,0,385,14,3.64%,0,0.00%,0.00%,301,14,4.65%,0,0.00%,0.00%,0,0,0.00%,0,0.00%,0.00%,0,0,0.00%,0,0.00%,0.00%,293,11,3.75%,0,0.00%,0.00%,224,11,4.91%,0,0.00%,0.00%,Rp0,Rp0,Rp0,0,0,0,0,0,0,0,0,Rp0,1664,36,2.16%,0,0.00%,0.00%,1501,34,2.27%,0,0.00%,0.00%
YUKIDO KUNCI SHOCK L SATUAN 8mm - 19mm KUNCI L,1729688615071812093,GMV & produk terjual = 0,Aktif,Rp0,Rp0,Rp0,Rp0,Rp0,Rp0,Rp0,Rp0,Rp0,Rp0,Rp0,Rp0,Rp0,Rp0,Rp0,0,0,0,0,Rp0,2921,99,3.39%,2,2.02%,0.00%,2636,84,3.19%,2,2.38%,0.00%,Rp0,Rp0,Rp0,Rp0,Rp0,0,0,1870,71,58,0,3.80%,0.00%,Rp0,0,Rp0,Rp0,Rp0,0,0,0,0,0,0,0,0,Rp0,0,0,0,0.00%,0,0.00%,0.00%,0,0,0.00%,0,0.00%,0.00%,Rp0,Rp0,Rp0,0,0,0,0,0,0,0,0,Rp0,0,0,0,0.00%,0,0.00%,0.00%,0,0,0.00%,0,0.00%,0.00%,Rp0,Rp0,Rp0,Rp0,Rp0,Rp0,Rp0,0,0,0,0,Rp0,0,0,0,149,4,2.68%,0,0.00%,0.00%,127,3,2.36%,0,0.00%,0.00%,0,0,0.00%,0,0.00%,0.00%,0,0,0.00%,0,0.00%,0.00%,145,4,2.76%,0,0.00%,0.00%,123,3,2.44%,0,0.00%,0.00%,Rp0,Rp0,Rp0,0,0,0,0,0,0,0,0,Rp0,2773,95,3.43%,2,2.11%,0.00%,2481,81,3.26%,2,2.47%,0.00%
Paket Kompressor Komplit 6 Item Lengkap Kompresor Angin Listrik air Compressor / Mesin Kompresor Listrik 9 Liter HNL,1729736784859203069,GMV & produk terjual = 0,Aktif,Rp0,Rp0,Rp0,Rp0,Rp0,Rp0,Rp0,Rp0,Rp0,Rp0,Rp0,Rp0,Rp0,Rp0,Rp0,0,0,0,0,Rp0,2865,146,5.10%,0,0.00%,0.00%,2370,128,5.40%,0,0.00%,0.00%,Rp0,Rp0,Rp0,Rp0,Rp0,0,0,656,16,13,0,2.44%,0.00%,Rp0,0,Rp0,Rp0,Rp0,0,0,0,0,0,0,0,0,Rp0,0,0,0,0.00%,0,0.00%,0.00%,0,0,0.00%,0,0.00%,0.00%,Rp0,Rp0,Rp0,0,0,0,0,0,0,0,0,Rp0,0,88,4,4.55%,0,0.00%,0.00%,73,2,2.74%,0,0.00%,0.00%,Rp0,Rp0,Rp0,Rp0,Rp0,Rp0,Rp0,0,0,0,0,Rp0,0,0,0,2184,128,5.86%,0,0.00%,0.00%,1752,113,6.45%,0,0.00%,0.00%,0,0,0.00%,0,0.00%,0.00%,0,0,0.00%,0,0.00%,0.00%,2066,128,6.20%,0,0.00%,0.00%,1667,113,6.78%,0,0.00%,0.00%,Rp0,Rp0,Rp0,0,0,0,0,0,0,0,0,Rp0,594,14,2.36%,0,0.00%,0.00%,527,12,2.28%,0,0.00%,0.00%
"Alat Pembuka Drat Cabut Keran Kran Pipa Patah Karat Rusak 1/2"" 3/8"" Doll Pipe Screw Extractor",1732920671312774653,GMV & produk terjual = 0,Aktif,Rp0,Rp0,Rp0,Rp0,Rp0,Rp0,Rp0,Rp0,Rp0,Rp0,Rp0,Rp0,Rp0,Rp0,Rp0,0,0,0,0,Rp0,825,9,1.09%,0,0.00%,0.00%,766,9,1.17%,0,0.00%,0.00%,Rp0,Rp0,Rp0,Rp0,Rp0,0,0,522,5,5,0,0.96%,0.00%,Rp0,0,Rp0,Rp0,Rp0,0,0,0,0,0,0,0,0,Rp0,0,0,0,0.00%,0,0.00%,0.00%,0,0,0.00%,0,0.00%,0.00%,Rp0,Rp0,Rp0,0,0,0,0,0,0,0,0,Rp0,0,1,0,0.00%,0,0.00%,0.00%,1,0,0.00%,0,0.00%,0.00%,Rp0,Rp0,Rp0,Rp0,Rp0,Rp0,Rp0,0,0,0,0,Rp0,0,0,0,0,0,0.00%,0,0.00%,0.00%,0,0,0.00%,0,0.00%,0.00%,0,0,0.00%,0,0.00%,0.00%,0,0,0.00%,0,0.00%,0.00%,0,0,0.00%,0,0.00%,0.00%,0,0,0.00%,0,0.00%,0.00%,Rp0,Rp0,Rp0,0,0,0,0,0,0,0,0,Rp0,824,9,1.09%,0,0.00%,0.00%,759,9,1.19%,0,0.00%,0.00%
"3"" MATI / Roda Karet Troli Troly MATI 3"" inch",1733007860020971005,GMV & produk terjual = 0,Aktif,Rp0,Rp0,Rp0,Rp0,Rp0,Rp0,Rp0,Rp0,Rp0,Rp0,Rp0,Rp0,Rp0,Rp0,Rp0,0,0,0,0,Rp0,520,12,2.31%,0,0.00%,0.00%,483,9,1.86%,0,0.00%,0.00%,Rp0,Rp0,Rp0,Rp0,Rp0,0,0,282,6,3,0,2.13%,0.00%,Rp0,0,Rp0,Rp0,Rp0,0,0,0,0,0,0,0,0,Rp0,4,33,0,0.00%,0,0.00%,0.00%,31,0,0.00%,0,0.00%,0.00%,Rp0,Rp0,Rp0,0,0,0,0,0,0,0,0,Rp0,0,0,0,0.00%,0,0.00%,0.00%,0,0,0.00%,0,0.00%,0.00%,Rp0,Rp0,Rp0,Rp0,Rp0,Rp0,Rp0,0,0,0,0,Rp0,1,0,1,15,0,0.00%,0,0.00%,0.00%,13,0,0.00%,0,0.00%,0.00%,0,0,0.00%,0,0.00%,0.00%,0,0,0.00%,0,0.00%,0.00%,15,0,0.00%,0,0.00%,0.00%,13,0,0.00%,0,0.00%,0.00%,Rp0,Rp0,Rp0,0,0,0,0,0,0,0,0,Rp0,471,12,2.55%,0,0.00%,0.00%,432,9,2.08%,0,0.00%,0.00%
YUKIDO SHEET SANDER/ MESIN AMPLAS AB-941FW,1729641680839805437,GMV & produk terjual = 0,Aktif,Rp0,Rp0,Rp0,Rp0,Rp0,Rp0,Rp0,Rp0,Rp0,Rp0,Rp0,Rp0,Rp0,Rp0,Rp0,0,0,0,0,Rp0,594,6,1.01%,0,0.00%,0.00%,525,6,1.14%,0,0.00%,0.00%,Rp0,Rp0,Rp0,Rp0,Rp0,0,0,92,1,1,0,1.09%,0.00%,Rp0,0,Rp0,Rp0,Rp0,0,0,0,0,0,0,0,0,Rp0,5,480,4,0.83%,0,0.00%,0.00%,419,4,0.95%,0,0.00%,0.00%,Rp0,Rp0,Rp0,0,0,0,0,0,0,0,0,Rp0,0,0,0,0.00%,0,0.00%,0.00%,0,0,0.00%,0,0.00%,0.00%,Rp0,Rp0,Rp0,Rp0,Rp0,Rp0,Rp0,0,0,0,0,Rp0,0,0,0,0,0,0.00%,0,0.00%,0.00%,0,0,0.00%,0,0.00%,0.00%,0,0,0.00%,0,0.00%,0.00%,0,0,0.00%,0,0.00%,0.00%,0,0,0.00%,0,0.00%,0.00%,0,0,0.00%,0,0.00%,0.00%,Rp0,Rp0,Rp0,0,0,0,0,0,0,0,0,Rp0,113,2,1.77%,0,0.00%,0.00%,93,2,2.15%,0,0.00%,0.00%
Kunci Ring Pas Set 11pcs 8-24mm/dengan tas penyimpanan Kunci pcs set 8-24mm Set 11 Pcs Kunci Ring pas Set Tools 8/9/10/11/12/13/14/17/18/19/21/22/24 mm bolak balik Combination spanner wrench dengan tas penyimpanan Set 11,1730207246263092733,GMV & produk terjual = 0,Aktif,Rp0,Rp0,Rp0,Rp0,Rp0,Rp0,Rp0,Rp0,Rp0,Rp0,Rp0,Rp0,Rp0,Rp0,Rp0,0,0,0,0,Rp0,3518,73,2.08%,1,1.37%,0.00%,3124,71,2.27%,1,1.41%,0.00%,Rp0,Rp0,Rp0,Rp0,Rp0,0,0,255,8,7,0,3.14%,0.00%,Rp0,0,Rp0,Rp0,Rp0,0,0,0,0,0,0,0,0,Rp0,32,1489,19,1.28%,1,5.26%,0.00%,1350,19,1.41%,1,5.26%,0.00%,Rp0,Rp0,Rp0,0,0,0,0,0,0,0,0,Rp0,0,2,0,0.00%,0,0.00%,0.00%,2,0,0.00%,0,0.00%,0.00%,Rp0,Rp0,Rp0,Rp0,Rp0,Rp0,Rp0,0,0,0,0,Rp0,11,7,6,1673,39,2.33%,0,0.00%,0.00%,1471,38,2.58%,0,0.00%,0.00%,908,10,1.10%,0,0.00%,0.00%,829,10,1.21%,0,0.00%,0.00%,665,28,4.21%,0,0.00%,0.00%,588,27,4.59%,0,0.00%,0.00%,Rp0,Rp0,Rp0,0,0,0,0,0,0,0,0,Rp0,354,15,4.24%,0,0.00%,0.00%,311,14,4.50%,0,0.00%,0.00%
Jet Cleaner Mesin Cuci Steam Mobil dan Motor H&L ABW VRS 60 / VRS60,1733390247766492669,GMV & produk terjual = 0,Aktif,Rp0,Rp0,Rp0,Rp0,Rp0,Rp0,Rp0,Rp0,Rp0,Rp0,Rp0,Rp0,Rp0,Rp0,Rp0,0,0,0,0,Rp0,3131,110,3.51%,2,1.82%,0.00%,2661,91,3.42%,1,1.10%,0.00%,Rp0,Rp0,Rp0,Rp0,Rp0,0,0,1317,36,30,0,2.73%,0.00%,Rp0,0,Rp0,Rp0,Rp0,0,0,0,0,0,0,0,0,Rp0,1,207,4,1.93%,0,0.00%,0.00%,184,4,2.17%,0,0.00%,0.00%,Rp0,Rp0,Rp0,0,0,0,0,0,0,0,0,Rp0,0,0,0,0.00%,0,0.00%,0.00%,0,0,0.00%,0,0.00%,0.00%,Rp0,Rp0,Rp0,Rp0,Rp0,Rp0,Rp0,0,0,0,0,Rp0,10,10,2,1385,46,3.32%,0,0.00%,0.00%,1061,38,3.58%,0,0.00%,0.00%,580,13,2.24%,0,0.00%,0.00%,504,12,2.38%,0,0.00%,0.00%,647,31,4.79%,0,0.00%,0.00%,491,24,4.89%,0,0.00%,0.00%,Rp0,Rp0,Rp0,0,0,0,0,0,0,0,0,Rp0,1539,60,3.90%,2,3.33%,0.00%,1401,48,3.43%,1,2.08%,0.00%
Mesin Gerinda Duduk DRAGON I 6Inch sudah termasuk 2 batu poles,1731731145039840765,GMV & produk terjual = 0,Nonaktif,Rp0,Rp0,Rp0,Rp0,Rp0,Rp0,Rp0,Rp0,Rp0,Rp0,Rp0,Rp0,Rp0,Rp0,Rp0,0,0,0,0,Rp0,363,6,1.65%,0,0.00%,0.00%,189,3,1.59%,0,0.00%,0.00%,Rp0,Rp0,Rp0,Rp0,Rp0,0,0,210,0,0,0,0.00%,0.00%,Rp0,0,Rp0,Rp0,Rp0,0,0,0,0,0,0,0,0,Rp0,0,1,0,0.00%,0,0.00%,0.00%,1,0,0.00%,0,0.00%,0.00%,Rp0,Rp0,Rp0,0,0,0,0,0,0,0,0,Rp0,0,12,0,0.00%,0,0.00%,0.00%,2,0,0.00%,0,0.00%,0.00%,Rp0,Rp0,Rp0,Rp0,Rp0,Rp0,Rp0,0,0,0,0,Rp0,0,0,0,9,5,55.56%,0,0.00%,0.00%,6,2,33.33%,0,0.00%,0.00%,0,0,0.00%,0,0.00%,0.00%,0,0,0.00%,0,0.00%,0.00%,9,5,55.56%,0,0.00%,0.00%,6,2,33.33%,0,0.00%,0.00%,Rp0,Rp0,Rp0,0,0,0,0,0,0,0,0,Rp0,341,1,0.29%,0,0.00%,0.00%,179,1,0.56%,0,0.00%,0.00%
Klem Selang Cincin Ukuran 3/4 inch  Kualitas Terbaik,1734165713195730429,GMV & produk terjual = 0,Aktif,Rp0,Rp0,Rp0,Rp0,Rp0,Rp0,Rp0,Rp0,Rp0,Rp0,Rp0,Rp0,Rp0,Rp0,Rp0,0,0,0,0,Rp0,1715,14,0.82%,0,0.00%,0.00%,1577,13,0.82%,0,0.00%,0.00%,Rp0,Rp0,Rp0,Rp0,Rp0,0,0,1032,6,6,0,0.58%,0.00%,Rp0,0,Rp0,Rp0,Rp0,0,0,0,0,0,0,0,0,Rp0,0,0,0,0.00%,0,0.00%,0.00%,0,0,0.00%,0,0.00%,0.00%,Rp0,Rp0,Rp0,0,0,0,0,0,0,0,0,Rp0,0,1,0,0.00%,0,0.00%,0.00%,1,0,0.00%,0,0.00%,0.00%,Rp0,Rp0,Rp0,Rp0,Rp0,Rp0,Rp0,0,0,0,0,Rp0,0,0,0,0,0,0.00%,0,0.00%,0.00%,0,0,0.00%,0,0.00%,0.00%,0,0,0.00%,0,0.00%,0.00%,0,0,0.00%,0,0.00%,0.00%,0,0,0.00%,0,0.00%,0.00%,0,0,0.00%,0,0.00%,0.00%,Rp0,Rp0,Rp0,0,0,0,0,0,0,0,0,Rp0,1714,14,0.82%,0,0.00%,0.00%,1548,12,0.78%,0,0.00%,0.00%
Kunci Busi Fleksible 2 IN 1 16MM DAN 21MM CR-V / SPARKPLUG SOCKET 2 IN 1,1731770949441259005,GMV & produk terjual = 0,Aktif,Rp0,Rp0,Rp0,Rp0,Rp0,Rp0,Rp0,Rp0,Rp0,Rp0,Rp0,Rp0,Rp0,Rp0,Rp0,0,0,0,0,Rp0,1221,16,1.31%,0,0.00%,0.00%,1097,16,1.46%,0,0.00%,0.00%,Rp0,Rp0,Rp0,Rp0,Rp0,0,0,286,3,3,0,1.05%,0.00%,Rp0,0,Rp0,Rp0,Rp0,0,0,0,0,0,0,0,0,Rp0,37,642,6,0.93%,0,0.00%,0.00%,579,6,1.04%,0,0.00%,0.00%,Rp0,Rp0,Rp0,0,0,0,0,0,0,0,0,Rp0,1,233,4,1.72%,0,0.00%,0.00%,196,4,2.04%,0,0.00%,0.00%,Rp0,Rp0,Rp0,Rp0,Rp0,Rp0,Rp0,0,0,0,0,Rp0,0,0,0,4,0,0.00%,0,0.00%,0.00%,4,0,0.00%,0,0.00%,0.00%,0,0,0.00%,0,0.00%,0.00%,0,0,0.00%,0,0.00%,0.00%,0,0,0.00%,0,0.00%,0.00%,0,0,0.00%,0,0.00%,0.00%,Rp0,Rp0,Rp0,0,0,0,0,0,0,0,0,Rp0,342,6,1.75%,0,0.00%,0.00%,315,6,1.90%,0,0.00%,0.00%
FULL TEMBAGA!! Kabel Las 16mm Hitam Kabel Mesin Travo Las Listrik 16mm Hitam Original HARGA 2 METER,1731947824433628669,GMV & produk terjual = 0,Aktif,Rp0,Rp0,Rp0,Rp0,Rp0,Rp0,Rp0,Rp0,Rp0,Rp0,Rp0,Rp0,Rp0,Rp0,Rp0,0,0,0,0,Rp0,19,0,0.00%,0,0.00%,0.00%,17,0,0.00%,0,0.00%,0.00%,Rp0,Rp0,Rp0,Rp0,Rp0,0,0,10,0,0,0,0.00%,0.00%,Rp0,0,Rp0,Rp0,Rp0,0,0,0,0,0,0,0,0,Rp0,0,0,0,0.00%,0,0.00%,0.00%,0,0,0.00%,0,0.00%,0.00%,Rp0,Rp0,Rp0,0,0,0,0,0,0,0,0,Rp0,0,0,0,0.00%,0,0.00%,0.00%,0,0,0.00%,0,0.00%,0.00%,Rp0,Rp0,Rp0,Rp0,Rp0,Rp0,Rp0,0,0,0,0,Rp0,0,0,0,0,0,0.00%,0,0.00%,0.00%,0,0,0.00%,0,0.00%,0.00%,0,0,0.00%,0,0.00%,0.00%,0,0,0.00%,0,0.00%,0.00%,0,0,0.00%,0,0.00%,0.00%,0,0,0.00%,0,0.00%,0.00%,Rp0,Rp0,Rp0,0,0,0,0,0,0,0,0,Rp0,19,0,0.00%,0,0.00%,0.00%,6,0,0.00%,0,0.00%,0.00%
Sprayer 8 Liter Alat semprotan hama / sprayer hama 8 Liter Botol sprayer 8 liter tangki sprayer 8 Liter,1731969373071115773,GMV & produk terjual = 0,Aktif,Rp0,Rp0,Rp0,Rp0,Rp0,Rp0,Rp0,Rp0,Rp0,Rp0,Rp0,Rp0,Rp0,Rp0,Rp0,0,0,0,0,Rp0,121,0,0.00%,0,0.00%,0.00%,113,0,0.00%,0,0.00%,0.00%,Rp0,Rp0,Rp0,Rp0,Rp0,0,0,74,0,0,0,0.00%,0.00%,Rp0,0,Rp0,Rp0,Rp0,0,0,0,0,0,0,0,0,Rp0,0,0,0,0.00%,0,0.00%,0.00%,0,0,0.00%,0,0.00%,0.00%,Rp0,Rp0,Rp0,0,0,0,0,0,0,0,0,Rp0,0,0,0,0.00%,0,0.00%,0.00%,0,0,0.00%,0,0.00%,0.00%,Rp0,Rp0,Rp0,Rp0,Rp0,Rp0,Rp0,0,0,0,0,Rp0,0,0,0,3,0,0.00%,0,0.00%,0.00%,2,0,0.00%,0,0.00%,0.00%,0,0,0.00%,0,0.00%,0.00%,0,0,0.00%,0,0.00%,0.00%,0,0,0.00%,0,0.00%,0.00%,0,0,0.00%,0,0.00%,0.00%,Rp0,Rp0,Rp0,0,0,0,0,0,0,0,0,Rp0,118,0,0.00%,0,0.00%,0.00%,102,0,0.00%,0,0.00%,0.00%
HARGA TURUN!! KOMPRESOR EDON OILLESS 25 LITER 0.75 HP,1729643361503578621,GMV & produk terjual = 0,Aktif,Rp0,Rp0,Rp0,Rp0,Rp0,Rp0,Rp0,Rp0,Rp0,Rp0,Rp0,Rp0,Rp0,Rp0,Rp0,0,0,0,0,Rp0,475,10,2.11%,0,0.00%,0.00%,424,7,1.65%,0,0.00%,0.00%,Rp0,Rp0,Rp0,Rp0,Rp0,0,0,329,3,2,0,0.91%,0.00%,Rp0,0,Rp0,Rp0,Rp0,0,0,0,0,0,0,0,0,Rp0,0,0,0,0.00%,0,0.00%,0.00%,0,0,0.00%,0,0.00%,0.00%,Rp0,Rp0,Rp0,0,0,0,0,0,0,0,0,Rp0,0,0,0,0.00%,0,0.00%,0.00%,0,0,0.00%,0,0.00%,0.00%,Rp0,Rp0,Rp0,Rp0,Rp0,Rp0,Rp0,0,0,0,0,Rp0,0,0,0,1,0,0.00%,0,0.00%,0.00%,1,0,0.00%,0,0.00%,0.00%,0,0,0.00%,0,0.00%,0.00%,0,0,0.00%,0,0.00%,0.00%,0,0,0.00%,0,0.00%,0.00%,0,0,0.00%,0,0.00%,0.00%,Rp0,Rp0,Rp0,0,0,0,0,0,0,0,0,Rp0,474,10,2.11%,0,0.00%,0.00%,411,5,1.22%,0,0.00%,0.00%
Termurah!!!Kerekan / Katrol Sumur Rush Kapasitas 400kg 2inch Hijau,1729745040147121661,GMV & produk terjual = 0,Nonaktif,Rp0,Rp0,Rp0,Rp0,Rp0,Rp0,Rp0,Rp0,Rp0,Rp0,Rp0,Rp0,Rp0,Rp0,Rp0,0,0,0,0,Rp0,584,4,0.68%,0,0.00%,0.00%,302,4,1.32%,0,0.00%,0.00%,Rp0,Rp0,Rp0,Rp0,Rp0,0,0,373,2,2,0,0.54%,0.00%,Rp0,0,Rp0,Rp0,Rp0,0,0,0,0,0,0,0,0,Rp0,0,0,0,0.00%,0,0.00%,0.00%,0,0,0.00%,0,0.00%,0.00%,Rp0,Rp0,Rp0,0,0,0,0,0,0,0,0,Rp0,0,0,0,0.00%,0,0.00%,0.00%,0,0,0.00%,0,0.00%,0.00%,Rp0,Rp0,Rp0,Rp0,Rp0,Rp0,Rp0,0,0,0,0,Rp0,0,0,0,24,1,4.17%,0,0.00%,0.00%,15,1,6.67%,0,0.00%,0.00%,0,0,0.00%,0,0.00%,0.00%,0,0,0.00%,0,0.00%,0.00%,13,1,7.69%,0,0.00%,0.00%,9,1,11.11%,0,0.00%,0.00%,Rp0,Rp0,Rp0,0,0,0,0,0,0,0,0,Rp0,560,3,0.54%,0,0.00%,0.00%,285,3,1.05%,0,0.00%,0.00%
Welhome Selang Regulator Meteran Welhome Regulator SET  / Regulator SET,1735977745194845693,GMV & produk terjual = 0,Aktif,Rp0,Rp0,Rp0,Rp0,Rp0,Rp0,Rp0,Rp0,Rp0,Rp0,Rp0,Rp0,Rp0,Rp0,Rp0,0,0,0,0,Rp0,6450,143,2.22%,3,2.10%,0.00%,5921,124,2.09%,3,2.42%,0.00%,Rp0,Rp0,Rp0,Rp0,Rp0,0,0,3490,82,74,0,2.35%,0.00%,Rp0,0,Rp0,Rp0,Rp0,0,0,0,0,0,0,0,0,Rp0,9,224,3,1.34%,0,0.00%,0.00%,216,3,1.39%,0,0.00%,0.00%,Rp0,Rp0,Rp0,0,0,0,0,0,0,0,0,Rp0,0,0,0,0.00%,0,0.00%,0.00%,0,0,0.00%,0,0.00%,0.00%,Rp0,Rp0,Rp0,Rp0,Rp0,Rp0,Rp0,0,0,0,0,Rp0,2,1,1,130,1,0.77%,0,0.00%,0.00%,76,1,1.32%,0,0.00%,0.00%,62,0,0.00%,0,0.00%,0.00%,37,0,0.00%,0,0.00%,0.00%,44,0,0.00%,0,0.00%,0.00%,38,0,0.00%,0,0.00%,0.00%,Rp0,Rp0,Rp0,0,0,0,0,0,0,0,0,Rp0,6097,139,2.28%,3,2.16%,0.00%,5579,119,2.13%,3,2.52%,0.00%
RYU Impact Drill PAKE KOPER 13mm SET 27pc / bor set / mesin bor 13mm set RID13-1REB,1730422965811578365,GMV & produk terjual = 0,Aktif,Rp0,Rp0,Rp0,Rp0,Rp0,Rp0,Rp0,Rp0,Rp0,Rp0,Rp0,Rp0,Rp0,Rp0,Rp0,0,0,0,0,Rp0,413,18,4.36%,0,0.00%,0.00%,367,16,4.36%,0,0.00%,0.00%,Rp0,Rp0,Rp0,Rp0,Rp0,0,0,267,12,10,0,4.49%,0.00%,Rp0,0,Rp0,Rp0,Rp0,0,0,0,0,0,0,0,0,Rp0,0,0,0,0.00%,0,0.00%,0.00%,0,0,0.00%,0,0.00%,0.00%,Rp0,Rp0,Rp0,0,0,0,0,0,0,0,0,Rp0,0,0,0,0.00%,0,0.00%,0.00%,0,0,0.00%,0,0.00%,0.00%,Rp0,Rp0,Rp0,Rp0,Rp0,Rp0,Rp0,0,0,0,0,Rp0,0,0,0,0,0,0.00%,0,0.00%,0.00%,0,0,0.00%,0,0.00%,0.00%,0,0,0.00%,0,0.00%,0.00%,0,0,0.00%,0,0.00%,0.00%,0,0,0.00%,0,0.00%,0.00%,0,0,0.00%,0,0.00%,0.00%,Rp0,Rp0,Rp0,0,0,0,0,0,0,0,0,Rp0,413,18,4.36%,0,0.00%,0.00%,352,16,4.55%,0,0.00%,0.00%
Exhaust Fan Plafon Kipas Hexos 12 Inch 10 Inch Hemat Daya Tidak Berisik,1736046250163209725,GMV & produk terjual = 0,Aktif,Rp0,Rp0,Rp0,Rp0,Rp0,Rp0,Rp0,Rp0,Rp0,Rp0,Rp0,Rp0,Rp0,Rp0,Rp0,0,0,0,0,Rp0,1123,24,2.14%,4,16.67%,0.00%,1006,23,2.29%,4,17.39%,0.00%,Rp0,Rp0,Rp0,Rp0,Rp0,0,0,366,8,8,0,2.19%,0.00%,Rp0,0,Rp0,Rp0,Rp0,0,0,0,0,0,0,0,0,Rp0,7,268,5,1.87%,0,0.00%,0.00%,250,5,2.00%,0,0.00%,0.00%,Rp0,Rp0,Rp0,0,0,0,0,0,0,0,0,Rp0,1,32,1,3.13%,0,0.00%,0.00%,0,0,0.00%,0,0.00%,0.00%,Rp0,Rp0,Rp0,Rp0,Rp0,Rp0,Rp0,0,0,0,0,Rp0,3,2,1,246,4,1.63%,0,0.00%,0.00%,215,4,1.86%,0,0.00%,0.00%,170,3,1.76%,0,0.00%,0.00%,153,3,1.96%,0,0.00%,0.00%,27,1,3.70%,0,0.00%,0.00%,20,1,5.00%,0,0.00%,0.00%,Rp0,Rp0,Rp0,0,0,0,0,0,0,0,0,Rp0,576,14,2.43%,4,28.57%,0.00%,507,13,2.56%,4,30.77%,0.00%
PAKET [5 ITEM] MIKAYO Paket Tukang Kayu Lengkap Mesin Planer/Serut + Circular Gerinda Saw + bor 10mm+Mesin Gerinda+Mesin Profil KAYU roUTER,1736519914078832125,GMV & produk terjual = 0,Aktif,Rp0,Rp0,Rp0,Rp0,Rp0,Rp0,Rp0,Rp0,Rp0,Rp0,Rp0,Rp0,Rp0,Rp0,Rp0,0,0,0,0,Rp0,375,12,3.20%,0,0.00%,0.00%,255,12,4.71%,0,0.00%,0.00%,Rp0,Rp0,Rp0,Rp0,Rp0,0,0,126,2,2,0,1.59%,0.00%,Rp0,0,Rp0,Rp0,Rp0,0,0,0,0,0,0,0,0,Rp0,0,0,0,0.00%,0,0.00%,0.00%,0,0,0.00%,0,0.00%,0.00%,Rp0,Rp0,Rp0,0,0,0,0,0,0,0,0,Rp0,0,0,0,0.00%,0,0.00%,0.00%,0,0,0.00%,0,0.00%,0.00%,Rp0,Rp0,Rp0,Rp0,Rp0,Rp0,Rp0,0,0,0,0,Rp0,4,3,1,120,3,2.50%,0,0.00%,0.00%,14,1,7.14%,0,0.00%,0.00%,59,2,3.39%,0,0.00%,0.00%,13,1,7.69%,0,0.00%,0.00%,0,0,0.00%,0,0.00%,0.00%,0,0,0.00%,0,0.00%,0.00%,Rp0,Rp0,Rp0,0,0,0,0,0,0,0,0,Rp0,252,9,3.57%,0,0.00%,0.00%,72,5,6.94%,0,0.00%,0.00%
BOSCH GKS 130 Mesin Gergaji Sirkel Listrik - 06016C30K0,1733079645849159165,GMV & produk terjual = 0,Aktif,Rp0,Rp0,Rp0,Rp0,Rp0,Rp0,Rp0,Rp0,Rp0,Rp0,Rp0,Rp0,Rp0,Rp0,Rp0,0,0,0,0,Rp0,1677,53,3.16%,1,1.89%,0.00%,1432,41,2.86%,1,2.44%,0.00%,Rp0,Rp0,Rp0,Rp0,Rp0,0,0,287,10,9,0,3.48%,0.00%,Rp0,0,Rp0,Rp0,Rp0,0,0,0,0,0,0,0,0,Rp0,0,4,0,0.00%,0,0.00%,0.00%,4,0,0.00%,0,0.00%,0.00%,Rp0,Rp0,Rp0,0,0,0,0,0,0,0,0,Rp0,0,0,0,0.00%,0,0.00%,0.00%,0,0,0.00%,0,0.00%,0.00%,Rp0,Rp0,Rp0,Rp0,Rp0,Rp0,Rp0,0,0,0,0,Rp0,2,2,0,1507,52,3.45%,1,1.92%,0.00%,1278,40,3.13%,1,2.50%,0.00%,1027,22,2.14%,0,0.00%,0.00%,878,18,2.05%,0,0.00%,0.00%,451,28,6.21%,1,3.57%,0.00%,376,20,5.32%,1,5.00%,0.00%,Rp0,Rp0,Rp0,0,0,0,0,0,0,0,0,Rp0,166,1,0.60%,0,0.00%,0.00%,146,1,0.68%,0,0.00%,0.00%
Dongkrak Buaya Hidrolik 2 Ton + Kotak Hardcase,1732247847044548093,GMV & produk terjual = 0,Aktif,Rp0,Rp0,Rp0,Rp0,Rp0,Rp0,Rp0,Rp0,Rp0,Rp0,Rp0,Rp0,Rp0,Rp0,Rp0,0,0,0,0,Rp0,305,8,2.62%,0,0.00%,0.00%,274,8,2.92%,0,0.00%,0.00%,Rp0,Rp0,Rp0,Rp0,Rp0,0,0,172,5,5,0,2.91%,0.00%,Rp0,0,Rp0,Rp0,Rp0,0,0,0,0,0,0,0,0,Rp0,0,0,0,0.00%,0,0.00%,0.00%,0,0,0.00%,0,0.00%,0.00%,Rp0,Rp0,Rp0,0,0,0,0,0,0,0,0,Rp0,0,1,0,0.00%,0,0.00%,0.00%,1,0,0.00%,0,0.00%,0.00%,Rp0,Rp0,Rp0,Rp0,Rp0,Rp0,Rp0,0,0,0,0,Rp0,0,0,0,8,0,0.00%,0,0.00%,0.00%,8,0,0.00%,0,0.00%,0.00%,0,0,0.00%,0,0.00%,0.00%,0,0,0.00%,0,0.00%,0.00%,1,0,0.00%,0,0.00%,0.00%,1,0,0.00%,0,0.00%,0.00%,Rp0,Rp0,Rp0,0,0,0,0,0,0,0,0,Rp0,296,8,2.70%,0,0.00%,0.00%,261,8,3.07%,0,0.00%,0.00%
Tahanan Treker Magnet Rumah Kopling Yukido,1729642916022159869,GMV & produk terjual = 0,Aktif,Rp0,Rp0,Rp0,Rp0,Rp0,Rp0,Rp0,Rp0,Rp0,Rp0,Rp0,Rp0,Rp0,Rp0,Rp0,0,0,0,0,Rp0,463,17,3.67%,0,0.00%,0.00%,436,14,3.21%,0,0.00%,0.00%,Rp0,Rp0,Rp0,Rp0,Rp0,0,0,263,12,10,0,4.56%,0.00%,Rp0,0,Rp0,Rp0,Rp0,0,0,0,0,0,0,0,0,Rp0,0,0,0,0.00%,0,0.00%,0.00%,0,0,0.00%,0,0.00%,0.00%,Rp0,Rp0,Rp0,0,0,0,0,0,0,0,0,Rp0,0,0,0,0.00%,0,0.00%,0.00%,0,0,0.00%,0,0.00%,0.00%,Rp0,Rp0,Rp0,Rp0,Rp0,Rp0,Rp0,0,0,0,0,Rp0,0,0,0,2,0,0.00%,0,0.00%,0.00%,2,0,0.00%,0,0.00%,0.00%,0,0,0.00%,0,0.00%,0.00%,0,0,0.00%,0,0.00%,0.00%,0,0,0.00%,0,0.00%,0.00%,0,0,0.00%,0,0.00%,0.00%,Rp0,Rp0,Rp0,0,0,0,0,0,0,0,0,Rp0,461,17,3.69%,0,0.00%,0.00%,432,14,3.24%,0,0.00%,0.00%
"TEKIRO TANG KOMBINASI 8 INCHI LINESMAN PLIERS 8"" PL-LM0759",1729559819495179773,GMV & produk terjual = 0,Aktif,Rp0,Rp0,Rp0,Rp0,Rp0,Rp0,Rp0,Rp0,Rp0,Rp0,Rp0,Rp0,Rp0,Rp0,Rp0,0,0,0,0,Rp0,1208,21,1.74%,1,4.76%,0.00%,1103,21,1.90%,1,4.76%,0.00%,Rp0,Rp0,Rp0,Rp0,Rp0,0,0,654,9,9,0,1.38%,0.00%,Rp0,0,Rp0,Rp0,Rp0,0,0,0,0,0,0,0,0,Rp0,0,0,0,0.00%,0,0.00%,0.00%,0,0,0.00%,0,0.00%,0.00%,Rp0,Rp0,Rp0,0,0,0,0,0,0,0,0,Rp0,0,92,3,3.26%,0,0.00%,0.00%,72,3,4.17%,0,0.00%,0.00%,Rp0,Rp0,Rp0,Rp0,Rp0,Rp0,Rp0,0,0,0,0,Rp0,0,0,0,44,1,2.27%,0,0.00%,0.00%,29,1,3.45%,0,0.00%,0.00%,0,0,0.00%,0,0.00%,0.00%,0,0,0.00%,0,0.00%,0.00%,6,0,0.00%,0,0.00%,0.00%,5,0,0.00%,0,0.00%,0.00%,Rp0,Rp0,Rp0,0,0,0,0,0,0,0,0,Rp0,1072,17,1.59%,1,5.88%,0.00%,1001,17,1.70%,1,5.88%,0.00%
TEKIRO Kunci Sock Socket Set 10 Pcs Merek Tekiro 1/2DR 8-24mm 6pt Original Ready Kunci Shock Set Tekiro,1729646491087505917,GMV & produk terjual = 0,Aktif,Rp0,Rp0,Rp0,Rp0,Rp0,Rp0,Rp0,Rp0,Rp0,Rp0,Rp0,Rp0,Rp0,Rp0,Rp0,0,0,0,0,Rp0,38,0,0.00%,0,0.00%,0.00%,23,0,0.00%,0,0.00%,0.00%,Rp0,Rp0,Rp0,Rp0,Rp0,0,0,26,0,0,0,0.00%,0.00%,Rp0,0,Rp0,Rp0,Rp0,0,0,0,0,0,0,0,0,Rp0,0,0,0,0.00%,0,0.00%,0.00%,0,0,0.00%,0,0.00%,0.00%,Rp0,Rp0,Rp0,0,0,0,0,0,0,0,0,Rp0,0,0,0,0.00%,0,0.00%,0.00%,0,0,0.00%,0,0.00%,0.00%,Rp0,Rp0,Rp0,Rp0,Rp0,Rp0,Rp0,0,0,0,0,Rp0,1,1,0,0,0,0.00%,0,0.00%,0.00%,0,0,0.00%,0,0.00%,0.00%,0,0,0.00%,0,0.00%,0.00%,0,0,0.00%,0,0.00%,0.00%,0,0,0.00%,0,0.00%,0.00%,0,0,0.00%,0,0.00%,0.00%,Rp0,Rp0,Rp0,0,0,0,0,0,0,0,0,Rp0,38,0,0.00%,0,0.00%,0.00%,22,0,0.00%,0,0.00%,0.00%
MARBLE CUTTER MESIN POTONG KERAMIK GRANIT 4 INCH MESIN POTONG BATU MARMER,1729673426980211197,GMV & produk terjual = 0,Aktif,Rp0,Rp0,Rp0,Rp0,Rp0,Rp0,Rp0,Rp0,Rp0,Rp0,Rp0,Rp0,Rp0,Rp0,Rp0,0,0,0,0,Rp0,226,1,0.44%,0,0.00%,0.00%,179,1,0.56%,0,0.00%,0.00%,Rp0,Rp0,Rp0,Rp0,Rp0,0,0,121,0,0,0,0.00%,0.00%,Rp0,0,Rp0,Rp0,Rp0,0,0,0,0,0,0,0,0,Rp0,0,0,0,0.00%,0,0.00%,0.00%,0,0,0.00%,0,0.00%,0.00%,Rp0,Rp0,Rp0,0,0,0,0,0,0,0,0,Rp0,0,0,0,0.00%,0,0.00%,0.00%,0,0,0.00%,0,0.00%,0.00%,Rp0,Rp0,Rp0,Rp0,Rp0,Rp0,Rp0,0,0,0,0,Rp0,0,0,0,4,0,0.00%,0,0.00%,0.00%,4,0,0.00%,0,0.00%,0.00%,0,0,0.00%,0,0.00%,0.00%,0,0,0.00%,0,0.00%,0.00%,0,0,0.00%,0,0.00%,0.00%,0,0,0.00%,0,0.00%,0.00%,Rp0,Rp0,Rp0,0,0,0,0,0,0,0,0,Rp0,222,1,0.45%,0,0.00%,0.00%,172,1,0.58%,0,0.00%,0.00%
Kalkulator Dagang 12 Digit - Calculator 12 Digit Check Dual Power Calculator Kalkulator Joyko FK-837B 12 Digits,1729611046243370493,GMV & produk terjual = 0,Aktif,Rp0,Rp0,Rp0,Rp0,Rp0,Rp0,Rp0,Rp0,Rp0,Rp0,Rp0,Rp0,Rp0,Rp0,Rp0,0,0,0,0,Rp0,2462,29,1.18%,3,10.34%,0.00%,2287,27,1.18%,3,11.11%,0.00%,Rp0,Rp0,Rp0,Rp0,Rp0,0,0,1429,15,13,0,1.05%,0.00%,Rp0,0,Rp0,Rp0,Rp0,0,0,0,0,0,0,0,0,Rp0,0,0,0,0.00%,0,0.00%,0.00%,0,0,0.00%,0,0.00%,0.00%,Rp0,Rp0,Rp0,0,0,0,0,0,0,0,0,Rp0,0,0,0,0.00%,0,0.00%,0.00%,0,0,0.00%,0,0.00%,0.00%,Rp0,Rp0,Rp0,Rp0,Rp0,Rp0,Rp0,0,0,0,0,Rp0,2,0,2,146,3,2.05%,0,0.00%,0.00%,120,3,2.50%,0,0.00%,0.00%,0,0,0.00%,0,0.00%,0.00%,0,0,0.00%,0,0.00%,0.00%,128,3,2.34%,0,0.00%,0.00%,116,3,2.59%,0,0.00%,0.00%,Rp0,Rp0,Rp0,0,0,0,0,0,0,0,0,Rp0,2315,26,1.12%,3,11.54%,0.00%,2142,24,1.12%,3,12.50%,0.00%
PAKET HEMAT ALAT TUKANG 4ITEM PALU METERAN CETOK SENDOK SEMEN BESI TANG GEGEP HARGA TERMURAH,1730231056710927869,GMV & produk terjual = 0,Aktif,Rp0,Rp0,Rp0,Rp0,Rp0,Rp0,Rp0,Rp0,Rp0,Rp0,Rp0,Rp0,Rp0,Rp0,Rp0,0,0,0,0,Rp0,594,34,5.72%,0,0.00%,0.00%,512,29,5.66%,0,0.00%,0.00%,Rp0,Rp0,Rp0,Rp0,Rp0,0,0,482,28,25,0,5.81%,0.00%,Rp0,0,Rp0,Rp0,Rp0,0,0,0,0,0,0,0,0,Rp0,0,0,0,0.00%,0,0.00%,0.00%,0,0,0.00%,0,0.00%,0.00%,Rp0,Rp0,Rp0,0,0,0,0,0,0,0,0,Rp0,0,0,0,0.00%,0,0.00%,0.00%,0,0,0.00%,0,0.00%,0.00%,Rp0,Rp0,Rp0,Rp0,Rp0,Rp0,Rp0,0,0,0,0,Rp0,0,0,0,1,0,0.00%,0,0.00%,0.00%,1,0,0.00%,0,0.00%,0.00%,0,0,0.00%,0,0.00%,0.00%,0,0,0.00%,0,0.00%,0.00%,0,0,0.00%,0,0.00%,0.00%,0,0,0.00%,0,0.00%,0.00%,Rp0,Rp0,Rp0,0,0,0,0,0,0,0,0,Rp0,593,34,5.73%,0,0.00%,0.00%,506,29,5.73%,0,0.00%,0.00%
Kunci Busi 16 mm 21 mm Kunci Busi Motor Matic 4 Tak Kunci Busi Flexible  Sok Spark Plug Busi Motor Mobil,1729631777316242941,GMV & produk terjual = 0,Aktif,Rp0,Rp0,Rp0,Rp0,Rp0,Rp0,Rp0,Rp0,Rp0,Rp0,Rp0,Rp0,Rp0,Rp0,Rp0,0,0,0,0,Rp0,1297,23,1.77%,2,8.70%,0.00%,1183,22,1.86%,2,9.09%,0.00%,Rp0,Rp0,Rp0,Rp0,Rp0,0,0,816,15,14,0,1.84%,0.00%,Rp0,0,Rp0,Rp0,Rp0,0,0,0,0,0,0,0,0,Rp0,0,0,0,0.00%,0,0.00%,0.00%,0,0,0.00%,0,0.00%,0.00%,Rp0,Rp0,Rp0,0,0,0,0,0,0,0,0,Rp0,0,157,8,5.10%,1,12.50%,0.00%,145,7,4.83%,1,14.29%,0.00%,Rp0,Rp0,Rp0,Rp0,Rp0,Rp0,Rp0,0,0,0,0,Rp0,1,0,1,188,2,1.06%,1,50.00%,0.00%,147,2,1.36%,1,50.00%,0.00%,0,0,0.00%,0,0.00%,0.00%,0,0,0.00%,0,0.00%,0.00%,137,2,1.46%,1,50.00%,0.00%,109,2,1.83%,1,50.00%,0.00%,Rp0,Rp0,Rp0,0,0,0,0,0,0,0,0,Rp0,952,13,1.37%,0,0.00%,0.00%,879,13,1.48%,0,0.00%,0.00%
RYU Bor Drill 10 mm Set Koper  RDR10-3REB Lengkap 22 Pcs Variable Set,1729955549332408829,GMV & produk terjual = 0,Aktif,Rp0,Rp0,Rp0,Rp0,Rp0,Rp0,Rp0,Rp0,Rp0,Rp0,Rp0,Rp0,Rp0,Rp0,Rp0,0,0,0,0,Rp0,2036,104,5.11%,2,1.92%,0.00%,1634,89,5.45%,2,2.25%,0.00%,Rp0,Rp0,Rp0,Rp0,Rp0,0,0,896,22,21,0,2.46%,0.00%,Rp0,0,Rp0,Rp0,Rp0,0,0,0,0,0,0,0,0,Rp0,0,1,0,0.00%,0,0.00%,0.00%,1,0,0.00%,0,0.00%,0.00%,Rp0,Rp0,Rp0,0,0,0,0,0,0,0,0,Rp0,0,720,61,8.47%,1,1.64%,0.00%,494,50,10.12%,1,2.00%,0.00%,Rp0,Rp0,Rp0,Rp0,Rp0,Rp0,Rp0,0,0,0,0,Rp0,0,0,0,208,8,3.85%,1,12.50%,0.00%,188,7,3.72%,1,14.29%,0.00%,0,0,0.00%,0,0.00%,0.00%,0,0,0.00%,0,0.00%,0.00%,189,7,3.70%,1,14.29%,0.00%,170,6,3.53%,1,16.67%,0.00%,Rp0,Rp0,Rp0,0,0,0,0,0,0,0,0,Rp0,1106,35,3.16%,0,0.00%,0.00%,962,34,3.53%,0,0.00%,0.00%
Kompresor Angin Listrik 1HP 750 Watt Air Compressor / Mesin Kompresor Listrik 9 Liter HNL Kompresor MIni,1730578588623865341,GMV & produk terjual = 0,Aktif,Rp0,Rp0,Rp0,Rp0,Rp0,Rp0,Rp0,Rp0,Rp0,Rp0,Rp0,Rp0,Rp0,Rp0,Rp0,0,0,0,0,Rp0,3633,111,3.06%,1,0.90%,0.00%,3304,103,3.12%,1,0.97%,0.00%,Rp0,Rp0,Rp0,Rp0,Rp0,0,0,1193,40,35,0,3.35%,0.00%,Rp0,0,Rp0,Rp0,Rp0,0,0,0,0,0,0,0,0,Rp0,0,0,0,0.00%,0,0.00%,0.00%,0,0,0.00%,0,0.00%,0.00%,Rp0,Rp0,Rp0,0,0,0,0,0,0,0,0,Rp0,0,0,0,0.00%,0,0.00%,0.00%,0,0,0.00%,0,0.00%,0.00%,Rp0,Rp0,Rp0,Rp0,Rp0,Rp0,Rp0,0,0,0,0,Rp0,1,0,1,394,28,7.11%,0,0.00%,0.00%,352,26,7.39%,0,0.00%,0.00%,0,0,0.00%,0,0.00%,0.00%,0,0,0.00%,0,0.00%,0.00%,269,27,10.04%,0,0.00%,0.00%,252,26,10.32%,0,0.00%,0.00%,Rp0,Rp0,Rp0,0,0,0,0,0,0,0,0,Rp0,3239,83,2.56%,1,1.20%,0.00%,2856,73,2.56%,1,1.37%,0.00%
AIR HOSE RELL  Gulungan Selang angin Kompressor - Selang Kompresor Gantung  5X8MM 8M PU STAR/ROL SELANG UDARA OTOMATIS,1729965231032273405,GMV & produk terjual = 0,Aktif,Rp0,Rp0,Rp0,Rp0,Rp0,Rp0,Rp0,Rp0,Rp0,Rp0,Rp0,Rp0,Rp0,Rp0,Rp0,0,0,0,0,Rp0,1615,89,5.51%,4,4.49%,0.00%,1301,70,5.38%,4,5.71%,0.00%,Rp0,Rp0,Rp0,Rp0,Rp0,0,0,540,23,21,0,4.26%,0.00%,Rp0,0,Rp0,Rp0,Rp0,0,0,0,0,0,0,0,0,Rp0,0,0,0,0.00%,0,0.00%,0.00%,0,0,0.00%,0,0.00%,0.00%,Rp0,Rp0,Rp0,0,0,0,0,0,0,0,0,Rp0,0,4,0,0.00%,0,0.00%,0.00%,4,0,0.00%,0,0.00%,0.00%,Rp0,Rp0,Rp0,Rp0,Rp0,Rp0,Rp0,0,0,0,0,Rp0,3,3,1,1069,73,6.83%,3,4.11%,0.00%,842,54,6.41%,3,5.56%,0.00%,86,0,0.00%,0,0.00%,0.00%,81,0,0.00%,0,0.00%,0.00%,977,73,7.47%,3,4.11%,0.00%,755,54,7.15%,3,5.56%,0.00%,Rp0,Rp0,Rp0,0,0,0,0,0,0,0,0,Rp0,542,16,2.95%,1,6.25%,0.00%,494,16,3.24%,1,6.25%,0.00%
Palu Gepeng Ketok Kerak Las / Chipping Hammer / Welding Slag Hammer,1733008087820109309,GMV & produk terjual = 0,Aktif,Rp0,Rp0,Rp0,Rp0,Rp0,Rp0,Rp0,Rp0,Rp0,Rp0,Rp0,Rp0,Rp0,Rp0,Rp0,0,0,0,0,Rp0,605,15,2.48%,2,13.33%,0.00%,523,11,2.10%,2,18.18%,0.00%,Rp0,Rp0,Rp0,Rp0,Rp0,0,0,263,11,7,0,4.18%,0.00%,Rp0,0,Rp0,Rp0,Rp0,0,0,0,0,0,0,0,0,Rp0,36,177,2,1.13%,0,0.00%,0.00%,170,2,1.18%,0,0.00%,0.00%,Rp0,Rp0,Rp0,0,0,0,0,0,0,0,0,Rp0,0,108,3,2.78%,1,33.33%,0.00%,85,2,2.35%,1,50.00%,0.00%,Rp0,Rp0,Rp0,Rp0,Rp0,Rp0,Rp0,0,0,0,0,Rp0,0,0,0,68,6,8.82%,0,0.00%,0.00%,58,4,6.90%,0,0.00%,0.00%,0,0,0.00%,0,0.00%,0.00%,0,0,0.00%,0,0.00%,0.00%,63,6,9.52%,0,0.00%,0.00%,53,4,7.55%,0,0.00%,0.00%,Rp0,Rp0,Rp0,0,0,0,0,0,0,0,0,Rp0,252,4,1.59%,1,25.00%,0.00%,214,4,1.87%,1,25.00%,0.00%
BOSCH Paket 5 Mesin Original Bosch Mesin Gerinda Listrik Bor Listrik Serut Kayu Profil dan Mesin Circular Saw Potong KayuGaransi Resmi,1733242123468768765,GMV & produk terjual = 0,Aktif,Rp0,Rp0,Rp0,Rp0,Rp0,Rp0,Rp0,Rp0,Rp0,Rp0,Rp0,Rp0,Rp0,Rp0,Rp0,0,0,0,0,Rp0,174,0,0.00%,0,0.00%,0.00%,96,0,0.00%,0,0.00%,0.00%,Rp0,Rp0,Rp0,Rp0,Rp0,0,0,118,0,0,0,0.00%,0.00%,Rp0,0,Rp0,Rp0,Rp0,0,0,0,0,0,0,0,0,Rp0,0,0,0,0.00%,0,0.00%,0.00%,0,0,0.00%,0,0.00%,0.00%,Rp0,Rp0,Rp0,0,0,0,0,0,0,0,0,Rp0,0,4,0,0.00%,0,0.00%,0.00%,3,0,0.00%,0,0.00%,0.00%,Rp0,Rp0,Rp0,Rp0,Rp0,Rp0,Rp0,0,0,0,0,Rp0,0,0,0,4,0,0.00%,0,0.00%,0.00%,4,0,0.00%,0,0.00%,0.00%,0,0,0.00%,0,0.00%,0.00%,0,0,0.00%,0,0.00%,0.00%,4,0,0.00%,0,0.00%,0.00%,4,0,0.00%,0,0.00%,0.00%,Rp0,Rp0,Rp0,0,0,0,0,0,0,0,0,Rp0,166,0,0.00%,0,0.00%,0.00%,89,0,0.00%,0,0.00%,0.00%
"YUKIDO AVIATION SNIPS / GUNTING HOLO 10"" LURUS",1729641655607462397,GMV & produk terjual = 0,Aktif,Rp0,Rp0,Rp0,Rp0,Rp0,Rp0,Rp0,Rp0,Rp0,Rp0,Rp0,Rp0,Rp0,Rp0,Rp0,0,0,0,0,Rp0,1009,15,1.49%,0,0.00%,0.00%,917,15,1.64%,0,0.00%,0.00%,Rp0,Rp0,Rp0,Rp0,Rp0,0,0,566,7,7,0,1.24%,0.00%,Rp0,0,Rp0,Rp0,Rp0,0,0,0,0,0,0,0,0,Rp0,0,0,0,0.00%,0,0.00%,0.00%,0,0,0.00%,0,0.00%,0.00%,Rp0,Rp0,Rp0,0,0,0,0,0,0,0,0,Rp0,0,32,0,0.00%,0,0.00%,0.00%,32,0,0.00%,0,0.00%,0.00%,Rp0,Rp0,Rp0,Rp0,Rp0,Rp0,Rp0,0,0,0,0,Rp0,1,0,1,158,3,1.90%,0,0.00%,0.00%,134,3,2.24%,0,0.00%,0.00%,0,0,0.00%,0,0.00%,0.00%,0,0,0.00%,0,0.00%,0.00%,150,3,2.00%,0,0.00%,0.00%,126,3,2.38%,0,0.00%,0.00%,Rp0,Rp0,Rp0,0,0,0,0,0,0,0,0,Rp0,819,12,1.47%,0,0.00%,0.00%,743,12,1.62%,0,0.00%,0.00%
"Mesin Las Digital LED Mikayo 450WAT 120 Ampere Lengkap - Daya Listrik Kecil, Bisa Pakai Genset",1733433138002298365,GMV & produk terjual = 0,Aktif,Rp0,Rp0,Rp0,Rp0,Rp0,Rp0,Rp0,Rp0,Rp0,Rp0,Rp0,Rp0,Rp0,Rp0,Rp0,0,0,0,0,Rp0,2611,44,1.69%,1,2.27%,0.00%,2281,41,1.80%,1,2.44%,0.00%,Rp0,Rp0,Rp0,Rp0,Rp0,0,0,1150,11,10,0,0.96%,0.00%,Rp0,0,Rp0,Rp0,Rp0,0,0,0,0,0,0,0,0,Rp0,1,8,0,0.00%,0,0.00%,0.00%,6,0,0.00%,0,0.00%,0.00%,Rp0,Rp0,Rp0,0,0,0,0,0,0,0,0,Rp0,0,1,0,0.00%,0,0.00%,0.00%,1,0,0.00%,0,0.00%,0.00%,Rp0,Rp0,Rp0,Rp0,Rp0,Rp0,Rp0,0,0,0,0,Rp0,9,13,0,1107,25,2.26%,1,4.00%,0.00%,942,23,2.44%,1,4.35%,0.00%,1048,25,2.39%,1,4.00%,0.00%,915,23,2.51%,1,4.35%,0.00%,0,0,0.00%,0,0.00%,0.00%,0,0,0.00%,0,0.00%,0.00%,Rp0,Rp0,Rp0,0,0,0,0,0,0,0,0,Rp0,1495,19,1.27%,0,0.00%,0.00%,1335,18,1.35%,0,0.00%,0.00%
JASON Tang Rivet 9 inch Japan Technology - Ripet Heavy Duty 230 mm,1729644998818433533,GMV & produk terjual = 0,Aktif,Rp0,Rp0,Rp0,Rp0,Rp0,Rp0,Rp0,Rp0,Rp0,Rp0,Rp0,Rp0,Rp0,Rp0,Rp0,0,0,0,0,Rp0,1822,32,1.76%,3,9.38%,0.00%,1614,29,1.80%,3,10.34%,0.00%,Rp0,Rp0,Rp0,Rp0,Rp0,0,0,1058,21,18,0,1.98%,0.00%,Rp0,0,Rp0,Rp0,Rp0,0,0,0,0,0,0,0,0,Rp0,1,173,3,1.73%,1,33.33%,0.00%,145,2,1.38%,1,50.00%,0.00%,Rp0,Rp0,Rp0,0,0,0,0,0,0,0,0,Rp0,0,303,5,1.65%,0,0.00%,0.00%,282,4,1.42%,0,0.00%,0.00%,Rp0,Rp0,Rp0,Rp0,Rp0,Rp0,Rp0,0,0,0,0,Rp0,1,0,1,27,0,0.00%,0,0.00%,0.00%,11,0,0.00%,0,0.00%,0.00%,0,0,0.00%,0,0.00%,0.00%,0,0,0.00%,0,0.00%,0.00%,7,0,0.00%,0,0.00%,0.00%,7,0,0.00%,0,0.00%,0.00%,Rp0,Rp0,Rp0,0,0,0,0,0,0,0,0,Rp0,1319,24,1.82%,2,8.33%,0.00%,1163,22,1.89%,2,9.09%,0.00%
MATAKU MT-120 Mesin Las Digital LED 120A Bonus 5 Kawat Las Alat Las Elektrik Terpercaya,1731788654620607997,GMV & produk terjual = 0,Aktif,Rp0,Rp0,Rp0,Rp0,Rp0,Rp0,Rp0,Rp0,Rp0,Rp0,Rp0,Rp0,Rp0,Rp0,Rp0,0,0,0,0,Rp0,6,0,0.00%,0,0.00%,0.00%,3,0,0.00%,0,0.00%,0.00%,Rp0,Rp0,Rp0,Rp0,Rp0,0,0,1,0,0,0,0.00%,0.00%,Rp0,0,Rp0,Rp0,Rp0,0,0,0,0,0,0,0,0,Rp0,0,0,0,0.00%,0,0.00%,0.00%,0,0,0.00%,0,0.00%,0.00%,Rp0,Rp0,Rp0,0,0,0,0,0,0,0,0,Rp0,0,0,0,0.00%,0,0.00%,0.00%,0,0,0.00%,0,0.00%,0.00%,Rp0,Rp0,Rp0,Rp0,Rp0,Rp0,Rp0,0,0,0,0,Rp0,0,0,0,5,0,0.00%,0,0.00%,0.00%,2,0,0.00%,0,0.00%,0.00%,0,0,0.00%,0,0.00%,0.00%,0,0,0.00%,0,0.00%,0.00%,0,0,0.00%,0,0.00%,0.00%,0,0,0.00%,0,0.00%,0.00%,Rp0,Rp0,Rp0,0,0,0,0,0,0,0,0,Rp0,1,0,0.00%,0,0.00%,0.00%,1,0,0.00%,0,0.00%,0.00%
KUNCI BUSI YUKIDO VARIASI 16 DAN 21 MM TERMURAH,1729711648974735869,GMV & produk terjual = 0,Aktif,Rp0,Rp0,Rp0,Rp0,Rp0,Rp0,Rp0,Rp0,Rp0,Rp0,Rp0,Rp0,Rp0,Rp0,Rp0,0,0,0,0,Rp0,1707,18,1.05%,2,11.11%,0.00%,1521,18,1.18%,2,11.11%,0.00%,Rp0,Rp0,Rp0,Rp0,Rp0,0,0,921,13,13,0,1.41%,0.00%,Rp0,0,Rp0,Rp0,Rp0,0,0,0,0,0,0,0,0,Rp0,0,0,0,0.00%,0,0.00%,0.00%,0,0,0.00%,0,0.00%,0.00%,Rp0,Rp0,Rp0,0,0,0,0,0,0,0,0,Rp0,0,64,1,1.56%,0,0.00%,0.00%,38,1,2.63%,0,0.00%,0.00%,Rp0,Rp0,Rp0,Rp0,Rp0,Rp0,Rp0,0,0,0,0,Rp0,0,0,0,22,0,0.00%,0,0.00%,0.00%,17,0,0.00%,0,0.00%,0.00%,0,0,0.00%,0,0.00%,0.00%,0,0,0.00%,0,0.00%,0.00%,8,0,0.00%,0,0.00%,0.00%,7,0,0.00%,0,0.00%,0.00%,Rp0,Rp0,Rp0,0,0,0,0,0,0,0,0,Rp0,1621,17,1.05%,2,11.76%,0.00%,1456,17,1.17%,2,11.76%,0.00%
ADAPTOR MESIN GERINDA MULTIFUNGSI YUKIDO,1729646241995917821,GMV & produk terjual = 0,Aktif,Rp0,Rp0,Rp0,Rp0,Rp0,Rp0,Rp0,Rp0,Rp0,Rp0,Rp0,Rp0,Rp0,Rp0,Rp0,0,0,0,0,Rp0,942,31,3.29%,2,6.45%,0.00%,852,30,3.52%,2,6.67%,0.00%,Rp0,Rp0,Rp0,Rp0,Rp0,0,0,463,16,15,0,3.46%,0.00%,Rp0,0,Rp0,Rp0,Rp0,0,0,0,0,0,0,0,0,Rp0,0,0,0,0.00%,0,0.00%,0.00%,0,0,0.00%,0,0.00%,0.00%,Rp0,Rp0,Rp0,0,0,0,0,0,0,0,0,Rp0,0,0,0,0.00%,0,0.00%,0.00%,0,0,0.00%,0,0.00%,0.00%,Rp0,Rp0,Rp0,Rp0,Rp0,Rp0,Rp0,0,0,0,0,Rp0,0,0,0,84,3,3.57%,0,0.00%,0.00%,79,3,3.80%,0,0.00%,0.00%,0,0,0.00%,0,0.00%,0.00%,0,0,0.00%,0,0.00%,0.00%,84,3,3.57%,0,0.00%,0.00%,79,3,3.80%,0,0.00%,0.00%,Rp0,Rp0,Rp0,0,0,0,0,0,0,0,0,Rp0,857,28,3.27%,2,7.14%,0.00%,760,27,3.55%,2,7.41%,0.00%
Air Blow Gun / Semprotan Angin Plastik / Air Duster Plastik YUKIDO,1729983223032220157,GMV & produk terjual = 0,Aktif,Rp0,Rp0,Rp0,Rp0,Rp0,Rp0,Rp0,Rp0,Rp0,Rp0,Rp0,Rp0,Rp0,Rp0,Rp0,0,0,0,0,Rp0,4,0,0.00%,0,0.00%,0.00%,3,0,0.00%,0,0.00%,0.00%,Rp0,Rp0,Rp0,Rp0,Rp0,0,0,4,0,0,0,0.00%,0.00%,Rp0,0,Rp0,Rp0,Rp0,0,0,0,0,0,0,0,0,Rp0,0,0,0,0.00%,0,0.00%,0.00%,0,0,0.00%,0,0.00%,0.00%,Rp0,Rp0,Rp0,0,0,0,0,0,0,0,0,Rp0,0,0,0,0.00%,0,0.00%,0.00%,0,0,0.00%,0,0.00%,0.00%,Rp0,Rp0,Rp0,Rp0,Rp0,Rp0,Rp0,0,0,0,0,Rp0,0,0,0,0,0,0.00%,0,0.00%,0.00%,0,0,0.00%,0,0.00%,0.00%,0,0,0.00%,0,0.00%,0.00%,0,0,0.00%,0,0.00%,0.00%,0,0,0.00%,0,0.00%,0.00%,0,0,0.00%,0,0.00%,0.00%,Rp0,Rp0,Rp0,0,0,0,0,0,0,0,0,Rp0,4,0,0.00%,0,0.00%,0.00%,3,0,0.00%,0,0.00%,0.00%
Lem Tembak Mini 20 Watt Alat Perekat Hot Melt Glue Gun untuk Kerajinan dan Perbaikan Alat Lem Tembak Bonus 3 isi Refill Glue Stick,1730823914942924285,GMV & produk terjual = 0,Aktif,Rp0,Rp0,Rp0,Rp0,Rp0,Rp0,Rp0,Rp0,Rp0,Rp0,Rp0,Rp0,Rp0,Rp0,Rp0,0,0,0,0,Rp0,186,9,4.84%,0,0.00%,0.00%,169,8,4.73%,0,0.00%,0.00%,Rp0,Rp0,Rp0,Rp0,Rp0,0,0,145,9,8,0,6.21%,0.00%,Rp0,0,Rp0,Rp0,Rp0,0,0,0,0,0,0,0,0,Rp0,0,0,0,0.00%,0,0.00%,0.00%,0,0,0.00%,0,0.00%,0.00%,Rp0,Rp0,Rp0,0,0,0,0,0,0,0,0,Rp0,0,50,5,10.00%,0,0.00%,0.00%,46,4,8.70%,0,0.00%,0.00%,Rp0,Rp0,Rp0,Rp0,Rp0,Rp0,Rp0,0,0,0,0,Rp0,0,0,0,2,0,0.00%,0,0.00%,0.00%,2,0,0.00%,0,0.00%,0.00%,0,0,0.00%,0,0.00%,0.00%,0,0,0.00%,0,0.00%,0.00%,2,0,0.00%,0,0.00%,0.00%,2,0,0.00%,0,0.00%,0.00%,Rp0,Rp0,Rp0,0,0,0,0,0,0,0,0,Rp0,134,4,2.99%,0,0.00%,0.00%,122,4,3.28%,0,0.00%,0.00%
YUKIDO WELDING MACHINE MESIN TRAVO LAS 450W 120A LED TERBARU,1729637415979354621,GMV & produk terjual = 0,Aktif,Rp0,Rp0,Rp0,Rp0,Rp0,Rp0,Rp0,Rp0,Rp0,Rp0,Rp0,Rp0,Rp0,Rp0,Rp0,0,0,0,0,Rp0,14,0,0.00%,0,0.00%,0.00%,10,0,0.00%,0,0.00%,0.00%,Rp0,Rp0,Rp0,Rp0,Rp0,0,0,3,0,0,0,0.00%,0.00%,Rp0,0,Rp0,Rp0,Rp0,0,0,0,0,0,0,0,0,Rp0,0,0,0,0.00%,0,0.00%,0.00%,0,0,0.00%,0,0.00%,0.00%,Rp0,Rp0,Rp0,0,0,0,0,0,0,0,0,Rp0,0,0,0,0.00%,0,0.00%,0.00%,0,0,0.00%,0,0.00%,0.00%,Rp0,Rp0,Rp0,Rp0,Rp0,Rp0,Rp0,0,0,0,0,Rp0,0,0,0,5,0,0.00%,0,0.00%,0.00%,3,0,0.00%,0,0.00%,0.00%,0,0,0.00%,0,0.00%,0.00%,0,0,0.00%,0,0.00%,0.00%,0,0,0.00%,0,0.00%,0.00%,0,0,0.00%,0,0.00%,0.00%,Rp0,Rp0,Rp0,0,0,0,0,0,0,0,0,Rp0,9,0,0.00%,0,0.00%,0.00%,7,0,0.00%,0,0.00%,0.00%
YUKIDO Stik Pengaduk Cat Semen 60 x 400 mm -80X400MM-100X600MM Tangkai Mixer Bor Cat Semen HARGA PROMO,1729702731302536701,GMV & produk terjual = 0,Aktif,Rp0,Rp0,Rp0,Rp0,Rp0,Rp0,Rp0,Rp0,Rp0,Rp0,Rp0,Rp0,Rp0,Rp0,Rp0,0,0,0,0,Rp0,171,2,1.17%,0,0.00%,0.00%,158,2,1.27%,0,0.00%,0.00%,Rp0,Rp0,Rp0,Rp0,Rp0,0,0,64,1,1,0,1.56%,0.00%,Rp0,0,Rp0,Rp0,Rp0,0,0,0,0,0,0,0,0,Rp0,0,0,0,0.00%,0,0.00%,0.00%,0,0,0.00%,0,0.00%,0.00%,Rp0,Rp0,Rp0,0,0,0,0,0,0,0,0,Rp0,0,0,0,0.00%,0,0.00%,0.00%,0,0,0.00%,0,0.00%,0.00%,Rp0,Rp0,Rp0,Rp0,Rp0,Rp0,Rp0,0,0,0,0,Rp0,0,0,0,28,0,0.00%,0,0.00%,0.00%,27,0,0.00%,0,0.00%,0.00%,0,0,0.00%,0,0.00%,0.00%,0,0,0.00%,0,0.00%,0.00%,27,0,0.00%,0,0.00%,0.00%,26,0,0.00%,0,0.00%,0.00%,Rp0,Rp0,Rp0,0,0,0,0,0,0,0,0,Rp0,143,2,1.40%,0,0.00%,0.00%,131,2,1.53%,0,0.00%,0.00%
TERMURAH!! Mata Bor Bobok Beton Pahat / Lancip 23x`7x250mm/Hexagon Flat Chisel YUKIDO AB17-250FL JAPAN,1729657973572666877,GMV & produk terjual = 0,Aktif,Rp0,Rp0,Rp0,Rp0,Rp0,Rp0,Rp0,Rp0,Rp0,Rp0,Rp0,Rp0,Rp0,Rp0,Rp0,0,0,0,0,Rp0,833,23,2.76%,5,21.74%,0.00%,751,18,2.40%,3,16.67%,0.00%,Rp0,Rp0,Rp0,Rp0,Rp0,0,0,490,13,11,0,2.65%,0.00%,Rp0,0,Rp0,Rp0,Rp0,0,0,0,0,0,0,0,0,Rp0,0,0,0,0.00%,0,0.00%,0.00%,0,0,0.00%,0,0.00%,0.00%,Rp0,Rp0,Rp0,0,0,0,0,0,0,0,0,Rp0,0,1,0,0.00%,0,0.00%,0.00%,1,0,0.00%,0,0.00%,0.00%,Rp0,Rp0,Rp0,Rp0,Rp0,Rp0,Rp0,0,0,0,0,Rp0,1,0,1,28,1,3.57%,1,100.00%,0.00%,28,1,3.57%,1,100.00%,0.00%,0,0,0.00%,0,0.00%,0.00%,0,0,0.00%,0,0.00%,0.00%,26,1,3.85%,0,0.00%,0.00%,26,1,3.85%,0,0.00%,0.00%,Rp0,Rp0,Rp0,0,0,0,0,0,0,0,0,Rp0,803,22,2.74%,4,18.18%,0.00%,717,17,2.37%,2,11.76%,0.00%
Klem Selang Gas/Selang Ai=ose Clamp Selang Regulator / Pengunci Selang,1734165795590473213,GMV & produk terjual = 0,Aktif,Rp0,Rp0,Rp0,Rp0,Rp0,Rp0,Rp0,Rp0,Rp0,Rp0,Rp0,Rp0,Rp0,Rp0,Rp0,0,0,0,0,Rp0,1139,5,0.44%,0,0.00%,0.00%,1060,3,0.28%,0,0.00%,0.00%,Rp0,Rp0,Rp0,Rp0,Rp0,0,0,704,1,1,0,0.14%,0.00%,Rp0,0,Rp0,Rp0,Rp0,0,0,0,0,0,0,0,0,Rp0,0,0,0,0.00%,0,0.00%,0.00%,0,0,0.00%,0,0.00%,0.00%,Rp0,Rp0,Rp0,0,0,0,0,0,0,0,0,Rp0,0,0,0,0.00%,0,0.00%,0.00%,0,0,0.00%,0,0.00%,0.00%,Rp0,Rp0,Rp0,Rp0,Rp0,Rp0,Rp0,0,0,0,0,Rp0,0,0,0,0,0,0.00%,0,0.00%,0.00%,0,0,0.00%,0,0.00%,0.00%,0,0,0.00%,0,0.00%,0.00%,0,0,0.00%,0,0.00%,0.00%,0,0,0.00%,0,0.00%,0.00%,0,0,0.00%,0,0.00%,0.00%,Rp0,Rp0,Rp0,0,0,0,0,0,0,0,0,Rp0,1139,5,0.44%,0,0.00%,0.00%,1060,3,0.28%,0,0.00%,0.00%
Mesin Bor Tangan Listrik Bolak Balik Variabel Speed Japan Technology 10 mm Electric Drill Super,1729656783314650621,GMV & produk terjual = 0,Aktif,Rp0,Rp0,Rp0,Rp0,Rp0,Rp0,Rp0,Rp0,Rp0,Rp0,Rp0,Rp0,Rp0,Rp0,Rp0,0,0,0,0,Rp0,3457,65,1.88%,1,1.54%,0.00%,3067,58,1.89%,1,1.72%,0.00%,Rp0,Rp0,Rp0,Rp0,Rp0,0,0,1165,10,10,0,0.86%,0.00%,Rp0,0,Rp0,Rp0,Rp0,0,0,0,0,0,0,0,0,Rp0,16,395,18,4.56%,0,0.00%,0.00%,374,15,4.01%,0,0.00%,0.00%,Rp0,Rp0,Rp0,0,0,0,0,0,0,0,0,Rp0,0,0,0,0.00%,0,0.00%,0.00%,0,0,0.00%,0,0.00%,0.00%,Rp0,Rp0,Rp0,Rp0,Rp0,Rp0,Rp0,0,0,0,0,Rp0,4,2,2,314,10,3.18%,0,0.00%,0.00%,290,10,3.45%,0,0.00%,0.00%,118,1,0.85%,0,0.00%,0.00%,113,1,0.88%,0,0.00%,0.00%,165,9,5.45%,0,0.00%,0.00%,152,9,5.92%,0,0.00%,0.00%,Rp0,Rp0,Rp0,0,0,0,0,0,0,0,0,Rp0,2748,37,1.35%,1,2.70%,0.00%,2376,33,1.39%,1,3.03%,0.00%
Mesin Bor Cordless 36V - Cordless Drill 36V Free 2 Battery - Mesin Bor Baterai 36V Dengan 2 Baterai FREE Koper & Mata Bor,1729639144127171069,GMV & produk terjual = 0,Aktif,Rp0,Rp0,Rp0,Rp0,Rp0,Rp0,Rp0,Rp0,Rp0,Rp0,Rp0,Rp0,Rp0,Rp0,Rp0,0,0,0,0,Rp0,2487,106,4.26%,4,3.77%,0.00%,2204,94,4.26%,4,4.26%,0.00%,Rp0,Rp0,Rp0,Rp0,Rp330.879,1,1,1137,50,45,0,4.40%,0.00%,Rp0,0,Rp0,Rp0,Rp0,0,0,0,0,0,0,0,0,Rp0,1,56,1,1.79%,0,0.00%,0.00%,37,1,2.70%,0,0.00%,0.00%,Rp0,Rp0,Rp0,0,0,0,0,0,0,0,0,Rp0,0,96,6,6.25%,0,0.00%,0.00%,83,6,7.23%,0,0.00%,0.00%,Rp0,Rp0,Rp0,Rp0,Rp0,Rp0,Rp0,0,0,0,0,Rp0,1,1,0,246,7,2.85%,0,0.00%,0.00%,218,7,3.21%,0,0.00%,0.00%,0,0,0.00%,0,0.00%,0.00%,0,0,0.00%,0,0.00%,0.00%,214,7,3.27%,0,0.00%,0.00%,189,7,3.70%,0,0.00%,0.00%,Rp0,Rp0,Rp0,0,0,0,0,0,0,0,0,Rp0,2089,92,4.40%,4,4.35%,0.00%,1877,80,4.26%,4,5.00%,0.00%
Kepala Portable Gas Torch Flame Gun Las Butane Blow Torch Api Jet Alat Bakar Stainless Steel dengan Api Terfokus untuk BBQ & Pengelasan,1729702772792133117,GMV & produk terjual = 0,Aktif,Rp0,Rp0,Rp0,Rp0,Rp0,Rp0,Rp0,Rp0,Rp0,Rp0,Rp0,Rp0,Rp0,Rp0,Rp0,0,0,0,0,Rp0,455,9,1.98%,1,11.11%,0.00%,399,9,2.26%,1,11.11%,0.00%,Rp0,Rp0,Rp0,Rp0,Rp0,0,0,250,4,4,0,1.60%,0.00%,Rp0,0,Rp0,Rp0,Rp0,0,0,0,0,0,0,0,0,Rp0,1,4,1,25.00%,0,0.00%,0.00%,4,1,25.00%,0,0.00%,0.00%,Rp0,Rp0,Rp0,0,0,0,0,0,0,0,0,Rp0,0,0,0,0.00%,0,0.00%,0.00%,0,0,0.00%,0,0.00%,0.00%,Rp0,Rp0,Rp0,Rp0,Rp0,Rp0,Rp0,0,0,0,0,Rp0,0,0,0,26,0,0.00%,0,0.00%,0.00%,12,0,0.00%,0,0.00%,0.00%,0,0,0.00%,0,0.00%,0.00%,0,0,0.00%,0,0.00%,0.00%,0,0,0.00%,0,0.00%,0.00%,0,0,0.00%,0,0.00%,0.00%,Rp0,Rp0,Rp0,0,0,0,0,0,0,0,0,Rp0,425,8,1.88%,1,12.50%,0.00%,383,8,2.09%,1,12.50%,0.00%
Spraygun Tabung Atas Spray Gun F75 Tora 400 ml Semprotan Cat Tabung Atas Nozzle Kuningan Spet Semprot Cat,1730638374538872317,GMV & produk terjual = 0,Aktif,Rp0,Rp0,Rp0,Rp0,Rp0,Rp0,Rp0,Rp0,Rp0,Rp0,Rp0,Rp0,Rp0,Rp0,Rp0,0,0,0,0,Rp0,2237,61,2.73%,1,1.64%,0.00%,1913,53,2.77%,1,1.89%,0.00%,Rp0,Rp0,Rp0,Rp0,Rp0,0,0,1054,23,19,0,2.18%,0.00%,Rp0,0,Rp0,Rp0,Rp0,0,0,0,0,0,0,0,0,Rp0,13,684,15,2.19%,0,0.00%,0.00%,633,13,2.05%,0,0.00%,0.00%,Rp0,Rp0,Rp0,0,0,0,0,0,0,0,0,Rp0,0,4,0,0.00%,0,0.00%,0.00%,3,0,0.00%,0,0.00%,0.00%,Rp0,Rp0,Rp0,Rp0,Rp0,Rp0,Rp0,0,0,0,0,Rp0,0,0,0,891,31,3.48%,0,0.00%,0.00%,660,23,3.48%,0,0.00%,0.00%,0,0,0.00%,0,0.00%,0.00%,0,0,0.00%,0,0.00%,0.00%,873,31,3.55%,0,0.00%,0.00%,649,23,3.54%,0,0.00%,0.00%,Rp0,Rp0,Rp0,0,0,0,0,0,0,0,0,Rp0,657,15,2.28%,1,6.67%,0.00%,586,14,2.39%,1,7.14%,0.00%
RODA GEROBAK PASIR BAN MATI (TIDAK PAKAI BAN DALAMNYA) Ban Arco Roda Gerobak Dorong Sorong Mati Pasir Merah,1730340410444908029,GMV & produk terjual = 0,Nonaktif,Rp0,Rp0,Rp0,Rp0,Rp0,Rp0,Rp0,Rp0,Rp0,Rp0,Rp0,Rp0,Rp0,Rp0,Rp0,0,0,0,0,Rp0,41,3,7.32%,0,0.00%,0.00%,25,2,8.00%,0,0.00%,0.00%,Rp0,Rp0,Rp0,Rp0,Rp0,0,0,12,2,1,0,16.67%,0.00%,Rp0,0,Rp0,Rp0,Rp0,0,0,0,0,0,0,0,0,Rp0,0,0,0,0.00%,0,0.00%,0.00%,0,0,0.00%,0,0.00%,0.00%,Rp0,Rp0,Rp0,0,0,0,0,0,0,0,0,Rp0,0,0,0,0.00%,0,0.00%,0.00%,0,0,0.00%,0,0.00%,0.00%,Rp0,Rp0,Rp0,Rp0,Rp0,Rp0,Rp0,0,0,0,0,Rp0,0,0,0,19,1,5.26%,0,0.00%,0.00%,11,1,9.09%,0,0.00%,0.00%,0,0,0.00%,0,0.00%,0.00%,0,0,0.00%,0,0.00%,0.00%,19,1,5.26%,0,0.00%,0.00%,11,1,9.09%,0,0.00%,0.00%,Rp0,Rp0,Rp0,0,0,0,0,0,0,0,0,Rp0,22,2,9.09%,0,0.00%,0.00%,14,1,7.14%,0,0.00%,0.00%
NEWW Mesin Bor 10mm Yukido Bor bolak balik Variable speed Bor Tangan Listrik Electric Drill,1729576192849053181,GMV & produk terjual = 0,Aktif,Rp0,Rp0,Rp0,Rp0,Rp0,Rp0,Rp0,Rp0,Rp0,Rp0,Rp0,Rp0,Rp0,Rp0,Rp0,0,0,0,0,Rp0,532,1,0.19%,0,0.00%,0.00%,388,1,0.26%,0,0.00%,0.00%,Rp0,Rp0,Rp0,Rp0,Rp0,0,0,254,0,0,0,0.00%,0.00%,Rp0,0,Rp0,Rp0,Rp0,0,0,0,0,0,0,0,0,Rp0,0,0,0,0.00%,0,0.00%,0.00%,0,0,0.00%,0,0.00%,0.00%,Rp0,Rp0,Rp0,0,0,0,0,0,0,0,0,Rp0,0,0,0,0.00%,0,0.00%,0.00%,0,0,0.00%,0,0.00%,0.00%,Rp0,Rp0,Rp0,Rp0,Rp0,Rp0,Rp0,0,0,0,0,Rp0,0,0,0,21,0,0.00%,0,0.00%,0.00%,18,0,0.00%,0,0.00%,0.00%,0,0,0.00%,0,0.00%,0.00%,0,0,0.00%,0,0.00%,0.00%,0,0,0.00%,0,0.00%,0.00%,0,0,0.00%,0,0.00%,0.00%,Rp0,Rp0,Rp0,0,0,0,0,0,0,0,0,Rp0,511,1,0.20%,0,0.00%,0.00%,370,1,0.27%,0,0.00%,0.00%
TEKIRO Tang Buaya Bengkok 10 Inch Vice Grip Ukuran 10 Inci Daya Cengkeram Maksimal Bahan Baja Alloy Tahan Korosi Finishing Krom,1732805287369213437,GMV & produk terjual = 0,Aktif,Rp0,Rp0,Rp0,Rp0,Rp0,Rp0,Rp0,Rp0,Rp0,Rp0,Rp0,Rp0,Rp0,Rp0,Rp0,0,0,0,0,Rp0,180,5,2.78%,0,0.00%,0.00%,167,5,2.99%,0,0.00%,0.00%,Rp0,Rp0,Rp0,Rp0,Rp0,0,0,95,4,4,0,4.21%,0.00%,Rp0,0,Rp0,Rp0,Rp0,0,0,0,0,0,0,0,0,Rp0,0,0,0,0.00%,0,0.00%,0.00%,0,0,0.00%,0,0.00%,0.00%,Rp0,Rp0,Rp0,0,0,0,0,0,0,0,0,Rp0,0,0,0,0.00%,0,0.00%,0.00%,0,0,0.00%,0,0.00%,0.00%,Rp0,Rp0,Rp0,Rp0,Rp0,Rp0,Rp0,0,0,0,0,Rp0,1,0,1,13,1,7.69%,0,0.00%,0.00%,11,1,9.09%,0,0.00%,0.00%,0,0,0.00%,0,0.00%,0.00%,0,0,0.00%,0,0.00%,0.00%,8,1,12.50%,0,0.00%,0.00%,6,1,16.67%,0,0.00%,0.00%,Rp0,Rp0,Rp0,0,0,0,0,0,0,0,0,Rp0,167,4,2.40%,0,0.00%,0.00%,157,4,2.55%,0,0.00%,0.00%
Kunci Sok Set Jason 25PCS + Bonus 1PCS 8mm CR-V 1/2” DR | Box Besi Kuat Ratchet Wrench Socket Set,1732217053770778109,GMV & produk terjual = 0,Aktif,Rp0,Rp0,Rp0,Rp0,Rp0,Rp0,Rp0,Rp0,Rp0,Rp0,Rp0,Rp0,Rp0,Rp0,Rp0,0,0,0,0,Rp0,575,20,3.48%,0,0.00%,0.00%,496,19,3.83%,0,0.00%,0.00%,Rp0,Rp0,Rp0,Rp0,Rp0,0,0,172,7,7,0,4.07%,0.00%,Rp0,0,Rp0,Rp0,Rp0,0,0,0,0,0,0,0,0,Rp0,0,0,0,0.00%,0,0.00%,0.00%,0,0,0.00%,0,0.00%,0.00%,Rp0,Rp0,Rp0,0,0,0,0,0,0,0,0,Rp0,0,23,0,0.00%,0,0.00%,0.00%,17,0,0.00%,0,0.00%,0.00%,Rp0,Rp0,Rp0,Rp0,Rp0,Rp0,Rp0,0,0,0,0,Rp0,0,0,0,223,6,2.69%,0,0.00%,0.00%,182,4,2.20%,0,0.00%,0.00%,0,0,0.00%,0,0.00%,0.00%,0,0,0.00%,0,0.00%,0.00%,147,5,3.40%,0,0.00%,0.00%,118,4,3.39%,0,0.00%,0.00%,Rp0,Rp0,Rp0,0,0,0,0,0,0,0,0,Rp0,329,14,4.26%,0,0.00%,0.00%,296,13,4.39%,0,0.00%,0.00%
MAKITA mesin bor 10mm & mesin gerinda tangan listrik paket terlaris & termurah M0900B M0600B ORIGINAL,1733135014908102141,GMV & produk terjual = 0,Aktif,Rp0,Rp0,Rp0,Rp0,Rp0,Rp0,Rp0,Rp0,Rp0,Rp0,Rp0,Rp0,Rp0,Rp0,Rp0,0,0,0,0,Rp0,1646,98,5.95%,2,2.04%,0.00%,1349,84,6.23%,2,2.38%,0.00%,Rp0,Rp0,Rp0,Rp0,Rp0,0,0,711,36,28,0,5.06%,0.00%,Rp0,0,Rp0,Rp0,Rp0,0,0,0,0,0,0,0,0,Rp0,0,0,0,0.00%,0,0.00%,0.00%,0,0,0.00%,0,0.00%,0.00%,Rp0,Rp0,Rp0,0,0,0,0,0,0,0,0,Rp0,0,581,58,9.98%,1,1.72%,0.00%,440,46,10.45%,1,2.17%,0.00%,Rp0,Rp0,Rp0,Rp0,Rp0,Rp0,Rp0,0,0,0,0,Rp0,0,0,0,20,0,0.00%,0,0.00%,0.00%,5,0,0.00%,0,0.00%,0.00%,0,0,0.00%,0,0.00%,0.00%,0,0,0.00%,0,0.00%,0.00%,0,0,0.00%,0,0.00%,0.00%,0,0,0.00%,0,0.00%,0.00%,Rp0,Rp0,Rp0,0,0,0,0,0,0,0,0,Rp0,1045,40,3.83%,1,2.50%,0.00%,920,38,4.13%,1,2.63%,0.00%
TREKER CVT TRAKER CVT YUKIDO KUAT FLYING WHEEL PLIERS + KUNCI MUR KOPLING MATIC 39 x 41 MM TAHANAN KOPLING UNTUK SEMUA JENIS MOTOR,1729637619086494205,GMV & produk terjual = 0,Aktif,Rp0,Rp0,Rp0,Rp0,Rp0,Rp0,Rp0,Rp0,Rp0,Rp0,Rp0,Rp0,Rp0,Rp0,Rp0,0,0,0,0,Rp0,20,0,0.00%,0,0.00%,0.00%,15,0,0.00%,0,0.00%,0.00%,Rp0,Rp0,Rp0,Rp0,Rp0,0,0,15,0,0,0,0.00%,0.00%,Rp0,0,Rp0,Rp0,Rp0,0,0,0,0,0,0,0,0,Rp0,0,0,0,0.00%,0,0.00%,0.00%,0,0,0.00%,0,0.00%,0.00%,Rp0,Rp0,Rp0,0,0,0,0,0,0,0,0,Rp0,0,0,0,0.00%,0,0.00%,0.00%,0,0,0.00%,0,0.00%,0.00%,Rp0,Rp0,Rp0,Rp0,Rp0,Rp0,Rp0,0,0,0,0,Rp0,0,0,0,0,0,0.00%,0,0.00%,0.00%,0,0,0.00%,0,0.00%,0.00%,0,0,0.00%,0,0.00%,0.00%,0,0,0.00%,0,0.00%,0.00%,0,0,0.00%,0,0.00%,0.00%,0,0,0.00%,0,0.00%,0.00%,Rp0,Rp0,Rp0,0,0,0,0,0,0,0,0,Rp0,20,0,0.00%,0,0.00%,0.00%,15,0,0.00%,0,0.00%,0.00%
[Yukido] Adaptor Kepala Bor 10 mm  Chuck Bor sds Plus Kunci,1729642330012486141,GMV & produk terjual = 0,Nonaktif,Rp0,Rp0,Rp0,Rp0,Rp0,Rp0,Rp0,Rp0,Rp0,Rp0,Rp0,Rp0,Rp0,Rp0,Rp0,0,0,0,0,Rp0,29,0,0.00%,0,0.00%,0.00%,27,0,0.00%,0,0.00%,0.00%,Rp0,Rp0,Rp0,Rp0,Rp0,0,0,20,0,0,0,0.00%,0.00%,Rp0,0,Rp0,Rp0,Rp0,0,0,0,0,0,0,0,0,Rp0,0,0,0,0.00%,0,0.00%,0.00%,0,0,0.00%,0,0.00%,0.00%,Rp0,Rp0,Rp0,0,0,0,0,0,0,0,0,Rp0,0,0,0,0.00%,0,0.00%,0.00%,0,0,0.00%,0,0.00%,0.00%,Rp0,Rp0,Rp0,Rp0,Rp0,Rp0,Rp0,0,0,0,0,Rp0,0,0,0,1,0,0.00%,0,0.00%,0.00%,1,0,0.00%,0,0.00%,0.00%,0,0,0.00%,0,0.00%,0.00%,0,0,0.00%,0,0.00%,0.00%,0,0,0.00%,0,0.00%,0.00%,0,0,0.00%,0,0.00%,0.00%,Rp0,Rp0,Rp0,0,0,0,0,0,0,0,0,Rp0,28,0,0.00%,0,0.00%,0.00%,26,0,0.00%,0,0.00%,0.00%
Staples Tembak Jason Heavy Duty A-4mm | Stapler Tangan + Isi Staples,1732217261543359997,GMV & produk terjual = 0,Aktif,Rp0,Rp0,Rp0,Rp0,Rp0,Rp0,Rp0,Rp0,Rp0,Rp0,Rp0,Rp0,Rp0,Rp0,Rp0,0,0,0,0,Rp0,499,14,2.81%,0,0.00%,0.00%,451,13,2.88%,0,0.00%,0.00%,Rp0,Rp0,Rp0,Rp0,Rp0,0,0,303,6,6,0,1.98%,0.00%,Rp0,0,Rp0,Rp0,Rp0,0,0,0,0,0,0,0,0,Rp0,0,0,0,0.00%,0,0.00%,0.00%,0,0,0.00%,0,0.00%,0.00%,Rp0,Rp0,Rp0,0,0,0,0,0,0,0,0,Rp0,0,192,6,3.13%,0,0.00%,0.00%,165,6,3.64%,0,0.00%,0.00%,Rp0,Rp0,Rp0,Rp0,Rp0,Rp0,Rp0,0,0,0,0,Rp0,0,0,0,10,0,0.00%,0,0.00%,0.00%,9,0,0.00%,0,0.00%,0.00%,0,0,0.00%,0,0.00%,0.00%,0,0,0.00%,0,0.00%,0.00%,0,0,0.00%,0,0.00%,0.00%,0,0,0.00%,0,0.00%,0.00%,Rp0,Rp0,Rp0,0,0,0,0,0,0,0,0,Rp0,297,8,2.69%,0,0.00%,0.00%,274,7,2.55%,0,0.00%,0.00%
LAMPU SOROT LED lampu cordless lampu kerja/lampu charger tahan lama/lampu bengkel/lampu Tembak Baterai kualitas terbaik,1729784289239991805,GMV & produk terjual = 0,Aktif,Rp0,Rp0,Rp0,Rp0,Rp0,Rp0,Rp0,Rp0,Rp0,Rp0,Rp0,Rp0,Rp0,Rp0,Rp0,0,0,0,0,Rp0,565,12,2.12%,0,0.00%,0.00%,545,11,2.02%,0,0.00%,0.00%,Rp0,Rp0,Rp0,Rp0,Rp0,0,0,287,7,7,0,2.44%,0.00%,Rp0,0,Rp0,Rp0,Rp0,0,0,0,0,0,0,0,0,Rp0,0,0,0,0.00%,0,0.00%,0.00%,0,0,0.00%,0,0.00%,0.00%,Rp0,Rp0,Rp0,0,0,0,0,0,0,0,0,Rp0,0,0,0,0.00%,0,0.00%,0.00%,0,0,0.00%,0,0.00%,0.00%,Rp0,Rp0,Rp0,Rp0,Rp0,Rp0,Rp0,0,0,0,0,Rp0,0,0,0,0,0,0.00%,0,0.00%,0.00%,0,0,0.00%,0,0.00%,0.00%,0,0,0.00%,0,0.00%,0.00%,0,0,0.00%,0,0.00%,0.00%,0,0,0.00%,0,0.00%,0.00%,0,0,0.00%,0,0.00%,0.00%,Rp0,Rp0,Rp0,0,0,0,0,0,0,0,0,Rp0,565,12,2.12%,0,0.00%,0.00%,545,11,2.02%,0,0.00%,0.00%
Mesin Planer Serut Ketam Sugu Kairos Japan Teknologi 475 Watt 16000 RPM 220V,1729805150772233725,GMV & produk terjual = 0,Aktif,Rp0,Rp0,Rp0,Rp0,Rp0,Rp0,Rp0,Rp0,Rp0,Rp0,Rp0,Rp0,Rp0,Rp0,Rp0,0,0,0,0,Rp0,2351,49,2.08%,0,0.00%,0.00%,1996,47,2.35%,0,0.00%,0.00%,Rp0,Rp0,Rp0,Rp0,Rp0,0,0,1423,31,30,0,2.18%,0.00%,Rp0,0,Rp0,Rp0,Rp0,0,0,0,0,0,0,0,0,Rp0,0,0,0,0.00%,0,0.00%,0.00%,0,0,0.00%,0,0.00%,0.00%,Rp0,Rp0,Rp0,0,0,0,0,0,0,0,0,Rp0,0,1,0,0.00%,0,0.00%,0.00%,1,0,0.00%,0,0.00%,0.00%,Rp0,Rp0,Rp0,Rp0,Rp0,Rp0,Rp0,0,0,0,0,Rp0,1,1,0,237,4,1.69%,0,0.00%,0.00%,169,4,2.37%,0,0.00%,0.00%,198,2,1.01%,0,0.00%,0.00%,156,2,1.28%,0,0.00%,0.00%,0,0,0.00%,0,0.00%,0.00%,0,0,0.00%,0,0.00%,0.00%,Rp0,Rp0,Rp0,0,0,0,0,0,0,0,0,Rp0,2113,45,2.13%,0,0.00%,0.00%,1804,44,2.44%,0,0.00%,0.00%
METERAN TANCAP 50 M METER FIBER ROL GULUNG TANAM TANAH BANGUNAN 50M / 30M,1732899567101445629,GMV & produk terjual = 0,Aktif,Rp0,Rp0,Rp0,Rp0,Rp0,Rp0,Rp0,Rp0,Rp0,Rp0,Rp0,Rp0,Rp0,Rp0,Rp0,0,0,0,0,Rp0,627,20,3.19%,3,15.00%,0.00%,566,19,3.36%,3,15.79%,0.00%,Rp0,Rp0,Rp0,Rp0,Rp0,0,0,387,14,13,0,3.62%,0.00%,Rp0,0,Rp0,Rp0,Rp0,0,0,0,0,0,0,0,0,Rp0,0,0,0,0.00%,0,0.00%,0.00%,0,0,0.00%,0,0.00%,0.00%,Rp0,Rp0,Rp0,0,0,0,0,0,0,0,0,Rp0,0,0,0,0.00%,0,0.00%,0.00%,0,0,0.00%,0,0.00%,0.00%,Rp0,Rp0,Rp0,Rp0,Rp0,Rp0,Rp0,0,0,0,0,Rp0,0,0,0,0,0,0.00%,0,0.00%,0.00%,0,0,0.00%,0,0.00%,0.00%,0,0,0.00%,0,0.00%,0.00%,0,0,0.00%,0,0.00%,0.00%,0,0,0.00%,0,0.00%,0.00%,0,0,0.00%,0,0.00%,0.00%,Rp0,Rp0,Rp0,0,0,0,0,0,0,0,0,Rp0,627,20,3.19%,3,15.00%,0.00%,566,19,3.36%,3,15.79%,0.00%
"1/2"" 3/4"" Alat Cabut Pipa Keran Rusak / Alat Pembuka kran Patah Dalam Pipa / Alat Pembuka Baut Rusak Patah Kran Pipe Screw Extractor Tap / Alat Cabut Pipa Broken Pipe",1732920715063100925,GMV & produk terjual = 0,Aktif,Rp0,Rp0,Rp0,Rp0,Rp0,Rp0,Rp0,Rp0,Rp0,Rp0,Rp0,Rp0,Rp0,Rp0,Rp0,0,0,0,0,Rp0,1553,14,0.90%,3,21.43%,0.00%,1435,14,0.98%,3,21.43%,0.00%,Rp0,Rp0,Rp0,Rp0,Rp0,0,0,968,11,11,0,1.14%,0.00%,Rp0,0,Rp0,Rp0,Rp0,0,0,0,0,0,0,0,0,Rp0,0,0,0,0.00%,0,0.00%,0.00%,0,0,0.00%,0,0.00%,0.00%,Rp0,Rp0,Rp0,0,0,0,0,0,0,0,0,Rp0,0,0,0,0.00%,0,0.00%,0.00%,0,0,0.00%,0,0.00%,0.00%,Rp0,Rp0,Rp0,Rp0,Rp0,Rp0,Rp0,0,0,0,0,Rp0,0,0,0,0,0,0.00%,0,0.00%,0.00%,0,0,0.00%,0,0.00%,0.00%,0,0,0.00%,0,0.00%,0.00%,0,0,0.00%,0,0.00%,0.00%,0,0,0.00%,0,0.00%,0.00%,0,0,0.00%,0,0.00%,0.00%,Rp0,Rp0,Rp0,0,0,0,0,0,0,0,0,Rp0,1553,14,0.90%,3,21.43%,0.00%,1423,14,0.98%,3,21.43%,0.00%
PAKET HEMAT ALAT TUKANG 4ITEM PALU METERAN CETOK SENDOK SEMEN BESI TANG GEGEP HARGA TERMURAH,1730791467605657085,GMV & produk terjual = 0,Aktif,Rp0,Rp0,Rp0,Rp0,Rp0,Rp0,Rp0,Rp0,Rp0,Rp0,Rp0,Rp0,Rp0,Rp0,Rp0,0,0,0,0,Rp0,1463,28,1.91%,0,0.00%,0.00%,1270,26,2.05%,0,0.00%,0.00%,Rp0,Rp0,Rp0,Rp0,Rp0,0,0,1168,20,19,0,1.71%,0.00%,Rp0,0,Rp0,Rp0,Rp0,0,0,0,0,0,0,0,0,Rp0,0,0,0,0.00%,0,0.00%,0.00%,0,0,0.00%,0,0.00%,0.00%,Rp0,Rp0,Rp0,0,0,0,0,0,0,0,0,Rp0,0,0,0,0.00%,0,0.00%,0.00%,0,0,0.00%,0,0.00%,0.00%,Rp0,Rp0,Rp0,Rp0,Rp0,Rp0,Rp0,0,0,0,0,Rp0,0,0,0,0,0,0.00%,0,0.00%,0.00%,0,0,0.00%,0,0.00%,0.00%,0,0,0.00%,0,0.00%,0.00%,0,0,0.00%,0,0.00%,0.00%,0,0,0.00%,0,0.00%,0.00%,0,0,0.00%,0,0.00%,0.00%,Rp0,Rp0,Rp0,0,0,0,0,0,0,0,0,Rp0,1463,28,1.91%,0,0.00%,0.00%,1270,26,2.05%,0,0.00%,0.00%
"Paket Bengkel Komplit Kunci Shock 10pcs 8-24mm 1/2""  Kunci T 4pcs 8-14mm Kunci L Biasa Set 8pcs Obeng Plus Min S2 6"" Tang Kombinasi 6""",1731259403323344381,GMV & produk terjual = 0,Aktif,Rp0,Rp0,Rp0,Rp0,Rp0,Rp0,Rp0,Rp0,Rp0,Rp0,Rp0,Rp0,Rp0,Rp0,Rp0,0,0,0,0,Rp0,1640,115,7.01%,2,1.74%,0.00%,1527,109,7.14%,2,1.83%,0.00%,Rp0,Rp0,Rp0,Rp0,Rp0,0,0,865,57,55,0,6.59%,0.00%,Rp0,0,Rp0,Rp0,Rp0,0,0,0,0,0,0,0,0,Rp0,0,0,0,0.00%,0,0.00%,0.00%,0,0,0.00%,0,0.00%,0.00%,Rp0,Rp0,Rp0,0,0,0,0,0,0,0,0,Rp0,0,0,0,0.00%,0,0.00%,0.00%,0,0,0.00%,0,0.00%,0.00%,Rp0,Rp0,Rp0,Rp0,Rp0,Rp0,Rp0,0,0,0,0,Rp0,0,0,0,67,0,0.00%,0,0.00%,0.00%,54,0,0.00%,0,0.00%,0.00%,0,0,0.00%,0,0.00%,0.00%,0,0,0.00%,0,0.00%,0.00%,0,0,0.00%,0,0.00%,0.00%,0,0,0.00%,0,0.00%,0.00%,Rp0,Rp0,Rp0,0,0,0,0,0,0,0,0,Rp0,1573,115,7.31%,2,1.74%,0.00%,1473,109,7.40%,2,1.83%,0.00%
YUKIDO SCREW EXTRACTOR / TAP BALIK SET 5PCS,1729670937683921405,GMV & produk terjual = 0,Aktif,Rp0,Rp0,Rp0,Rp0,Rp0,Rp0,Rp0,Rp0,Rp0,Rp0,Rp0,Rp0,Rp0,Rp0,Rp0,0,0,0,0,Rp0,2740,61,2.23%,5,8.20%,0.00%,2447,53,2.17%,5,9.43%,0.00%,Rp0,Rp0,Rp0,Rp0,Rp0,0,0,1598,31,29,0,1.94%,0.00%,Rp0,0,Rp0,Rp0,Rp0,0,0,0,0,0,0,0,0,Rp0,0,0,0,0.00%,0,0.00%,0.00%,0,0,0.00%,0,0.00%,0.00%,Rp0,Rp0,Rp0,0,0,0,0,0,0,0,0,Rp0,0,190,9,4.74%,0,0.00%,0.00%,125,6,4.80%,0,0.00%,0.00%,Rp0,Rp0,Rp0,Rp0,Rp0,Rp0,Rp0,0,0,0,0,Rp0,0,0,0,9,0,0.00%,0,0.00%,0.00%,9,0,0.00%,0,0.00%,0.00%,0,0,0.00%,0,0.00%,0.00%,0,0,0.00%,0,0.00%,0.00%,4,0,0.00%,0,0.00%,0.00%,4,0,0.00%,0,0.00%,0.00%,Rp0,Rp0,Rp0,0,0,0,0,0,0,0,0,Rp0,2541,52,2.05%,5,9.62%,0.00%,2307,48,2.08%,5,10.42%,0.00%
"Alat Pembuka Drat Cabut Keran Kran Pipa Patah Karat Rusak 1/2"" 3/8"" Doll Pipe Screw Extractor",1732920745955788285,GMV & produk terjual = 0,Aktif,Rp0,Rp0,Rp0,Rp0,Rp0,Rp0,Rp0,Rp0,Rp0,Rp0,Rp0,Rp0,Rp0,Rp0,Rp0,0,0,0,0,Rp0,1542,7,0.45%,2,28.57%,0.00%,1436,5,0.35%,2,40.00%,0.00%,Rp0,Rp0,Rp0,Rp0,Rp0,0,0,974,4,3,0,0.41%,0.00%,Rp0,0,Rp0,Rp0,Rp0,0,0,0,0,0,0,0,0,Rp0,0,0,0,0.00%,0,0.00%,0.00%,0,0,0.00%,0,0.00%,0.00%,Rp0,Rp0,Rp0,0,0,0,0,0,0,0,0,Rp0,0,0,0,0.00%,0,0.00%,0.00%,0,0,0.00%,0,0.00%,0.00%,Rp0,Rp0,Rp0,Rp0,Rp0,Rp0,Rp0,0,0,0,0,Rp0,0,0,0,0,0,0.00%,0,0.00%,0.00%,0,0,0.00%,0,0.00%,0.00%,0,0,0.00%,0,0.00%,0.00%,0,0,0.00%,0,0.00%,0.00%,0,0,0.00%,0,0.00%,0.00%,0,0,0.00%,0,0.00%,0.00%,Rp0,Rp0,Rp0,0,0,0,0,0,0,0,0,Rp0,1542,7,0.45%,2,28.57%,0.00%,1431,5,0.35%,2,40.00%,0.00%
Kunci Socket Set Lengkap Wrench 46Pcs Obeng Mata Socket Kombinasi Tool Box Multifungsi - Kunci Shocket,1732287550398760445,GMV & produk terjual = 0,Aktif,Rp0,Rp0,Rp0,Rp0,Rp0,Rp0,Rp0,Rp0,Rp0,Rp0,Rp0,Rp0,Rp0,Rp0,Rp0,0,0,0,0,Rp0,56,2,3.57%,0,0.00%,0.00%,49,2,4.08%,0,0.00%,0.00%,Rp0,Rp0,Rp0,Rp0,Rp0,0,0,36,2,2,0,5.56%,0.00%,Rp0,0,Rp0,Rp0,Rp0,0,0,0,0,0,0,0,0,Rp0,0,0,0,0.00%,0,0.00%,0.00%,0,0,0.00%,0,0.00%,0.00%,Rp0,Rp0,Rp0,0,0,0,0,0,0,0,0,Rp0,0,0,0,0.00%,0,0.00%,0.00%,0,0,0.00%,0,0.00%,0.00%,Rp0,Rp0,Rp0,Rp0,Rp0,Rp0,Rp0,0,0,0,0,Rp0,0,0,0,0,0,0.00%,0,0.00%,0.00%,0,0,0.00%,0,0.00%,0.00%,0,0,0.00%,0,0.00%,0.00%,0,0,0.00%,0,0.00%,0.00%,0,0,0.00%,0,0.00%,0.00%,0,0,0.00%,0,0.00%,0.00%,Rp0,Rp0,Rp0,0,0,0,0,0,0,0,0,Rp0,56,2,3.57%,0,0.00%,0.00%,49,2,4.08%,0,0.00%,0.00%
Baterai 12v Cordless Drill 1 pcs YUKIDO / Battery Mesin Bor 12 volt,1729688594227104253,GMV & produk terjual = 0,Aktif,Rp0,Rp0,Rp0,Rp0,Rp0,Rp0,Rp0,Rp0,Rp0,Rp0,Rp0,Rp0,Rp0,Rp0,Rp0,0,0,0,0,Rp0,67,0,0.00%,0,0.00%,0.00%,54,0,0.00%,0,0.00%,0.00%,Rp0,Rp0,Rp0,Rp0,Rp0,0,0,35,0,0,0,0.00%,0.00%,Rp0,0,Rp0,Rp0,Rp0,0,0,0,0,0,0,0,0,Rp0,0,0,0,0.00%,0,0.00%,0.00%,0,0,0.00%,0,0.00%,0.00%,Rp0,Rp0,Rp0,0,0,0,0,0,0,0,0,Rp0,0,0,0,0.00%,0,0.00%,0.00%,0,0,0.00%,0,0.00%,0.00%,Rp0,Rp0,Rp0,Rp0,Rp0,Rp0,Rp0,0,0,0,0,Rp0,0,0,0,0,0,0.00%,0,0.00%,0.00%,0,0,0.00%,0,0.00%,0.00%,0,0,0.00%,0,0.00%,0.00%,0,0,0.00%,0,0.00%,0.00%,0,0,0.00%,0,0.00%,0.00%,0,0,0.00%,0,0.00%,0.00%,Rp0,Rp0,Rp0,0,0,0,0,0,0,0,0,Rp0,67,0,0.00%,0,0.00%,0.00%,54,0,0.00%,0,0.00%,0.00%
PAKET LENGKAP ALAT CAS AKI MOTOR/MOBIL DENGAN TESPEN DC DIGITAL YUKIDO HARGA TERMURAH,1729779670557427197,GMV & produk terjual = 0,Aktif,Rp0,Rp0,Rp0,Rp0,Rp0,Rp0,Rp0,Rp0,Rp0,Rp0,Rp0,Rp0,Rp0,Rp0,Rp0,0,0,0,0,Rp0,1069,53,4.96%,0,0.00%,0.00%,1003,51,5.08%,0,0.00%,0.00%,Rp0,Rp0,Rp0,Rp0,Rp0,0,0,570,26,25,0,4.56%,0.00%,Rp0,0,Rp0,Rp0,Rp0,0,0,0,0,0,0,0,0,Rp0,0,3,0,0.00%,0,0.00%,0.00%,3,0,0.00%,0,0.00%,0.00%,Rp0,Rp0,Rp0,0,0,0,0,0,0,0,0,Rp0,0,7,0,0.00%,0,0.00%,0.00%,4,0,0.00%,0,0.00%,0.00%,Rp0,Rp0,Rp0,Rp0,Rp0,Rp0,Rp0,0,0,0,0,Rp0,0,0,0,10,2,20.00%,0,0.00%,0.00%,9,2,22.22%,0,0.00%,0.00%,0,0,0.00%,0,0.00%,0.00%,0,0,0.00%,0,0.00%,0.00%,8,1,12.50%,0,0.00%,0.00%,7,1,14.29%,0,0.00%,0.00%,Rp0,Rp0,Rp0,0,0,0,0,0,0,0,0,Rp0,1049,51,4.86%,0,0.00%,0.00%,988,49,4.96%,0,0.00%,0.00%
RYU Angle Grinder RSG100-6 Gerinda Tangan 4” (580W),1732739201097762301,GMV & produk terjual = 0,Aktif,Rp0,Rp0,Rp0,Rp0,Rp0,Rp0,Rp0,Rp0,Rp0,Rp0,Rp0,Rp0,Rp0,Rp0,Rp0,0,0,0,0,Rp0,0,0,0.00%,0,0.00%,0.00%,0,0,0.00%,0,0.00%,0.00%,Rp0,Rp0,Rp0,Rp0,Rp0,0,0,0,0,0,0,0.00%,0.00%,Rp0,0,Rp0,Rp0,Rp0,0,0,0,0,0,0,0,0,Rp0,0,0,0,0.00%,0,0.00%,0.00%,0,0,0.00%,0,0.00%,0.00%,Rp0,Rp0,Rp0,0,0,0,0,0,0,0,0,Rp0,0,0,0,0.00%,0,0.00%,0.00%,0,0,0.00%,0,0.00%,0.00%,Rp0,Rp0,Rp0,Rp0,Rp0,Rp0,Rp0,0,0,0,0,Rp0,0,0,0,0,0,0.00%,0,0.00%,0.00%,0,0,0.00%,0,0.00%,0.00%,0,0,0.00%,0,0.00%,0.00%,0,0,0.00%,0,0.00%,0.00%,0,0,0.00%,0,0.00%,0.00%,0,0,0.00%,0,0.00%,0.00%,Rp0,Rp0,Rp0,0,0,0,0,0,0,0,0,Rp0,0,0,0.00%,0,0.00%,0.00%,0,0,0.00%,0,0.00%,0.00%
"RYU MESIN BOR 10MM DARI MERK RYU ORIGINAL RDR10-3RE / BOR KAYU, TEMBOK, BESI, DLL",1729644130657667581,GMV & produk terjual = 0,Aktif,Rp0,Rp0,Rp0,Rp0,Rp0,Rp0,Rp0,Rp0,Rp0,Rp0,Rp0,Rp0,Rp0,Rp0,Rp0,0,0,0,0,Rp0,229,1,0.44%,0,0.00%,0.00%,182,1,0.55%,0,0.00%,0.00%,Rp0,Rp0,Rp0,Rp0,Rp0,0,0,66,0,0,0,0.00%,0.00%,Rp0,0,Rp0,Rp0,Rp0,0,0,0,0,0,0,0,0,Rp0,36,143,0,0.00%,0,0.00%,0.00%,138,0,0.00%,0,0.00%,0.00%,Rp0,Rp0,Rp0,0,0,0,0,0,0,0,0,Rp0,0,6,0,0.00%,0,0.00%,0.00%,3,0,0.00%,0,0.00%,0.00%,Rp0,Rp0,Rp0,Rp0,Rp0,Rp0,Rp0,0,0,0,0,Rp0,0,0,0,24,1,4.17%,0,0.00%,0.00%,13,1,7.69%,0,0.00%,0.00%,0,0,0.00%,0,0.00%,0.00%,0,0,0.00%,0,0.00%,0.00%,23,1,4.35%,0,0.00%,0.00%,12,1,8.33%,0,0.00%,0.00%,Rp0,Rp0,Rp0,0,0,0,0,0,0,0,0,Rp0,56,0,0.00%,0,0.00%,0.00%,32,0,0.00%,0,0.00%,0.00%
10 Pcs Mata Gerinda Potong Kayu 4Inch Wood Carving Saw Mata Gergaji Potong Kayu 40T,1730801018523649533,GMV & produk terjual = 0,Aktif,Rp0,Rp0,Rp0,Rp0,Rp0,Rp0,Rp0,Rp0,Rp0,Rp0,Rp0,Rp0,Rp0,Rp0,Rp0,0,0,0,0,Rp0,259,6,2.32%,0,0.00%,0.00%,238,6,2.52%,0,0.00%,0.00%,Rp0,Rp0,Rp0,Rp0,Rp0,0,0,171,5,5,0,2.92%,0.00%,Rp0,0,Rp0,Rp0,Rp0,0,0,0,0,0,0,0,0,Rp0,0,0,0,0.00%,0,0.00%,0.00%,0,0,0.00%,0,0.00%,0.00%,Rp0,Rp0,Rp0,0,0,0,0,0,0,0,0,Rp0,0,0,0,0.00%,0,0.00%,0.00%,0,0,0.00%,0,0.00%,0.00%,Rp0,Rp0,Rp0,Rp0,Rp0,Rp0,Rp0,0,0,0,0,Rp0,0,0,0,119,5,4.20%,0,0.00%,0.00%,111,5,4.50%,0,0.00%,0.00%,0,0,0.00%,0,0.00%,0.00%,0,0,0.00%,0,0.00%,0.00%,117,5,4.27%,0,0.00%,0.00%,109,5,4.59%,0,0.00%,0.00%,Rp0,Rp0,Rp0,0,0,0,0,0,0,0,0,Rp0,140,1,0.71%,0,0.00%,0.00%,127,1,0.79%,0,0.00%,0.00%
Mesin Bor 36V Dual Baterai Set Tool Kit - Cordless Drill Set Dengan Charger dan Mata Bor Mata Obeng dan Mata Sock,1731637295101150717,GMV & produk terjual = 0,Aktif,Rp0,Rp0,Rp0,Rp0,Rp0,Rp0,Rp0,Rp0,Rp0,Rp0,Rp0,Rp0,Rp0,Rp0,Rp0,0,0,0,0,Rp0,1149,25,2.18%,0,0.00%,0.00%,1021,19,1.86%,0,0.00%,0.00%,Rp0,Rp0,Rp0,Rp0,Rp0,0,0,194,7,5,0,3.61%,0.00%,Rp0,0,Rp0,Rp0,Rp0,0,0,0,0,0,0,0,0,Rp0,46,479,10,2.09%,0,0.00%,0.00%,432,7,1.62%,0,0.00%,0.00%,Rp0,Rp0,Rp0,0,0,0,0,0,0,0,0,Rp0,0,3,0,0.00%,0,0.00%,0.00%,1,0,0.00%,0,0.00%,0.00%,Rp0,Rp0,Rp0,Rp0,Rp0,Rp0,Rp0,0,0,0,0,Rp0,6,7,0,401,7,1.75%,0,0.00%,0.00%,343,5,1.46%,0,0.00%,0.00%,385,6,1.56%,0,0.00%,0.00%,329,4,1.22%,0,0.00%,0.00%,10,1,10.00%,0,0.00%,0.00%,8,1,12.50%,0,0.00%,0.00%,Rp0,Rp0,Rp0,0,0,0,0,0,0,0,0,Rp0,266,8,3.01%,0,0.00%,0.00%,255,7,2.75%,0,0.00%,0.00%
Alat Pompa Gemuk High Pressure Grease Gun 500cc 8000PSI Dengan Selang Fleksibel Bertekanan Tinggi Pipa Baja Bertekanan Tinggi Anti Slip Pegangan Karet,1732913607247300093,GMV & produk terjual = 0,Aktif,Rp0,Rp0,Rp0,Rp0,Rp0,Rp0,Rp0,Rp0,Rp0,Rp0,Rp0,Rp0,Rp0,Rp0,Rp0,0,0,0,0,Rp0,271,10,3.69%,0,0.00%,0.00%,235,9,3.83%,0,0.00%,0.00%,Rp0,Rp0,Rp0,Rp0,Rp0,0,0,153,8,7,0,5.23%,0.00%,Rp0,0,Rp0,Rp0,Rp0,0,0,0,0,0,0,0,0,Rp0,0,0,0,0.00%,0,0.00%,0.00%,0,0,0.00%,0,0.00%,0.00%,Rp0,Rp0,Rp0,0,0,0,0,0,0,0,0,Rp0,0,0,0,0.00%,0,0.00%,0.00%,0,0,0.00%,0,0.00%,0.00%,Rp0,Rp0,Rp0,Rp0,Rp0,Rp0,Rp0,0,0,0,0,Rp0,1,0,1,48,0,0.00%,0,0.00%,0.00%,31,0,0.00%,0,0.00%,0.00%,0,0,0.00%,0,0.00%,0.00%,0,0,0.00%,0,0.00%,0.00%,22,0,0.00%,0,0.00%,0.00%,20,0,0.00%,0,0.00%,0.00%,Rp0,Rp0,Rp0,0,0,0,0,0,0,0,0,Rp0,223,10,4.48%,0,0.00%,0.00%,204,9,4.41%,0,0.00%,0.00%
PAKET HEMAT 3ITEM KUNCI HANDLE GAGANG RACHET 1/2INCH DITAMBAH SAMBUNGAN SOK 5INCHI DAN KUNCI GAGANG SOCK L 1/2INCH HARGA TERMURAH,1730557896155956733,GMV & produk terjual = 0,Aktif,Rp0,Rp0,Rp0,Rp0,Rp0,Rp0,Rp0,Rp0,Rp0,Rp0,Rp0,Rp0,Rp0,Rp0,Rp0,0,0,0,0,Rp0,282,15,5.32%,1,6.67%,0.00%,244,14,5.74%,1,7.14%,0.00%,Rp0,Rp0,Rp0,Rp0,Rp0,0,0,153,9,9,0,5.88%,0.00%,Rp0,0,Rp0,Rp0,Rp0,0,0,0,0,0,0,0,0,Rp0,0,0,0,0.00%,0,0.00%,0.00%,0,0,0.00%,0,0.00%,0.00%,Rp0,Rp0,Rp0,0,0,0,0,0,0,0,0,Rp0,0,0,0,0.00%,0,0.00%,0.00%,0,0,0.00%,0,0.00%,0.00%,Rp0,Rp0,Rp0,Rp0,Rp0,Rp0,Rp0,0,0,0,0,Rp0,0,0,0,1,0,0.00%,0,0.00%,0.00%,1,0,0.00%,0,0.00%,0.00%,0,0,0.00%,0,0.00%,0.00%,0,0,0.00%,0,0.00%,0.00%,0,0,0.00%,0,0.00%,0.00%,0,0,0.00%,0,0.00%,0.00%,Rp0,Rp0,Rp0,0,0,0,0,0,0,0,0,Rp0,280,15,5.36%,1,6.67%,0.00%,221,10,4.52%,1,10.00%,0.00%
Raskam Plester Acian Semen Raskam Kotak Panjang PVC Plastic Dinding Tembok,1729977558865971709,GMV & produk terjual = 0,Aktif,Rp0,Rp0,Rp0,Rp0,Rp0,Rp0,Rp0,Rp0,Rp0,Rp0,Rp0,Rp0,Rp0,Rp0,Rp0,0,0,0,0,Rp0,1327,25,1.88%,2,8.00%,0.00%,1169,23,1.97%,2,8.70%,0.00%,Rp0,Rp0,Rp0,Rp0,Rp0,0,0,781,14,13,0,1.79%,0.00%,Rp0,0,Rp0,Rp0,Rp0,0,0,0,0,0,0,0,0,Rp0,3,28,0,0.00%,0,0.00%,0.00%,28,0,0.00%,0,0.00%,0.00%,Rp0,Rp0,Rp0,0,0,0,0,0,0,0,0,Rp0,0,0,0,0.00%,0,0.00%,0.00%,0,0,0.00%,0,0.00%,0.00%,Rp0,Rp0,Rp0,Rp0,Rp0,Rp0,Rp0,0,0,0,0,Rp0,1,0,1,42,1,2.38%,0,0.00%,0.00%,19,1,5.26%,0,0.00%,0.00%,0,0,0.00%,0,0.00%,0.00%,0,0,0.00%,0,0.00%,0.00%,1,0,0.00%,0,0.00%,0.00%,1,0,0.00%,0,0.00%,0.00%,Rp0,Rp0,Rp0,0,0,0,0,0,0,0,0,Rp0,1257,24,1.91%,2,8.33%,0.00%,1123,22,1.96%,2,9.09%,0.00%
"Paket Bengkel Komplit Kunci Shock 10pcs 8-24mm 1/2"" Kunci T 4pcs 8-14mm Obeng Plus Min Kunci Busi 2 in 1 16mm 21 mm",1732332253453518333,GMV & produk terjual = 0,Aktif,Rp0,Rp0,Rp0,Rp0,Rp0,Rp0,Rp0,Rp0,Rp0,Rp0,Rp0,Rp0,Rp0,Rp0,Rp0,0,0,0,0,Rp0,949,17,1.79%,2,11.76%,0.00%,859,16,1.86%,2,12.50%,0.00%,Rp0,Rp0,Rp0,Rp0,Rp0,0,0,687,15,14,0,2.18%,0.00%,Rp0,0,Rp0,Rp0,Rp0,0,0,0,0,0,0,0,0,Rp0,0,0,0,0.00%,0,0.00%,0.00%,0,0,0.00%,0,0.00%,0.00%,Rp0,Rp0,Rp0,0,0,0,0,0,0,0,0,Rp0,0,0,0,0.00%,0,0.00%,0.00%,0,0,0.00%,0,0.00%,0.00%,Rp0,Rp0,Rp0,Rp0,Rp0,Rp0,Rp0,0,0,0,0,Rp0,0,0,0,0,0,0.00%,0,0.00%,0.00%,0,0,0.00%,0,0.00%,0.00%,0,0,0.00%,0,0.00%,0.00%,0,0,0.00%,0,0.00%,0.00%,0,0,0.00%,0,0.00%,0.00%,0,0,0.00%,0,0.00%,0.00%,Rp0,Rp0,Rp0,0,0,0,0,0,0,0,0,Rp0,949,17,1.79%,2,11.76%,0.00%,859,16,1.86%,2,12.50%,0.00%
Armature MT 90 Gerinda Maktec MT90 MT91 Stator Rumah Angker,1732738977424049661,GMV & produk terjual = 0,Aktif,Rp0,Rp0,Rp0,Rp0,Rp0,Rp0,Rp0,Rp0,Rp0,Rp0,Rp0,Rp0,Rp0,Rp0,Rp0,0,0,0,0,Rp0,882,43,4.88%,0,0.00%,0.00%,787,31,3.94%,0,0.00%,0.00%,Rp0,Rp0,Rp0,Rp0,Rp0,0,0,695,30,20,0,4.32%,0.00%,Rp0,0,Rp0,Rp0,Rp0,0,0,0,0,0,0,0,0,Rp0,0,0,0,0.00%,0,0.00%,0.00%,0,0,0.00%,0,0.00%,0.00%,Rp0,Rp0,Rp0,0,0,0,0,0,0,0,0,Rp0,0,0,0,0.00%,0,0.00%,0.00%,0,0,0.00%,0,0.00%,0.00%,Rp0,Rp0,Rp0,Rp0,Rp0,Rp0,Rp0,0,0,0,0,Rp0,0,0,0,0,0,0.00%,0,0.00%,0.00%,0,0,0.00%,0,0.00%,0.00%,0,0,0.00%,0,0.00%,0.00%,0,0,0.00%,0,0.00%,0.00%,0,0,0.00%,0,0.00%,0.00%,0,0,0.00%,0,0.00%,0.00%,Rp0,Rp0,Rp0,0,0,0,0,0,0,0,0,Rp0,882,43,4.88%,0,0.00%,0.00%,787,31,3.94%,0,0.00%,0.00%
MESIN LAS RYU 450 WATT INVERTER RII 120-2,1729644151745710589,GMV & produk terjual = 0,Aktif,Rp0,Rp0,Rp0,Rp0,Rp0,Rp0,Rp0,Rp0,Rp0,Rp0,Rp0,Rp0,Rp0,Rp0,Rp0,0,0,0,0,Rp0,103,5,4.85%,0,0.00%,0.00%,50,5,10.00%,0,0.00%,0.00%,Rp0,Rp0,Rp0,Rp0,Rp0,0,0,19,0,0,0,0.00%,0.00%,Rp0,0,Rp0,Rp0,Rp0,0,0,0,0,0,0,0,0,Rp0,0,1,0,0.00%,0,0.00%,0.00%,1,0,0.00%,0,0.00%,0.00%,Rp0,Rp0,Rp0,0,0,0,0,0,0,0,0,Rp0,0,44,5,11.36%,0,0.00%,0.00%,22,5,22.73%,0,0.00%,0.00%,Rp0,Rp0,Rp0,Rp0,Rp0,Rp0,Rp0,0,0,0,0,Rp0,0,0,0,23,0,0.00%,0,0.00%,0.00%,4,0,0.00%,0,0.00%,0.00%,0,0,0.00%,0,0.00%,0.00%,0,0,0.00%,0,0.00%,0.00%,23,0,0.00%,0,0.00%,0.00%,4,0,0.00%,0,0.00%,0.00%,Rp0,Rp0,Rp0,0,0,0,0,0,0,0,0,Rp0,35,0,0.00%,0,0.00%,0.00%,25,0,0.00%,0,0.00%,0.00%
Adaptor Bor Ke Gergaji Potong Seng Plat Metal Kepala Ganda Multifungsi,1729717949408577021,GMV & produk terjual = 0,Aktif,Rp0,Rp0,Rp0,Rp0,Rp0,Rp0,Rp0,Rp0,Rp0,Rp0,Rp0,Rp0,Rp0,Rp0,Rp0,0,0,0,0,Rp0,42,2,4.76%,0,0.00%,0.00%,39,2,5.13%,0,0.00%,0.00%,Rp0,Rp0,Rp0,Rp0,Rp0,0,0,21,1,1,0,4.76%,0.00%,Rp0,0,Rp0,Rp0,Rp0,0,0,0,0,0,0,0,0,Rp0,0,0,0,0.00%,0,0.00%,0.00%,0,0,0.00%,0,0.00%,0.00%,Rp0,Rp0,Rp0,0,0,0,0,0,0,0,0,Rp0,0,0,0,0.00%,0,0.00%,0.00%,0,0,0.00%,0,0.00%,0.00%,Rp0,Rp0,Rp0,Rp0,Rp0,Rp0,Rp0,0,0,0,0,Rp0,0,0,0,0,0,0.00%,0,0.00%,0.00%,0,0,0.00%,0,0.00%,0.00%,0,0,0.00%,0,0.00%,0.00%,0,0,0.00%,0,0.00%,0.00%,0,0,0.00%,0,0.00%,0.00%,0,0,0.00%,0,0.00%,0.00%,Rp0,Rp0,Rp0,0,0,0,0,0,0,0,0,Rp0,42,2,4.76%,0,0.00%,0.00%,35,2,5.71%,0,0.00%,0.00%
e Klem Selang Air & Gas Stainless Steel 1/2 5/8 3/4 1 Inch Standar SNI untuk Selang Gas 2 Lapis & Selang Air Anti Karat Grey,1734165789418620413,GMV & produk terjual = 0,Aktif,Rp0,Rp0,Rp0,Rp0,Rp0,Rp0,Rp0,Rp0,Rp0,Rp0,Rp0,Rp0,Rp0,Rp0,Rp0,0,0,0,0,Rp0,2169,14,0.65%,1,7.14%,0.00%,1973,13,0.66%,1,7.69%,0.00%,Rp0,Rp0,Rp0,Rp0,Rp0,0,0,1312,7,7,0,0.53%,0.00%,Rp0,0,Rp0,Rp0,Rp0,0,0,0,0,0,0,0,0,Rp0,0,0,0,0.00%,0,0.00%,0.00%,0,0,0.00%,0,0.00%,0.00%,Rp0,Rp0,Rp0,0,0,0,0,0,0,0,0,Rp0,0,1,0,0.00%,0,0.00%,0.00%,1,0,0.00%,0,0.00%,0.00%,Rp0,Rp0,Rp0,Rp0,Rp0,Rp0,Rp0,0,0,0,0,Rp0,0,0,0,0,0,0.00%,0,0.00%,0.00%,0,0,0.00%,0,0.00%,0.00%,0,0,0.00%,0,0.00%,0.00%,0,0,0.00%,0,0.00%,0.00%,0,0,0.00%,0,0.00%,0.00%,0,0,0.00%,0,0.00%,0.00%,Rp0,Rp0,Rp0,0,0,0,0,0,0,0,0,Rp0,2168,14,0.65%,1,7.14%,0.00%,1948,12,0.62%,1,8.33%,0.00%
YUKIDO Mata Bor Kayu Set 8 Pcs Ukuran 3mm - 10mm AB-03WD,1729642996802619901,GMV & produk terjual = 0,Aktif,Rp0,Rp0,Rp0,Rp0,Rp0,Rp0,Rp0,Rp0,Rp0,Rp0,Rp0,Rp0,Rp0,Rp0,Rp0,0,0,0,0,Rp0,4,0,0.00%,0,0.00%,0.00%,2,0,0.00%,0,0.00%,0.00%,Rp0,Rp0,Rp0,Rp0,Rp0,0,0,0,0,0,0,0.00%,0.00%,Rp0,0,Rp0,Rp0,Rp0,0,0,0,0,0,0,0,0,Rp0,0,0,0,0.00%,0,0.00%,0.00%,0,0,0.00%,0,0.00%,0.00%,Rp0,Rp0,Rp0,0,0,0,0,0,0,0,0,Rp0,0,0,0,0.00%,0,0.00%,0.00%,0,0,0.00%,0,0.00%,0.00%,Rp0,Rp0,Rp0,Rp0,Rp0,Rp0,Rp0,0,0,0,0,Rp0,0,0,0,0,0,0.00%,0,0.00%,0.00%,0,0,0.00%,0,0.00%,0.00%,0,0,0.00%,0,0.00%,0.00%,0,0,0.00%,0,0.00%,0.00%,0,0,0.00%,0,0.00%,0.00%,0,0,0.00%,0,0.00%,0.00%,Rp0,Rp0,Rp0,0,0,0,0,0,0,0,0,Rp0,4,0,0.00%,0,0.00%,0.00%,2,0,0.00%,0,0.00%,0.00%
(50pcs) Isi Lem Tembak / Lem Bakar Kecil 7 mm 25 cm / Isi Refill Lem Tembak Glue Gun,1729691492438279677,GMV & produk terjual = 0,Aktif,Rp0,Rp0,Rp0,Rp0,Rp0,Rp0,Rp0,Rp0,Rp0,Rp0,Rp0,Rp0,Rp0,Rp0,Rp0,0,0,0,0,Rp0,60,3,5.00%,0,0.00%,0.00%,51,3,5.88%,0,0.00%,0.00%,Rp0,Rp0,Rp0,Rp0,Rp0,0,0,44,2,2,0,4.55%,0.00%,Rp0,0,Rp0,Rp0,Rp0,0,0,0,0,0,0,0,0,Rp0,0,0,0,0.00%,0,0.00%,0.00%,0,0,0.00%,0,0.00%,0.00%,Rp0,Rp0,Rp0,0,0,0,0,0,0,0,0,Rp0,0,0,0,0.00%,0,0.00%,0.00%,0,0,0.00%,0,0.00%,0.00%,Rp0,Rp0,Rp0,Rp0,Rp0,Rp0,Rp0,0,0,0,0,Rp0,0,0,0,23,1,4.35%,0,0.00%,0.00%,18,1,5.56%,0,0.00%,0.00%,0,0,0.00%,0,0.00%,0.00%,0,0,0.00%,0,0.00%,0.00%,16,0,0.00%,0,0.00%,0.00%,15,0,0.00%,0,0.00%,0.00%,Rp0,Rp0,Rp0,0,0,0,0,0,0,0,0,Rp0,37,2,5.41%,0,0.00%,0.00%,34,2,5.88%,0,0.00%,0.00%
"MAKITA Paket 4 Mesin Tukang Kayu Japan Tech: Bor 10mm, Gerinda 4in, Serut Kayu, Circular Saw- Set Lengkap Original Garansi",1733645119281071613,GMV & produk terjual = 0,Aktif,Rp0,Rp0,Rp0,Rp0,Rp0,Rp0,Rp0,Rp0,Rp0,Rp0,Rp0,Rp0,Rp0,Rp0,Rp0,0,0,0,0,Rp0,55,0,0.00%,0,0.00%,0.00%,38,0,0.00%,0,0.00%,0.00%,Rp0,Rp0,Rp0,Rp0,Rp0,0,0,45,0,0,0,0.00%,0.00%,Rp0,0,Rp0,Rp0,Rp0,0,0,0,0,0,0,0,0,Rp0,0,0,0,0.00%,0,0.00%,0.00%,0,0,0.00%,0,0.00%,0.00%,Rp0,Rp0,Rp0,0,0,0,0,0,0,0,0,Rp0,0,0,0,0.00%,0,0.00%,0.00%,0,0,0.00%,0,0.00%,0.00%,Rp0,Rp0,Rp0,Rp0,Rp0,Rp0,Rp0,0,0,0,0,Rp0,0,0,0,0,0,0.00%,0,0.00%,0.00%,0,0,0.00%,0,0.00%,0.00%,0,0,0.00%,0,0.00%,0.00%,0,0,0.00%,0,0.00%,0.00%,0,0,0.00%,0,0.00%,0.00%,0,0,0.00%,0,0.00%,0.00%,Rp0,Rp0,Rp0,0,0,0,0,0,0,0,0,Rp0,55,0,0.00%,0,0.00%,0.00%,38,0,0.00%,0,0.00%,0.00%
Mesin Las Lakoni Mesin Las Inverter Lakoni 450watt Basic 124ix,1730813410764097021,GMV & produk terjual = 0,Aktif,Rp0,Rp0,Rp0,Rp0,Rp0,Rp0,Rp0,Rp0,Rp0,Rp0,Rp0,Rp0,Rp0,Rp0,Rp0,0,0,0,0,Rp0,12225,672,5.50%,5,0.74%,0.00%,9755,586,6.01%,4,0.68%,0.00%,Rp0,Rp0,Rp0,Rp0,Rp0,0,0,1797,46,39,0,2.56%,0.00%,Rp0,0,Rp0,Rp0,Rp0,0,0,0,0,0,0,0,0,Rp0,24,1685,37,2.20%,0,0.00%,0.00%,1316,28,2.13%,0,0.00%,0.00%,Rp0,Rp0,Rp0,0,0,0,0,0,0,0,0,Rp0,3,587,53,9.03%,1,1.89%,0.00%,434,45,10.37%,1,2.22%,0.00%,Rp0,Rp0,Rp0,Rp0,Rp0,Rp0,Rp0,0,0,0,0,Rp0,44,22,37,8226,519,6.31%,3,0.58%,0.00%,5715,395,6.91%,2,0.51%,0.00%,2921,23,0.79%,0,0.00%,0.00%,2375,21,0.88%,0,0.00%,0.00%,5026,493,9.81%,3,0.61%,0.00%,3249,371,11.42%,2,0.54%,0.00%,Rp0,Rp0,Rp0,0,0,0,0,0,0,0,0,Rp0,1726,63,3.65%,1,1.59%,0.00%,1358,51,3.76%,1,1.96%,0.00%
PAKET MURAH || YUKIDO TANG SET MULTIFUNGSI BISA COD,1729721803618159101,GMV & produk terjual = 0,Aktif,Rp0,Rp0,Rp0,Rp0,Rp0,Rp0,Rp0,Rp0,Rp0,Rp0,Rp0,Rp0,Rp0,Rp0,Rp0,0,0,0,0,Rp0,982,27,2.75%,1,3.70%,0.00%,880,23,2.61%,1,4.35%,0.00%,Rp0,Rp0,Rp0,Rp0,Rp0,0,0,358,8,8,0,2.23%,0.00%,Rp0,0,Rp0,Rp0,Rp0,0,0,0,0,0,0,0,0,Rp0,1,11,0,0.00%,0,0.00%,0.00%,10,0,0.00%,0,0.00%,0.00%,Rp0,Rp0,Rp0,0,0,0,0,0,0,0,0,Rp0,0,8,0,0.00%,0,0.00%,0.00%,8,0,0.00%,0,0.00%,0.00%,Rp0,Rp0,Rp0,Rp0,Rp0,Rp0,Rp0,0,0,0,0,Rp0,9,9,1,465,11,2.37%,0,0.00%,0.00%,388,10,2.58%,0,0.00%,0.00%,235,4,1.70%,0,0.00%,0.00%,184,3,1.63%,0,0.00%,0.00%,164,7,4.27%,0,0.00%,0.00%,142,7,4.93%,0,0.00%,0.00%,Rp0,Rp0,Rp0,0,0,0,0,0,0,0,0,Rp0,498,16,3.21%,1,6.25%,0.00%,468,14,2.99%,1,7.14%,0.00%
Paket Alat Stel KLEP SET 4Pcs YUKIDO Feeler Gauge 13 blades + Kunci Setelan Klep T40 Yukido + Kunci Ring 8 - 9 mm Kunci Tutup Klep 17x24mmFuller,1730863390851630589,GMV & produk terjual = 0,Aktif,Rp0,Rp0,Rp0,Rp0,Rp0,Rp0,Rp0,Rp0,Rp0,Rp0,Rp0,Rp0,Rp0,Rp0,Rp0,0,0,0,0,Rp0,273,10,3.66%,0,0.00%,0.00%,219,8,3.65%,0,0.00%,0.00%,Rp0,Rp0,Rp0,Rp0,Rp0,0,0,182,7,5,0,3.85%,0.00%,Rp0,0,Rp0,Rp0,Rp0,0,0,0,0,0,0,0,0,Rp0,0,0,0,0.00%,0,0.00%,0.00%,0,0,0.00%,0,0.00%,0.00%,Rp0,Rp0,Rp0,0,0,0,0,0,0,0,0,Rp0,0,0,0,0.00%,0,0.00%,0.00%,0,0,0.00%,0,0.00%,0.00%,Rp0,Rp0,Rp0,Rp0,Rp0,Rp0,Rp0,0,0,0,0,Rp0,0,0,0,22,1,4.55%,0,0.00%,0.00%,2,1,50.00%,0,0.00%,0.00%,0,0,0.00%,0,0.00%,0.00%,0,0,0.00%,0,0.00%,0.00%,0,0,0.00%,0,0.00%,0.00%,0,0,0.00%,0,0.00%,0.00%,Rp0,Rp0,Rp0,0,0,0,0,0,0,0,0,Rp0,250,9,3.60%,0,0.00%,0.00%,192,6,3.13%,0,0.00%,0.00%
BRANCH Roda Hidup Troley 1.5 inch Roda Caster Roda Etalase Satuan,1729588228814505469,GMV & produk terjual = 0,Aktif,Rp0,Rp0,Rp0,Rp0,Rp0,Rp0,Rp0,Rp0,Rp0,Rp0,Rp0,Rp0,Rp0,Rp0,Rp0,0,0,0,0,Rp0,1013,13,1.28%,3,23.08%,0.00%,909,13,1.43%,3,23.08%,0.00%,Rp0,Rp0,Rp0,Rp0,Rp0,0,0,587,8,8,0,1.36%,0.00%,Rp0,0,Rp0,Rp0,Rp0,0,0,0,0,0,0,0,0,Rp0,0,0,0,0.00%,0,0.00%,0.00%,0,0,0.00%,0,0.00%,0.00%,Rp0,Rp0,Rp0,0,0,0,0,0,0,0,0,Rp0,0,0,0,0.00%,0,0.00%,0.00%,0,0,0.00%,0,0.00%,0.00%,Rp0,Rp0,Rp0,Rp0,Rp0,Rp0,Rp0,0,0,0,0,Rp0,0,0,0,4,0,0.00%,0,0.00%,0.00%,3,0,0.00%,0,0.00%,0.00%,0,0,0.00%,0,0.00%,0.00%,0,0,0.00%,0,0.00%,0.00%,3,0,0.00%,0,0.00%,0.00%,2,0,0.00%,0,0.00%,0.00%,Rp0,Rp0,Rp0,0,0,0,0,0,0,0,0,Rp0,1009,13,1.29%,3,23.08%,0.00%,906,13,1.43%,3,23.08%,0.00%
10Pcs Mata Socket Panjang Alat Perbaikan Baut 1/2 Inch 6PT 8-24MM - Impact Socket Drive Deep Socket,1731259004362917373,GMV & produk terjual = 0,Aktif,Rp0,Rp0,Rp0,Rp0,Rp0,Rp0,Rp0,Rp0,Rp0,Rp0,Rp0,Rp0,Rp0,Rp0,Rp0,0,0,0,0,Rp0,1688,23,1.36%,0,0.00%,0.00%,1564,21,1.34%,0,0.00%,0.00%,Rp0,Rp0,Rp0,Rp0,Rp0,0,0,481,3,3,0,0.62%,0.00%,Rp0,0,Rp0,Rp0,Rp0,0,0,0,0,0,0,0,0,Rp0,52,710,11,1.55%,0,0.00%,0.00%,645,10,1.55%,0,0.00%,0.00%,Rp0,Rp0,Rp0,0,0,0,0,0,0,0,0,Rp0,0,1,0,0.00%,0,0.00%,0.00%,1,0,0.00%,0,0.00%,0.00%,Rp0,Rp0,Rp0,Rp0,Rp0,Rp0,Rp0,0,0,0,0,Rp0,3,4,1,41,0,0.00%,0,0.00%,0.00%,28,0,0.00%,0,0.00%,0.00%,16,0,0.00%,0,0.00%,0.00%,15,0,0.00%,0,0.00%,0.00%,9,0,0.00%,0,0.00%,0.00%,8,0,0.00%,0,0.00%,0.00%,Rp0,Rp0,Rp0,0,0,0,0,0,0,0,0,Rp0,935,12,1.28%,0,0.00%,0.00%,885,11,1.24%,0,0.00%,0.00%
[COD READY] QUANTUM SELANG GAS + REGULATOR GAS LPG QRL-242 / QRL 242 / QRL242 (GARANSI RESMI),1735977742040335869,GMV & produk terjual = 0,Aktif,Rp0,Rp0,Rp0,Rp0,Rp0,Rp0,Rp0,Rp0,Rp0,Rp0,Rp0,Rp0,Rp0,Rp0,Rp0,0,0,0,0,Rp0,6102,87,1.43%,8,9.20%,0.00%,5589,77,1.38%,5,6.49%,0.00%,Rp0,Rp0,Rp0,Rp0,Rp0,0,0,2844,26,24,0,0.91%,0.00%,Rp0,0,Rp0,Rp0,Rp0,0,0,0,0,0,0,0,0,Rp0,0,0,0,0.00%,0,0.00%,0.00%,0,0,0.00%,0,0.00%,0.00%,Rp0,Rp0,Rp0,0,0,0,0,0,0,0,0,Rp0,1,3,0,0.00%,0,0.00%,0.00%,3,0,0.00%,0,0.00%,0.00%,Rp0,Rp0,Rp0,Rp0,Rp0,Rp0,Rp0,0,0,0,0,Rp0,6,0,6,710,22,3.10%,4,18.18%,0.00%,541,16,2.96%,1,6.25%,0.00%,0,0,0.00%,0,0.00%,0.00%,0,0,0.00%,0,0.00%,0.00%,558,21,3.76%,4,19.05%,0.00%,465,15,3.23%,1,6.67%,0.00%,Rp0,Rp0,Rp0,0,0,0,0,0,0,0,0,Rp0,5389,65,1.21%,4,6.15%,0.00%,4988,59,1.18%,4,6.78%,0.00%
Batu Poles Jason 4” (100x6x16mm) – 1 Box isi 25 pcs / Satuan,1732220956791834109,GMV & produk terjual = 0,Aktif,Rp0,Rp0,Rp0,Rp0,Rp0,Rp0,Rp0,Rp0,Rp0,Rp0,Rp0,Rp0,Rp0,Rp0,Rp0,0,0,0,0,Rp0,118,2,1.69%,0,0.00%,0.00%,112,2,1.79%,0,0.00%,0.00%,Rp0,Rp0,Rp0,Rp0,Rp0,0,0,62,1,1,0,1.61%,0.00%,Rp0,0,Rp0,Rp0,Rp0,0,0,0,0,0,0,0,0,Rp0,0,0,0,0.00%,0,0.00%,0.00%,0,0,0.00%,0,0.00%,0.00%,Rp0,Rp0,Rp0,0,0,0,0,0,0,0,0,Rp0,0,0,0,0.00%,0,0.00%,0.00%,0,0,0.00%,0,0.00%,0.00%,Rp0,Rp0,Rp0,Rp0,Rp0,Rp0,Rp0,0,0,0,0,Rp0,0,0,0,0,0,0.00%,0,0.00%,0.00%,0,0,0.00%,0,0.00%,0.00%,0,0,0.00%,0,0.00%,0.00%,0,0,0.00%,0,0.00%,0.00%,0,0,0.00%,0,0.00%,0.00%,0,0,0.00%,0,0.00%,0.00%,Rp0,Rp0,Rp0,0,0,0,0,0,0,0,0,Rp0,118,2,1.69%,0,0.00%,0.00%,112,2,1.79%,0,0.00%,0.00%
[2SET] Planer Blade 82 mm Mata Serut Kayu Sugu Ketam Pasah Mata Serut Sugu Kayu,1729740164352083453,GMV & produk terjual = 0,Aktif,Rp0,Rp0,Rp0,Rp0,Rp0,Rp0,Rp0,Rp0,Rp0,Rp0,Rp0,Rp0,Rp0,Rp0,Rp0,0,0,0,0,Rp0,637,21,3.30%,2,9.52%,0.00%,576,21,3.65%,2,9.52%,0.00%,Rp0,Rp0,Rp0,Rp0,Rp0,0,0,318,10,10,0,3.14%,0.00%,Rp0,0,Rp0,Rp0,Rp0,0,0,0,0,0,0,0,0,Rp0,1,44,2,4.55%,0,0.00%,0.00%,37,2,5.41%,0,0.00%,0.00%,Rp0,Rp0,Rp0,0,0,0,0,0,0,0,0,Rp0,0,0,0,0.00%,0,0.00%,0.00%,0,0,0.00%,0,0.00%,0.00%,Rp0,Rp0,Rp0,Rp0,Rp0,Rp0,Rp0,0,0,0,0,Rp0,0,0,0,0,0,0.00%,0,0.00%,0.00%,0,0,0.00%,0,0.00%,0.00%,0,0,0.00%,0,0.00%,0.00%,0,0,0.00%,0,0.00%,0.00%,0,0,0.00%,0,0.00%,0.00%,0,0,0.00%,0,0.00%,0.00%,Rp0,Rp0,Rp0,0,0,0,0,0,0,0,0,Rp0,593,19,3.20%,2,10.53%,0.00%,539,19,3.53%,2,10.53%,0.00%
YUKIDO Mesin Compressor Oil-Les 10 Liter 8 Bar 1HP 116psi -Air Compressor angin listrik,1731732394886202877,GMV & produk terjual = 0,Aktif,Rp0,Rp0,Rp0,Rp0,Rp0,Rp0,Rp0,Rp0,Rp0,Rp0,Rp0,Rp0,Rp0,Rp0,Rp0,0,0,0,0,Rp0,19693,975,4.95%,25,2.56%,0.00%,16852,843,5.00%,23,2.73%,0.00%,Rp0,Rp0,Rp0,Rp0,Rp0,0,0,11548,280,239,0,2.42%,0.00%,Rp0,0,Rp0,Rp0,Rp0,0,0,0,0,0,0,0,0,Rp0,6,594,11,1.85%,1,9.09%,0.00%,519,9,1.73%,1,11.11%,0.00%,Rp0,Rp0,Rp0,0,0,0,0,0,0,0,0,Rp0,0,0,0,0.00%,0,0.00%,0.00%,0,0,0.00%,0,0.00%,0.00%,Rp0,Rp0,Rp0,Rp0,Rp0,Rp0,Rp0,0,0,0,0,Rp0,15,8,9,14070,858,6.10%,21,2.45%,0.00%,11693,729,6.23%,19,2.61%,0.00%,1120,15,1.34%,0,0.00%,0.00%,985,15,1.52%,0,0.00%,0.00%,12370,828,6.69%,20,2.42%,0.00%,10372,699,6.74%,18,2.58%,0.00%,Rp0,Rp0,Rp0,0,0,0,0,0,0,0,0,Rp0,5026,106,2.11%,3,2.83%,0.00%,4581,98,2.14%,3,3.06%,0.00%
Mata Gerinda Diamond Serbaguna Multifungsi Mata Cakram Pemotong Keramik Kayu Besi Baja Ringan 4 Inch,1731795637835957757,GMV & produk terjual = 0,Aktif,Rp0,Rp0,Rp0,Rp0,Rp0,Rp0,Rp0,Rp0,Rp0,Rp0,Rp0,Rp0,Rp0,Rp0,Rp0,0,0,0,0,Rp0,2145,43,2.00%,6,13.95%,0.00%,1912,35,1.83%,6,17.14%,0.00%,Rp0,Rp0,Rp0,Rp0,Rp0,0,0,1182,23,17,0,1.95%,0.00%,Rp0,0,Rp0,Rp0,Rp0,0,0,0,0,0,0,0,0,Rp0,3,67,3,4.48%,0,0.00%,0.00%,55,2,3.64%,0,0.00%,0.00%,Rp0,Rp0,Rp0,0,0,0,0,0,0,0,0,Rp0,0,3,0,0.00%,0,0.00%,0.00%,3,0,0.00%,0,0.00%,0.00%,Rp0,Rp0,Rp0,Rp0,Rp0,Rp0,Rp0,0,0,0,0,Rp0,0,0,0,8,0,0.00%,0,0.00%,0.00%,8,0,0.00%,0,0.00%,0.00%,0,0,0.00%,0,0.00%,0.00%,0,0,0.00%,0,0.00%,0.00%,2,0,0.00%,0,0.00%,0.00%,2,0,0.00%,0,0.00%,0.00%,Rp0,Rp0,Rp0,0,0,0,0,0,0,0,0,Rp0,2067,40,1.94%,6,15.00%,0.00%,1846,33,1.79%,6,18.18%,0.00%
(1KG) Kawat Las Mig 0.8mm 1Kg / Flux Core Wire Gasless - Kawat Las Tanpa Gas Co2,1729754812182332925,GMV & produk terjual = 0,Nonaktif,Rp0,Rp0,Rp0,Rp0,Rp0,Rp0,Rp0,Rp0,Rp0,Rp0,Rp0,Rp0,Rp0,Rp0,Rp0,0,0,0,0,Rp0,248,1,0.40%,0,0.00%,0.00%,161,1,0.62%,0,0.00%,0.00%,Rp0,Rp0,Rp0,Rp0,Rp0,0,0,149,1,1,0,0.67%,0.00%,Rp0,0,Rp0,Rp0,Rp0,0,0,0,0,0,0,0,0,Rp0,0,0,0,0.00%,0,0.00%,0.00%,0,0,0.00%,0,0.00%,0.00%,Rp0,Rp0,Rp0,0,0,0,0,0,0,0,0,Rp0,0,0,0,0.00%,0,0.00%,0.00%,0,0,0.00%,0,0.00%,0.00%,Rp0,Rp0,Rp0,Rp0,Rp0,Rp0,Rp0,0,0,0,0,Rp0,0,0,0,8,0,0.00%,0,0.00%,0.00%,8,0,0.00%,0,0.00%,0.00%,0,0,0.00%,0,0.00%,0.00%,0,0,0.00%,0,0.00%,0.00%,0,0,0.00%,0,0.00%,0.00%,0,0,0.00%,0,0.00%,0.00%,Rp0,Rp0,Rp0,0,0,0,0,0,0,0,0,Rp0,240,1,0.42%,0,0.00%,0.00%,153,1,0.65%,0,0.00%,0.00%
2 pcs Sprayer Bottle 2 Liter Spray Alat Semprotan Tanaman Manual Water Pressure Sprayer Jet Disenfektan,1730324046704510461,GMV & produk terjual = 0,Aktif,Rp0,Rp0,Rp0,Rp0,Rp0,Rp0,Rp0,Rp0,Rp0,Rp0,Rp0,Rp0,Rp0,Rp0,Rp0,0,0,0,0,Rp0,294,2,0.68%,0,0.00%,0.00%,280,2,0.71%,0,0.00%,0.00%,Rp0,Rp0,Rp0,Rp0,Rp0,0,0,185,1,1,0,0.54%,0.00%,Rp0,0,Rp0,Rp0,Rp0,0,0,0,0,0,0,0,0,Rp0,0,0,0,0.00%,0,0.00%,0.00%,0,0,0.00%,0,0.00%,0.00%,Rp0,Rp0,Rp0,0,0,0,0,0,0,0,0,Rp0,0,0,0,0.00%,0,0.00%,0.00%,0,0,0.00%,0,0.00%,0.00%,Rp0,Rp0,Rp0,Rp0,Rp0,Rp0,Rp0,0,0,0,0,Rp0,0,0,0,0,0,0.00%,0,0.00%,0.00%,0,0,0.00%,0,0.00%,0.00%,0,0,0.00%,0,0.00%,0.00%,0,0,0.00%,0,0.00%,0.00%,0,0,0.00%,0,0.00%,0.00%,0,0,0.00%,0,0.00%,0.00%,Rp0,Rp0,Rp0,0,0,0,0,0,0,0,0,Rp0,294,2,0.68%,0,0.00%,0.00%,280,2,0.71%,0,0.00%,0.00%
"PAKET MURAH Mata Gerinda 4inch Mata Potong Kayu,Amplas dan Poles Dengan Tatakan dan Amplas Tempel",1731921617600349693,GMV & produk terjual = 0,Aktif,Rp0,Rp0,Rp0,Rp0,Rp0,Rp0,Rp0,Rp0,Rp0,Rp0,Rp0,Rp0,Rp0,Rp0,Rp0,0,0,0,0,Rp0,164,0,0.00%,0,0.00%,0.00%,157,0,0.00%,0,0.00%,0.00%,Rp0,Rp0,Rp0,Rp0,Rp0,0,0,53,0,0,0,0.00%,0.00%,Rp0,0,Rp0,Rp0,Rp0,0,0,0,0,0,0,0,0,Rp0,33,77,0,0.00%,0,0.00%,0.00%,77,0,0.00%,0,0.00%,0.00%,Rp0,Rp0,Rp0,0,0,0,0,0,0,0,0,Rp0,0,0,0,0.00%,0,0.00%,0.00%,0,0,0.00%,0,0.00%,0.00%,Rp0,Rp0,Rp0,Rp0,Rp0,Rp0,Rp0,0,0,0,0,Rp0,0,0,0,1,0,0.00%,0,0.00%,0.00%,1,0,0.00%,0,0.00%,0.00%,0,0,0.00%,0,0.00%,0.00%,0,0,0.00%,0,0.00%,0.00%,0,0,0.00%,0,0.00%,0.00%,0,0,0.00%,0,0.00%,0.00%,Rp0,Rp0,Rp0,0,0,0,0,0,0,0,0,Rp0,86,0,0.00%,0,0.00%,0.00%,79,0,0.00%,0,0.00%,0.00%
Alat Mesin Tembak Paku Beton Mini Fastening Gun Ramset Gun dengan Mata Ramset Gratis 50Pcs Cocok untuk Bata Merah Dinding Beton 8mm Aluminium Aloi Kawat Saluran dan Tebal Papan Kayu,1729647512708024829,GMV & produk terjual = 0,Aktif,Rp0,Rp0,Rp0,Rp0,Rp0,Rp0,Rp0,Rp0,Rp0,Rp0,Rp0,Rp0,Rp0,Rp0,Rp0,0,0,0,0,Rp0,49,1,2.04%,0,0.00%,0.00%,43,1,2.33%,0,0.00%,0.00%,Rp0,Rp0,Rp0,Rp0,Rp0,0,0,29,1,1,0,3.45%,0.00%,Rp0,0,Rp0,Rp0,Rp0,0,0,0,0,0,0,0,0,Rp0,0,0,0,0.00%,0,0.00%,0.00%,0,0,0.00%,0,0.00%,0.00%,Rp0,Rp0,Rp0,0,0,0,0,0,0,0,0,Rp0,0,0,0,0.00%,0,0.00%,0.00%,0,0,0.00%,0,0.00%,0.00%,Rp0,Rp0,Rp0,Rp0,Rp0,Rp0,Rp0,0,0,0,0,Rp0,0,0,0,1,0,0.00%,0,0.00%,0.00%,1,0,0.00%,0,0.00%,0.00%,0,0,0.00%,0,0.00%,0.00%,0,0,0.00%,0,0.00%,0.00%,0,0,0.00%,0,0.00%,0.00%,0,0,0.00%,0,0.00%,0.00%,Rp0,Rp0,Rp0,0,0,0,0,0,0,0,0,Rp0,48,1,2.08%,0,0.00%,0.00%,42,1,2.38%,0,0.00%,0.00%
Bor To Chainsaw Converter - Adaptor Bor Menjadi Chainsaw Potong Belah Kayu,1730838767149876733,GMV & produk terjual = 0,Aktif,Rp0,Rp0,Rp0,Rp0,Rp0,Rp0,Rp0,Rp0,Rp0,Rp0,Rp0,Rp0,Rp0,Rp0,Rp0,0,0,0,0,Rp0,2929,103,3.52%,4,3.88%,0.00%,2631,93,3.53%,4,4.30%,0.00%,Rp0,Rp0,Rp0,Rp0,Rp0,0,0,1528,62,57,0,4.06%,0.00%,Rp0,0,Rp0,Rp0,Rp0,0,0,0,0,0,0,0,0,Rp0,0,0,0,0.00%,0,0.00%,0.00%,0,0,0.00%,0,0.00%,0.00%,Rp0,Rp0,Rp0,0,0,0,0,0,0,0,0,Rp0,0,606,34,5.61%,1,2.94%,0.00%,511,29,5.68%,1,3.45%,0.00%,Rp0,Rp0,Rp0,Rp0,Rp0,Rp0,Rp0,0,0,0,0,Rp0,2,0,2,25,0,0.00%,0,0.00%,0.00%,13,0,0.00%,0,0.00%,0.00%,0,0,0.00%,0,0.00%,0.00%,0,0,0.00%,0,0.00%,0.00%,9,0,0.00%,0,0.00%,0.00%,3,0,0.00%,0,0.00%,0.00%,Rp0,Rp0,Rp0,0,0,0,0,0,0,0,0,Rp0,2299,69,3.00%,3,4.35%,0.00%,2098,64,3.05%,3,4.69%,0.00%
TOPENG LAS OTOMATIS KDK VT07080 / TOPENG LAS OTOMATIS KDK AUTO DARKENING / KEDOK LAS AUTO KDK,1729844866628290045,GMV & produk terjual = 0,Aktif,Rp0,Rp0,Rp0,Rp0,Rp0,Rp0,Rp0,Rp0,Rp0,Rp0,Rp0,Rp0,Rp0,Rp0,Rp0,0,0,0,0,Rp0,1556,32,2.06%,4,12.50%,0.00%,1399,32,2.29%,4,12.50%,0.00%,Rp0,Rp0,Rp0,Rp0,Rp0,0,0,701,17,17,0,2.43%,0.00%,Rp0,0,Rp0,Rp0,Rp0,0,0,0,0,0,0,0,0,Rp0,0,0,0,0.00%,0,0.00%,0.00%,0,0,0.00%,0,0.00%,0.00%,Rp0,Rp0,Rp0,0,0,0,0,0,0,0,0,Rp0,0,179,6,3.35%,0,0.00%,0.00%,131,6,4.58%,0,0.00%,0.00%,Rp0,Rp0,Rp0,Rp0,Rp0,Rp0,Rp0,0,0,0,0,Rp0,1,0,1,74,2,2.70%,0,0.00%,0.00%,67,2,2.99%,0,0.00%,0.00%,0,0,0.00%,0,0.00%,0.00%,0,0,0.00%,0,0.00%,0.00%,62,1,1.61%,0,0.00%,0.00%,55,1,1.82%,0,0.00%,0.00%,Rp0,Rp0,Rp0,0,0,0,0,0,0,0,0,Rp0,1303,24,1.84%,4,16.67%,0.00%,1199,24,2.00%,4,16.67%,0.00%
BELTER Selongsong Pelapis Kabel Bakar Heat Shrink Tube 530 Pcs Isolasi Bakar Kabel Listrik,1732923872357287421,GMV & produk terjual = 0,Aktif,Rp0,Rp0,Rp0,Rp0,Rp0,Rp0,Rp0,Rp0,Rp0,Rp0,Rp0,Rp0,Rp0,Rp0,Rp0,0,0,0,0,Rp0,2145,16,0.75%,1,6.25%,0.00%,2021,16,0.79%,1,6.25%,0.00%,Rp0,Rp0,Rp0,Rp0,Rp0,0,0,1149,11,11,0,0.96%,0.00%,Rp0,0,Rp0,Rp0,Rp0,0,0,0,0,0,0,0,0,Rp0,0,2,0,0.00%,0,0.00%,0.00%,2,0,0.00%,0,0.00%,0.00%,Rp0,Rp0,Rp0,0,0,0,0,0,0,0,0,Rp0,0,1,0,0.00%,0,0.00%,0.00%,1,0,0.00%,0,0.00%,0.00%,Rp0,Rp0,Rp0,Rp0,Rp0,Rp0,Rp0,0,0,0,0,Rp0,0,0,0,5,0,0.00%,0,0.00%,0.00%,2,0,0.00%,0,0.00%,0.00%,0,0,0.00%,0,0.00%,0.00%,0,0,0.00%,0,0.00%,0.00%,0,0,0.00%,0,0.00%,0.00%,0,0,0.00%,0,0.00%,0.00%,Rp0,Rp0,Rp0,0,0,0,0,0,0,0,0,Rp0,2138,16,0.75%,1,6.25%,0.00%,2002,16,0.80%,1,6.25%,0.00%
Hole Saw Kit 16 Pcs / 13 Pcs / 6 Pcs - Holesaw Set Gergaji Pelubang Kayu Mata Bor Pelubang Kayu PIPA PVC /MDF Pelubang Hidroponik,1729687978980902397,GMV & produk terjual = 0,Nonaktif,Rp0,Rp0,Rp0,Rp0,Rp0,Rp0,Rp0,Rp0,Rp0,Rp0,Rp0,Rp0,Rp0,Rp0,Rp0,0,0,0,0,Rp0,50,0,0.00%,0,0.00%,0.00%,16,0,0.00%,0,0.00%,0.00%,Rp0,Rp0,Rp0,Rp0,Rp0,0,0,40,0,0,0,0.00%,0.00%,Rp0,0,Rp0,Rp0,Rp0,0,0,0,0,0,0,0,0,Rp0,0,0,0,0.00%,0,0.00%,0.00%,0,0,0.00%,0,0.00%,0.00%,Rp0,Rp0,Rp0,0,0,0,0,0,0,0,0,Rp0,0,0,0,0.00%,0,0.00%,0.00%,0,0,0.00%,0,0.00%,0.00%,Rp0,Rp0,Rp0,Rp0,Rp0,Rp0,Rp0,0,0,0,0,Rp0,0,0,0,0,0,0.00%,0,0.00%,0.00%,0,0,0.00%,0,0.00%,0.00%,0,0,0.00%,0,0.00%,0.00%,0,0,0.00%,0,0.00%,0.00%,0,0,0.00%,0,0.00%,0.00%,0,0,0.00%,0,0.00%,0.00%,Rp0,Rp0,Rp0,0,0,0,0,0,0,0,0,Rp0,50,0,0.00%,0,0.00%,0.00%,16,0,0.00%,0,0.00%,0.00%
FUJIYAMA TORX KEY SET KUNCI L BINTANG PANJANG SET 9PCS Chrome Silver T10-T50 Heat Treated Vanadium Steel High Torque Durable,1729636113468000765,GMV & produk terjual = 0,Aktif,Rp0,Rp0,Rp0,Rp0,Rp0,Rp0,Rp0,Rp0,Rp0,Rp0,Rp0,Rp0,Rp0,Rp0,Rp0,0,0,0,0,Rp0,289,4,1.38%,0,0.00%,0.00%,136,3,2.21%,0,0.00%,0.00%,Rp0,Rp0,Rp0,Rp0,Rp0,0,0,176,0,0,0,0.00%,0.00%,Rp0,0,Rp0,Rp0,Rp0,0,0,0,0,0,0,0,0,Rp0,0,1,0,0.00%,0,0.00%,0.00%,1,0,0.00%,0,0.00%,0.00%,Rp0,Rp0,Rp0,0,0,0,0,0,0,0,0,Rp0,0,4,2,50.00%,0,0.00%,0.00%,2,1,50.00%,0,0.00%,0.00%,Rp0,Rp0,Rp0,Rp0,Rp0,Rp0,Rp0,0,0,0,0,Rp0,0,0,0,5,0,0.00%,0,0.00%,0.00%,3,0,0.00%,0,0.00%,0.00%,0,0,0.00%,0,0.00%,0.00%,0,0,0.00%,0,0.00%,0.00%,1,0,0.00%,0,0.00%,0.00%,1,0,0.00%,0,0.00%,0.00%,Rp0,Rp0,Rp0,0,0,0,0,0,0,0,0,Rp0,279,2,0.72%,0,0.00%,0.00%,128,2,1.56%,0,0.00%,0.00%
Mesin Las mig Listrik Trafo Las welding inverter Las Tanpa Gas Travo Inverter MIG 130 Mesin las,1733390479876982269,GMV & produk terjual = 0,Aktif,Rp0,Rp0,Rp0,Rp0,Rp0,Rp0,Rp0,Rp0,Rp0,Rp0,Rp0,Rp0,Rp0,Rp0,Rp0,0,0,0,0,Rp0,92,1,1.09%,0,0.00%,0.00%,88,1,1.14%,0,0.00%,0.00%,Rp0,Rp0,Rp0,Rp0,Rp0,0,0,43,1,1,0,2.33%,0.00%,Rp0,0,Rp0,Rp0,Rp0,0,0,0,0,0,0,0,0,Rp0,0,0,0,0.00%,0,0.00%,0.00%,0,0,0.00%,0,0.00%,0.00%,Rp0,Rp0,Rp0,0,0,0,0,0,0,0,0,Rp0,0,1,0,0.00%,0,0.00%,0.00%,1,0,0.00%,0,0.00%,0.00%,Rp0,Rp0,Rp0,Rp0,Rp0,Rp0,Rp0,0,0,0,0,Rp0,0,0,0,0,0,0.00%,0,0.00%,0.00%,0,0,0.00%,0,0.00%,0.00%,0,0,0.00%,0,0.00%,0.00%,0,0,0.00%,0,0.00%,0.00%,0,0,0.00%,0,0.00%,0.00%,0,0,0.00%,0,0.00%,0.00%,Rp0,Rp0,Rp0,0,0,0,0,0,0,0,0,Rp0,91,1,1.10%,0,0.00%,0.00%,87,1,1.15%,0,0.00%,0.00%
"Paket Kunci Mata Gerinda + Mur penjepit Inner Outer/Kunci Mur Gerinda/Baut Mata Gerinda Tangan 4 inch + Kunci Gerinda Tangan 4""",1731006416967730685,GMV & produk terjual = 0,Nonaktif,Rp0,Rp0,Rp0,Rp0,Rp0,Rp0,Rp0,Rp0,Rp0,Rp0,Rp0,Rp0,Rp0,Rp0,Rp0,0,0,0,0,Rp0,110,0,0.00%,0,0.00%,0.00%,45,0,0.00%,0,0.00%,0.00%,Rp0,Rp0,Rp0,Rp0,Rp0,0,0,88,0,0,0,0.00%,0.00%,Rp0,0,Rp0,Rp0,Rp0,0,0,0,0,0,0,0,0,Rp0,0,0,0,0.00%,0,0.00%,0.00%,0,0,0.00%,0,0.00%,0.00%,Rp0,Rp0,Rp0,0,0,0,0,0,0,0,0,Rp0,0,0,0,0.00%,0,0.00%,0.00%,0,0,0.00%,0,0.00%,0.00%,Rp0,Rp0,Rp0,Rp0,Rp0,Rp0,Rp0,0,0,0,0,Rp0,0,0,0,1,0,0.00%,0,0.00%,0.00%,1,0,0.00%,0,0.00%,0.00%,0,0,0.00%,0,0.00%,0.00%,0,0,0.00%,0,0.00%,0.00%,1,0,0.00%,0,0.00%,0.00%,1,0,0.00%,0,0.00%,0.00%,Rp0,Rp0,Rp0,0,0,0,0,0,0,0,0,Rp0,109,0,0.00%,0,0.00%,0.00%,44,0,0.00%,0,0.00%,0.00%
"WaterPump  2"" / Water Pump FUMIO  3"" - Pompa Air Sawah 2 3 Inch - Mesin Pompa Irigasi Sawah",1733363476358071805,GMV & produk terjual = 0,Aktif,Rp0,Rp0,Rp0,Rp0,Rp0,Rp0,Rp0,Rp0,Rp0,Rp0,Rp0,Rp0,Rp0,Rp0,Rp0,0,0,0,0,Rp0,1387,65,4.69%,1,1.54%,0.00%,1141,56,4.91%,1,1.79%,0.00%,Rp0,Rp0,Rp0,Rp0,Rp0,0,0,304,7,7,0,2.30%,0.00%,Rp0,0,Rp0,Rp0,Rp0,0,0,0,0,0,0,0,0,Rp0,0,0,0,0.00%,0,0.00%,0.00%,0,0,0.00%,0,0.00%,0.00%,Rp0,Rp0,Rp0,0,0,0,0,0,0,0,0,Rp0,0,0,0,0.00%,0,0.00%,0.00%,0,0,0.00%,0,0.00%,0.00%,Rp0,Rp0,Rp0,Rp0,Rp0,Rp0,Rp0,0,0,0,0,Rp0,4,0,6,810,49,6.05%,0,0.00%,0.00%,610,40,6.56%,0,0.00%,0.00%,0,0,0.00%,0,0.00%,0.00%,0,0,0.00%,0,0.00%,0.00%,753,49,6.51%,0,0.00%,0.00%,583,40,6.86%,0,0.00%,0.00%,Rp0,Rp0,Rp0,0,0,0,0,0,0,0,0,Rp0,577,16,2.77%,1,6.25%,0.00%,533,15,2.81%,1,6.67%,0.00%
Lem Tembak Hot Melt Glue Gun Mini 20 Watt Lem Tembak Mini Alat Perekat Bonus 3 Refill Glue Stick,1731133383722305021,GMV & produk terjual = 0,Nonaktif,Rp0,Rp0,Rp0,Rp0,Rp0,Rp0,Rp0,Rp0,Rp0,Rp0,Rp0,Rp0,Rp0,Rp0,Rp0,0,0,0,0,Rp0,7,1,14.29%,0,0.00%,0.00%,5,1,20.00%,0,0.00%,0.00%,Rp0,Rp0,Rp0,Rp0,Rp0,0,0,5,1,1,0,20.00%,0.00%,Rp0,0,Rp0,Rp0,Rp0,0,0,0,0,0,0,0,0,Rp0,0,0,0,0.00%,0,0.00%,0.00%,0,0,0.00%,0,0.00%,0.00%,Rp0,Rp0,Rp0,0,0,0,0,0,0,0,0,Rp0,0,0,0,0.00%,0,0.00%,0.00%,0,0,0.00%,0,0.00%,0.00%,Rp0,Rp0,Rp0,Rp0,Rp0,Rp0,Rp0,0,0,0,0,Rp0,0,0,0,0,0,0.00%,0,0.00%,0.00%,0,0,0.00%,0,0.00%,0.00%,0,0,0.00%,0,0.00%,0.00%,0,0,0.00%,0,0.00%,0.00%,0,0,0.00%,0,0.00%,0.00%,0,0,0.00%,0,0.00%,0.00%,Rp0,Rp0,Rp0,0,0,0,0,0,0,0,0,Rp0,7,1,14.29%,0,0.00%,0.00%,5,1,20.00%,0,0.00%,0.00%
YUKIDO Bor Cordless 12S-2 - Bor Baterai 12V - Cordless Drill 12V Torsi,1729634984927857149,GMV & produk terjual = 0,Aktif,Rp0,Rp0,Rp0,Rp0,Rp0,Rp0,Rp0,Rp0,Rp0,Rp0,Rp0,Rp0,Rp0,Rp0,Rp0,0,0,0,0,Rp0,43,0,0.00%,0,0.00%,0.00%,36,0,0.00%,0,0.00%,0.00%,Rp0,Rp0,Rp0,Rp0,Rp0,0,0,29,0,0,0,0.00%,0.00%,Rp0,0,Rp0,Rp0,Rp0,0,0,0,0,0,0,0,0,Rp0,0,0,0,0.00%,0,0.00%,0.00%,0,0,0.00%,0,0.00%,0.00%,Rp0,Rp0,Rp0,0,0,0,0,0,0,0,0,Rp0,0,0,0,0.00%,0,0.00%,0.00%,0,0,0.00%,0,0.00%,0.00%,Rp0,Rp0,Rp0,Rp0,Rp0,Rp0,Rp0,0,0,0,0,Rp0,0,0,0,0,0,0.00%,0,0.00%,0.00%,0,0,0.00%,0,0.00%,0.00%,0,0,0.00%,0,0.00%,0.00%,0,0,0.00%,0,0.00%,0.00%,0,0,0.00%,0,0.00%,0.00%,0,0,0.00%,0,0.00%,0.00%,Rp0,Rp0,Rp0,0,0,0,0,0,0,0,0,Rp0,43,0,0.00%,0,0.00%,0.00%,36,0,0.00%,0,0.00%,0.00%
"Tot Kuas Cat Gagang Kayu 1"" - KuasGagang Kayu 1"" / Kuas Cat Murah 1"" 100% Original",1734165867878057469,GMV & produk terjual = 0,Aktif,Rp0,Rp0,Rp0,Rp0,Rp0,Rp0,Rp0,Rp0,Rp0,Rp0,Rp0,Rp0,Rp0,Rp0,Rp0,0,0,0,0,Rp0,2198,21,0.96%,6,28.57%,0.00%,1991,20,1.00%,6,30.00%,0.00%,Rp0,Rp0,Rp0,Rp0,Rp0,0,0,1432,18,17,0,1.26%,0.00%,Rp0,0,Rp0,Rp0,Rp0,0,0,0,0,0,0,0,0,Rp0,0,0,0,0.00%,0,0.00%,0.00%,0,0,0.00%,0,0.00%,0.00%,Rp0,Rp0,Rp0,0,0,0,0,0,0,0,0,Rp0,0,0,0,0.00%,0,0.00%,0.00%,0,0,0.00%,0,0.00%,0.00%,Rp0,Rp0,Rp0,Rp0,Rp0,Rp0,Rp0,0,0,0,0,Rp0,0,0,0,0,0,0.00%,0,0.00%,0.00%,0,0,0.00%,0,0.00%,0.00%,0,0,0.00%,0,0.00%,0.00%,0,0,0.00%,0,0.00%,0.00%,0,0,0.00%,0,0.00%,0.00%,0,0,0.00%,0,0.00%,0.00%,Rp0,Rp0,Rp0,0,0,0,0,0,0,0,0,Rp0,2198,21,0.96%,6,28.57%,0.00%,1961,20,1.02%,6,30.00%,0.00%
Mesin Bobok Tembok Beton / MIKAYO Rotary Hammer Set Lengkap torsi,1729641732259351037,GMV & produk terjual = 0,Aktif,Rp0,Rp0,Rp0,Rp0,Rp0,Rp0,Rp0,Rp0,Rp0,Rp0,Rp0,Rp0,Rp0,Rp0,Rp0,0,0,0,0,Rp0,1475,75,5.08%,0,0.00%,0.00%,1283,65,5.07%,0,0.00%,0.00%,Rp0,Rp0,Rp0,Rp0,Rp0,0,0,795,39,32,0,4.91%,0.00%,Rp0,0,Rp0,Rp0,Rp0,0,0,0,0,0,0,0,0,Rp0,0,0,0,0.00%,0,0.00%,0.00%,0,0,0.00%,0,0.00%,0.00%,Rp0,Rp0,Rp0,0,0,0,0,0,0,0,0,Rp0,0,2,0,0.00%,0,0.00%,0.00%,2,0,0.00%,0,0.00%,0.00%,Rp0,Rp0,Rp0,Rp0,Rp0,Rp0,Rp0,0,0,0,0,Rp0,3,1,2,499,30,6.01%,0,0.00%,0.00%,417,28,6.71%,0,0.00%,0.00%,177,4,2.26%,0,0.00%,0.00%,142,3,2.11%,0,0.00%,0.00%,272,26,9.56%,0,0.00%,0.00%,250,25,10.00%,0,0.00%,0.00%,Rp0,Rp0,Rp0,0,0,0,0,0,0,0,0,Rp0,974,45,4.62%,0,0.00%,0.00%,871,37,4.25%,0,0.00%,0.00%
YUKIDO TCT Planer Blade 82 mm Mata Serut Kayu Sugu Ketam Pasah,1729648081359571453,GMV & produk terjual = 0,Aktif,Rp0,Rp0,Rp0,Rp0,Rp0,Rp0,Rp0,Rp0,Rp0,Rp0,Rp0,Rp0,Rp0,Rp0,Rp0,0,0,0,0,Rp0,3216,166,5.16%,3,1.81%,0.00%,2318,123,5.31%,3,2.44%,0.00%,Rp0,Rp0,Rp0,Rp0,Rp0,0,0,1540,70,52,0,4.55%,0.00%,Rp0,0,Rp0,Rp0,Rp0,0,0,0,0,0,0,0,0,Rp0,1,1,0,0.00%,0,0.00%,0.00%,1,0,0.00%,0,0.00%,0.00%,Rp0,Rp0,Rp0,0,0,0,0,0,0,0,0,Rp0,0,1856,120,6.47%,1,0.83%,0.00%,1144,88,7.69%,1,1.14%,0.00%,Rp0,Rp0,Rp0,Rp0,Rp0,Rp0,Rp0,0,0,0,0,Rp0,0,0,0,2,0,0.00%,0,0.00%,0.00%,2,0,0.00%,0,0.00%,0.00%,0,0,0.00%,0,0.00%,0.00%,0,0,0.00%,0,0.00%,0.00%,0,0,0.00%,0,0.00%,0.00%,0,0,0.00%,0,0.00%,0.00%,Rp0,Rp0,Rp0,0,0,0,0,0,0,0,0,Rp0,1357,46,3.39%,2,4.35%,0.00%,1211,37,3.06%,2,5.41%,0.00%
TERBARU DAN MURAH!!! Spraygun Eletrik Yukido,1729642381723077117,GMV & produk terjual = 0,Aktif,Rp0,Rp0,Rp0,Rp0,Rp0,Rp0,Rp0,Rp0,Rp0,Rp0,Rp0,Rp0,Rp0,Rp0,Rp0,0,0,0,0,Rp0,639,0,0.00%,0,0.00%,0.00%,321,0,0.00%,0,0.00%,0.00%,Rp0,Rp0,Rp0,Rp0,Rp0,0,0,368,0,0,0,0.00%,0.00%,Rp0,0,Rp0,Rp0,Rp0,0,0,0,0,0,0,0,0,Rp0,0,0,0,0.00%,0,0.00%,0.00%,0,0,0.00%,0,0.00%,0.00%,Rp0,Rp0,Rp0,0,0,0,0,0,0,0,0,Rp0,0,0,0,0.00%,0,0.00%,0.00%,0,0,0.00%,0,0.00%,0.00%,Rp0,Rp0,Rp0,Rp0,Rp0,Rp0,Rp0,0,0,0,0,Rp0,0,0,0,1,0,0.00%,0,0.00%,0.00%,1,0,0.00%,0,0.00%,0.00%,0,0,0.00%,0,0.00%,0.00%,0,0,0.00%,0,0.00%,0.00%,0,0,0.00%,0,0.00%,0.00%,0,0,0.00%,0,0.00%,0.00%,Rp0,Rp0,Rp0,0,0,0,0,0,0,0,0,Rp0,638,0,0.00%,0,0.00%,0.00%,317,0,0.00%,0,0.00%,0.00%
TEKIRO Pompa Gemuk Manual AB 500 CC Hand Grease Gun Double Pompa - Kapasitas 14 oz,1731118791813531133,GMV & produk terjual = 0,Aktif,Rp0,Rp0,Rp0,Rp0,Rp0,Rp0,Rp0,Rp0,Rp0,Rp0,Rp0,Rp0,Rp0,Rp0,Rp0,0,0,0,0,Rp0,271,12,4.43%,0,0.00%,0.00%,247,11,4.45%,0,0.00%,0.00%,Rp0,Rp0,Rp0,Rp0,Rp0,0,0,126,4,4,0,3.17%,0.00%,Rp0,0,Rp0,Rp0,Rp0,0,0,0,0,0,0,0,0,Rp0,0,0,0,0.00%,0,0.00%,0.00%,0,0,0.00%,0,0.00%,0.00%,Rp0,Rp0,Rp0,0,0,0,0,0,0,0,0,Rp0,0,0,0,0.00%,0,0.00%,0.00%,0,0,0.00%,0,0.00%,0.00%,Rp0,Rp0,Rp0,Rp0,Rp0,Rp0,Rp0,0,0,0,0,Rp0,0,0,0,0,0,0.00%,0,0.00%,0.00%,0,0,0.00%,0,0.00%,0.00%,0,0,0.00%,0,0.00%,0.00%,0,0,0.00%,0,0.00%,0.00%,0,0,0.00%,0,0.00%,0.00%,0,0,0.00%,0,0.00%,0.00%,Rp0,Rp0,Rp0,0,0,0,0,0,0,0,0,Rp0,271,12,4.43%,0,0.00%,0.00%,247,11,4.45%,0,0.00%,0.00%
Catok Paron / Ragum Yukido 4 INCH,1729643052065458685,GMV & produk terjual = 0,Aktif,Rp0,Rp0,Rp0,Rp0,Rp0,Rp0,Rp0,Rp0,Rp0,Rp0,Rp0,Rp0,Rp0,Rp0,Rp0,0,0,0,0,Rp0,368,7,1.90%,0,0.00%,0.00%,348,7,2.01%,0,0.00%,0.00%,Rp0,Rp0,Rp0,Rp0,Rp0,0,0,167,2,2,0,1.20%,0.00%,Rp0,0,Rp0,Rp0,Rp0,0,0,0,0,0,0,0,0,Rp0,0,0,0,0.00%,0,0.00%,0.00%,0,0,0.00%,0,0.00%,0.00%,Rp0,Rp0,Rp0,0,0,0,0,0,0,0,0,Rp0,0,0,0,0.00%,0,0.00%,0.00%,0,0,0.00%,0,0.00%,0.00%,Rp0,Rp0,Rp0,Rp0,Rp0,Rp0,Rp0,0,0,0,0,Rp0,0,0,0,29,0,0.00%,0,0.00%,0.00%,25,0,0.00%,0,0.00%,0.00%,0,0,0.00%,0,0.00%,0.00%,0,0,0.00%,0,0.00%,0.00%,27,0,0.00%,0,0.00%,0.00%,23,0,0.00%,0,0.00%,0.00%,Rp0,Rp0,Rp0,0,0,0,0,0,0,0,0,Rp0,339,7,2.06%,0,0.00%,0.00%,319,7,2.19%,0,0.00%,0.00%
KUNCI L SET 9 PCS S2  HEX KEY SET/KUNCI L SET UJUNG GANDA 9 PCS kunci L BIASA KUNCI L BINTANG,1729636079459404285,GMV & produk terjual = 0,Aktif,Rp0,Rp0,Rp0,Rp0,Rp0,Rp0,Rp0,Rp0,Rp0,Rp0,Rp0,Rp0,Rp0,Rp0,Rp0,0,0,0,0,Rp0,948,3,0.32%,0,0.00%,0.00%,831,3,0.36%,0,0.00%,0.00%,Rp0,Rp0,Rp0,Rp0,Rp0,0,0,474,2,2,0,0.42%,0.00%,Rp0,0,Rp0,Rp0,Rp0,0,0,0,0,0,0,0,0,Rp0,0,0,0,0.00%,0,0.00%,0.00%,0,0,0.00%,0,0.00%,0.00%,Rp0,Rp0,Rp0,0,0,0,0,0,0,0,0,Rp0,0,0,0,0.00%,0,0.00%,0.00%,0,0,0.00%,0,0.00%,0.00%,Rp0,Rp0,Rp0,Rp0,Rp0,Rp0,Rp0,0,0,0,0,Rp0,0,0,0,31,0,0.00%,0,0.00%,0.00%,31,0,0.00%,0,0.00%,0.00%,0,0,0.00%,0,0.00%,0.00%,0,0,0.00%,0,0.00%,0.00%,0,0,0.00%,0,0.00%,0.00%,0,0,0.00%,0,0.00%,0.00%,Rp0,Rp0,Rp0,0,0,0,0,0,0,0,0,Rp0,917,3,0.33%,0,0.00%,0.00%,783,3,0.38%,0,0.00%,0.00%
JAS HUJAN EVA TEBAL RINGAN JAS HUJAN KOREA UNISEX ALLSIZE,1730692430197458429,GMV & produk terjual = 0,Aktif,Rp0,Rp0,Rp0,Rp0,Rp0,Rp0,Rp0,Rp0,Rp0,Rp0,Rp0,Rp0,Rp0,Rp0,Rp0,0,0,0,0,Rp0,184,1,0.54%,0,0.00%,0.00%,172,1,0.58%,0,0.00%,0.00%,Rp0,Rp0,Rp0,Rp0,Rp0,0,0,108,1,1,0,0.93%,0.00%,Rp0,0,Rp0,Rp0,Rp0,0,0,0,0,0,0,0,0,Rp0,0,0,0,0.00%,0,0.00%,0.00%,0,0,0.00%,0,0.00%,0.00%,Rp0,Rp0,Rp0,0,0,0,0,0,0,0,0,Rp0,0,0,0,0.00%,0,0.00%,0.00%,0,0,0.00%,0,0.00%,0.00%,Rp0,Rp0,Rp0,Rp0,Rp0,Rp0,Rp0,0,0,0,0,Rp0,1,0,1,5,0,0.00%,0,0.00%,0.00%,4,0,0.00%,0,0.00%,0.00%,0,0,0.00%,0,0.00%,0.00%,0,0,0.00%,0,0.00%,0.00%,5,0,0.00%,0,0.00%,0.00%,4,0,0.00%,0,0.00%,0.00%,Rp0,Rp0,Rp0,0,0,0,0,0,0,0,0,Rp0,179,1,0.56%,0,0.00%,0.00%,168,1,0.60%,0,0.00%,0.00%
Wilmer Scraper Kape Alat Pengerok 145mm Pegangan Nyaman Serbaguna untuk Pengerokan cat di Kayu & Tembok,1732708903256753661,GMV & produk terjual = 0,Aktif,Rp0,Rp0,Rp0,Rp0,Rp0,Rp0,Rp0,Rp0,Rp0,Rp0,Rp0,Rp0,Rp0,Rp0,Rp0,0,0,0,0,Rp0,518,12,2.32%,2,16.67%,0.00%,464,10,2.16%,2,20.00%,0.00%,Rp0,Rp0,Rp0,Rp0,Rp0,0,0,324,12,10,0,3.70%,0.00%,Rp0,0,Rp0,Rp0,Rp0,0,0,0,0,0,0,0,0,Rp0,0,0,0,0.00%,0,0.00%,0.00%,0,0,0.00%,0,0.00%,0.00%,Rp0,Rp0,Rp0,0,0,0,0,0,0,0,0,Rp0,0,4,0,0.00%,0,0.00%,0.00%,4,0,0.00%,0,0.00%,0.00%,Rp0,Rp0,Rp0,Rp0,Rp0,Rp0,Rp0,0,0,0,0,Rp0,0,0,0,13,0,0.00%,0,0.00%,0.00%,12,0,0.00%,0,0.00%,0.00%,0,0,0.00%,0,0.00%,0.00%,0,0,0.00%,0,0.00%,0.00%,4,0,0.00%,0,0.00%,0.00%,3,0,0.00%,0,0.00%,0.00%,Rp0,Rp0,Rp0,0,0,0,0,0,0,0,0,Rp0,500,12,2.40%,2,16.67%,0.00%,435,10,2.30%,2,20.00%,0.00%
Isi Ulang Lem Tembak Ukuran 7mmx20cm Refil Glue Gun Stick Hot Melt Lilin Bening Cair Panjang20cm 10W,1734165974693676541,GMV & produk terjual = 0,Aktif,Rp0,Rp0,Rp0,Rp0,Rp0,Rp0,Rp0,Rp0,Rp0,Rp0,Rp0,Rp0,Rp0,Rp0,Rp0,0,0,0,0,Rp0,110,3,2.73%,0,0.00%,0.00%,105,3,2.86%,0,0.00%,0.00%,Rp0,Rp0,Rp0,Rp0,Rp0,0,0,68,3,3,0,4.41%,0.00%,Rp0,0,Rp0,Rp0,Rp0,0,0,0,0,0,0,0,0,Rp0,0,0,0,0.00%,0,0.00%,0.00%,0,0,0.00%,0,0.00%,0.00%,Rp0,Rp0,Rp0,0,0,0,0,0,0,0,0,Rp0,0,0,0,0.00%,0,0.00%,0.00%,0,0,0.00%,0,0.00%,0.00%,Rp0,Rp0,Rp0,Rp0,Rp0,Rp0,Rp0,0,0,0,0,Rp0,0,0,0,0,0,0.00%,0,0.00%,0.00%,0,0,0.00%,0,0.00%,0.00%,0,0,0.00%,0,0.00%,0.00%,0,0,0.00%,0,0.00%,0.00%,0,0,0.00%,0,0.00%,0.00%,0,0,0.00%,0,0.00%,0.00%,Rp0,Rp0,Rp0,0,0,0,0,0,0,0,0,Rp0,110,3,2.73%,0,0.00%,0.00%,105,3,2.86%,0,0.00%,0.00%
"Paket Tukang 5 Item Lengkap Gergaji 18 in, Palu 8 Oz, Meteran 3 m, Sendok Semen 6 in, Waterpas 9 in",1731155893827765757,GMV & produk terjual = 0,Aktif,Rp0,Rp0,Rp0,Rp0,Rp0,Rp0,Rp0,Rp0,Rp0,Rp0,Rp0,Rp0,Rp0,Rp0,Rp0,0,0,0,0,Rp0,535,13,2.43%,0,0.00%,0.00%,465,10,2.15%,0,0.00%,0.00%,Rp0,Rp0,Rp0,Rp0,Rp0,0,0,402,11,9,0,2.74%,0.00%,Rp0,0,Rp0,Rp0,Rp0,0,0,0,0,0,0,0,0,Rp0,0,0,0,0.00%,0,0.00%,0.00%,0,0,0.00%,0,0.00%,0.00%,Rp0,Rp0,Rp0,0,0,0,0,0,0,0,0,Rp0,0,0,0,0.00%,0,0.00%,0.00%,0,0,0.00%,0,0.00%,0.00%,Rp0,Rp0,Rp0,Rp0,Rp0,Rp0,Rp0,0,0,0,0,Rp0,0,0,0,67,1,1.49%,0,0.00%,0.00%,55,1,1.82%,0,0.00%,0.00%,0,0,0.00%,0,0.00%,0.00%,0,0,0.00%,0,0.00%,0.00%,63,1,1.59%,0,0.00%,0.00%,51,1,1.96%,0,0.00%,0.00%,Rp0,Rp0,Rp0,0,0,0,0,0,0,0,0,Rp0,468,12,2.56%,0,0.00%,0.00%,416,9,2.16%,0,0.00%,0.00%
Paket Super Hemat 3 Item Mesin Bor 10 mm Gerinda 4 inch Dengan Mesin Las Mikayo 450Watt,1730833745420191229,GMV & produk terjual = 0,Nonaktif,Rp0,Rp0,Rp0,Rp0,Rp0,Rp0,Rp0,Rp0,Rp0,Rp0,Rp0,Rp0,Rp0,Rp0,Rp0,0,0,0,0,Rp0,159,12,7.55%,0,0.00%,0.00%,105,4,3.81%,0,0.00%,0.00%,Rp0,Rp0,Rp0,Rp0,Rp1.069.085,1,1,86,1,1,0,1.16%,0.00%,Rp0,0,Rp0,Rp0,Rp0,0,0,0,0,0,0,0,0,Rp0,0,1,0,0.00%,0,0.00%,0.00%,1,0,0.00%,0,0.00%,0.00%,Rp0,Rp0,Rp0,0,0,0,0,0,0,0,0,Rp0,0,0,0,0.00%,0,0.00%,0.00%,0,0,0.00%,0,0.00%,0.00%,Rp0,Rp0,Rp0,Rp0,Rp0,Rp0,Rp0,0,0,0,0,Rp0,0,0,0,8,11,137.50%,0,0.00%,0.00%,6,3,50.00%,0,0.00%,0.00%,0,0,0.00%,0,0.00%,0.00%,0,0,0.00%,0,0.00%,0.00%,8,11,137.50%,0,0.00%,0.00%,6,3,50.00%,0,0.00%,0.00%,Rp0,Rp0,Rp0,0,0,0,0,0,0,0,0,Rp0,150,1,0.67%,0,0.00%,0.00%,98,1,1.02%,0,0.00%,0.00%
PAKET HEMAT Mesin Las  IGBT 450wattt + Mesin Gerinda 4inchi TERMURAH,1731469543411451389,GMV & produk terjual = 0,Aktif,Rp0,Rp0,Rp0,Rp0,Rp0,Rp0,Rp0,Rp0,Rp0,Rp0,Rp0,Rp0,Rp0,Rp0,Rp0,0,0,0,0,Rp0,588,13,2.21%,0,0.00%,0.00%,518,11,2.12%,0,0.00%,0.00%,Rp0,Rp0,Rp0,Rp0,Rp0,0,0,431,6,6,0,1.39%,0.00%,Rp0,0,Rp0,Rp0,Rp0,0,0,0,0,0,0,0,0,Rp0,0,1,0,0.00%,0,0.00%,0.00%,1,0,0.00%,0,0.00%,0.00%,Rp0,Rp0,Rp0,0,0,0,0,0,0,0,0,Rp0,0,0,0,0.00%,0,0.00%,0.00%,0,0,0.00%,0,0.00%,0.00%,Rp0,Rp0,Rp0,Rp0,Rp0,Rp0,Rp0,0,0,0,0,Rp0,0,0,0,2,0,0.00%,0,0.00%,0.00%,2,0,0.00%,0,0.00%,0.00%,0,0,0.00%,0,0.00%,0.00%,0,0,0.00%,0,0.00%,0.00%,0,0,0.00%,0,0.00%,0.00%,0,0,0.00%,0,0.00%,0.00%,Rp0,Rp0,Rp0,0,0,0,0,0,0,0,0,Rp0,585,13,2.22%,0,0.00%,0.00%,515,11,2.14%,0,0.00%,0.00%
"MESIN POTONG BESI 14"" MESIN CUT OFF CHOP SAW",1729645019257866749,GMV & produk terjual = 0,Aktif,Rp0,Rp0,Rp0,Rp0,Rp0,Rp0,Rp0,Rp0,Rp0,Rp0,Rp0,Rp0,Rp0,Rp0,Rp0,0,0,0,0,Rp0,716,23,3.21%,0,0.00%,0.00%,653,23,3.52%,0,0.00%,0.00%,Rp0,Rp0,Rp0,Rp0,Rp0,0,0,344,12,12,0,3.49%,0.00%,Rp0,0,Rp0,Rp0,Rp0,0,0,0,0,0,0,0,0,Rp0,3,159,8,5.03%,0,0.00%,0.00%,136,8,5.88%,0,0.00%,0.00%,Rp0,Rp0,Rp0,0,0,0,0,0,0,0,0,Rp0,0,0,0,0.00%,0,0.00%,0.00%,0,0,0.00%,0,0.00%,0.00%,Rp0,Rp0,Rp0,Rp0,Rp0,Rp0,Rp0,0,0,0,0,Rp0,0,0,0,3,0,0.00%,0,0.00%,0.00%,1,0,0.00%,0,0.00%,0.00%,0,0,0.00%,0,0.00%,0.00%,0,0,0.00%,0,0.00%,0.00%,0,0,0.00%,0,0.00%,0.00%,0,0,0.00%,0,0.00%,0.00%,Rp0,Rp0,Rp0,0,0,0,0,0,0,0,0,Rp0,554,15,2.71%,0,0.00%,0.00%,501,14,2.79%,0,0.00%,0.00%
"Wilmer PRUNING SAW GRAJI DAHAN POHON GERGAJI KOPI GG PIPA 12"" Panjang 12 Inch Gagang Besi untuk Pruning Pohon",1729737783953688061,GMV & produk terjual = 0,Aktif,Rp0,Rp0,Rp0,Rp0,Rp0,Rp0,Rp0,Rp0,Rp0,Rp0,Rp0,Rp0,Rp0,Rp0,Rp0,0,0,0,0,Rp0,3527,48,1.36%,1,2.08%,0.00%,3203,44,1.37%,1,2.27%,0.00%,Rp0,Rp0,Rp0,Rp0,Rp0,0,0,1656,24,20,0,1.45%,0.00%,Rp0,0,Rp0,Rp0,Rp0,0,0,0,0,0,0,0,0,Rp0,55,733,6,0.82%,0,0.00%,0.00%,649,6,0.92%,0,0.00%,0.00%,Rp0,Rp0,Rp0,0,0,0,0,0,0,0,0,Rp0,0,3,0,0.00%,0,0.00%,0.00%,3,0,0.00%,0,0.00%,0.00%,Rp0,Rp0,Rp0,Rp0,Rp0,Rp0,Rp0,0,0,0,0,Rp0,2,3,0,186,4,2.15%,0,0.00%,0.00%,169,4,2.37%,0,0.00%,0.00%,70,1,1.43%,0,0.00%,0.00%,69,1,1.45%,0,0.00%,0.00%,105,3,2.86%,0,0.00%,0.00%,90,3,3.33%,0,0.00%,0.00%,Rp0,Rp0,Rp0,0,0,0,0,0,0,0,0,Rp0,2605,38,1.46%,1,2.63%,0.00%,2365,34,1.44%,1,2.94%,0.00%
Tambahan Packing Kayu Untuk Pengiriman (Barang Besar) Extra Packing Kayu Untuk Bor Gerinda Las,1731319757821216253,GMV & produk terjual = 0,Aktif,Rp0,Rp0,Rp0,Rp0,Rp0,Rp0,Rp0,Rp0,Rp0,Rp0,Rp0,Rp0,Rp0,Rp0,Rp0,0,0,0,0,Rp0,6410,70,1.09%,3,4.29%,0.00%,5226,61,1.17%,3,4.92%,0.00%,Rp0,Rp0,Rp0,Rp0,Rp0,0,0,1492,24,19,0,1.61%,0.00%,Rp0,0,Rp0,Rp0,Rp0,0,0,0,0,0,0,0,0,Rp0,0,2,0,0.00%,0,0.00%,0.00%,2,0,0.00%,0,0.00%,0.00%,Rp0,Rp0,Rp0,0,0,0,0,0,0,0,0,Rp0,0,225,3,1.33%,0,0.00%,0.00%,174,3,1.72%,0,0.00%,0.00%,Rp0,Rp0,Rp0,Rp0,Rp0,Rp0,Rp0,0,0,0,0,Rp0,0,0,0,12,0,0.00%,0,0.00%,0.00%,0,0,0.00%,0,0.00%,0.00%,0,0,0.00%,0,0.00%,0.00%,0,0,0.00%,0,0.00%,0.00%,0,0,0.00%,0,0.00%,0.00%,0,0,0.00%,0,0.00%,0.00%,Rp0,Rp0,Rp0,0,0,0,0,0,0,0,0,Rp0,6171,67,1.09%,3,4.48%,0.00%,5013,58,1.16%,3,5.17%,0.00%
Brabch x Yamato Regulator Gas CO 2 Regulator CO2 Regulator Las CO2 MIG Max Yamato Tabung Las CO Welding Regulator,1730397877792114173,GMV & produk terjual = 0,Aktif,Rp0,Rp0,Rp0,Rp0,Rp0,Rp0,Rp0,Rp0,Rp0,Rp0,Rp0,Rp0,Rp0,Rp0,Rp0,0,0,0,0,Rp0,775,15,1.94%,0,0.00%,0.00%,706,13,1.84%,0,0.00%,0.00%,Rp0,Rp0,Rp0,Rp0,Rp0,0,0,388,6,6,0,1.55%,0.00%,Rp0,0,Rp0,Rp0,Rp0,0,0,0,0,0,0,0,0,Rp0,0,0,0,0.00%,0,0.00%,0.00%,0,0,0.00%,0,0.00%,0.00%,Rp0,Rp0,Rp0,0,0,0,0,0,0,0,0,Rp0,0,1,0,0.00%,0,0.00%,0.00%,1,0,0.00%,0,0.00%,0.00%,Rp0,Rp0,Rp0,Rp0,Rp0,Rp0,Rp0,0,0,0,0,Rp0,0,0,0,0,0,0.00%,0,0.00%,0.00%,0,0,0.00%,0,0.00%,0.00%,0,0,0.00%,0,0.00%,0.00%,0,0,0.00%,0,0.00%,0.00%,0,0,0.00%,0,0.00%,0.00%,0,0,0.00%,0,0.00%,0.00%,Rp0,Rp0,Rp0,0,0,0,0,0,0,0,0,Rp0,774,15,1.94%,0,0.00%,0.00%,692,13,1.88%,0,0.00%,0.00%
YUKIDO JAPAN Taspen tespen DC 6-24V alat bantu cek kelistrikan bengkel motor dan mobil,1729711660737923581,GMV & produk terjual = 0,Nonaktif,Rp0,Rp0,Rp0,Rp0,Rp0,Rp0,Rp0,Rp0,Rp0,Rp0,Rp0,Rp0,Rp0,Rp0,Rp0,0,0,0,0,Rp0,56,0,0.00%,0,0.00%,0.00%,35,0,0.00%,0,0.00%,0.00%,Rp0,Rp0,Rp0,Rp0,Rp0,0,0,31,0,0,0,0.00%,0.00%,Rp0,0,Rp0,Rp0,Rp0,0,0,0,0,0,0,0,0,Rp0,0,0,0,0.00%,0,0.00%,0.00%,0,0,0.00%,0,0.00%,0.00%,Rp0,Rp0,Rp0,0,0,0,0,0,0,0,0,Rp0,0,0,0,0.00%,0,0.00%,0.00%,0,0,0.00%,0,0.00%,0.00%,Rp0,Rp0,Rp0,Rp0,Rp0,Rp0,Rp0,0,0,0,0,Rp0,0,0,0,0,0,0.00%,0,0.00%,0.00%,0,0,0.00%,0,0.00%,0.00%,0,0,0.00%,0,0.00%,0.00%,0,0,0.00%,0,0.00%,0.00%,0,0,0.00%,0,0.00%,0.00%,0,0,0.00%,0,0.00%,0.00%,Rp0,Rp0,Rp0,0,0,0,0,0,0,0,0,Rp0,56,0,0.00%,0,0.00%,0.00%,35,0,0.00%,0,0.00%,0.00%
YUKIDO ALAT UKUR COMPRESI 8PCS SET Tester Kompresi Silinder Mesin Mobil Alat Pengukur Tekanan Gas Cylinder Compression Tes Kebocoran 0-300PSI Gasoline,1729643404963842557,GMV & produk terjual = 0,Aktif,Rp0,Rp0,Rp0,Rp0,Rp0,Rp0,Rp0,Rp0,Rp0,Rp0,Rp0,Rp0,Rp0,Rp0,Rp0,0,0,0,0,Rp0,954,23,2.41%,0,0.00%,0.00%,902,22,2.44%,0,0.00%,0.00%,Rp0,Rp0,Rp0,Rp0,Rp0,0,0,384,13,12,0,3.39%,0.00%,Rp0,0,Rp0,Rp0,Rp0,0,0,0,0,0,0,0,0,Rp0,0,1,0,0.00%,0,0.00%,0.00%,1,0,0.00%,0,0.00%,0.00%,Rp0,Rp0,Rp0,0,0,0,0,0,0,0,0,Rp0,0,1,0,0.00%,0,0.00%,0.00%,1,0,0.00%,0,0.00%,0.00%,Rp0,Rp0,Rp0,Rp0,Rp0,Rp0,Rp0,0,0,0,0,Rp0,0,0,0,192,3,1.56%,0,0.00%,0.00%,176,2,1.14%,0,0.00%,0.00%,0,0,0.00%,0,0.00%,0.00%,0,0,0.00%,0,0.00%,0.00%,169,3,1.78%,0,0.00%,0.00%,155,2,1.29%,0,0.00%,0.00%,Rp0,Rp0,Rp0,0,0,0,0,0,0,0,0,Rp0,761,20,2.63%,0,0.00%,0.00%,713,19,2.66%,0,0.00%,0.00%
Yukido Armature Gerinda Universal MT-90 Maktek Ryu Yukido Gulungan Dinamo gerinda,1729808478142629373,GMV & produk terjual = 0,Aktif,Rp0,Rp0,Rp0,Rp0,Rp0,Rp0,Rp0,Rp0,Rp0,Rp0,Rp0,Rp0,Rp0,Rp0,Rp0,0,0,0,0,Rp0,322,11,3.42%,1,9.09%,0.00%,265,8,3.02%,1,12.50%,0.00%,Rp0,Rp0,Rp0,Rp0,Rp0,0,0,136,3,2,0,2.21%,0.00%,Rp0,0,Rp0,Rp0,Rp0,0,0,0,0,0,0,0,0,Rp0,0,0,0,0.00%,0,0.00%,0.00%,0,0,0.00%,0,0.00%,0.00%,Rp0,Rp0,Rp0,0,0,0,0,0,0,0,0,Rp0,0,0,0,0.00%,0,0.00%,0.00%,0,0,0.00%,0,0.00%,0.00%,Rp0,Rp0,Rp0,Rp0,Rp0,Rp0,Rp0,0,0,0,0,Rp0,2,0,4,79,1,1.27%,0,0.00%,0.00%,43,1,2.33%,0,0.00%,0.00%,0,0,0.00%,0,0.00%,0.00%,0,0,0.00%,0,0.00%,0.00%,54,1,1.85%,0,0.00%,0.00%,38,1,2.63%,0,0.00%,0.00%,Rp0,Rp0,Rp0,0,0,0,0,0,0,0,0,Rp0,243,10,4.12%,1,10.00%,0.00%,224,7,3.13%,1,14.29%,0.00%
PAKET 6 MESIN MIKAYO MESIN LAS 450W BOR 10 MM GERINDA 4 INCH CIRCULAR SAW SERUT KETAM SUGU KAYU PROFIL TERIMMER ROUTER,1733070023902725629,GMV & produk terjual = 0,Aktif,Rp0,Rp0,Rp0,Rp0,Rp0,Rp0,Rp0,Rp0,Rp0,Rp0,Rp0,Rp0,Rp0,Rp0,Rp0,0,0,0,0,Rp0,9750,453,4.65%,24,5.30%,0.00%,8111,367,4.52%,23,6.27%,0.00%,Rp0,Rp0,Rp0,Rp0,Rp0,0,0,3985,161,132,0,4.04%,0.00%,Rp0,0,Rp0,Rp0,Rp0,0,0,0,0,0,0,0,0,Rp0,1,114,4,3.51%,0,0.00%,0.00%,94,4,4.26%,0,0.00%,0.00%,Rp0,Rp0,Rp0,0,0,0,0,0,0,0,0,Rp0,0,0,0,0.00%,0,0.00%,0.00%,0,0,0.00%,0,0.00%,0.00%,Rp0,Rp0,Rp0,Rp0,Rp0,Rp0,Rp0,0,0,0,0,Rp0,18,18,3,4601,174,3.78%,7,4.02%,0.00%,3875,141,3.64%,7,4.96%,0.00%,2157,48,2.23%,1,2.08%,0.00%,1793,36,2.01%,1,2.78%,0.00%,2097,108,5.15%,5,4.63%,0.00%,1856,91,4.90%,5,5.49%,0.00%,Rp0,Rp0,Rp0,0,0,0,0,0,0,0,0,Rp0,5035,275,5.46%,17,6.18%,0.00%,4239,229,5.40%,16,6.99%,0.00%
MATA BOR PELUBANG ENGSEL / FORSTNER BIT SET & STOPER YUKIDO,1729649056483478013,GMV & produk terjual = 0,Aktif,Rp0,Rp0,Rp0,Rp0,Rp0,Rp0,Rp0,Rp0,Rp0,Rp0,Rp0,Rp0,Rp0,Rp0,Rp0,0,0,0,0,Rp0,882,42,4.76%,1,2.38%,0.00%,802,42,5.24%,1,2.38%,0.00%,Rp0,Rp0,Rp0,Rp0,Rp0,0,0,422,22,22,0,5.21%,0.00%,Rp0,0,Rp0,Rp0,Rp0,0,0,0,0,0,0,0,0,Rp0,0,0,0,0.00%,0,0.00%,0.00%,0,0,0.00%,0,0.00%,0.00%,Rp0,Rp0,Rp0,0,0,0,0,0,0,0,0,Rp0,0,0,0,0.00%,0,0.00%,0.00%,0,0,0.00%,0,0.00%,0.00%,Rp0,Rp0,Rp0,Rp0,Rp0,Rp0,Rp0,0,0,0,0,Rp0,0,0,0,62,0,0.00%,0,0.00%,0.00%,60,0,0.00%,0,0.00%,0.00%,0,0,0.00%,0,0.00%,0.00%,0,0,0.00%,0,0.00%,0.00%,57,0,0.00%,0,0.00%,0.00%,55,0,0.00%,0,0.00%,0.00%,Rp0,Rp0,Rp0,0,0,0,0,0,0,0,0,Rp0,820,42,5.12%,1,2.38%,0.00%,738,42,5.69%,1,2.38%,0.00%
Kunci  Laci - Konci Lemari Laci Kayu 808 R888 Besar,1733293789119022589,GMV & produk terjual = 0,Aktif,Rp0,Rp0,Rp0,Rp0,Rp0,Rp0,Rp0,Rp0,Rp0,Rp0,Rp0,Rp0,Rp0,Rp0,Rp0,0,0,0,0,Rp0,71,4,5.63%,2,50.00%,0.00%,65,2,3.08%,1,50.00%,0.00%,Rp0,Rp0,Rp0,Rp0,Rp0,0,0,58,4,2,0,6.90%,0.00%,Rp0,0,Rp0,Rp0,Rp0,0,0,0,0,0,0,0,0,Rp0,0,0,0,0.00%,0,0.00%,0.00%,0,0,0.00%,0,0.00%,0.00%,Rp0,Rp0,Rp0,0,0,0,0,0,0,0,0,Rp0,0,0,0,0.00%,0,0.00%,0.00%,0,0,0.00%,0,0.00%,0.00%,Rp0,Rp0,Rp0,Rp0,Rp0,Rp0,Rp0,0,0,0,0,Rp0,0,0,0,0,0,0.00%,0,0.00%,0.00%,0,0,0.00%,0,0.00%,0.00%,0,0,0.00%,0,0.00%,0.00%,0,0,0.00%,0,0.00%,0.00%,0,0,0.00%,0,0.00%,0.00%,0,0,0.00%,0,0.00%,0.00%,Rp0,Rp0,Rp0,0,0,0,0,0,0,0,0,Rp0,71,4,5.63%,2,50.00%,0.00%,65,2,3.08%,1,50.00%,0.00%
Tekiro Kunci Sok Set 8-32 24 pcs Heavy Duty dengan Box Plastik dan Aksesori Lengkap untuk Alat Kerja Berat Sedang Fullset Socket Set,1729673721164761597,GMV & produk terjual = 0,Aktif,Rp0,Rp0,Rp0,Rp0,Rp0,Rp0,Rp0,Rp0,Rp0,Rp0,Rp0,Rp0,Rp0,Rp0,Rp0,0,0,0,0,Rp0,114,11,9.65%,2,18.18%,0.00%,89,7,7.87%,2,28.57%,0.00%,Rp0,Rp0,Rp0,Rp0,Rp0,0,0,91,9,5,0,9.89%,0.00%,Rp0,0,Rp0,Rp0,Rp0,0,0,0,0,0,0,0,0,Rp0,0,0,0,0.00%,0,0.00%,0.00%,0,0,0.00%,0,0.00%,0.00%,Rp0,Rp0,Rp0,0,0,0,0,0,0,0,0,Rp0,0,0,0,0.00%,0,0.00%,0.00%,0,0,0.00%,0,0.00%,0.00%,Rp0,Rp0,Rp0,Rp0,Rp0,Rp0,Rp0,0,0,0,0,Rp0,0,0,0,5,1,20.00%,0,0.00%,0.00%,4,1,25.00%,0,0.00%,0.00%,0,0,0.00%,0,0.00%,0.00%,0,0,0.00%,0,0.00%,0.00%,4,0,0.00%,0,0.00%,0.00%,3,0,0.00%,0,0.00%,0.00%,Rp0,Rp0,Rp0,0,0,0,0,0,0,0,0,Rp0,109,10,9.17%,2,20.00%,0.00%,85,6,7.06%,2,33.33%,0.00%
"PAKU RAMSET, PAKU TEMBAK BETON, PAKU BAJA, PAKU BOSET STANDART LURUS DAN DRIVE PIN",1729651446346254845,GMV & produk terjual = 0,Aktif,Rp0,Rp0,Rp0,Rp0,Rp0,Rp0,Rp0,Rp0,Rp0,Rp0,Rp0,Rp0,Rp0,Rp0,Rp0,0,0,0,0,Rp0,526,0,0.00%,0,0.00%,0.00%,504,0,0.00%,0,0.00%,0.00%,Rp0,Rp0,Rp0,Rp0,Rp0,0,0,230,0,0,0,0.00%,0.00%,Rp0,0,Rp0,Rp0,Rp0,0,0,0,0,0,0,0,0,Rp0,0,0,0,0.00%,0,0.00%,0.00%,0,0,0.00%,0,0.00%,0.00%,Rp0,Rp0,Rp0,0,0,0,0,0,0,0,0,Rp0,0,0,0,0.00%,0,0.00%,0.00%,0,0,0.00%,0,0.00%,0.00%,Rp0,Rp0,Rp0,Rp0,Rp0,Rp0,Rp0,0,0,0,0,Rp0,0,0,0,18,0,0.00%,0,0.00%,0.00%,18,0,0.00%,0,0.00%,0.00%,0,0,0.00%,0,0.00%,0.00%,0,0,0.00%,0,0.00%,0.00%,0,0,0.00%,0,0.00%,0.00%,0,0,0.00%,0,0.00%,0.00%,Rp0,Rp0,Rp0,0,0,0,0,0,0,0,0,Rp0,508,0,0.00%,0,0.00%,0.00%,477,0,0.00%,0,0.00%,0.00%
YUKIDO JET CLEANER MESIN CUCI STEAM MOTOR / MOBIL BATERAI 36 VOLT CORDLESS Cleaner Car,1729698532820683261,GMV & produk terjual = 0,Nonaktif,Rp0,Rp0,Rp0,Rp0,Rp0,Rp0,Rp0,Rp0,Rp0,Rp0,Rp0,Rp0,Rp0,Rp0,Rp0,0,0,0,0,Rp0,91,2,2.20%,0,0.00%,0.00%,57,1,1.75%,0,0.00%,0.00%,Rp0,Rp0,Rp0,Rp0,Rp0,0,0,53,2,1,0,3.77%,0.00%,Rp0,0,Rp0,Rp0,Rp0,0,0,0,0,0,0,0,0,Rp0,0,0,0,0.00%,0,0.00%,0.00%,0,0,0.00%,0,0.00%,0.00%,Rp0,Rp0,Rp0,0,0,0,0,0,0,0,0,Rp0,0,0,0,0.00%,0,0.00%,0.00%,0,0,0.00%,0,0.00%,0.00%,Rp0,Rp0,Rp0,Rp0,Rp0,Rp0,Rp0,0,0,0,0,Rp0,0,0,0,21,0,0.00%,0,0.00%,0.00%,17,0,0.00%,0,0.00%,0.00%,0,0,0.00%,0,0.00%,0.00%,0,0,0.00%,0,0.00%,0.00%,21,0,0.00%,0,0.00%,0.00%,17,0,0.00%,0,0.00%,0.00%,Rp0,Rp0,Rp0,0,0,0,0,0,0,0,0,Rp0,70,2,2.86%,0,0.00%,0.00%,40,1,2.50%,0,0.00%,0.00%
Fujiyama Batu Poles Gerinda 5pcs - Grinding Wheel Mata Poles Grinda Gurinda Tangan isi 5,1730469371019625981,GMV & produk terjual = 0,Aktif,Rp0,Rp0,Rp0,Rp0,Rp0,Rp0,Rp0,Rp0,Rp0,Rp0,Rp0,Rp0,Rp0,Rp0,Rp0,0,0,0,0,Rp0,669,15,2.24%,0,0.00%,0.00%,591,13,2.20%,0,0.00%,0.00%,Rp0,Rp0,Rp0,Rp0,Rp0,0,0,362,15,13,0,4.14%,0.00%,Rp0,0,Rp0,Rp0,Rp0,0,0,0,0,0,0,0,0,Rp0,1,118,0,0.00%,0,0.00%,0.00%,92,0,0.00%,0,0.00%,0.00%,Rp0,Rp0,Rp0,0,0,0,0,0,0,0,0,Rp0,0,0,0,0.00%,0,0.00%,0.00%,0,0,0.00%,0,0.00%,0.00%,Rp0,Rp0,Rp0,Rp0,Rp0,Rp0,Rp0,0,0,0,0,Rp0,0,0,0,0,0,0.00%,0,0.00%,0.00%,0,0,0.00%,0,0.00%,0.00%,0,0,0.00%,0,0.00%,0.00%,0,0,0.00%,0,0.00%,0.00%,0,0,0.00%,0,0.00%,0.00%,0,0,0.00%,0,0.00%,0.00%,Rp0,Rp0,Rp0,0,0,0,0,0,0,0,0,Rp0,551,15,2.72%,0,0.00%,0.00%,499,13,2.61%,0,0.00%,0.00%
EDON MESIN JIGSAW GERGAJI KAYU FREE 5 MATA JIGSAW,1729996692485540349,GMV & produk terjual = 0,Aktif,Rp0,Rp0,Rp0,Rp0,Rp0,Rp0,Rp0,Rp0,Rp0,Rp0,Rp0,Rp0,Rp0,Rp0,Rp0,0,0,0,0,Rp0,351,11,3.13%,2,18.18%,0.00%,322,10,3.11%,2,20.00%,0.00%,Rp0,Rp0,Rp0,Rp0,Rp0,0,0,234,7,6,0,2.99%,0.00%,Rp0,0,Rp0,Rp0,Rp0,0,0,0,0,0,0,0,0,Rp0,0,0,0,0.00%,0,0.00%,0.00%,0,0,0.00%,0,0.00%,0.00%,Rp0,Rp0,Rp0,0,0,0,0,0,0,0,0,Rp0,0,17,0,0.00%,0,0.00%,0.00%,14,0,0.00%,0,0.00%,0.00%,Rp0,Rp0,Rp0,Rp0,Rp0,Rp0,Rp0,0,0,0,0,Rp0,0,0,0,131,5,3.82%,1,20.00%,0.00%,120,4,3.33%,1,25.00%,0.00%,0,0,0.00%,0,0.00%,0.00%,0,0,0.00%,0,0.00%,0.00%,129,5,3.88%,1,20.00%,0.00%,118,4,3.39%,1,25.00%,0.00%,Rp0,Rp0,Rp0,0,0,0,0,0,0,0,0,Rp0,203,6,2.96%,1,16.67%,0.00%,192,6,3.13%,1,16.67%,0.00%
ELLKA Alat Potong Rantai Sepeda Motor Chain Breaker Rantai Sepeda Rante Motor Alat Pemotong rantai Outdoor Roda,1729680429582748157,GMV & produk terjual = 0,Aktif,Rp0,Rp0,Rp0,Rp0,Rp0,Rp0,Rp0,Rp0,Rp0,Rp0,Rp0,Rp0,Rp0,Rp0,Rp0,0,0,0,0,Rp0,1907,13,0.68%,0,0.00%,0.00%,1775,13,0.73%,0,0.00%,0.00%,Rp0,Rp0,Rp0,Rp0,Rp0,0,0,1222,8,8,0,0.65%,0.00%,Rp0,0,Rp0,Rp0,Rp0,0,0,0,0,0,0,0,0,Rp0,0,0,0,0.00%,0,0.00%,0.00%,0,0,0.00%,0,0.00%,0.00%,Rp0,Rp0,Rp0,0,0,0,0,0,0,0,0,Rp0,0,22,0,0.00%,0,0.00%,0.00%,20,0,0.00%,0,0.00%,0.00%,Rp0,Rp0,Rp0,Rp0,Rp0,Rp0,Rp0,0,0,0,0,Rp0,1,0,1,12,4,33.33%,0,0.00%,0.00%,12,4,33.33%,0,0.00%,0.00%,0,0,0.00%,0,0.00%,0.00%,0,0,0.00%,0,0.00%,0.00%,11,4,36.36%,0,0.00%,0.00%,11,4,36.36%,0,0.00%,0.00%,Rp0,Rp0,Rp0,0,0,0,0,0,0,0,0,Rp0,1873,9,0.48%,0,0.00%,0.00%,1744,9,0.52%,0,0.00%,0.00%
"YUKIDO KUNCI GERINDA FLEXIBEL 4""-7"" logam",1729637996238506493,GMV & produk terjual = 0,Aktif,Rp0,Rp0,Rp0,Rp0,Rp0,Rp0,Rp0,Rp0,Rp0,Rp0,Rp0,Rp0,Rp0,Rp0,Rp0,0,0,0,0,Rp0,225,5,2.22%,0,0.00%,0.00%,206,4,1.94%,0,0.00%,0.00%,Rp0,Rp0,Rp0,Rp0,Rp0,0,0,126,3,3,0,2.38%,0.00%,Rp0,0,Rp0,Rp0,Rp0,0,0,0,0,0,0,0,0,Rp0,0,0,0,0.00%,0,0.00%,0.00%,0,0,0.00%,0,0.00%,0.00%,Rp0,Rp0,Rp0,0,0,0,0,0,0,0,0,Rp0,0,0,0,0.00%,0,0.00%,0.00%,0,0,0.00%,0,0.00%,0.00%,Rp0,Rp0,Rp0,Rp0,Rp0,Rp0,Rp0,0,0,0,0,Rp0,0,0,0,22,2,9.09%,0,0.00%,0.00%,19,2,10.53%,0,0.00%,0.00%,0,0,0.00%,0,0.00%,0.00%,0,0,0.00%,0,0.00%,0.00%,22,2,9.09%,0,0.00%,0.00%,19,2,10.53%,0,0.00%,0.00%,Rp0,Rp0,Rp0,0,0,0,0,0,0,0,0,Rp0,203,3,1.48%,0,0.00%,0.00%,190,2,1.05%,0,0.00%,0.00%
Mesin Jigsaw EDON Jig Saw Gergaji Kayu Mesin EDON ED7-3555,1729645164854741501,GMV & produk terjual = 0,Aktif,Rp0,Rp0,Rp0,Rp0,Rp0,Rp0,Rp0,Rp0,Rp0,Rp0,Rp0,Rp0,Rp0,Rp0,Rp0,0,0,0,0,Rp0,510,19,3.73%,1,5.26%,0.00%,451,16,3.55%,1,6.25%,0.00%,Rp0,Rp0,Rp0,Rp0,Rp0,0,0,186,3,3,0,1.61%,0.00%,Rp0,0,Rp0,Rp0,Rp0,0,0,0,0,0,0,0,0,Rp0,0,0,0,0.00%,0,0.00%,0.00%,0,0,0.00%,0,0.00%,0.00%,Rp0,Rp0,Rp0,0,0,0,0,0,0,0,0,Rp0,0,2,0,0.00%,0,0.00%,0.00%,1,0,0.00%,0,0.00%,0.00%,Rp0,Rp0,Rp0,Rp0,Rp0,Rp0,Rp0,0,0,0,0,Rp0,3,3,0,383,17,4.44%,1,5.88%,0.00%,334,15,4.49%,1,6.67%,0.00%,59,1,1.69%,0,0.00%,0.00%,56,1,1.79%,0,0.00%,0.00%,323,16,4.95%,1,6.25%,0.00%,277,14,5.05%,1,7.14%,0.00%,Rp0,Rp0,Rp0,0,0,0,0,0,0,0,0,Rp0,125,2,1.60%,0,0.00%,0.00%,118,2,1.69%,0,0.00%,0.00%
YUKIDO SPRAYGUN HOOPER CAT SEMEN TEMBOK SPRAY GUN TEXTURE  AB500G,1729692155600210429,GMV & produk terjual = 0,Nonaktif,Rp0,Rp0,Rp0,Rp0,Rp0,Rp0,Rp0,Rp0,Rp0,Rp0,Rp0,Rp0,Rp0,Rp0,Rp0,0,0,0,0,Rp0,173,0,0.00%,0,0.00%,0.00%,89,0,0.00%,0,0.00%,0.00%,Rp0,Rp0,Rp0,Rp0,Rp0,0,0,97,0,0,0,0.00%,0.00%,Rp0,0,Rp0,Rp0,Rp0,0,0,0,0,0,0,0,0,Rp0,0,0,0,0.00%,0,0.00%,0.00%,0,0,0.00%,0,0.00%,0.00%,Rp0,Rp0,Rp0,0,0,0,0,0,0,0,0,Rp0,0,1,0,0.00%,0,0.00%,0.00%,1,0,0.00%,0,0.00%,0.00%,Rp0,Rp0,Rp0,Rp0,Rp0,Rp0,Rp0,0,0,0,0,Rp0,0,0,0,8,0,0.00%,0,0.00%,0.00%,4,0,0.00%,0,0.00%,0.00%,0,0,0.00%,0,0.00%,0.00%,0,0,0.00%,0,0.00%,0.00%,5,0,0.00%,0,0.00%,0.00%,3,0,0.00%,0,0.00%,0.00%,Rp0,Rp0,Rp0,0,0,0,0,0,0,0,0,Rp0,164,0,0.00%,0,0.00%,0.00%,82,0,0.00%,0,0.00%,0.00%
Stand Gerinda Dudukan Gerinda Tangan Menjadi Cut Off Untuk Gerinda 4 In Universal Multifungsi Sliding,1729710520560355837,GMV & produk terjual = 0,Aktif,Rp0,Rp0,Rp0,Rp0,Rp0,Rp0,Rp0,Rp0,Rp0,Rp0,Rp0,Rp0,Rp0,Rp0,Rp0,0,0,0,0,Rp0,1050,37,3.52%,2,5.41%,0.00%,898,33,3.67%,2,6.06%,0.00%,Rp0,Rp0,Rp0,Rp0,Rp0,0,0,420,15,12,0,3.57%,0.00%,Rp0,0,Rp0,Rp0,Rp0,0,0,0,0,0,0,0,0,Rp0,51,436,12,2.75%,1,8.33%,0.00%,386,11,2.85%,1,9.09%,0.00%,Rp0,Rp0,Rp0,0,0,0,0,0,0,0,0,Rp0,0,108,5,4.63%,0,0.00%,0.00%,76,4,5.26%,0,0.00%,0.00%,Rp0,Rp0,Rp0,Rp0,Rp0,Rp0,Rp0,0,0,0,0,Rp0,0,0,0,125,6,4.80%,1,16.67%,0.00%,108,6,5.56%,1,16.67%,0.00%,0,0,0.00%,0,0.00%,0.00%,0,0,0.00%,0,0.00%,0.00%,122,6,4.92%,0,0.00%,0.00%,105,6,5.71%,0,0.00%,0.00%,Rp0,Rp0,Rp0,0,0,0,0,0,0,0,0,Rp0,381,14,3.67%,0,0.00%,0.00%,341,13,3.81%,0,0.00%,0.00%
TESLA GX 160 mesin penggerak bensin gasoline engine 6.5 hp berkualitas dan bergaransi,1729673576497580541,GMV & produk terjual = 0,Aktif,Rp0,Rp0,Rp0,Rp0,Rp0,Rp0,Rp0,Rp0,Rp0,Rp0,Rp0,Rp0,Rp0,Rp0,Rp0,0,0,0,0,Rp0,11936,492,4.12%,6,1.22%,0.00%,10212,449,4.40%,6,1.34%,0.00%,Rp0,Rp0,Rp0,Rp0,Rp0,0,0,2858,74,68,0,2.59%,0.00%,Rp0,0,Rp0,Rp0,Rp0,0,0,0,0,0,0,0,0,Rp0,18,1192,35,2.94%,1,2.86%,0.00%,1037,31,2.99%,1,3.23%,0.00%,Rp0,Rp0,Rp0,0,0,0,0,0,0,0,0,Rp0,1,1962,60,3.06%,1,1.67%,0.00%,1597,52,3.26%,1,1.92%,0.00%,Rp0,Rp0,Rp0,Rp0,Rp0,Rp0,Rp0,0,0,0,0,Rp0,13,6,8,6452,340,5.27%,2,0.59%,0.00%,5454,312,5.72%,2,0.64%,0.00%,1233,48,3.89%,2,4.17%,0.00%,1044,43,4.12%,2,4.65%,0.00%,5119,291,5.68%,0,0.00%,0.00%,4370,269,6.16%,0,0.00%,0.00%,Rp0,Rp0,Rp0,0,0,0,0,0,0,0,0,Rp0,2328,56,2.41%,2,3.57%,0.00%,2052,51,2.49%,2,3.92%,0.00%
Pompa Angin Sepeda Motor Mobil Pompa Tabung Stainless Steel Pompa Sepeda Murah,1731320195417081341,GMV & produk terjual = 0,Aktif,Rp0,Rp0,Rp0,Rp0,Rp0,Rp0,Rp0,Rp0,Rp0,Rp0,Rp0,Rp0,Rp0,Rp0,Rp0,0,0,0,0,Rp0,1609,38,2.36%,3,7.89%,0.00%,1441,33,2.29%,3,9.09%,0.00%,Rp0,Rp0,Rp0,Rp0,Rp59.994,1,1,1076,28,23,0,2.60%,0.00%,Rp0,0,Rp0,Rp0,Rp0,0,0,0,0,0,0,0,0,Rp0,35,190,2,1.05%,0,0.00%,0.00%,182,2,1.10%,0,0.00%,0.00%,Rp0,Rp0,Rp0,0,0,0,0,0,0,0,0,Rp0,1,64,3,4.69%,0,0.00%,0.00%,58,3,5.17%,0,0.00%,0.00%,Rp0,Rp0,Rp0,Rp0,Rp0,Rp0,Rp0,0,0,0,0,Rp0,4,0,4,98,5,5.10%,0,0.00%,0.00%,90,4,4.44%,0,0.00%,0.00%,0,0,0.00%,0,0.00%,0.00%,0,0,0.00%,0,0.00%,0.00%,88,5,5.68%,0,0.00%,0.00%,80,4,5.00%,0,0.00%,0.00%,Rp0,Rp0,Rp0,0,0,0,0,0,0,0,0,Rp0,1257,28,2.23%,3,10.71%,0.00%,1118,24,2.15%,3,12.50%,0.00%
PAKET LENGKAP ALAT BENGKEL 4ITEM YUKIDO KUNCI GAGANG SOCK L 1/2INCH KUNCI MAHKOTA SAMBUNGAN SOCK 5INCH DAN TREKER MAGHNET HARGA TERMURAH,1730557958363710973,GMV & produk terjual = 0,Aktif,Rp0,Rp0,Rp0,Rp0,Rp0,Rp0,Rp0,Rp0,Rp0,Rp0,Rp0,Rp0,Rp0,Rp0,Rp0,0,0,0,0,Rp0,255,10,3.92%,1,10.00%,0.00%,227,9,3.96%,1,11.11%,0.00%,Rp0,Rp0,Rp0,Rp0,Rp0,0,0,111,2,2,0,1.80%,0.00%,Rp0,0,Rp0,Rp0,Rp0,0,0,0,0,0,0,0,0,Rp0,0,0,0,0.00%,0,0.00%,0.00%,0,0,0.00%,0,0.00%,0.00%,Rp0,Rp0,Rp0,0,0,0,0,0,0,0,0,Rp0,0,0,0,0.00%,0,0.00%,0.00%,0,0,0.00%,0,0.00%,0.00%,Rp0,Rp0,Rp0,Rp0,Rp0,Rp0,Rp0,0,0,0,0,Rp0,0,0,0,0,0,0.00%,0,0.00%,0.00%,0,0,0.00%,0,0.00%,0.00%,0,0,0.00%,0,0.00%,0.00%,0,0,0.00%,0,0.00%,0.00%,0,0,0.00%,0,0.00%,0.00%,0,0,0.00%,0,0.00%,0.00%,Rp0,Rp0,Rp0,0,0,0,0,0,0,0,0,Rp0,254,10,3.94%,1,10.00%,0.00%,212,9,4.25%,1,11.11%,0.00%
"Belter Mata Pisau Serut Kayu Manual, Serut Ketam Sugu Manual, Iron Hand Planer",1729460825778062845,GMV & produk terjual = 0,Aktif,Rp0,Rp0,Rp0,Rp0,Rp0,Rp0,Rp0,Rp0,Rp0,Rp0,Rp0,Rp0,Rp0,Rp0,Rp0,0,0,0,0,Rp0,211,3,1.42%,0,0.00%,0.00%,183,3,1.64%,0,0.00%,0.00%,Rp0,Rp0,Rp0,Rp0,Rp0,0,0,160,3,3,0,1.88%,0.00%,Rp0,0,Rp0,Rp0,Rp0,0,0,0,0,0,0,0,0,Rp0,0,0,0,0.00%,0,0.00%,0.00%,0,0,0.00%,0,0.00%,0.00%,Rp0,Rp0,Rp0,0,0,0,0,0,0,0,0,Rp0,0,0,0,0.00%,0,0.00%,0.00%,0,0,0.00%,0,0.00%,0.00%,Rp0,Rp0,Rp0,Rp0,Rp0,Rp0,Rp0,0,0,0,0,Rp0,0,0,0,0,0,0.00%,0,0.00%,0.00%,0,0,0.00%,0,0.00%,0.00%,0,0,0.00%,0,0.00%,0.00%,0,0,0.00%,0,0.00%,0.00%,0,0,0.00%,0,0.00%,0.00%,0,0,0.00%,0,0.00%,0.00%,Rp0,Rp0,Rp0,0,0,0,0,0,0,0,0,Rp0,211,3,1.42%,0,0.00%,0.00%,183,3,1.64%,0,0.00%,0.00%
Mikayo Bor 13 mm Impact Electric Drill Beton Tembok Bonus Mata Bor 5 pcs,1729460826038437373,GMV & produk terjual = 0,Aktif,Rp0,Rp0,Rp0,Rp0,Rp0,Rp0,Rp0,Rp0,Rp0,Rp0,Rp0,Rp0,Rp0,Rp0,Rp0,0,0,0,0,Rp0,20,0,0.00%,0,0.00%,0.00%,19,0,0.00%,0,0.00%,0.00%,Rp0,Rp0,Rp0,Rp0,Rp0,0,0,14,0,0,0,0.00%,0.00%,Rp0,0,Rp0,Rp0,Rp0,0,0,0,0,0,0,0,0,Rp0,0,0,0,0.00%,0,0.00%,0.00%,0,0,0.00%,0,0.00%,0.00%,Rp0,Rp0,Rp0,0,0,0,0,0,0,0,0,Rp0,0,2,0,0.00%,0,0.00%,0.00%,2,0,0.00%,0,0.00%,0.00%,Rp0,Rp0,Rp0,Rp0,Rp0,Rp0,Rp0,0,0,0,0,Rp0,0,0,0,3,0,0.00%,0,0.00%,0.00%,2,0,0.00%,0,0.00%,0.00%,0,0,0.00%,0,0.00%,0.00%,0,0,0.00%,0,0.00%,0.00%,3,0,0.00%,0,0.00%,0.00%,2,0,0.00%,0,0.00%,0.00%,Rp0,Rp0,Rp0,0,0,0,0,0,0,0,0,Rp0,15,0,0.00%,0,0.00%,0.00%,15,0,0.00%,0,0.00%,0.00%
"YUKIDO KUNCI GERINDA HIJAU  FLEXIBEL 4"" - 7""",1729906105229347325,GMV & produk terjual = 0,Aktif,Rp0,Rp0,Rp0,Rp0,Rp0,Rp0,Rp0,Rp0,Rp0,Rp0,Rp0,Rp0,Rp0,Rp0,Rp0,0,0,0,0,Rp0,62,1,1.61%,0,0.00%,0.00%,58,1,1.72%,0,0.00%,0.00%,Rp0,Rp0,Rp0,Rp0,Rp0,0,0,34,1,1,0,2.94%,0.00%,Rp0,0,Rp0,Rp0,Rp0,0,0,0,0,0,0,0,0,Rp0,0,0,0,0.00%,0,0.00%,0.00%,0,0,0.00%,0,0.00%,0.00%,Rp0,Rp0,Rp0,0,0,0,0,0,0,0,0,Rp0,0,0,0,0.00%,0,0.00%,0.00%,0,0,0.00%,0,0.00%,0.00%,Rp0,Rp0,Rp0,Rp0,Rp0,Rp0,Rp0,0,0,0,0,Rp0,0,0,0,0,0,0.00%,0,0.00%,0.00%,0,0,0.00%,0,0.00%,0.00%,0,0,0.00%,0,0.00%,0.00%,0,0,0.00%,0,0.00%,0.00%,0,0,0.00%,0,0.00%,0.00%,0,0,0.00%,0,0.00%,0.00%,Rp0,Rp0,Rp0,0,0,0,0,0,0,0,0,Rp0,62,1,1.61%,0,0.00%,0.00%,58,1,1.72%,0,0.00%,0.00%
YUKIDO OBENG TESPEN FARADIC TESTER,1729642277682973181,GMV & produk terjual = 0,Aktif,Rp0,Rp0,Rp0,Rp0,Rp0,Rp0,Rp0,Rp0,Rp0,Rp0,Rp0,Rp0,Rp0,Rp0,Rp0,0,0,0,0,Rp0,1770,16,0.90%,1,6.25%,0.00%,1606,15,0.93%,1,6.67%,0.00%,Rp0,Rp0,Rp0,Rp0,Rp0,0,0,1060,9,8,0,0.85%,0.00%,Rp0,0,Rp0,Rp0,Rp0,0,0,0,0,0,0,0,0,Rp0,0,0,0,0.00%,0,0.00%,0.00%,0,0,0.00%,0,0.00%,0.00%,Rp0,Rp0,Rp0,0,0,0,0,0,0,0,0,Rp0,0,1,0,0.00%,0,0.00%,0.00%,1,0,0.00%,0,0.00%,0.00%,Rp0,Rp0,Rp0,Rp0,Rp0,Rp0,Rp0,0,0,0,0,Rp0,0,0,0,5,0,0.00%,0,0.00%,0.00%,5,0,0.00%,0,0.00%,0.00%,0,0,0.00%,0,0.00%,0.00%,0,0,0.00%,0,0.00%,0.00%,0,0,0.00%,0,0.00%,0.00%,0,0,0.00%,0,0.00%,0.00%,Rp0,Rp0,Rp0,0,0,0,0,0,0,0,0,Rp0,1763,16,0.91%,1,6.25%,0.00%,1588,15,0.94%,1,6.67%,0.00%
"YUKIDO Staples Tembak / Gun Tacker Staples Sofa, Kayu Jok Motor FREE ISI 5000 Pcs Stapler Stationery Binder",1729978738393909757,GMV & produk terjual = 0,Aktif,Rp0,Rp0,Rp0,Rp0,Rp0,Rp0,Rp0,Rp0,Rp0,Rp0,Rp0,Rp0,Rp0,Rp0,Rp0,0,0,0,0,Rp0,1636,47,2.87%,1,2.13%,0.00%,1430,40,2.80%,1,2.50%,0.00%,Rp0,Rp0,Rp0,Rp0,Rp0,0,0,973,29,24,0,2.98%,0.00%,Rp0,0,Rp0,Rp0,Rp0,0,0,0,0,0,0,0,0,Rp0,0,0,0,0.00%,0,0.00%,0.00%,0,0,0.00%,0,0.00%,0.00%,Rp0,Rp0,Rp0,0,0,0,0,0,0,0,0,Rp0,0,111,5,4.50%,0,0.00%,0.00%,83,5,6.02%,0,0.00%,0.00%,Rp0,Rp0,Rp0,Rp0,Rp0,Rp0,Rp0,0,0,0,0,Rp0,1,0,1,60,6,10.00%,0,0.00%,0.00%,48,5,10.42%,0,0.00%,0.00%,0,0,0.00%,0,0.00%,0.00%,0,0,0.00%,0,0.00%,0.00%,32,6,18.75%,0,0.00%,0.00%,27,5,18.52%,0,0.00%,0.00%,Rp0,Rp0,Rp0,0,0,0,0,0,0,0,0,Rp0,1463,36,2.46%,1,2.78%,0.00%,1299,31,2.39%,1,3.23%,0.00%
Paket Gergaji Pasang Hebel Lengkap Paket Gergaji Hebel Palu Karet Penggaris Waterpas Meteran,1731663130136118781,GMV & produk terjual = 0,Aktif,Rp0,Rp0,Rp0,Rp0,Rp0,Rp0,Rp0,Rp0,Rp0,Rp0,Rp0,Rp0,Rp0,Rp0,Rp0,0,0,0,0,Rp0,267,11,4.12%,1,9.09%,0.00%,216,7,3.24%,1,14.29%,0.00%,Rp0,Rp0,Rp0,Rp0,Rp0,0,0,163,6,3,0,3.68%,0.00%,Rp0,0,Rp0,Rp0,Rp0,0,0,0,0,0,0,0,0,Rp0,0,0,0,0.00%,0,0.00%,0.00%,0,0,0.00%,0,0.00%,0.00%,Rp0,Rp0,Rp0,0,0,0,0,0,0,0,0,Rp0,0,71,5,7.04%,0,0.00%,0.00%,60,4,6.67%,0,0.00%,0.00%,Rp0,Rp0,Rp0,Rp0,Rp0,Rp0,Rp0,0,0,0,0,Rp0,0,0,0,2,0,0.00%,0,0.00%,0.00%,2,0,0.00%,0,0.00%,0.00%,0,0,0.00%,0,0.00%,0.00%,0,0,0.00%,0,0.00%,0.00%,0,0,0.00%,0,0.00%,0.00%,0,0,0.00%,0,0.00%,0.00%,Rp0,Rp0,Rp0,0,0,0,0,0,0,0,0,Rp0,194,6,3.09%,1,16.67%,0.00%,155,3,1.94%,1,33.33%,0.00%
(COD) GUNTING RUMPUT-GUNTING TAMAN / Gunting Rumput Super Tajam 48CM Pegangan Karet Potong Rumput,1729748484766991869,GMV & produk terjual = 0,Nonaktif,Rp0,Rp0,Rp0,Rp0,Rp0,Rp0,Rp0,Rp0,Rp0,Rp0,Rp0,Rp0,Rp0,Rp0,Rp0,0,0,0,0,Rp0,944,3,0.32%,0,0.00%,0.00%,911,3,0.33%,0,0.00%,0.00%,Rp0,Rp0,Rp0,Rp0,Rp0,0,0,405,1,1,0,0.25%,0.00%,Rp0,0,Rp0,Rp0,Rp0,0,0,0,0,0,0,0,0,Rp0,0,0,0,0.00%,0,0.00%,0.00%,0,0,0.00%,0,0.00%,0.00%,Rp0,Rp0,Rp0,0,0,0,0,0,0,0,0,Rp0,0,0,0,0.00%,0,0.00%,0.00%,0,0,0.00%,0,0.00%,0.00%,Rp0,Rp0,Rp0,Rp0,Rp0,Rp0,Rp0,0,0,0,0,Rp0,0,0,0,45,1,2.22%,0,0.00%,0.00%,42,1,2.38%,0,0.00%,0.00%,0,0,0.00%,0,0.00%,0.00%,0,0,0.00%,0,0.00%,0.00%,8,1,12.50%,0,0.00%,0.00%,5,1,20.00%,0,0.00%,0.00%,Rp0,Rp0,Rp0,0,0,0,0,0,0,0,0,Rp0,897,2,0.22%,0,0.00%,0.00%,846,2,0.24%,0,0.00%,0.00%
Ellka Tap Balik Pembuka Baut Screw Extractor Set 5 PCS Alat Pembuka Baut Rusak,1730638653455042045,GMV & produk terjual = 0,Aktif,Rp0,Rp0,Rp0,Rp0,Rp0,Rp0,Rp0,Rp0,Rp0,Rp0,Rp0,Rp0,Rp0,Rp0,Rp0,0,0,0,0,Rp0,3727,57,1.53%,5,8.77%,0.00%,3423,54,1.58%,5,9.26%,0.00%,Rp0,Rp0,Rp0,Rp0,Rp0,0,0,2128,36,36,0,1.69%,0.00%,Rp0,0,Rp0,Rp0,Rp0,0,0,0,0,0,0,0,0,Rp0,1,13,0,0.00%,0,0.00%,0.00%,12,0,0.00%,0,0.00%,0.00%,Rp0,Rp0,Rp0,0,0,0,0,0,0,0,0,Rp0,0,1,0,0.00%,0,0.00%,0.00%,1,0,0.00%,0,0.00%,0.00%,Rp0,Rp0,Rp0,Rp0,Rp0,Rp0,Rp0,0,0,0,0,Rp0,0,0,0,317,4,1.26%,0,0.00%,0.00%,299,4,1.34%,0,0.00%,0.00%,0,0,0.00%,0,0.00%,0.00%,0,0,0.00%,0,0.00%,0.00%,268,3,1.12%,0,0.00%,0.00%,258,3,1.16%,0,0.00%,0.00%,Rp0,Rp0,Rp0,0,0,0,0,0,0,0,0,Rp0,3396,53,1.56%,5,9.43%,0.00%,3095,50,1.62%,5,10.00%,0.00%
Mesin Las MIG 130 A Tanpa Gas MMA Travo Las Welding Machine Inverter Las Hemat Listrik,1729761115619231229,GMV & produk terjual = 0,Aktif,Rp0,Rp0,Rp0,Rp0,Rp0,Rp0,Rp0,Rp0,Rp0,Rp0,Rp0,Rp0,Rp0,Rp0,Rp0,0,0,0,0,Rp0,926,38,4.10%,1,2.63%,0.00%,780,33,4.23%,1,3.03%,0.00%,Rp0,Rp0,Rp0,Rp0,Rp0,0,0,438,15,14,0,3.42%,0.00%,Rp0,0,Rp0,Rp0,Rp0,0,0,0,0,0,0,0,0,Rp0,37,178,4,2.25%,1,25.00%,0.00%,157,4,2.55%,1,25.00%,0.00%,Rp0,Rp0,Rp0,0,0,0,0,0,0,0,0,Rp0,0,43,2,4.65%,0,0.00%,0.00%,38,2,5.26%,0,0.00%,0.00%,Rp0,Rp0,Rp0,Rp0,Rp0,Rp0,Rp0,0,0,0,0,Rp0,0,0,0,332,22,6.63%,0,0.00%,0.00%,267,18,6.74%,0,0.00%,0.00%,0,0,0.00%,0,0.00%,0.00%,0,0,0.00%,0,0.00%,0.00%,313,22,7.03%,0,0.00%,0.00%,252,18,7.14%,0,0.00%,0.00%,Rp0,Rp0,Rp0,0,0,0,0,0,0,0,0,Rp0,373,10,2.68%,0,0.00%,0.00%,328,10,3.05%,0,0.00%,0.00%
YUKIDO Mata Gergaji Kayu circular saw 7 Inch,1729645039702936061,GMV & produk terjual = 0,Aktif,Rp0,Rp0,Rp0,Rp0,Rp0,Rp0,Rp0,Rp0,Rp0,Rp0,Rp0,Rp0,Rp0,Rp0,Rp0,0,0,0,0,Rp0,1247,59,4.73%,1,1.69%,0.00%,881,53,6.02%,1,1.89%,0.00%,Rp0,Rp0,Rp0,Rp0,Rp0,0,0,263,10,10,0,3.80%,0.00%,Rp0,0,Rp0,Rp0,Rp0,0,0,0,0,0,0,0,0,Rp0,6,166,4,2.41%,0,0.00%,0.00%,150,4,2.67%,0,0.00%,0.00%,Rp0,Rp0,Rp0,0,0,0,0,0,0,0,0,Rp0,0,542,33,6.09%,1,3.03%,0.00%,322,29,9.01%,1,3.45%,0.00%,Rp0,Rp0,Rp0,Rp0,Rp0,Rp0,Rp0,0,0,0,0,Rp0,0,0,0,117,13,11.11%,0,0.00%,0.00%,87,12,13.79%,0,0.00%,0.00%,0,0,0.00%,0,0.00%,0.00%,0,0,0.00%,0,0.00%,0.00%,113,13,11.50%,0,0.00%,0.00%,83,12,14.46%,0,0.00%,0.00%,Rp0,Rp0,Rp0,0,0,0,0,0,0,0,0,Rp0,422,9,2.13%,0,0.00%,0.00%,346,9,2.60%,0,0.00%,0.00%
YUKIDO WELDING KABEL SET/TANG LAS+TANG MASA SET 2M,1729641293823904253,GMV & produk terjual = 0,Aktif,Rp0,Rp0,Rp0,Rp0,Rp0,Rp0,Rp0,Rp0,Rp0,Rp0,Rp0,Rp0,Rp0,Rp0,Rp0,0,0,0,0,Rp0,6,0,0.00%,0,0.00%,0.00%,5,0,0.00%,0,0.00%,0.00%,Rp0,Rp0,Rp0,Rp0,Rp0,0,0,3,0,0,0,0.00%,0.00%,Rp0,0,Rp0,Rp0,Rp0,0,0,0,0,0,0,0,0,Rp0,0,0,0,0.00%,0,0.00%,0.00%,0,0,0.00%,0,0.00%,0.00%,Rp0,Rp0,Rp0,0,0,0,0,0,0,0,0,Rp0,0,0,0,0.00%,0,0.00%,0.00%,0,0,0.00%,0,0.00%,0.00%,Rp0,Rp0,Rp0,Rp0,Rp0,Rp0,Rp0,0,0,0,0,Rp0,0,0,0,0,0,0.00%,0,0.00%,0.00%,0,0,0.00%,0,0.00%,0.00%,0,0,0.00%,0,0.00%,0.00%,0,0,0.00%,0,0.00%,0.00%,0,0,0.00%,0,0.00%,0.00%,0,0,0.00%,0,0.00%,0.00%,Rp0,Rp0,Rp0,0,0,0,0,0,0,0,0,Rp0,6,0,0.00%,0,0.00%,0.00%,5,0,0.00%,0,0.00%,0.00%
Hot Air Gun Heat Gun Mesin Pemanas Blower Pemanas Udaa Untuk Pasang Sticker Kaca Hot Gun Electric,1729635963375684093,GMV & produk terjual = 0,Nonaktif,Rp0,Rp0,Rp0,Rp0,Rp0,Rp0,Rp0,Rp0,Rp0,Rp0,Rp0,Rp0,Rp0,Rp0,Rp0,0,0,0,0,Rp0,11,1,9.09%,0,0.00%,0.00%,7,1,14.29%,0,0.00%,0.00%,Rp0,Rp0,Rp0,Rp0,Rp129.381,1,1,5,0,0,0,0.00%,0.00%,Rp0,0,Rp0,Rp0,Rp0,0,0,0,0,0,0,0,0,Rp0,0,0,0,0.00%,0,0.00%,0.00%,0,0,0.00%,0,0.00%,0.00%,Rp0,Rp0,Rp0,0,0,0,0,0,0,0,0,Rp0,0,0,0,0.00%,0,0.00%,0.00%,0,0,0.00%,0,0.00%,0.00%,Rp0,Rp0,Rp0,Rp0,Rp0,Rp0,Rp0,0,0,0,0,Rp0,0,0,0,1,1,100.00%,0,0.00%,0.00%,1,1,100.00%,0,0.00%,0.00%,0,0,0.00%,0,0.00%,0.00%,0,0,0.00%,0,0.00%,0.00%,1,1,100.00%,0,0.00%,0.00%,1,1,100.00%,0,0.00%,0.00%,Rp0,Rp0,Rp0,0,0,0,0,0,0,0,0,Rp0,10,0,0.00%,0,0.00%,0.00%,6,0,0.00%,0,0.00%,0.00%
1 LUSIN (12 PASANG )SARUNG TANGAN KULIT LAS YUKIDO TERMURAH 14inch Merah Bahan GRADE B Tebal Nyaman untuk Pengelasan & Perkebunan AB-02WG,1729697507932539389,GMV & produk terjual = 0,Aktif,Rp0,Rp0,Rp0,Rp0,Rp0,Rp0,Rp0,Rp0,Rp0,Rp0,Rp0,Rp0,Rp0,Rp0,Rp0,0,0,0,0,Rp0,227,5,2.20%,0,0.00%,0.00%,217,4,1.84%,0,0.00%,0.00%,Rp0,Rp0,Rp0,Rp0,Rp0,0,0,60,0,0,0,0.00%,0.00%,Rp0,0,Rp0,Rp0,Rp0,0,0,0,0,0,0,0,0,Rp0,33,115,0,0.00%,0,0.00%,0.00%,114,0,0.00%,0,0.00%,0.00%,Rp0,Rp0,Rp0,0,0,0,0,0,0,0,0,Rp0,0,3,0,0.00%,0,0.00%,0.00%,3,0,0.00%,0,0.00%,0.00%,Rp0,Rp0,Rp0,Rp0,Rp0,Rp0,Rp0,0,0,0,0,Rp0,0,0,0,26,0,0.00%,0,0.00%,0.00%,25,0,0.00%,0,0.00%,0.00%,0,0,0.00%,0,0.00%,0.00%,0,0,0.00%,0,0.00%,0.00%,19,0,0.00%,0,0.00%,0.00%,18,0,0.00%,0,0.00%,0.00%,Rp0,Rp0,Rp0,0,0,0,0,0,0,0,0,Rp0,83,5,6.02%,0,0.00%,0.00%,76,4,5.26%,0,0.00%,0.00%
Waist Tool Bag Tas Perkakas Pinggang Bengkel dan Bangunan - Hanya Tas Yukido Japan Technology,1730379852107318781,GMV & produk terjual = 0,Aktif,Rp0,Rp0,Rp0,Rp0,Rp0,Rp0,Rp0,Rp0,Rp0,Rp0,Rp0,Rp0,Rp0,Rp0,Rp0,0,0,0,0,Rp0,272,25,9.19%,0,0.00%,0.00%,251,25,9.96%,0,0.00%,0.00%,Rp0,Rp0,Rp0,Rp0,Rp0,0,0,126,13,13,0,10.32%,0.00%,Rp0,0,Rp0,Rp0,Rp0,0,0,0,0,0,0,0,0,Rp0,0,0,0,0.00%,0,0.00%,0.00%,0,0,0.00%,0,0.00%,0.00%,Rp0,Rp0,Rp0,0,0,0,0,0,0,0,0,Rp0,0,0,0,0.00%,0,0.00%,0.00%,0,0,0.00%,0,0.00%,0.00%,Rp0,Rp0,Rp0,Rp0,Rp0,Rp0,Rp0,0,0,0,0,Rp0,0,0,0,2,0,0.00%,0,0.00%,0.00%,2,0,0.00%,0,0.00%,0.00%,0,0,0.00%,0,0.00%,0.00%,0,0,0.00%,0,0.00%,0.00%,0,0,0.00%,0,0.00%,0.00%,0,0,0.00%,0,0.00%,0.00%,Rp0,Rp0,Rp0,0,0,0,0,0,0,0,0,Rp0,270,25,9.26%,0,0.00%,0.00%,249,25,10.04%,0,0.00%,0.00%
Pompa Angin Sepeda Motor Mobil Bola Tabung Stainless Steel POMPA MANUAL - Pompa Sepeda Ellka - Pompa Angin Ban Sepeda Motor Balon Murah,1730746611705742845,GMV & produk terjual = 0,Aktif,Rp0,Rp0,Rp0,Rp0,Rp0,Rp0,Rp0,Rp0,Rp0,Rp0,Rp0,Rp0,Rp0,Rp0,Rp0,0,0,0,0,Rp0,601,16,2.66%,0,0.00%,0.00%,550,12,2.18%,0,0.00%,0.00%,Rp0,Rp0,Rp0,Rp0,Rp0,0,0,436,12,9,0,2.75%,0.00%,Rp0,0,Rp0,Rp0,Rp0,0,0,0,0,0,0,0,0,Rp0,0,0,0,0.00%,0,0.00%,0.00%,0,0,0.00%,0,0.00%,0.00%,Rp0,Rp0,Rp0,0,0,0,0,0,0,0,0,Rp0,0,0,0,0.00%,0,0.00%,0.00%,0,0,0.00%,0,0.00%,0.00%,Rp0,Rp0,Rp0,Rp0,Rp0,Rp0,Rp0,0,0,0,0,Rp0,0,0,0,75,6,8.00%,0,0.00%,0.00%,65,4,6.15%,0,0.00%,0.00%,0,0,0.00%,0,0.00%,0.00%,0,0,0.00%,0,0.00%,0.00%,73,6,8.22%,0,0.00%,0.00%,63,4,6.35%,0,0.00%,0.00%,Rp0,Rp0,Rp0,0,0,0,0,0,0,0,0,Rp0,526,10,1.90%,0,0.00%,0.00%,487,8,1.64%,0,0.00%,0.00%
Toolbox Tempat Penyimpanan Alat Perkakas Besar HL Uk 18 Inch Kotak Perkakas Kotak Peralatan/2 Layer Toolbox/Box Alat Perkakas,1730664649066579453,GMV & produk terjual = 0,Aktif,Rp0,Rp0,Rp0,Rp0,Rp0,Rp0,Rp0,Rp0,Rp0,Rp0,Rp0,Rp0,Rp0,Rp0,Rp0,0,0,0,0,Rp0,2088,101,4.84%,4,3.96%,0.00%,1828,94,5.14%,4,4.26%,0.00%,Rp0,Rp0,Rp0,Rp0,Rp0,0,0,784,32,30,0,4.08%,0.00%,Rp0,0,Rp0,Rp0,Rp0,0,0,0,0,0,0,0,0,Rp0,2,311,0,0.00%,0,0.00%,0.00%,252,0,0.00%,0,0.00%,0.00%,Rp0,Rp0,Rp0,0,0,0,0,0,0,0,0,Rp0,1,130,2,1.54%,0,0.00%,0.00%,118,2,1.69%,0,0.00%,0.00%,Rp0,Rp0,Rp0,Rp0,Rp0,Rp0,Rp0,0,0,0,0,Rp0,1,0,1,403,30,7.44%,0,0.00%,0.00%,332,25,7.53%,0,0.00%,0.00%,0,0,0.00%,0,0.00%,0.00%,0,0,0.00%,0,0.00%,0.00%,331,29,8.76%,0,0.00%,0.00%,289,25,8.65%,0,0.00%,0.00%,Rp0,Rp0,Rp0,0,0,0,0,0,0,0,0,Rp0,1245,69,5.54%,4,5.80%,0.00%,1097,64,5.83%,4,6.25%,0.00%
YUKIDO Kunci  Double Ring Set 6x7-22x24 CR-V 8pcs Garansi Seumur Hidup / Double Ring Wrench Set Yukido AB67-2224,1730334874203751933,GMV & produk terjual = 0,Aktif,Rp0,Rp0,Rp0,Rp0,Rp0,Rp0,Rp0,Rp0,Rp0,Rp0,Rp0,Rp0,Rp0,Rp0,Rp0,0,0,0,0,Rp0,153,2,1.31%,0,0.00%,0.00%,138,2,1.45%,0,0.00%,0.00%,Rp0,Rp0,Rp0,Rp0,Rp0,0,0,80,2,2,0,2.50%,0.00%,Rp0,0,Rp0,Rp0,Rp0,0,0,0,0,0,0,0,0,Rp0,0,0,0,0.00%,0,0.00%,0.00%,0,0,0.00%,0,0.00%,0.00%,Rp0,Rp0,Rp0,0,0,0,0,0,0,0,0,Rp0,0,13,1,7.69%,0,0.00%,0.00%,10,0,0.00%,0,0.00%,0.00%,Rp0,Rp0,Rp0,Rp0,Rp0,Rp0,Rp0,0,0,0,0,Rp0,0,0,0,6,0,0.00%,0,0.00%,0.00%,5,0,0.00%,0,0.00%,0.00%,0,0,0.00%,0,0.00%,0.00%,0,0,0.00%,0,0.00%,0.00%,2,0,0.00%,0,0.00%,0.00%,1,0,0.00%,0,0.00%,0.00%,Rp0,Rp0,Rp0,0,0,0,0,0,0,0,0,Rp0,134,1,0.75%,0,0.00%,0.00%,109,1,0.92%,0,0.00%,0.00%
YUKIDO TAP & DIE SET 40PCS Alat Senai Tap Ulir Drat Baut Mur,1729641291014244861,GMV & produk terjual = 0,Nonaktif,Rp0,Rp0,Rp0,Rp0,Rp0,Rp0,Rp0,Rp0,Rp0,Rp0,Rp0,Rp0,Rp0,Rp0,Rp0,0,0,0,0,Rp0,6,0,0.00%,0,0.00%,0.00%,6,0,0.00%,0,0.00%,0.00%,Rp0,Rp0,Rp0,Rp0,Rp0,0,0,5,0,0,0,0.00%,0.00%,Rp0,0,Rp0,Rp0,Rp0,0,0,0,0,0,0,0,0,Rp0,0,0,0,0.00%,0,0.00%,0.00%,0,0,0.00%,0,0.00%,0.00%,Rp0,Rp0,Rp0,0,0,0,0,0,0,0,0,Rp0,0,0,0,0.00%,0,0.00%,0.00%,0,0,0.00%,0,0.00%,0.00%,Rp0,Rp0,Rp0,Rp0,Rp0,Rp0,Rp0,0,0,0,0,Rp0,0,0,0,0,0,0.00%,0,0.00%,0.00%,0,0,0.00%,0,0.00%,0.00%,0,0,0.00%,0,0.00%,0.00%,0,0,0.00%,0,0.00%,0.00%,0,0,0.00%,0,0.00%,0.00%,0,0,0.00%,0,0.00%,0.00%,Rp0,Rp0,Rp0,0,0,0,0,0,0,0,0,Rp0,6,0,0.00%,0,0.00%,0.00%,6,0,0.00%,0,0.00%,0.00%
"BOSCH GWS 700 Mesin Gerinda 4"" Professional 100mm",1733173018225509885,GMV & produk terjual = 0,Aktif,Rp0,Rp0,Rp0,Rp0,Rp0,Rp0,Rp0,Rp0,Rp0,Rp0,Rp0,Rp0,Rp0,Rp0,Rp0,0,0,0,0,Rp0,1563,37,2.37%,0,0.00%,0.00%,1322,34,2.57%,0,0.00%,0.00%,Rp0,Rp0,Rp0,Rp0,Rp0,0,0,246,8,7,0,3.25%,0.00%,Rp0,0,Rp0,Rp0,Rp0,0,0,0,0,0,0,0,0,Rp0,9,1319,26,1.97%,0,0.00%,0.00%,1112,25,2.25%,0,0.00%,0.00%,Rp0,Rp0,Rp0,0,0,0,0,0,0,0,0,Rp0,0,22,1,4.55%,0,0.00%,0.00%,20,1,5.00%,0,0.00%,0.00%,Rp0,Rp0,Rp0,Rp0,Rp0,Rp0,Rp0,0,0,0,0,Rp0,0,0,0,1,0,0.00%,0,0.00%,0.00%,1,0,0.00%,0,0.00%,0.00%,0,0,0.00%,0,0.00%,0.00%,0,0,0.00%,0,0.00%,0.00%,0,0,0.00%,0,0.00%,0.00%,0,0,0.00%,0,0.00%,0.00%,Rp0,Rp0,Rp0,0,0,0,0,0,0,0,0,Rp0,221,10,4.52%,0,0.00%,0.00%,195,9,4.62%,0,0.00%,0.00%
KUNCI LACI 808 ASLI (Foto Real) Kunci 808 Ori Original Laci Lemari Kicenset Loker Anak Kunci Kuningan Gold Drawer Lock / KUNCI LACI 808 ASLI (Foto Real) PROMO!!,1733293770997401085,GMV & produk terjual = 0,Aktif,Rp0,Rp0,Rp0,Rp0,Rp0,Rp0,Rp0,Rp0,Rp0,Rp0,Rp0,Rp0,Rp0,Rp0,Rp0,0,0,0,0,Rp0,40,1,2.50%,0,0.00%,0.00%,37,1,2.70%,0,0.00%,0.00%,Rp0,Rp0,Rp0,Rp0,Rp0,0,0,28,1,1,0,3.57%,0.00%,Rp0,0,Rp0,Rp0,Rp0,0,0,0,0,0,0,0,0,Rp0,0,0,0,0.00%,0,0.00%,0.00%,0,0,0.00%,0,0.00%,0.00%,Rp0,Rp0,Rp0,0,0,0,0,0,0,0,0,Rp0,0,0,0,0.00%,0,0.00%,0.00%,0,0,0.00%,0,0.00%,0.00%,Rp0,Rp0,Rp0,Rp0,Rp0,Rp0,Rp0,0,0,0,0,Rp0,0,0,0,0,0,0.00%,0,0.00%,0.00%,0,0,0.00%,0,0.00%,0.00%,0,0,0.00%,0,0.00%,0.00%,0,0,0.00%,0,0.00%,0.00%,0,0,0.00%,0,0.00%,0.00%,0,0,0.00%,0,0.00%,0.00%,Rp0,Rp0,Rp0,0,0,0,0,0,0,0,0,Rp0,40,1,2.50%,0,0.00%,0.00%,37,1,2.70%,0,0.00%,0.00%
Kunci Sok Y 8-10-12MM - 10-12-14MM - 12-14-17MM Pendek / Kunci Sok Y Murah / Kunci Sock Shock Socket HITAM,1729668828388165117,GMV & produk terjual = 0,Aktif,Rp0,Rp0,Rp0,Rp0,Rp0,Rp0,Rp0,Rp0,Rp0,Rp0,Rp0,Rp0,Rp0,Rp0,Rp0,0,0,0,0,Rp0,1605,19,1.18%,3,15.79%,0.00%,1439,17,1.18%,3,17.65%,0.00%,Rp0,Rp0,Rp0,Rp0,Rp0,0,0,1008,10,8,0,0.99%,0.00%,Rp0,0,Rp0,Rp0,Rp0,0,0,0,0,0,0,0,0,Rp0,0,0,0,0.00%,0,0.00%,0.00%,0,0,0.00%,0,0.00%,0.00%,Rp0,Rp0,Rp0,0,0,0,0,0,0,0,0,Rp0,0,212,4,1.89%,0,0.00%,0.00%,173,3,1.73%,0,0.00%,0.00%,Rp0,Rp0,Rp0,Rp0,Rp0,Rp0,Rp0,0,0,0,0,Rp0,0,0,0,47,1,2.13%,0,0.00%,0.00%,44,1,2.27%,0,0.00%,0.00%,0,0,0.00%,0,0.00%,0.00%,0,0,0.00%,0,0.00%,0.00%,40,1,2.50%,0,0.00%,0.00%,38,1,2.63%,0,0.00%,0.00%,Rp0,Rp0,Rp0,0,0,0,0,0,0,0,0,Rp0,1346,14,1.04%,3,21.43%,0.00%,1214,13,1.07%,3,23.08%,0.00%
Kunci L 2 Set Kunci L Bintang 9 Pcs + Kunci L Biasa 9 Pcs Kunci Pas,1730667080400995837,GMV & produk terjual = 0,Aktif,Rp0,Rp0,Rp0,Rp0,Rp0,Rp0,Rp0,Rp0,Rp0,Rp0,Rp0,Rp0,Rp0,Rp0,Rp0,0,0,0,0,Rp0,185,11,5.95%,0,0.00%,0.00%,169,10,5.92%,0,0.00%,0.00%,Rp0,Rp0,Rp0,Rp0,Rp0,0,0,79,3,3,0,3.80%,0.00%,Rp0,0,Rp0,Rp0,Rp0,0,0,0,0,0,0,0,0,Rp0,0,0,0,0.00%,0,0.00%,0.00%,0,0,0.00%,0,0.00%,0.00%,Rp0,Rp0,Rp0,0,0,0,0,0,0,0,0,Rp0,0,0,0,0.00%,0,0.00%,0.00%,0,0,0.00%,0,0.00%,0.00%,Rp0,Rp0,Rp0,Rp0,Rp0,Rp0,Rp0,0,0,0,0,Rp0,1,0,1,18,0,0.00%,0,0.00%,0.00%,16,0,0.00%,0,0.00%,0.00%,0,0,0.00%,0,0.00%,0.00%,0,0,0.00%,0,0.00%,0.00%,18,0,0.00%,0,0.00%,0.00%,16,0,0.00%,0,0.00%,0.00%,Rp0,Rp0,Rp0,0,0,0,0,0,0,0,0,Rp0,167,11,6.59%,0,0.00%,0.00%,154,10,6.49%,0,0.00%,0.00%
MATA BOR BESI HSS SET 13 PCS YUKIDO / 13 PCS HSS TWISTED DRILL BITS SIZE 1.5 - 6 MM /,1729763971477898749,GMV & produk terjual = 0,Aktif,Rp0,Rp0,Rp0,Rp0,Rp0,Rp0,Rp0,Rp0,Rp0,Rp0,Rp0,Rp0,Rp0,Rp0,Rp0,0,0,0,0,Rp0,1,0,0.00%,0,0.00%,0.00%,1,0,0.00%,0,0.00%,0.00%,Rp0,Rp0,Rp0,Rp0,Rp0,0,0,1,0,0,0,0.00%,0.00%,Rp0,0,Rp0,Rp0,Rp0,0,0,0,0,0,0,0,0,Rp0,0,0,0,0.00%,0,0.00%,0.00%,0,0,0.00%,0,0.00%,0.00%,Rp0,Rp0,Rp0,0,0,0,0,0,0,0,0,Rp0,0,0,0,0.00%,0,0.00%,0.00%,0,0,0.00%,0,0.00%,0.00%,Rp0,Rp0,Rp0,Rp0,Rp0,Rp0,Rp0,0,0,0,0,Rp0,0,0,0,0,0,0.00%,0,0.00%,0.00%,0,0,0.00%,0,0.00%,0.00%,0,0,0.00%,0,0.00%,0.00%,0,0,0.00%,0,0.00%,0.00%,0,0,0.00%,0,0.00%,0.00%,0,0,0.00%,0,0.00%,0.00%,Rp0,Rp0,Rp0,0,0,0,0,0,0,0,0,Rp0,1,0,0.00%,0,0.00%,0.00%,1,0,0.00%,0,0.00%,0.00%
RHINO Mesin Las Listrik 900 Watt MERAH Trafo Las Inverter 120A 900W,1729691673185651197,GMV & produk terjual = 0,Aktif,Rp0,Rp0,Rp0,Rp0,Rp0,Rp0,Rp0,Rp0,Rp0,Rp0,Rp0,Rp0,Rp0,Rp0,Rp0,0,0,0,0,Rp0,14,0,0.00%,0,0.00%,0.00%,10,0,0.00%,0,0.00%,0.00%,Rp0,Rp0,Rp0,Rp0,Rp0,0,0,10,0,0,0,0.00%,0.00%,Rp0,0,Rp0,Rp0,Rp0,0,0,0,0,0,0,0,0,Rp0,0,0,0,0.00%,0,0.00%,0.00%,0,0,0.00%,0,0.00%,0.00%,Rp0,Rp0,Rp0,0,0,0,0,0,0,0,0,Rp0,0,0,0,0.00%,0,0.00%,0.00%,0,0,0.00%,0,0.00%,0.00%,Rp0,Rp0,Rp0,Rp0,Rp0,Rp0,Rp0,0,0,0,0,Rp0,0,0,0,0,0,0.00%,0,0.00%,0.00%,0,0,0.00%,0,0.00%,0.00%,0,0,0.00%,0,0.00%,0.00%,0,0,0.00%,0,0.00%,0.00%,0,0,0.00%,0,0.00%,0.00%,0,0,0.00%,0,0.00%,0.00%,Rp0,Rp0,Rp0,0,0,0,0,0,0,0,0,Rp0,14,0,0.00%,0,0.00%,0.00%,10,0,0.00%,0,0.00%,0.00%
PAKET SET BUKA MUR KOPLING OBENG GETROK + KUNCI MAHKOTA + KUNCI SAMBUNGAN GAGANG SHOCK 12MM- MUR KOPLING,1731663625995716093,GMV & produk terjual = 0,Aktif,Rp0,Rp0,Rp0,Rp0,Rp0,Rp0,Rp0,Rp0,Rp0,Rp0,Rp0,Rp0,Rp0,Rp0,Rp0,0,0,0,0,Rp0,528,25,4.73%,1,4.00%,0.00%,471,22,4.67%,1,4.55%,0.00%,Rp0,Rp0,Rp0,Rp0,Rp0,0,0,350,21,18,0,6.00%,0.00%,Rp0,0,Rp0,Rp0,Rp0,0,0,0,0,0,0,0,0,Rp0,0,0,0,0.00%,0,0.00%,0.00%,0,0,0.00%,0,0.00%,0.00%,Rp0,Rp0,Rp0,0,0,0,0,0,0,0,0,Rp0,0,0,0,0.00%,0,0.00%,0.00%,0,0,0.00%,0,0.00%,0.00%,Rp0,Rp0,Rp0,Rp0,Rp0,Rp0,Rp0,0,0,0,0,Rp0,0,0,0,3,0,0.00%,0,0.00%,0.00%,2,0,0.00%,0,0.00%,0.00%,0,0,0.00%,0,0.00%,0.00%,0,0,0.00%,0,0.00%,0.00%,0,0,0.00%,0,0.00%,0.00%,0,0,0.00%,0,0.00%,0.00%,Rp0,Rp0,Rp0,0,0,0,0,0,0,0,0,Rp0,525,25,4.76%,1,4.00%,0.00%,438,22,5.02%,1,4.55%,0.00%
Mata Router Set Mata Profil Mata Trimmer Set Router Bit Set 12pcs,1729649453413403133,GMV & produk terjual = 0,Aktif,Rp0,Rp0,Rp0,Rp0,Rp0,Rp0,Rp0,Rp0,Rp0,Rp0,Rp0,Rp0,Rp0,Rp0,Rp0,0,0,0,0,Rp0,74,0,0.00%,0,0.00%,0.00%,73,0,0.00%,0,0.00%,0.00%,Rp0,Rp0,Rp0,Rp0,Rp0,0,0,14,0,0,0,0.00%,0.00%,Rp0,0,Rp0,Rp0,Rp0,0,0,0,0,0,0,0,0,Rp0,32,71,0,0.00%,0,0.00%,0.00%,71,0,0.00%,0,0.00%,0.00%,Rp0,Rp0,Rp0,0,0,0,0,0,0,0,0,Rp0,0,0,0,0.00%,0,0.00%,0.00%,0,0,0.00%,0,0.00%,0.00%,Rp0,Rp0,Rp0,Rp0,Rp0,Rp0,Rp0,0,0,0,0,Rp0,0,0,0,0,0,0.00%,0,0.00%,0.00%,0,0,0.00%,0,0.00%,0.00%,0,0,0.00%,0,0.00%,0.00%,0,0,0.00%,0,0.00%,0.00%,0,0,0.00%,0,0.00%,0.00%,0,0,0.00%,0,0.00%,0.00%,Rp0,Rp0,Rp0,0,0,0,0,0,0,0,0,Rp0,3,0,0.00%,0,0.00%,0.00%,2,0,0.00%,0,0.00%,0.00%
YUKIDO Adaptor Kepala Bor 10mm Chuck SDS Plus Kunci untuk Bor 1.5-10mm Peofessional Drill Chuck,1729733539590866429,GMV & produk terjual = 0,Aktif,Rp0,Rp0,Rp0,Rp0,Rp0,Rp0,Rp0,Rp0,Rp0,Rp0,Rp0,Rp0,Rp0,Rp0,Rp0,0,0,0,0,Rp0,600,28,4.67%,0,0.00%,0.00%,425,20,4.71%,0,0.00%,0.00%,Rp0,Rp0,Rp0,Rp0,Rp0,0,0,312,11,9,0,3.53%,0.00%,Rp0,0,Rp0,Rp0,Rp0,0,0,0,0,0,0,0,0,Rp0,0,0,0,0.00%,0,0.00%,0.00%,0,0,0.00%,0,0.00%,0.00%,Rp0,Rp0,Rp0,0,0,0,0,0,0,0,0,Rp0,0,424,22,5.19%,0,0.00%,0.00%,267,16,5.99%,0,0.00%,0.00%,Rp0,Rp0,Rp0,Rp0,Rp0,Rp0,Rp0,0,0,0,0,Rp0,0,0,0,3,0,0.00%,0,0.00%,0.00%,3,0,0.00%,0,0.00%,0.00%,0,0,0.00%,0,0.00%,0.00%,0,0,0.00%,0,0.00%,0.00%,3,0,0.00%,0,0.00%,0.00%,3,0,0.00%,0,0.00%,0.00%,Rp0,Rp0,Rp0,0,0,0,0,0,0,0,0,Rp0,173,6,3.47%,0,0.00%,0.00%,159,4,2.52%,0,0.00%,0.00%
MESIN LAS RSK MATAKU Trafo Las MMA 120A 450 Watt Welding Machine Mesin Las inverter 450w Lengkap,1729806870004598269,GMV & produk terjual = 0,Aktif,Rp0,Rp0,Rp0,Rp0,Rp0,Rp0,Rp0,Rp0,Rp0,Rp0,Rp0,Rp0,Rp0,Rp0,Rp0,0,0,0,0,Rp0,28,0,0.00%,0,0.00%,0.00%,10,0,0.00%,0,0.00%,0.00%,Rp0,Rp0,Rp0,Rp0,Rp0,0,0,17,0,0,0,0.00%,0.00%,Rp0,0,Rp0,Rp0,Rp0,0,0,0,0,0,0,0,0,Rp0,0,0,0,0.00%,0,0.00%,0.00%,0,0,0.00%,0,0.00%,0.00%,Rp0,Rp0,Rp0,0,0,0,0,0,0,0,0,Rp0,0,0,0,0.00%,0,0.00%,0.00%,0,0,0.00%,0,0.00%,0.00%,Rp0,Rp0,Rp0,Rp0,Rp0,Rp0,Rp0,0,0,0,0,Rp0,0,0,0,0,0,0.00%,0,0.00%,0.00%,0,0,0.00%,0,0.00%,0.00%,0,0,0.00%,0,0.00%,0.00%,0,0,0.00%,0,0.00%,0.00%,0,0,0.00%,0,0.00%,0.00%,0,0,0.00%,0,0.00%,0.00%,Rp0,Rp0,Rp0,0,0,0,0,0,0,0,0,Rp0,28,0,0.00%,0,0.00%,0.00%,10,0,0.00%,0,0.00%,0.00%
OBENG KETOK RUSH FREE MATA OEBENG KETOK YUKIDO SIZE 80mm MATA OBENG KETOK S2 Alloy Steel,1730231225387812349,GMV & produk terjual = 0,Aktif,Rp0,Rp0,Rp0,Rp0,Rp0,Rp0,Rp0,Rp0,Rp0,Rp0,Rp0,Rp0,Rp0,Rp0,Rp0,0,0,0,0,Rp0,29,0,0.00%,0,0.00%,0.00%,18,0,0.00%,0,0.00%,0.00%,Rp0,Rp0,Rp0,Rp0,Rp0,0,0,18,0,0,0,0.00%,0.00%,Rp0,0,Rp0,Rp0,Rp0,0,0,0,0,0,0,0,0,Rp0,0,0,0,0.00%,0,0.00%,0.00%,0,0,0.00%,0,0.00%,0.00%,Rp0,Rp0,Rp0,0,0,0,0,0,0,0,0,Rp0,0,0,0,0.00%,0,0.00%,0.00%,0,0,0.00%,0,0.00%,0.00%,Rp0,Rp0,Rp0,Rp0,Rp0,Rp0,Rp0,0,0,0,0,Rp0,0,0,0,8,0,0.00%,0,0.00%,0.00%,5,0,0.00%,0,0.00%,0.00%,0,0,0.00%,0,0.00%,0.00%,0,0,0.00%,0,0.00%,0.00%,7,0,0.00%,0,0.00%,0.00%,4,0,0.00%,0,0.00%,0.00%,Rp0,Rp0,Rp0,0,0,0,0,0,0,0,0,Rp0,21,0,0.00%,0,0.00%,0.00%,13,0,0.00%,0,0.00%,0.00%
YUKIDO Basic 10L Kompresor Silent Oilles 1 HP Mesin Silent Compressor Tanpa Oli  Oilless Garansi Seumur Hidup,1729860403421678077,GMV & produk terjual = 0,Aktif,Rp0,Rp0,Rp0,Rp0,Rp0,Rp0,Rp0,Rp0,Rp0,Rp0,Rp0,Rp0,Rp0,Rp0,Rp0,0,0,0,0,Rp0,15899,283,1.78%,5,1.77%,0.00%,10606,242,2.28%,5,2.07%,0.00%,Rp0,Rp0,Rp0,Rp0,Rp0,0,0,970,21,20,0,2.16%,0.00%,Rp0,0,Rp0,Rp0,Rp0,0,0,0,0,0,0,0,0,Rp0,8,107,0,0.00%,0,0.00%,0.00%,105,0,0.00%,0,0.00%,0.00%,Rp0,Rp0,Rp0,0,0,0,0,0,0,0,0,Rp0,0,0,0,0.00%,0,0.00%,0.00%,0,0,0.00%,0,0.00%,0.00%,Rp0,Rp0,Rp0,Rp0,Rp0,Rp0,Rp0,0,0,0,0,Rp0,6,5,4,14033,222,1.58%,4,1.80%,0.00%,9015,193,2.14%,4,2.07%,0.00%,12401,56,0.45%,1,1.79%,0.00%,7647,48,0.63%,1,2.08%,0.00%,1585,166,10.47%,1,0.60%,0.00%,1349,145,10.75%,1,0.69%,0.00%,Rp0,Rp0,Rp0,0,0,0,0,0,0,0,0,Rp0,1758,61,3.47%,1,1.64%,0.00%,1435,48,3.34%,1,2.08%,0.00%
Isi Ulang Lem Tembak Ukuran 7mmx20cm Refil Glue Gun Stick Hot Melt Lilin Bening Cair Panjang20cm 10W,1734165908383827453,GMV & produk terjual = 0,Aktif,Rp0,Rp0,Rp0,Rp0,Rp0,Rp0,Rp0,Rp0,Rp0,Rp0,Rp0,Rp0,Rp0,Rp0,Rp0,0,0,0,0,Rp0,80,0,0.00%,0,0.00%,0.00%,76,0,0.00%,0,0.00%,0.00%,Rp0,Rp0,Rp0,Rp0,Rp0,0,0,52,0,0,0,0.00%,0.00%,Rp0,0,Rp0,Rp0,Rp0,0,0,0,0,0,0,0,0,Rp0,0,0,0,0.00%,0,0.00%,0.00%,0,0,0.00%,0,0.00%,0.00%,Rp0,Rp0,Rp0,0,0,0,0,0,0,0,0,Rp0,0,0,0,0.00%,0,0.00%,0.00%,0,0,0.00%,0,0.00%,0.00%,Rp0,Rp0,Rp0,Rp0,Rp0,Rp0,Rp0,0,0,0,0,Rp0,0,0,0,0,0,0.00%,0,0.00%,0.00%,0,0,0.00%,0,0.00%,0.00%,0,0,0.00%,0,0.00%,0.00%,0,0,0.00%,0,0.00%,0.00%,0,0,0.00%,0,0.00%,0.00%,0,0,0.00%,0,0.00%,0.00%,Rp0,Rp0,Rp0,0,0,0,0,0,0,0,0,Rp0,80,0,0.00%,0,0.00%,0.00%,76,0,0.00%,0,0.00%,0.00%
Kunci Sock Set 10 pcs 1/2 inch 6PT 12PT (8-24 mm) Box Besi // Kunci Sok / Hand Socket Set YUKIDO Japan Industrial Standar,1732147134391092733,GMV & produk terjual = 0,Aktif,Rp0,Rp0,Rp0,Rp0,Rp0,Rp0,Rp0,Rp0,Rp0,Rp0,Rp0,Rp0,Rp0,Rp0,Rp0,0,0,0,0,Rp0,1276,47,3.68%,0,0.00%,0.00%,1173,41,3.50%,0,0.00%,0.00%,Rp0,Rp0,Rp0,Rp0,Rp0,0,0,544,6,6,0,1.10%,0.00%,Rp0,0,Rp0,Rp0,Rp0,0,0,0,0,0,0,0,0,Rp0,1,31,0,0.00%,0,0.00%,0.00%,28,0,0.00%,0,0.00%,0.00%,Rp0,Rp0,Rp0,0,0,0,0,0,0,0,0,Rp0,1,322,26,8.07%,0,0.00%,0.00%,281,24,8.54%,0,0.00%,0.00%,Rp0,Rp0,Rp0,Rp0,Rp0,Rp0,Rp0,0,0,0,0,Rp0,0,0,0,118,5,4.24%,0,0.00%,0.00%,114,4,3.51%,0,0.00%,0.00%,0,0,0.00%,0,0.00%,0.00%,0,0,0.00%,0,0.00%,0.00%,90,5,5.56%,0,0.00%,0.00%,88,4,4.55%,0,0.00%,0.00%,Rp0,Rp0,Rp0,0,0,0,0,0,0,0,0,Rp0,805,16,1.99%,0,0.00%,0.00%,738,13,1.76%,0,0.00%,0.00%
PRESSOL SELANG POMPA GEMUK TANGAN - HAND GREASE GUN - STEMPET,1729688161240516093,GMV & produk terjual = 0,Aktif,Rp0,Rp0,Rp0,Rp0,Rp0,Rp0,Rp0,Rp0,Rp0,Rp0,Rp0,Rp0,Rp0,Rp0,Rp0,0,0,0,0,Rp0,754,22,2.92%,0,0.00%,0.00%,666,20,3.00%,0,0.00%,0.00%,Rp0,Rp0,Rp0,Rp0,Rp0,0,0,447,12,11,0,2.68%,0.00%,Rp0,0,Rp0,Rp0,Rp0,0,0,0,0,0,0,0,0,Rp0,0,0,0,0.00%,0,0.00%,0.00%,0,0,0.00%,0,0.00%,0.00%,Rp0,Rp0,Rp0,0,0,0,0,0,0,0,0,Rp0,0,0,0,0.00%,0,0.00%,0.00%,0,0,0.00%,0,0.00%,0.00%,Rp0,Rp0,Rp0,Rp0,Rp0,Rp0,Rp0,0,0,0,0,Rp0,1,0,1,54,3,5.56%,0,0.00%,0.00%,21,3,14.29%,0,0.00%,0.00%,0,0,0.00%,0,0.00%,0.00%,0,0,0.00%,0,0.00%,0.00%,30,3,10.00%,0,0.00%,0.00%,18,3,16.67%,0,0.00%,0.00%,Rp0,Rp0,Rp0,0,0,0,0,0,0,0,0,Rp0,700,19,2.71%,0,0.00%,0.00%,646,18,2.79%,0,0.00%,0.00%
Tekiro Air Duster Gun DG1-3 TEKIRO SEMPROTAN ANGIN 2 FUNGSI AT-AD1111 TEKIRO AIRDUSTER,1732044452447749629,GMV & produk terjual = 0,Aktif,Rp0,Rp0,Rp0,Rp0,Rp0,Rp0,Rp0,Rp0,Rp0,Rp0,Rp0,Rp0,Rp0,Rp0,Rp0,0,0,0,0,Rp0,315,7,2.22%,0,0.00%,0.00%,285,7,2.46%,0,0.00%,0.00%,Rp0,Rp0,Rp0,Rp0,Rp0,0,0,135,2,2,0,1.48%,0.00%,Rp0,0,Rp0,Rp0,Rp0,0,0,0,0,0,0,0,0,Rp0,33,71,0,0.00%,0,0.00%,0.00%,71,0,0.00%,0,0.00%,0.00%,Rp0,Rp0,Rp0,0,0,0,0,0,0,0,0,Rp0,0,0,0,0.00%,0,0.00%,0.00%,0,0,0.00%,0,0.00%,0.00%,Rp0,Rp0,Rp0,Rp0,Rp0,Rp0,Rp0,0,0,0,0,Rp0,0,0,0,56,0,0.00%,0,0.00%,0.00%,41,0,0.00%,0,0.00%,0.00%,0,0,0.00%,0,0.00%,0.00%,0,0,0.00%,0,0.00%,0.00%,55,0,0.00%,0,0.00%,0.00%,40,0,0.00%,0,0.00%,0.00%,Rp0,Rp0,Rp0,0,0,0,0,0,0,0,0,Rp0,188,7,3.72%,0,0.00%,0.00%,168,7,4.17%,0,0.00%,0.00%
YUKIDO MATA BOR SET MATA BOR KAYU BESI BETON,1729863305903507965,GMV & produk terjual = 0,Aktif,Rp0,Rp0,Rp0,Rp0,Rp0,Rp0,Rp0,Rp0,Rp0,Rp0,Rp0,Rp0,Rp0,Rp0,Rp0,0,0,0,0,Rp0,241,0,0.00%,0,0.00%,0.00%,183,0,0.00%,0,0.00%,0.00%,Rp0,Rp0,Rp0,Rp0,Rp0,0,0,109,0,0,0,0.00%,0.00%,Rp0,0,Rp0,Rp0,Rp0,0,0,0,0,0,0,0,0,Rp0,0,0,0,0.00%,0,0.00%,0.00%,0,0,0.00%,0,0.00%,0.00%,Rp0,Rp0,Rp0,0,0,0,0,0,0,0,0,Rp0,0,0,0,0.00%,0,0.00%,0.00%,0,0,0.00%,0,0.00%,0.00%,Rp0,Rp0,Rp0,Rp0,Rp0,Rp0,Rp0,0,0,0,0,Rp0,0,0,0,6,0,0.00%,0,0.00%,0.00%,5,0,0.00%,0,0.00%,0.00%,0,0,0.00%,0,0.00%,0.00%,0,0,0.00%,0,0.00%,0.00%,0,0,0.00%,0,0.00%,0.00%,0,0,0.00%,0,0.00%,0.00%,Rp0,Rp0,Rp0,0,0,0,0,0,0,0,0,Rp0,235,0,0.00%,0,0.00%,0.00%,176,0,0.00%,0,0.00%,0.00%
Willmer Gembok Gerbang Gembok Logam Rumah Kotak Besar Hulk 94 mm 5 Kunci Aman Anti Maling,1729903448252254717,GMV & produk terjual = 0,Aktif,Rp0,Rp0,Rp0,Rp0,Rp0,Rp0,Rp0,Rp0,Rp0,Rp0,Rp0,Rp0,Rp0,Rp0,Rp0,0,0,0,0,Rp0,693,10,1.44%,1,10.00%,0.00%,619,9,1.45%,1,11.11%,0.00%,Rp0,Rp0,Rp0,Rp0,Rp0,0,0,401,8,7,0,2.00%,0.00%,Rp0,0,Rp0,Rp0,Rp0,0,0,0,0,0,0,0,0,Rp0,0,0,0,0.00%,0,0.00%,0.00%,0,0,0.00%,0,0.00%,0.00%,Rp0,Rp0,Rp0,0,0,0,0,0,0,0,0,Rp0,0,87,0,0.00%,0,0.00%,0.00%,81,0,0.00%,0,0.00%,0.00%,Rp0,Rp0,Rp0,Rp0,Rp0,Rp0,Rp0,0,0,0,0,Rp0,2,2,0,110,1,0.91%,0,0.00%,0.00%,103,1,0.97%,0,0.00%,0.00%,3,0,0.00%,0,0.00%,0.00%,2,0,0.00%,0,0.00%,0.00%,103,1,0.97%,0,0.00%,0.00%,97,1,1.03%,0,0.00%,0.00%,Rp0,Rp0,Rp0,0,0,0,0,0,0,0,0,Rp0,496,9,1.81%,1,11.11%,0.00%,442,8,1.81%,1,12.50%,0.00%
"Paku Refill Stamset Gun Paku Tembak Beton ukuran 7.3mm 100 pcs PAKU TEMBAK BETON, PAKU BAJA Fastening gun",1729645978928514557,GMV & produk terjual = 0,Aktif,Rp0,Rp0,Rp0,Rp0,Rp0,Rp0,Rp0,Rp0,Rp0,Rp0,Rp0,Rp0,Rp0,Rp0,Rp0,0,0,0,0,Rp0,10,0,0.00%,0,0.00%,0.00%,5,0,0.00%,0,0.00%,0.00%,Rp0,Rp0,Rp0,Rp0,Rp0,0,0,9,0,0,0,0.00%,0.00%,Rp0,0,Rp0,Rp0,Rp0,0,0,0,0,0,0,0,0,Rp0,0,0,0,0.00%,0,0.00%,0.00%,0,0,0.00%,0,0.00%,0.00%,Rp0,Rp0,Rp0,0,0,0,0,0,0,0,0,Rp0,0,0,0,0.00%,0,0.00%,0.00%,0,0,0.00%,0,0.00%,0.00%,Rp0,Rp0,Rp0,Rp0,Rp0,Rp0,Rp0,0,0,0,0,Rp0,0,0,0,0,0,0.00%,0,0.00%,0.00%,0,0,0.00%,0,0.00%,0.00%,0,0,0.00%,0,0.00%,0.00%,0,0,0.00%,0,0.00%,0.00%,0,0,0.00%,0,0.00%,0.00%,0,0,0.00%,0,0.00%,0.00%,Rp0,Rp0,Rp0,0,0,0,0,0,0,0,0,Rp0,10,0,0.00%,0,0.00%,0.00%,5,0,0.00%,0,0.00%,0.00%
Kairos Mesin Gerinda 400 w Tangan 4 inch Mesin Gerinda Listrik Kualitas Tinggi Angle Grinder Untuk Potong Poles,1733364486229755389,GMV & produk terjual = 0,Aktif,Rp0,Rp0,Rp0,Rp0,Rp0,Rp0,Rp0,Rp0,Rp0,Rp0,Rp0,Rp0,Rp0,Rp0,Rp0,0,0,0,0,Rp0,137,5,3.65%,0,0.00%,0.00%,99,5,5.05%,0,0.00%,0.00%,Rp0,Rp0,Rp0,Rp0,Rp0,0,0,72,2,2,0,2.78%,0.00%,Rp0,0,Rp0,Rp0,Rp0,0,0,0,0,0,0,0,0,Rp0,0,0,0,0.00%,0,0.00%,0.00%,0,0,0.00%,0,0.00%,0.00%,Rp0,Rp0,Rp0,0,0,0,0,0,0,0,0,Rp0,0,0,0,0.00%,0,0.00%,0.00%,0,0,0.00%,0,0.00%,0.00%,Rp0,Rp0,Rp0,Rp0,Rp0,Rp0,Rp0,0,0,0,0,Rp0,0,0,0,73,4,5.48%,0,0.00%,0.00%,45,4,8.89%,0,0.00%,0.00%,0,0,0.00%,0,0.00%,0.00%,0,0,0.00%,0,0.00%,0.00%,45,3,6.67%,0,0.00%,0.00%,38,3,7.89%,0,0.00%,0.00%,Rp0,Rp0,Rp0,0,0,0,0,0,0,0,0,Rp0,64,1,1.56%,0,0.00%,0.00%,54,1,1.85%,0,0.00%,0.00%
Fisch Vacuum Vacum Cleaner Mobil Portable Penyedot Debu Mobil,1729724769923532285,GMV & produk terjual = 0,Aktif,Rp0,Rp0,Rp0,Rp0,Rp0,Rp0,Rp0,Rp0,Rp0,Rp0,Rp0,Rp0,Rp0,Rp0,Rp0,0,0,0,0,Rp0,3,0,0.00%,0,0.00%,0.00%,3,0,0.00%,0,0.00%,0.00%,Rp0,Rp0,Rp0,Rp0,Rp0,0,0,0,0,0,0,0.00%,0.00%,Rp0,0,Rp0,Rp0,Rp0,0,0,0,0,0,0,0,0,Rp0,0,0,0,0.00%,0,0.00%,0.00%,0,0,0.00%,0,0.00%,0.00%,Rp0,Rp0,Rp0,0,0,0,0,0,0,0,0,Rp0,0,0,0,0.00%,0,0.00%,0.00%,0,0,0.00%,0,0.00%,0.00%,Rp0,Rp0,Rp0,Rp0,Rp0,Rp0,Rp0,0,0,0,0,Rp0,0,0,0,0,0,0.00%,0,0.00%,0.00%,0,0,0.00%,0,0.00%,0.00%,0,0,0.00%,0,0.00%,0.00%,0,0,0.00%,0,0.00%,0.00%,0,0,0.00%,0,0.00%,0.00%,0,0,0.00%,0,0.00%,0.00%,Rp0,Rp0,Rp0,0,0,0,0,0,0,0,0,Rp0,3,0,0.00%,0,0.00%,0.00%,3,0,0.00%,0,0.00%,0.00%
Tang Jepit Buaya bengkok 10 inch 250MM 6545 kabel multifungsi,1732911625902392829,GMV & produk terjual = 0,Aktif,Rp0,Rp0,Rp0,Rp0,Rp0,Rp0,Rp0,Rp0,Rp0,Rp0,Rp0,Rp0,Rp0,Rp0,Rp0,0,0,0,0,Rp0,39,0,0.00%,0,0.00%,0.00%,31,0,0.00%,0,0.00%,0.00%,Rp0,Rp0,Rp0,Rp0,Rp0,0,0,22,0,0,0,0.00%,0.00%,Rp0,0,Rp0,Rp0,Rp0,0,0,0,0,0,0,0,0,Rp0,0,0,0,0.00%,0,0.00%,0.00%,0,0,0.00%,0,0.00%,0.00%,Rp0,Rp0,Rp0,0,0,0,0,0,0,0,0,Rp0,0,0,0,0.00%,0,0.00%,0.00%,0,0,0.00%,0,0.00%,0.00%,Rp0,Rp0,Rp0,Rp0,Rp0,Rp0,Rp0,0,0,0,0,Rp0,0,0,0,2,0,0.00%,0,0.00%,0.00%,2,0,0.00%,0,0.00%,0.00%,0,0,0.00%,0,0.00%,0.00%,0,0,0.00%,0,0.00%,0.00%,0,0,0.00%,0,0.00%,0.00%,0,0,0.00%,0,0.00%,0.00%,Rp0,Rp0,Rp0,0,0,0,0,0,0,0,0,Rp0,37,0,0.00%,0,0.00%,0.00%,29,0,0.00%,0,0.00%,0.00%
Yukido Kunci Socket Wrench Set 1/4 DR 46pcs Sock Set,1729881229577718269,GMV & produk terjual = 0,Aktif,Rp0,Rp0,Rp0,Rp0,Rp0,Rp0,Rp0,Rp0,Rp0,Rp0,Rp0,Rp0,Rp0,Rp0,Rp0,0,0,0,0,Rp0,27,2,7.41%,0,0.00%,0.00%,24,2,8.33%,0,0.00%,0.00%,Rp0,Rp0,Rp0,Rp0,Rp0,0,0,17,2,2,0,11.76%,0.00%,Rp0,0,Rp0,Rp0,Rp0,0,0,0,0,0,0,0,0,Rp0,0,0,0,0.00%,0,0.00%,0.00%,0,0,0.00%,0,0.00%,0.00%,Rp0,Rp0,Rp0,0,0,0,0,0,0,0,0,Rp0,0,0,0,0.00%,0,0.00%,0.00%,0,0,0.00%,0,0.00%,0.00%,Rp0,Rp0,Rp0,Rp0,Rp0,Rp0,Rp0,0,0,0,0,Rp0,0,0,0,2,0,0.00%,0,0.00%,0.00%,1,0,0.00%,0,0.00%,0.00%,0,0,0.00%,0,0.00%,0.00%,0,0,0.00%,0,0.00%,0.00%,0,0,0.00%,0,0.00%,0.00%,0,0,0.00%,0,0.00%,0.00%,Rp0,Rp0,Rp0,0,0,0,0,0,0,0,0,Rp0,25,2,8.00%,0,0.00%,0.00%,23,2,8.70%,0,0.00%,0.00%
PAKET HEMAT || Mesin Bor 13mm dan Gerinda 4 Inch Mikayo Japan Technology Electric Drill dan Angle Grinder Mesin Selepan Listrik,1730166700562220541,GMV & produk terjual = 0,Aktif,Rp0,Rp0,Rp0,Rp0,Rp0,Rp0,Rp0,Rp0,Rp0,Rp0,Rp0,Rp0,Rp0,Rp0,Rp0,0,0,0,0,Rp0,34,1,2.94%,0,0.00%,0.00%,32,1,3.13%,0,0.00%,0.00%,Rp0,Rp0,Rp0,Rp0,Rp0,0,0,27,1,1,0,3.70%,0.00%,Rp0,0,Rp0,Rp0,Rp0,0,0,0,0,0,0,0,0,Rp0,0,0,0,0.00%,0,0.00%,0.00%,0,0,0.00%,0,0.00%,0.00%,Rp0,Rp0,Rp0,0,0,0,0,0,0,0,0,Rp0,0,0,0,0.00%,0,0.00%,0.00%,0,0,0.00%,0,0.00%,0.00%,Rp0,Rp0,Rp0,Rp0,Rp0,Rp0,Rp0,0,0,0,0,Rp0,0,0,0,19,1,5.26%,0,0.00%,0.00%,17,1,5.88%,0,0.00%,0.00%,0,0,0.00%,0,0.00%,0.00%,0,0,0.00%,0,0.00%,0.00%,19,1,5.26%,0,0.00%,0.00%,17,1,5.88%,0,0.00%,0.00%,Rp0,Rp0,Rp0,0,0,0,0,0,0,0,0,Rp0,15,0,0.00%,0,0.00%,0.00%,15,0,0.00%,0,0.00%,0.00%
Mesin Bor Listrik 13MM Mikayo Bonus Mata Bor RH435-13 dengan Kecepatan Variabel dan Bolak Balik,1730198763682301437,GMV & produk terjual = 0,Aktif,Rp0,Rp0,Rp0,Rp0,Rp0,Rp0,Rp0,Rp0,Rp0,Rp0,Rp0,Rp0,Rp0,Rp0,Rp0,0,0,0,0,Rp0,17,0,0.00%,0,0.00%,0.00%,14,0,0.00%,0,0.00%,0.00%,Rp0,Rp0,Rp0,Rp0,Rp0,0,0,13,0,0,0,0.00%,0.00%,Rp0,0,Rp0,Rp0,Rp0,0,0,0,0,0,0,0,0,Rp0,0,0,0,0.00%,0,0.00%,0.00%,0,0,0.00%,0,0.00%,0.00%,Rp0,Rp0,Rp0,0,0,0,0,0,0,0,0,Rp0,0,0,0,0.00%,0,0.00%,0.00%,0,0,0.00%,0,0.00%,0.00%,Rp0,Rp0,Rp0,Rp0,Rp0,Rp0,Rp0,0,0,0,0,Rp0,0,0,0,1,0,0.00%,0,0.00%,0.00%,1,0,0.00%,0,0.00%,0.00%,0,0,0.00%,0,0.00%,0.00%,0,0,0.00%,0,0.00%,0.00%,0,0,0.00%,0,0.00%,0.00%,0,0,0.00%,0,0.00%,0.00%,Rp0,Rp0,Rp0,0,0,0,0,0,0,0,0,Rp0,16,0,0.00%,0,0.00%,0.00%,13,0,0.00%,0,0.00%,0.00%
MESIN SERUT /PLANER/KETAM /SUGU /PASAH KAYU MODEL HARGA TERMURAH,1730231282105615869,GMV & produk terjual = 0,Aktif,Rp0,Rp0,Rp0,Rp0,Rp0,Rp0,Rp0,Rp0,Rp0,Rp0,Rp0,Rp0,Rp0,Rp0,Rp0,0,0,0,0,Rp0,9342,396,4.24%,5,1.26%,0.00%,7865,339,4.31%,5,1.47%,0.00%,Rp0,Rp0,Rp0,Rp0,Rp0,0,0,3707,177,149,0,4.77%,0.00%,Rp0,0,Rp0,Rp0,Rp0,0,0,0,0,0,0,0,0,Rp0,15,355,6,1.69%,0,0.00%,0.00%,331,4,1.21%,0,0.00%,0.00%,Rp0,Rp0,Rp0,0,0,0,0,0,0,0,0,Rp0,1,976,59,6.05%,0,0.00%,0.00%,873,56,6.41%,0,0.00%,0.00%,Rp0,Rp0,Rp0,Rp0,Rp0,Rp0,Rp0,0,0,0,0,Rp0,12,9,6,3260,120,3.68%,0,0.00%,0.00%,2753,96,3.49%,0,0.00%,0.00%,2538,87,3.43%,0,0.00%,0.00%,2171,67,3.09%,0,0.00%,0.00%,648,31,4.78%,0,0.00%,0.00%,549,28,5.10%,0,0.00%,0.00%,Rp0,Rp0,Rp0,0,0,0,0,0,0,0,0,Rp0,4751,211,4.44%,5,2.37%,0.00%,3936,182,4.62%,5,2.75%,0.00%
YUKIDO Tracker Magnet Puller No.3 Treker Pembuka Magnet Motor #3 Kharisma NSR Tiger Ninja Satria Thunder 125 RX Blade,1730340280280188413,GMV & produk terjual = 0,Aktif,Rp0,Rp0,Rp0,Rp0,Rp0,Rp0,Rp0,Rp0,Rp0,Rp0,Rp0,Rp0,Rp0,Rp0,Rp0,0,0,0,0,Rp0,344,7,2.03%,1,14.29%,0.00%,313,6,1.92%,1,16.67%,0.00%,Rp0,Rp0,Rp0,Rp0,Rp0,0,0,246,6,5,0,2.44%,0.00%,Rp0,0,Rp0,Rp0,Rp0,0,0,0,0,0,0,0,0,Rp0,0,0,0,0.00%,0,0.00%,0.00%,0,0,0.00%,0,0.00%,0.00%,Rp0,Rp0,Rp0,0,0,0,0,0,0,0,0,Rp0,0,0,0,0.00%,0,0.00%,0.00%,0,0,0.00%,0,0.00%,0.00%,Rp0,Rp0,Rp0,Rp0,Rp0,Rp0,Rp0,0,0,0,0,Rp0,0,0,0,0,0,0.00%,0,0.00%,0.00%,0,0,0.00%,0,0.00%,0.00%,0,0,0.00%,0,0.00%,0.00%,0,0,0.00%,0,0.00%,0.00%,0,0,0.00%,0,0.00%,0.00%,0,0,0.00%,0,0.00%,0.00%,Rp0,Rp0,Rp0,0,0,0,0,0,0,0,0,Rp0,344,7,2.03%,1,14.29%,0.00%,313,6,1.92%,1,16.67%,0.00%
Pelindung Telinga Ear Muff RF-013,1733134988984616445,GMV & produk terjual = 0,Aktif,Rp0,Rp0,Rp0,Rp0,Rp0,Rp0,Rp0,Rp0,Rp0,Rp0,Rp0,Rp0,Rp0,Rp0,Rp0,0,0,0,0,Rp0,114,2,1.75%,0,0.00%,0.00%,104,2,1.92%,0,0.00%,0.00%,Rp0,Rp0,Rp0,Rp0,Rp0,0,0,56,2,2,0,3.57%,0.00%,Rp0,0,Rp0,Rp0,Rp0,0,0,0,0,0,0,0,0,Rp0,0,0,0,0.00%,0,0.00%,0.00%,0,0,0.00%,0,0.00%,0.00%,Rp0,Rp0,Rp0,0,0,0,0,0,0,0,0,Rp0,0,0,0,0.00%,0,0.00%,0.00%,0,0,0.00%,0,0.00%,0.00%,Rp0,Rp0,Rp0,Rp0,Rp0,Rp0,Rp0,0,0,0,0,Rp0,0,0,0,0,0,0.00%,0,0.00%,0.00%,0,0,0.00%,0,0.00%,0.00%,0,0,0.00%,0,0.00%,0.00%,0,0,0.00%,0,0.00%,0.00%,0,0,0.00%,0,0.00%,0.00%,0,0,0.00%,0,0.00%,0.00%,Rp0,Rp0,Rp0,0,0,0,0,0,0,0,0,Rp0,114,2,1.75%,0,0.00%,0.00%,104,2,1.92%,0,0.00%,0.00%
Kunci Ring Pas Set 8pcs Lengkap Kunci Pas Ring Set Kunci Kombinasi Spanner Wrench 8-17MM,1733532665244190205,GMV & produk terjual = 0,Aktif,Rp0,Rp0,Rp0,Rp0,Rp0,Rp0,Rp0,Rp0,Rp0,Rp0,Rp0,Rp0,Rp0,Rp0,Rp0,0,0,0,0,Rp0,5,0,0.00%,0,0.00%,0.00%,5,0,0.00%,0,0.00%,0.00%,Rp0,Rp0,Rp0,Rp0,Rp0,0,0,3,0,0,0,0.00%,0.00%,Rp0,0,Rp0,Rp0,Rp0,0,0,0,0,0,0,0,0,Rp0,0,0,0,0.00%,0,0.00%,0.00%,0,0,0.00%,0,0.00%,0.00%,Rp0,Rp0,Rp0,0,0,0,0,0,0,0,0,Rp0,0,0,0,0.00%,0,0.00%,0.00%,0,0,0.00%,0,0.00%,0.00%,Rp0,Rp0,Rp0,Rp0,Rp0,Rp0,Rp0,0,0,0,0,Rp0,0,0,0,0,0,0.00%,0,0.00%,0.00%,0,0,0.00%,0,0.00%,0.00%,0,0,0.00%,0,0.00%,0.00%,0,0,0.00%,0,0.00%,0.00%,0,0,0.00%,0,0.00%,0.00%,0,0,0.00%,0,0.00%,0.00%,Rp0,Rp0,Rp0,0,0,0,0,0,0,0,0,Rp0,5,0,0.00%,0,0.00%,0.00%,5,0,0.00%,0,0.00%,0.00%
120A 400W NEW MESIN LAS 400 WATT REDFOX MMA - 120 AMPERE TRAVO LAS INVERTER FULLSET BONUS TOPI,1730193444558702077,GMV & produk terjual = 0,Aktif,Rp0,Rp0,Rp0,Rp0,Rp0,Rp0,Rp0,Rp0,Rp0,Rp0,Rp0,Rp0,Rp0,Rp0,Rp0,0,0,0,0,Rp0,22,0,0.00%,0,0.00%,0.00%,2,0,0.00%,0,0.00%,0.00%,Rp0,Rp0,Rp0,Rp0,Rp0,0,0,19,0,0,0,0.00%,0.00%,Rp0,0,Rp0,Rp0,Rp0,0,0,0,0,0,0,0,0,Rp0,0,0,0,0.00%,0,0.00%,0.00%,0,0,0.00%,0,0.00%,0.00%,Rp0,Rp0,Rp0,0,0,0,0,0,0,0,0,Rp0,0,0,0,0.00%,0,0.00%,0.00%,0,0,0.00%,0,0.00%,0.00%,Rp0,Rp0,Rp0,Rp0,Rp0,Rp0,Rp0,0,0,0,0,Rp0,0,0,0,0,0,0.00%,0,0.00%,0.00%,0,0,0.00%,0,0.00%,0.00%,0,0,0.00%,0,0.00%,0.00%,0,0,0.00%,0,0.00%,0.00%,0,0,0.00%,0,0.00%,0.00%,0,0,0.00%,0,0.00%,0.00%,Rp0,Rp0,Rp0,0,0,0,0,0,0,0,0,Rp0,22,0,0.00%,0,0.00%,0.00%,2,0,0.00%,0,0.00%,0.00%
Isi Ulang Lem Tembak Ukuran 7mmx20cm Refil Glue Gun Stick Hot Melt Lilin Bening Cair Panjang20cm 10W,1734165909094368765,GMV & produk terjual = 0,Aktif,Rp0,Rp0,Rp0,Rp0,Rp0,Rp0,Rp0,Rp0,Rp0,Rp0,Rp0,Rp0,Rp0,Rp0,Rp0,0,0,0,0,Rp0,198,1,0.51%,0,0.00%,0.00%,182,1,0.55%,0,0.00%,0.00%,Rp0,Rp0,Rp0,Rp0,Rp0,0,0,126,1,1,0,0.79%,0.00%,Rp0,0,Rp0,Rp0,Rp0,0,0,0,0,0,0,0,0,Rp0,0,0,0,0.00%,0,0.00%,0.00%,0,0,0.00%,0,0.00%,0.00%,Rp0,Rp0,Rp0,0,0,0,0,0,0,0,0,Rp0,0,0,0,0.00%,0,0.00%,0.00%,0,0,0.00%,0,0.00%,0.00%,Rp0,Rp0,Rp0,Rp0,Rp0,Rp0,Rp0,0,0,0,0,Rp0,0,0,0,0,0,0.00%,0,0.00%,0.00%,0,0,0.00%,0,0.00%,0.00%,0,0,0.00%,0,0.00%,0.00%,0,0,0.00%,0,0.00%,0.00%,0,0,0.00%,0,0.00%,0.00%,0,0,0.00%,0,0.00%,0.00%,Rp0,Rp0,Rp0,0,0,0,0,0,0,0,0,Rp0,198,1,0.51%,0,0.00%,0.00%,182,1,0.55%,0,0.00%,0.00%
"Roda Heavy Duty PU Rem 5 Inch 5"" Roda Kastor Caster Etelase Gerobak Trolley Troli",1729461139051480573,GMV & produk terjual = 0,Aktif,Rp0,Rp0,Rp0,Rp0,Rp0,Rp0,Rp0,Rp0,Rp0,Rp0,Rp0,Rp0,Rp0,Rp0,Rp0,0,0,0,0,Rp0,5,0,0.00%,0,0.00%,0.00%,3,0,0.00%,0,0.00%,0.00%,Rp0,Rp0,Rp0,Rp0,Rp0,0,0,4,0,0,0,0.00%,0.00%,Rp0,0,Rp0,Rp0,Rp0,0,0,0,0,0,0,0,0,Rp0,0,0,0,0.00%,0,0.00%,0.00%,0,0,0.00%,0,0.00%,0.00%,Rp0,Rp0,Rp0,0,0,0,0,0,0,0,0,Rp0,0,0,0,0.00%,0,0.00%,0.00%,0,0,0.00%,0,0.00%,0.00%,Rp0,Rp0,Rp0,Rp0,Rp0,Rp0,Rp0,0,0,0,0,Rp0,0,0,0,0,0,0.00%,0,0.00%,0.00%,0,0,0.00%,0,0.00%,0.00%,0,0,0.00%,0,0.00%,0.00%,0,0,0.00%,0,0.00%,0.00%,0,0,0.00%,0,0.00%,0.00%,0,0,0.00%,0,0.00%,0.00%,Rp0,Rp0,Rp0,0,0,0,0,0,0,0,0,Rp0,5,0,0.00%,0,0.00%,0.00%,3,0,0.00%,0,0.00%,0.00%
WELHOME Kompor Gas Griller panggangan / bakaran sosis / ayam /sate /ikan 65cm 50cm plat stainless paket regulator,1732653702882821629,GMV & produk terjual = 0,Nonaktif,Rp0,Rp0,Rp0,Rp0,Rp0,Rp0,Rp0,Rp0,Rp0,Rp0,Rp0,Rp0,Rp0,Rp0,Rp0,0,0,0,0,Rp0,18,2,11.11%,0,0.00%,0.00%,13,2,15.38%,0,0.00%,0.00%,Rp0,Rp0,Rp0,Rp0,Rp0,0,0,1,0,0,0,0.00%,0.00%,Rp0,0,Rp0,Rp0,Rp0,0,0,0,0,0,0,0,0,Rp0,0,0,0,0.00%,0,0.00%,0.00%,0,0,0.00%,0,0.00%,0.00%,Rp0,Rp0,Rp0,0,0,0,0,0,0,0,0,Rp0,0,0,0,0.00%,0,0.00%,0.00%,0,0,0.00%,0,0.00%,0.00%,Rp0,Rp0,Rp0,Rp0,Rp0,Rp0,Rp0,0,0,0,0,Rp0,0,0,0,11,2,18.18%,0,0.00%,0.00%,7,2,28.57%,0,0.00%,0.00%,0,0,0.00%,0,0.00%,0.00%,0,0,0.00%,0,0.00%,0.00%,11,2,18.18%,0,0.00%,0.00%,7,2,28.57%,0,0.00%,0.00%,Rp0,Rp0,Rp0,0,0,0,0,0,0,0,0,Rp0,7,0,0.00%,0,0.00%,0.00%,6,0,0.00%,0,0.00%,0.00%
YUKIDO TERMURAH PAKET 6 ITEM TUKANG CAT / BENGKEL MOTOR MOBIL KOMPRESSOR LISTRIK SPRAY GUN,1729569537536198141,GMV & produk terjual = 0,Aktif,Rp0,Rp0,Rp0,Rp0,Rp0,Rp0,Rp0,Rp0,Rp0,Rp0,Rp0,Rp0,Rp0,Rp0,Rp0,0,0,0,0,Rp0,4,0,0.00%,0,0.00%,0.00%,2,0,0.00%,0,0.00%,0.00%,Rp0,Rp0,Rp0,Rp0,Rp0,0,0,4,0,0,0,0.00%,0.00%,Rp0,0,Rp0,Rp0,Rp0,0,0,0,0,0,0,0,0,Rp0,0,0,0,0.00%,0,0.00%,0.00%,0,0,0.00%,0,0.00%,0.00%,Rp0,Rp0,Rp0,0,0,0,0,0,0,0,0,Rp0,0,0,0,0.00%,0,0.00%,0.00%,0,0,0.00%,0,0.00%,0.00%,Rp0,Rp0,Rp0,Rp0,Rp0,Rp0,Rp0,0,0,0,0,Rp0,0,0,0,0,0,0.00%,0,0.00%,0.00%,0,0,0.00%,0,0.00%,0.00%,0,0,0.00%,0,0.00%,0.00%,0,0,0.00%,0,0.00%,0.00%,0,0,0.00%,0,0.00%,0.00%,0,0,0.00%,0,0.00%,0.00%,Rp0,Rp0,Rp0,0,0,0,0,0,0,0,0,Rp0,4,0,0.00%,0,0.00%,0.00%,2,0,0.00%,0,0.00%,0.00%
YUKIDO  MATA OBENG MAGNET SCREW DRIVER BIT SET 10PCS,1729641301560756733,GMV & produk terjual = 0,Aktif,Rp0,Rp0,Rp0,Rp0,Rp0,Rp0,Rp0,Rp0,Rp0,Rp0,Rp0,Rp0,Rp0,Rp0,Rp0,0,0,0,0,Rp0,1,0,0.00%,0,0.00%,0.00%,1,0,0.00%,0,0.00%,0.00%,Rp0,Rp0,Rp0,Rp0,Rp0,0,0,0,0,0,0,0.00%,0.00%,Rp0,0,Rp0,Rp0,Rp0,0,0,0,0,0,0,0,0,Rp0,0,0,0,0.00%,0,0.00%,0.00%,0,0,0.00%,0,0.00%,0.00%,Rp0,Rp0,Rp0,0,0,0,0,0,0,0,0,Rp0,0,0,0,0.00%,0,0.00%,0.00%,0,0,0.00%,0,0.00%,0.00%,Rp0,Rp0,Rp0,Rp0,Rp0,Rp0,Rp0,0,0,0,0,Rp0,0,0,0,0,0,0.00%,0,0.00%,0.00%,0,0,0.00%,0,0.00%,0.00%,0,0,0.00%,0,0.00%,0.00%,0,0,0.00%,0,0.00%,0.00%,0,0,0.00%,0,0.00%,0.00%,0,0,0.00%,0,0.00%,0.00%,Rp0,Rp0,Rp0,0,0,0,0,0,0,0,0,Rp0,1,0,0.00%,0,0.00%,0.00%,1,0,0.00%,0,0.00%,0.00%
Jet Cleaner Mesin Cuci Steam Mobil dan Motor Fujiyama FUJIYAMA MESIN JET CLEANER *FJC9101,1733533270034777597,GMV & produk terjual = 0,Aktif,Rp0,Rp0,Rp0,Rp0,Rp0,Rp0,Rp0,Rp0,Rp0,Rp0,Rp0,Rp0,Rp0,Rp0,Rp0,0,0,0,0,Rp0,715,28,3.92%,1,3.57%,0.00%,517,25,4.84%,1,4.00%,0.00%,Rp0,Rp0,Rp0,Rp0,Rp0,0,0,259,11,10,0,4.25%,0.00%,Rp0,0,Rp0,Rp0,Rp0,0,0,0,0,0,0,0,0,Rp0,0,0,0,0.00%,0,0.00%,0.00%,0,0,0.00%,0,0.00%,0.00%,Rp0,Rp0,Rp0,0,0,0,0,0,0,0,0,Rp0,0,461,17,3.69%,1,5.88%,0.00%,305,15,4.92%,1,6.67%,0.00%,Rp0,Rp0,Rp0,Rp0,Rp0,Rp0,Rp0,0,0,0,0,Rp0,0,0,0,7,0,0.00%,0,0.00%,0.00%,3,0,0.00%,0,0.00%,0.00%,0,0,0.00%,0,0.00%,0.00%,0,0,0.00%,0,0.00%,0.00%,0,0,0.00%,0,0.00%,0.00%,0,0,0.00%,0,0.00%,0.00%,Rp0,Rp0,Rp0,0,0,0,0,0,0,0,0,Rp0,247,11,4.45%,0,0.00%,0.00%,221,10,4.52%,0,0.00%,0.00%
Kapi Set 4 pcs Stainlees Set Iron Scraper Set Wilmer Kapi Dempul Baja Skrap Kapi Set isi 4,1730759866092127741,GMV & produk terjual = 0,Aktif,Rp0,Rp0,Rp0,Rp0,Rp0,Rp0,Rp0,Rp0,Rp0,Rp0,Rp0,Rp0,Rp0,Rp0,Rp0,0,0,0,0,Rp0,47,0,0.00%,0,0.00%,0.00%,22,0,0.00%,0,0.00%,0.00%,Rp0,Rp0,Rp0,Rp0,Rp0,0,0,30,0,0,0,0.00%,0.00%,Rp0,0,Rp0,Rp0,Rp0,0,0,0,0,0,0,0,0,Rp0,0,0,0,0.00%,0,0.00%,0.00%,0,0,0.00%,0,0.00%,0.00%,Rp0,Rp0,Rp0,0,0,0,0,0,0,0,0,Rp0,0,0,0,0.00%,0,0.00%,0.00%,0,0,0.00%,0,0.00%,0.00%,Rp0,Rp0,Rp0,Rp0,Rp0,Rp0,Rp0,0,0,0,0,Rp0,0,0,0,0,0,0.00%,0,0.00%,0.00%,0,0,0.00%,0,0.00%,0.00%,0,0,0.00%,0,0.00%,0.00%,0,0,0.00%,0,0.00%,0.00%,0,0,0.00%,0,0.00%,0.00%,0,0,0.00%,0,0.00%,0.00%,Rp0,Rp0,Rp0,0,0,0,0,0,0,0,0,Rp0,47,0,0.00%,0,0.00%,0.00%,22,0,0.00%,0,0.00%,0.00%
PAKET 5 Mesin Komplit Bor 10 mm Gerinda 4 Inch Mesin las 120A 450w Mesin Jigsaw dan Planner Sugu Serut Kayu,1730947979034658301,GMV & produk terjual = 0,Aktif,Rp0,Rp0,Rp0,Rp0,Rp0,Rp0,Rp0,Rp0,Rp0,Rp0,Rp0,Rp0,Rp0,Rp0,Rp0,0,0,0,0,Rp0,5,0,0.00%,0,0.00%,0.00%,3,0,0.00%,0,0.00%,0.00%,Rp0,Rp0,Rp0,Rp0,Rp0,0,0,4,0,0,0,0.00%,0.00%,Rp0,0,Rp0,Rp0,Rp0,0,0,0,0,0,0,0,0,Rp0,0,0,0,0.00%,0,0.00%,0.00%,0,0,0.00%,0,0.00%,0.00%,Rp0,Rp0,Rp0,0,0,0,0,0,0,0,0,Rp0,0,0,0,0.00%,0,0.00%,0.00%,0,0,0.00%,0,0.00%,0.00%,Rp0,Rp0,Rp0,Rp0,Rp0,Rp0,Rp0,0,0,0,0,Rp0,0,0,0,0,0,0.00%,0,0.00%,0.00%,0,0,0.00%,0,0.00%,0.00%,0,0,0.00%,0,0.00%,0.00%,0,0,0.00%,0,0.00%,0.00%,0,0,0.00%,0,0.00%,0.00%,0,0,0.00%,0,0.00%,0.00%,Rp0,Rp0,Rp0,0,0,0,0,0,0,0,0,Rp0,5,0,0.00%,0,0.00%,0.00%,3,0,0.00%,0,0.00%,0.00%
Welhome Kompor Portable BBQ 2 in 1 Bisa LPG Bisa Gas Kaleng SNI Garansi Resmi,1731375293832791549,GMV & produk terjual = 0,Aktif,Rp0,Rp0,Rp0,Rp0,Rp0,Rp0,Rp0,Rp0,Rp0,Rp0,Rp0,Rp0,Rp0,Rp0,Rp0,0,0,0,0,Rp0,345,17,4.93%,2,11.76%,0.00%,292,12,4.11%,1,8.33%,0.00%,Rp0,Rp0,Rp0,Rp0,Rp0,0,0,196,9,7,0,4.59%,0.00%,Rp0,0,Rp0,Rp0,Rp0,0,0,0,0,0,0,0,0,Rp0,0,0,0,0.00%,0,0.00%,0.00%,0,0,0.00%,0,0.00%,0.00%,Rp0,Rp0,Rp0,0,0,0,0,0,0,0,0,Rp0,0,92,3,3.26%,0,0.00%,0.00%,74,3,4.05%,0,0.00%,0.00%,Rp0,Rp0,Rp0,Rp0,Rp0,Rp0,Rp0,0,0,0,0,Rp0,0,0,0,77,8,10.39%,1,12.50%,0.00%,59,4,6.78%,1,25.00%,0.00%,0,0,0.00%,0,0.00%,0.00%,0,0,0.00%,0,0.00%,0.00%,73,5,6.85%,0,0.00%,0.00%,56,3,5.36%,0,0.00%,0.00%,Rp0,Rp0,Rp0,0,0,0,0,0,0,0,0,Rp0,176,6,3.41%,1,16.67%,0.00%,163,6,3.68%,1,16.67%,0.00%
MIkayo Jet Cleaner Alat Cuci Motor Mobil Mesin Cuci Mobil Mobil 36V Spayer Alat Portable Nirkabel Car,1729740126778525181,GMV & produk terjual = 0,Aktif,Rp0,Rp0,Rp0,Rp0,Rp0,Rp0,Rp0,Rp0,Rp0,Rp0,Rp0,Rp0,Rp0,Rp0,Rp0,0,0,0,0,Rp0,6,0,0.00%,0,0.00%,0.00%,6,0,0.00%,0,0.00%,0.00%,Rp0,Rp0,Rp0,Rp0,Rp0,0,0,5,0,0,0,0.00%,0.00%,Rp0,0,Rp0,Rp0,Rp0,0,0,0,0,0,0,0,0,Rp0,0,0,0,0.00%,0,0.00%,0.00%,0,0,0.00%,0,0.00%,0.00%,Rp0,Rp0,Rp0,0,0,0,0,0,0,0,0,Rp0,0,0,0,0.00%,0,0.00%,0.00%,0,0,0.00%,0,0.00%,0.00%,Rp0,Rp0,Rp0,Rp0,Rp0,Rp0,Rp0,0,0,0,0,Rp0,0,0,0,0,0,0.00%,0,0.00%,0.00%,0,0,0.00%,0,0.00%,0.00%,0,0,0.00%,0,0.00%,0.00%,0,0,0.00%,0,0.00%,0.00%,0,0,0.00%,0,0.00%,0.00%,0,0,0.00%,0,0.00%,0.00%,Rp0,Rp0,Rp0,0,0,0,0,0,0,0,0,Rp0,6,0,0.00%,0,0.00%,0.00%,6,0,0.00%,0,0.00%,0.00%
Isi Ulang Lem Tembak Ukuran 7mmx20cm Refil Glue Gun Stick Hot Melt Lilin Bening Cair Panjang20cm 10W,1734165960087995901,GMV & produk terjual = 0,Aktif,Rp0,Rp0,Rp0,Rp0,Rp0,Rp0,Rp0,Rp0,Rp0,Rp0,Rp0,Rp0,Rp0,Rp0,Rp0,0,0,0,0,Rp0,80,1,1.25%,0,0.00%,0.00%,75,1,1.33%,0,0.00%,0.00%,Rp0,Rp0,Rp0,Rp0,Rp0,0,0,54,0,0,0,0.00%,0.00%,Rp0,0,Rp0,Rp0,Rp0,0,0,0,0,0,0,0,0,Rp0,0,0,0,0.00%,0,0.00%,0.00%,0,0,0.00%,0,0.00%,0.00%,Rp0,Rp0,Rp0,0,0,0,0,0,0,0,0,Rp0,0,0,0,0.00%,0,0.00%,0.00%,0,0,0.00%,0,0.00%,0.00%,Rp0,Rp0,Rp0,Rp0,Rp0,Rp0,Rp0,0,0,0,0,Rp0,0,0,0,0,0,0.00%,0,0.00%,0.00%,0,0,0.00%,0,0.00%,0.00%,0,0,0.00%,0,0.00%,0.00%,0,0,0.00%,0,0.00%,0.00%,0,0,0.00%,0,0.00%,0.00%,0,0,0.00%,0,0.00%,0.00%,Rp0,Rp0,Rp0,0,0,0,0,0,0,0,0,Rp0,80,1,1.25%,0,0.00%,0.00%,75,1,1.33%,0,0.00%,0.00%
Yukido Jack Hammer Drill Bobok Beton Tembok Demolition Hammer PH 65 HD,1729639153741695485,GMV & produk terjual = 0,Aktif,Rp0,Rp0,Rp0,Rp0,Rp0,Rp0,Rp0,Rp0,Rp0,Rp0,Rp0,Rp0,Rp0,Rp0,Rp0,0,0,0,0,Rp0,2358,54,2.29%,0,0.00%,0.00%,1878,48,2.56%,0,0.00%,0.00%,Rp0,Rp0,Rp0,Rp0,Rp0,0,0,1183,26,23,0,2.20%,0.00%,Rp0,0,Rp0,Rp0,Rp0,0,0,0,0,0,0,0,0,Rp0,0,1,0,0.00%,0,0.00%,0.00%,1,0,0.00%,0,0.00%,0.00%,Rp0,Rp0,Rp0,0,0,0,0,0,0,0,0,Rp0,0,0,0,0.00%,0,0.00%,0.00%,0,0,0.00%,0,0.00%,0.00%,Rp0,Rp0,Rp0,Rp0,Rp0,Rp0,Rp0,0,0,0,0,Rp0,2,2,0,1366,38,2.78%,0,0.00%,0.00%,1020,32,3.14%,0,0.00%,0.00%,332,3,0.90%,0,0.00%,0.00%,282,3,1.06%,0,0.00%,0.00%,951,31,3.26%,0,0.00%,0.00%,703,27,3.84%,0,0.00%,0.00%,Rp0,Rp0,Rp0,0,0,0,0,0,0,0,0,Rp0,991,16,1.61%,0,0.00%,0.00%,878,15,1.71%,0,0.00%,0.00%
DUDUKAN MESIN GERINDA  TATAKAN,1729654622510025213,GMV & produk terjual = 0,Nonaktif,Rp0,Rp0,Rp0,Rp0,Rp0,Rp0,Rp0,Rp0,Rp0,Rp0,Rp0,Rp0,Rp0,Rp0,Rp0,0,0,0,0,Rp0,2,0,0.00%,0,0.00%,0.00%,2,0,0.00%,0,0.00%,0.00%,Rp0,Rp0,Rp0,Rp0,Rp0,0,0,1,0,0,0,0.00%,0.00%,Rp0,0,Rp0,Rp0,Rp0,0,0,0,0,0,0,0,0,Rp0,0,0,0,0.00%,0,0.00%,0.00%,0,0,0.00%,0,0.00%,0.00%,Rp0,Rp0,Rp0,0,0,0,0,0,0,0,0,Rp0,0,0,0,0.00%,0,0.00%,0.00%,0,0,0.00%,0,0.00%,0.00%,Rp0,Rp0,Rp0,Rp0,Rp0,Rp0,Rp0,0,0,0,0,Rp0,0,0,0,0,0,0.00%,0,0.00%,0.00%,0,0,0.00%,0,0.00%,0.00%,0,0,0.00%,0,0.00%,0.00%,0,0,0.00%,0,0.00%,0.00%,0,0,0.00%,0,0.00%,0.00%,0,0,0.00%,0,0.00%,0.00%,Rp0,Rp0,Rp0,0,0,0,0,0,0,0,0,Rp0,2,0,0.00%,0,0.00%,0.00%,2,0,0.00%,0,0.00%,0.00%
Pompa Sprayer Steam Cuci Motor Mobil EDON ED-22C / Power Sprayer Hama Pompa Air Irigrasi Semprotan Air ED 22C ED22C EDON,1732899409013343741,GMV & produk terjual = 0,Nonaktif,Rp0,Rp0,Rp0,Rp0,Rp0,Rp0,Rp0,Rp0,Rp0,Rp0,Rp0,Rp0,Rp0,Rp0,Rp0,0,0,0,0,Rp0,4,0,0.00%,0,0.00%,0.00%,3,0,0.00%,0,0.00%,0.00%,Rp0,Rp0,Rp0,Rp0,Rp0,0,0,3,0,0,0,0.00%,0.00%,Rp0,0,Rp0,Rp0,Rp0,0,0,0,0,0,0,0,0,Rp0,0,0,0,0.00%,0,0.00%,0.00%,0,0,0.00%,0,0.00%,0.00%,Rp0,Rp0,Rp0,0,0,0,0,0,0,0,0,Rp0,0,0,0,0.00%,0,0.00%,0.00%,0,0,0.00%,0,0.00%,0.00%,Rp0,Rp0,Rp0,Rp0,Rp0,Rp0,Rp0,0,0,0,0,Rp0,0,0,0,0,0,0.00%,0,0.00%,0.00%,0,0,0.00%,0,0.00%,0.00%,0,0,0.00%,0,0.00%,0.00%,0,0,0.00%,0,0.00%,0.00%,0,0,0.00%,0,0.00%,0.00%,0,0,0.00%,0,0.00%,0.00%,Rp0,Rp0,Rp0,0,0,0,0,0,0,0,0,Rp0,4,0,0.00%,0,0.00%,0.00%,3,0,0.00%,0,0.00%,0.00%
YUKIDO 5 pcs Mounted Stone - Mata Bor Kepala Batu Gerinda Poles - Batu Osco AB-05MS,1729602936650237437,GMV & produk terjual = 0,Aktif,Rp0,Rp0,Rp0,Rp0,Rp0,Rp0,Rp0,Rp0,Rp0,Rp0,Rp0,Rp0,Rp0,Rp0,Rp0,0,0,0,0,Rp0,4,0,0.00%,0,0.00%,0.00%,4,0,0.00%,0,0.00%,0.00%,Rp0,Rp0,Rp0,Rp0,Rp0,0,0,3,0,0,0,0.00%,0.00%,Rp0,0,Rp0,Rp0,Rp0,0,0,0,0,0,0,0,0,Rp0,0,0,0,0.00%,0,0.00%,0.00%,0,0,0.00%,0,0.00%,0.00%,Rp0,Rp0,Rp0,0,0,0,0,0,0,0,0,Rp0,0,0,0,0.00%,0,0.00%,0.00%,0,0,0.00%,0,0.00%,0.00%,Rp0,Rp0,Rp0,Rp0,Rp0,Rp0,Rp0,0,0,0,0,Rp0,0,0,0,0,0,0.00%,0,0.00%,0.00%,0,0,0.00%,0,0.00%,0.00%,0,0,0.00%,0,0.00%,0.00%,0,0,0.00%,0,0.00%,0.00%,0,0,0.00%,0,0.00%,0.00%,0,0,0.00%,0,0.00%,0.00%,Rp0,Rp0,Rp0,0,0,0,0,0,0,0,0,Rp0,4,0,0.00%,0,0.00%,0.00%,4,0,0.00%,0,0.00%,0.00%
Penggaris Besi Stainless Steel 30/50/100cm Ruler Penggaris Multifungsi Mistar Penggaris Baja Alat Pengukuran Presisi Tinggi Tahan Karat,1731249398654600701,GMV & produk terjual = 0,Aktif,Rp0,Rp0,Rp0,Rp0,Rp0,Rp0,Rp0,Rp0,Rp0,Rp0,Rp0,Rp0,Rp0,Rp0,Rp0,0,0,0,0,Rp0,3145,67,2.13%,3,4.48%,0.00%,2836,61,2.15%,3,4.92%,0.00%,Rp0,Rp0,Rp0,Rp0,Rp0,0,0,1928,47,43,0,2.44%,0.00%,Rp0,0,Rp0,Rp0,Rp0,0,0,0,0,0,0,0,0,Rp0,0,0,0,0.00%,0,0.00%,0.00%,0,0,0.00%,0,0.00%,0.00%,Rp0,Rp0,Rp0,0,0,0,0,0,0,0,0,Rp0,0,234,15,6.41%,0,0.00%,0.00%,167,12,7.19%,0,0.00%,0.00%,Rp0,Rp0,Rp0,Rp0,Rp0,Rp0,Rp0,0,0,0,0,Rp0,0,0,0,7,0,0.00%,0,0.00%,0.00%,5,0,0.00%,0,0.00%,0.00%,0,0,0.00%,0,0.00%,0.00%,0,0,0.00%,0,0.00%,0.00%,0,0,0.00%,0,0.00%,0.00%,0,0,0.00%,0,0.00%,0.00%,Rp0,Rp0,Rp0,0,0,0,0,0,0,0,0,Rp0,2905,52,1.79%,3,5.77%,0.00%,2633,49,1.86%,3,6.12%,0.00%
Paket Katrol Sumur dan Tali Tambang 10 m 6mm 8mm 10mm Kerekan Sumur Katrol Rush 400 Kg 2inch,1732321018328483325,GMV & produk terjual = 0,Aktif,Rp0,Rp0,Rp0,Rp0,Rp0,Rp0,Rp0,Rp0,Rp0,Rp0,Rp0,Rp0,Rp0,Rp0,Rp0,0,0,0,0,Rp0,543,13,2.39%,1,7.69%,0.00%,480,13,2.71%,1,7.69%,0.00%,Rp0,Rp0,Rp0,Rp0,Rp0,0,0,250,6,6,0,2.40%,0.00%,Rp0,0,Rp0,Rp0,Rp0,0,0,0,0,0,0,0,0,Rp0,12,229,4,1.75%,0,0.00%,0.00%,198,4,2.02%,0,0.00%,0.00%,Rp0,Rp0,Rp0,0,0,0,0,0,0,0,0,Rp0,0,0,0,0.00%,0,0.00%,0.00%,0,0,0.00%,0,0.00%,0.00%,Rp0,Rp0,Rp0,Rp0,Rp0,Rp0,Rp0,0,0,0,0,Rp0,0,0,0,0,0,0.00%,0,0.00%,0.00%,0,0,0.00%,0,0.00%,0.00%,0,0,0.00%,0,0.00%,0.00%,0,0,0.00%,0,0.00%,0.00%,0,0,0.00%,0,0.00%,0.00%,0,0,0.00%,0,0.00%,0.00%,Rp0,Rp0,Rp0,0,0,0,0,0,0,0,0,Rp0,314,9,2.87%,1,11.11%,0.00%,282,9,3.19%,1,11.11%,0.00%
Bosch GSS 140 Orbital Sander / Mesin Amplas Listrik,1733680012767888893,GMV & produk terjual = 0,Aktif,Rp0,Rp0,Rp0,Rp0,Rp0,Rp0,Rp0,Rp0,Rp0,Rp0,Rp0,Rp0,Rp0,Rp0,Rp0,0,0,0,0,Rp0,37,0,0.00%,0,0.00%,0.00%,30,0,0.00%,0,0.00%,0.00%,Rp0,Rp0,Rp0,Rp0,Rp0,0,0,21,0,0,0,0.00%,0.00%,Rp0,0,Rp0,Rp0,Rp0,0,0,0,0,0,0,0,0,Rp0,0,0,0,0.00%,0,0.00%,0.00%,0,0,0.00%,0,0.00%,0.00%,Rp0,Rp0,Rp0,0,0,0,0,0,0,0,0,Rp0,0,0,0,0.00%,0,0.00%,0.00%,0,0,0.00%,0,0.00%,0.00%,Rp0,Rp0,Rp0,Rp0,Rp0,Rp0,Rp0,0,0,0,0,Rp0,0,0,0,0,0,0.00%,0,0.00%,0.00%,0,0,0.00%,0,0.00%,0.00%,0,0,0.00%,0,0.00%,0.00%,0,0,0.00%,0,0.00%,0.00%,0,0,0.00%,0,0.00%,0.00%,0,0,0.00%,0,0.00%,0.00%,Rp0,Rp0,Rp0,0,0,0,0,0,0,0,0,Rp0,37,0,0.00%,0,0.00%,0.00%,30,0,0.00%,0,0.00%,0.00%
TANG SNAP RING 2 IN 1 Tang Snap Ring Circlip 2 In 1 Lurus Buka Tutup 10 - 40 mm 2 Fungsi SNAP RING PLIERS 4 WAY,1729657944004986365,GMV & produk terjual = 0,Aktif,Rp0,Rp0,Rp0,Rp0,Rp0,Rp0,Rp0,Rp0,Rp0,Rp0,Rp0,Rp0,Rp0,Rp0,Rp0,0,0,0,0,Rp0,350,1,0.29%,1,100.00%,0.00%,299,1,0.33%,1,100.00%,0.00%,Rp0,Rp0,Rp0,Rp0,Rp0,0,0,233,1,1,0,0.43%,0.00%,Rp0,0,Rp0,Rp0,Rp0,0,0,0,0,0,0,0,0,Rp0,0,0,0,0.00%,0,0.00%,0.00%,0,0,0.00%,0,0.00%,0.00%,Rp0,Rp0,Rp0,0,0,0,0,0,0,0,0,Rp0,0,37,0,0.00%,0,0.00%,0.00%,35,0,0.00%,0,0.00%,0.00%,Rp0,Rp0,Rp0,Rp0,Rp0,Rp0,Rp0,0,0,0,0,Rp0,0,0,0,0,0,0.00%,0,0.00%,0.00%,0,0,0.00%,0,0.00%,0.00%,0,0,0.00%,0,0.00%,0.00%,0,0,0.00%,0,0.00%,0.00%,0,0,0.00%,0,0.00%,0.00%,0,0,0.00%,0,0.00%,0.00%,Rp0,Rp0,Rp0,0,0,0,0,0,0,0,0,Rp0,313,1,0.32%,1,100.00%,0.00%,266,1,0.38%,1,100.00%,0.00%
Charger Battery 12 - 48 V Universal Cas Baterai Bor ELLKA,1729688598862989821,GMV & produk terjual = 0,Nonaktif,Rp0,Rp0,Rp0,Rp0,Rp0,Rp0,Rp0,Rp0,Rp0,Rp0,Rp0,Rp0,Rp0,Rp0,Rp0,0,0,0,0,Rp0,10,3,30.00%,0,0.00%,0.00%,7,1,14.29%,0,0.00%,0.00%,Rp0,Rp0,Rp0,Rp0,Rp0,0,0,7,0,0,0,0.00%,0.00%,Rp0,0,Rp0,Rp0,Rp0,0,0,0,0,0,0,0,0,Rp0,0,0,0,0.00%,0,0.00%,0.00%,0,0,0.00%,0,0.00%,0.00%,Rp0,Rp0,Rp0,0,0,0,0,0,0,0,0,Rp0,0,0,0,0.00%,0,0.00%,0.00%,0,0,0.00%,0,0.00%,0.00%,Rp0,Rp0,Rp0,Rp0,Rp0,Rp0,Rp0,0,0,0,0,Rp0,0,0,0,1,0,0.00%,0,0.00%,0.00%,1,0,0.00%,0,0.00%,0.00%,0,0,0.00%,0,0.00%,0.00%,0,0,0.00%,0,0.00%,0.00%,0,0,0.00%,0,0.00%,0.00%,0,0,0.00%,0,0.00%,0.00%,Rp0,Rp0,Rp0,0,0,0,0,0,0,0,0,Rp0,9,3,33.33%,0,0.00%,0.00%,6,1,16.67%,0,0.00%,0.00%
Kompor Mawar Gas Cor Welhome 1 Tungku Low Pressure Panci 34 cm Martabak WKC 31A 32A 31AT 31AS LPG Mata Seribu Wellhome Api Besar,1731657787837089277,GMV & produk terjual = 0,Nonaktif,Rp0,Rp0,Rp0,Rp0,Rp0,Rp0,Rp0,Rp0,Rp0,Rp0,Rp0,Rp0,Rp0,Rp0,Rp0,0,0,0,0,Rp0,21,3,14.29%,0,0.00%,0.00%,15,2,13.33%,0,0.00%,0.00%,Rp0,Rp0,Rp0,Rp0,Rp0,0,0,6,0,0,0,0.00%,0.00%,Rp0,0,Rp0,Rp0,Rp0,0,0,0,0,0,0,0,0,Rp0,0,0,0,0.00%,0,0.00%,0.00%,0,0,0.00%,0,0.00%,0.00%,Rp0,Rp0,Rp0,0,0,0,0,0,0,0,0,Rp0,0,0,0,0.00%,0,0.00%,0.00%,0,0,0.00%,0,0.00%,0.00%,Rp0,Rp0,Rp0,Rp0,Rp0,Rp0,Rp0,0,0,0,0,Rp0,0,0,0,4,3,75.00%,0,0.00%,0.00%,3,2,66.67%,0,0.00%,0.00%,0,0,0.00%,0,0.00%,0.00%,0,0,0.00%,0,0.00%,0.00%,4,3,75.00%,0,0.00%,0.00%,3,2,66.67%,0,0.00%,0.00%,Rp0,Rp0,Rp0,0,0,0,0,0,0,0,0,Rp0,17,0,0.00%,0,0.00%,0.00%,12,0,0.00%,0,0.00%,0.00%
Obeng Listrik Set 7PCS + Tespen  Obeng Elektrik Serbaguna dan Praktis Screwdriver,1729641204373228029,GMV & produk terjual = 0,Aktif,Rp0,Rp0,Rp0,Rp0,Rp0,Rp0,Rp0,Rp0,Rp0,Rp0,Rp0,Rp0,Rp0,Rp0,Rp0,0,0,0,0,Rp0,61,0,0.00%,0,0.00%,0.00%,47,0,0.00%,0,0.00%,0.00%,Rp0,Rp0,Rp0,Rp0,Rp0,0,0,34,0,0,0,0.00%,0.00%,Rp0,0,Rp0,Rp0,Rp0,0,0,0,0,0,0,0,0,Rp0,0,0,0,0.00%,0,0.00%,0.00%,0,0,0.00%,0,0.00%,0.00%,Rp0,Rp0,Rp0,0,0,0,0,0,0,0,0,Rp0,0,3,0,0.00%,0,0.00%,0.00%,3,0,0.00%,0,0.00%,0.00%,Rp0,Rp0,Rp0,Rp0,Rp0,Rp0,Rp0,0,0,0,0,Rp0,0,0,0,3,0,0.00%,0,0.00%,0.00%,2,0,0.00%,0,0.00%,0.00%,0,0,0.00%,0,0.00%,0.00%,0,0,0.00%,0,0.00%,0.00%,0,0,0.00%,0,0.00%,0.00%,0,0,0.00%,0,0.00%,0.00%,Rp0,Rp0,Rp0,0,0,0,0,0,0,0,0,Rp0,55,0,0.00%,0,0.00%,0.00%,42,0,0.00%,0,0.00%,0.00%
Stang Tang Las Kurt Haufe 800 A Heavy Duty - Welding Electrode Holder Germany Type KPH-04-800A,1729668952720115197,GMV & produk terjual = 0,Aktif,Rp0,Rp0,Rp0,Rp0,Rp0,Rp0,Rp0,Rp0,Rp0,Rp0,Rp0,Rp0,Rp0,Rp0,Rp0,0,0,0,0,Rp0,30,0,0.00%,0,0.00%,0.00%,26,0,0.00%,0,0.00%,0.00%,Rp0,Rp0,Rp0,Rp0,Rp0,0,0,14,0,0,0,0.00%,0.00%,Rp0,0,Rp0,Rp0,Rp0,0,0,0,0,0,0,0,0,Rp0,0,0,0,0.00%,0,0.00%,0.00%,0,0,0.00%,0,0.00%,0.00%,Rp0,Rp0,Rp0,0,0,0,0,0,0,0,0,Rp0,0,0,0,0.00%,0,0.00%,0.00%,0,0,0.00%,0,0.00%,0.00%,Rp0,Rp0,Rp0,Rp0,Rp0,Rp0,Rp0,0,0,0,0,Rp0,0,0,0,4,0,0.00%,0,0.00%,0.00%,4,0,0.00%,0,0.00%,0.00%,0,0,0.00%,0,0.00%,0.00%,0,0,0.00%,0,0.00%,0.00%,4,0,0.00%,0,0.00%,0.00%,4,0,0.00%,0,0.00%,0.00%,Rp0,Rp0,Rp0,0,0,0,0,0,0,0,0,Rp0,26,0,0.00%,0,0.00%,0.00%,22,0,0.00%,0,0.00%,0.00%
Yukido Tas Perkakas 20Inch Tas Penyimpanan Perkakas Water Proof Kain Oxford Multifungsi Alat Perkakas,1730379924133348861,GMV & produk terjual = 0,Aktif,Rp0,Rp0,Rp0,Rp0,Rp0,Rp0,Rp0,Rp0,Rp0,Rp0,Rp0,Rp0,Rp0,Rp0,Rp0,0,0,0,0,Rp0,945,45,4.76%,3,6.67%,0.00%,855,41,4.80%,2,4.88%,0.00%,Rp0,Rp0,Rp0,Rp0,Rp0,0,0,500,27,23,0,5.40%,0.00%,Rp0,0,Rp0,Rp0,Rp0,0,0,0,0,0,0,0,0,Rp0,0,0,0,0.00%,0,0.00%,0.00%,0,0,0.00%,0,0.00%,0.00%,Rp0,Rp0,Rp0,0,0,0,0,0,0,0,0,Rp0,0,2,0,0.00%,0,0.00%,0.00%,2,0,0.00%,0,0.00%,0.00%,Rp0,Rp0,Rp0,Rp0,Rp0,Rp0,Rp0,0,0,0,0,Rp0,0,0,0,19,0,0.00%,0,0.00%,0.00%,14,0,0.00%,0,0.00%,0.00%,0,0,0.00%,0,0.00%,0.00%,0,0,0.00%,0,0.00%,0.00%,0,0,0.00%,0,0.00%,0.00%,0,0,0.00%,0,0.00%,0.00%,Rp0,Rp0,Rp0,0,0,0,0,0,0,0,0,Rp0,924,45,4.87%,3,6.67%,0.00%,819,39,4.76%,2,5.13%,0.00%
Batu Potong Besi & Stainless 4” (1 Box isi 50 pcs / Satuan),1732220736314115581,GMV & produk terjual = 0,Aktif,Rp0,Rp0,Rp0,Rp0,Rp0,Rp0,Rp0,Rp0,Rp0,Rp0,Rp0,Rp0,Rp0,Rp0,Rp0,0,0,0,0,Rp0,51,0,0.00%,0,0.00%,0.00%,50,0,0.00%,0,0.00%,0.00%,Rp0,Rp0,Rp0,Rp0,Rp0,0,0,21,0,0,0,0.00%,0.00%,Rp0,0,Rp0,Rp0,Rp0,0,0,0,0,0,0,0,0,Rp0,0,0,0,0.00%,0,0.00%,0.00%,0,0,0.00%,0,0.00%,0.00%,Rp0,Rp0,Rp0,0,0,0,0,0,0,0,0,Rp0,0,0,0,0.00%,0,0.00%,0.00%,0,0,0.00%,0,0.00%,0.00%,Rp0,Rp0,Rp0,Rp0,Rp0,Rp0,Rp0,0,0,0,0,Rp0,0,0,0,1,0,0.00%,0,0.00%,0.00%,1,0,0.00%,0,0.00%,0.00%,0,0,0.00%,0,0.00%,0.00%,0,0,0.00%,0,0.00%,0.00%,0,0,0.00%,0,0.00%,0.00%,0,0,0.00%,0,0.00%,0.00%,Rp0,Rp0,Rp0,0,0,0,0,0,0,0,0,Rp0,50,0,0.00%,0,0.00%,0.00%,49,0,0.00%,0,0.00%,0.00%
GUNTING DAHAN - GUNTING RANTING STAINLESS STEEL JAPAN ORIGINAL,1729646435628452349,GMV & produk terjual = 0,Aktif,Rp0,Rp0,Rp0,Rp0,Rp0,Rp0,Rp0,Rp0,Rp0,Rp0,Rp0,Rp0,Rp0,Rp0,Rp0,0,0,0,0,Rp0,312,4,1.28%,0,0.00%,0.00%,302,3,0.99%,0,0.00%,0.00%,Rp0,Rp0,Rp0,Rp0,Rp0,0,0,106,2,2,0,1.89%,0.00%,Rp0,0,Rp0,Rp0,Rp0,0,0,0,0,0,0,0,0,Rp0,1,10,1,10.00%,0,0.00%,0.00%,10,1,10.00%,0,0.00%,0.00%,Rp0,Rp0,Rp0,0,0,0,0,0,0,0,0,Rp0,1,96,2,2.08%,0,0.00%,0.00%,91,1,1.10%,0,0.00%,0.00%,Rp0,Rp0,Rp0,Rp0,Rp0,Rp0,Rp0,0,0,0,0,Rp0,0,0,0,0,0,0.00%,0,0.00%,0.00%,0,0,0.00%,0,0.00%,0.00%,0,0,0.00%,0,0.00%,0.00%,0,0,0.00%,0,0.00%,0.00%,0,0,0.00%,0,0.00%,0.00%,0,0,0.00%,0,0.00%,0.00%,Rp0,Rp0,Rp0,0,0,0,0,0,0,0,0,Rp0,206,1,0.49%,0,0.00%,0.00%,201,1,0.50%,0,0.00%,0.00%
Ryu Brush Cutter 2 Tak RBC 2T Mesin Potong Rumput Gendong,1731949016939005437,GMV & produk terjual = 0,Aktif,Rp0,Rp0,Rp0,Rp0,Rp0,Rp0,Rp0,Rp0,Rp0,Rp0,Rp0,Rp0,Rp0,Rp0,Rp0,0,0,0,0,Rp0,318,13,4.09%,0,0.00%,0.00%,290,11,3.79%,0,0.00%,0.00%,Rp0,Rp0,Rp0,Rp0,Rp0,0,0,73,1,1,0,1.37%,0.00%,Rp0,0,Rp0,Rp0,Rp0,0,0,0,0,0,0,0,0,Rp0,37,111,2,1.80%,0,0.00%,0.00%,110,2,1.82%,0,0.00%,0.00%,Rp0,Rp0,Rp0,0,0,0,0,0,0,0,0,Rp0,0,17,0,0.00%,0,0.00%,0.00%,14,0,0.00%,0,0.00%,0.00%,Rp0,Rp0,Rp0,Rp0,Rp0,Rp0,Rp0,0,0,0,0,Rp0,0,0,0,39,3,7.69%,0,0.00%,0.00%,28,3,10.71%,0,0.00%,0.00%,0,0,0.00%,0,0.00%,0.00%,0,0,0.00%,0,0.00%,0.00%,33,3,9.09%,0,0.00%,0.00%,23,3,13.04%,0,0.00%,0.00%,Rp0,Rp0,Rp0,0,0,0,0,0,0,0,0,Rp0,151,8,5.30%,0,0.00%,0.00%,139,6,4.32%,0,0.00%,0.00%
Paket Kunci Sock T Set 4 Pcs  8 10 12 14 mm Bahan Chrome Vanadium Super Ukuran 8-14mm Besi BajaHeat Treat Chrome Van adium Extra Strength,1729733115580286461,GMV & produk terjual = 0,Nonaktif,Rp0,Rp0,Rp0,Rp0,Rp0,Rp0,Rp0,Rp0,Rp0,Rp0,Rp0,Rp0,Rp0,Rp0,Rp0,0,0,0,0,Rp0,1,0,0.00%,0,0.00%,0.00%,1,0,0.00%,0,0.00%,0.00%,Rp0,Rp0,Rp0,Rp0,Rp0,0,0,0,0,0,0,0.00%,0.00%,Rp0,0,Rp0,Rp0,Rp0,0,0,0,0,0,0,0,0,Rp0,0,0,0,0.00%,0,0.00%,0.00%,0,0,0.00%,0,0.00%,0.00%,Rp0,Rp0,Rp0,0,0,0,0,0,0,0,0,Rp0,0,0,0,0.00%,0,0.00%,0.00%,0,0,0.00%,0,0.00%,0.00%,Rp0,Rp0,Rp0,Rp0,Rp0,Rp0,Rp0,0,0,0,0,Rp0,0,0,0,0,0,0.00%,0,0.00%,0.00%,0,0,0.00%,0,0.00%,0.00%,0,0,0.00%,0,0.00%,0.00%,0,0,0.00%,0,0.00%,0.00%,0,0,0.00%,0,0.00%,0.00%,0,0,0.00%,0,0.00%,0.00%,Rp0,Rp0,Rp0,0,0,0,0,0,0,0,0,Rp0,1,0,0.00%,0,0.00%,0.00%,1,0,0.00%,0,0.00%,0.00%
"Meijer Tang Buaya 10 Inch Bengkok Oval Tang Jepit Pengunci 10"" MJ-10B Stainless Steel & Plastik Adjustable Maksimal",1731647704777459197,GMV & produk terjual = 0,Aktif,Rp0,Rp0,Rp0,Rp0,Rp0,Rp0,Rp0,Rp0,Rp0,Rp0,Rp0,Rp0,Rp0,Rp0,Rp0,0,0,0,0,Rp0,35,0,0.00%,0,0.00%,0.00%,33,0,0.00%,0,0.00%,0.00%,Rp0,Rp0,Rp0,Rp0,Rp0,0,0,18,0,0,0,0.00%,0.00%,Rp0,0,Rp0,Rp0,Rp0,0,0,0,0,0,0,0,0,Rp0,0,0,0,0.00%,0,0.00%,0.00%,0,0,0.00%,0,0.00%,0.00%,Rp0,Rp0,Rp0,0,0,0,0,0,0,0,0,Rp0,0,0,0,0.00%,0,0.00%,0.00%,0,0,0.00%,0,0.00%,0.00%,Rp0,Rp0,Rp0,Rp0,Rp0,Rp0,Rp0,0,0,0,0,Rp0,0,0,0,2,0,0.00%,0,0.00%,0.00%,1,0,0.00%,0,0.00%,0.00%,0,0,0.00%,0,0.00%,0.00%,0,0,0.00%,0,0.00%,0.00%,0,0,0.00%,0,0.00%,0.00%,0,0,0.00%,0,0.00%,0.00%,Rp0,Rp0,Rp0,0,0,0,0,0,0,0,0,Rp0,33,0,0.00%,0,0.00%,0.00%,32,0,0.00%,0,0.00%,0.00%
POPEYE Kanebo Lap Serbaguna Daya Serap Tinggi,1729718239023039997,GMV & produk terjual = 0,Nonaktif,Rp0,Rp0,Rp0,Rp0,Rp0,Rp0,Rp0,Rp0,Rp0,Rp0,Rp0,Rp0,Rp0,Rp0,Rp0,0,0,0,0,Rp0,3,0,0.00%,0,0.00%,0.00%,2,0,0.00%,0,0.00%,0.00%,Rp0,Rp0,Rp0,Rp0,Rp0,0,0,3,0,0,0,0.00%,0.00%,Rp0,0,Rp0,Rp0,Rp0,0,0,0,0,0,0,0,0,Rp0,0,0,0,0.00%,0,0.00%,0.00%,0,0,0.00%,0,0.00%,0.00%,Rp0,Rp0,Rp0,0,0,0,0,0,0,0,0,Rp0,0,0,0,0.00%,0,0.00%,0.00%,0,0,0.00%,0,0.00%,0.00%,Rp0,Rp0,Rp0,Rp0,Rp0,Rp0,Rp0,0,0,0,0,Rp0,0,0,0,0,0,0.00%,0,0.00%,0.00%,0,0,0.00%,0,0.00%,0.00%,0,0,0.00%,0,0.00%,0.00%,0,0,0.00%,0,0.00%,0.00%,0,0,0.00%,0,0.00%,0.00%,0,0,0.00%,0,0.00%,0.00%,Rp0,Rp0,Rp0,0,0,0,0,0,0,0,0,Rp0,3,0,0.00%,0,0.00%,0.00%,2,0,0.00%,0,0.00%,0.00%
YUKIDO Paket 2 Item Kunci Mahkota Double Crown Socket 13mm-38mm + Gagang Shock L 1/2 Universal untuk Honda,1729668948421608957,GMV & produk terjual = 0,Nonaktif,Rp0,Rp0,Rp0,Rp0,Rp0,Rp0,Rp0,Rp0,Rp0,Rp0,Rp0,Rp0,Rp0,Rp0,Rp0,0,0,0,0,Rp0,14,0,0.00%,0,0.00%,0.00%,9,0,0.00%,0,0.00%,0.00%,Rp0,Rp0,Rp0,Rp0,Rp0,0,0,13,0,0,0,0.00%,0.00%,Rp0,0,Rp0,Rp0,Rp0,0,0,0,0,0,0,0,0,Rp0,0,0,0,0.00%,0,0.00%,0.00%,0,0,0.00%,0,0.00%,0.00%,Rp0,Rp0,Rp0,0,0,0,0,0,0,0,0,Rp0,0,0,0,0.00%,0,0.00%,0.00%,0,0,0.00%,0,0.00%,0.00%,Rp0,Rp0,Rp0,Rp0,Rp0,Rp0,Rp0,0,0,0,0,Rp0,0,0,0,0,0,0.00%,0,0.00%,0.00%,0,0,0.00%,0,0.00%,0.00%,0,0,0.00%,0,0.00%,0.00%,0,0,0.00%,0,0.00%,0.00%,0,0,0.00%,0,0.00%,0.00%,0,0,0.00%,0,0.00%,0.00%,Rp0,Rp0,Rp0,0,0,0,0,0,0,0,0,Rp0,14,0,0.00%,0,0.00%,0.00%,9,0,0.00%,0,0.00%,0.00%
Marble Cutter / Mesin Potong Keramik - Dengan Mata Potong keramik dan kayu bonus,1733131694651573757,GMV & produk terjual = 0,Nonaktif,Rp0,Rp0,Rp0,Rp0,Rp0,Rp0,Rp0,Rp0,Rp0,Rp0,Rp0,Rp0,Rp0,Rp0,Rp0,0,0,0,0,Rp0,2,0,0.00%,0,0.00%,0.00%,1,0,0.00%,0,0.00%,0.00%,Rp0,Rp0,Rp0,Rp0,Rp0,0,0,0,0,0,0,0.00%,0.00%,Rp0,0,Rp0,Rp0,Rp0,0,0,0,0,0,0,0,0,Rp0,0,0,0,0.00%,0,0.00%,0.00%,0,0,0.00%,0,0.00%,0.00%,Rp0,Rp0,Rp0,0,0,0,0,0,0,0,0,Rp0,0,0,0,0.00%,0,0.00%,0.00%,0,0,0.00%,0,0.00%,0.00%,Rp0,Rp0,Rp0,Rp0,Rp0,Rp0,Rp0,0,0,0,0,Rp0,0,0,0,0,0,0.00%,0,0.00%,0.00%,0,0,0.00%,0,0.00%,0.00%,0,0,0.00%,0,0.00%,0.00%,0,0,0.00%,0,0.00%,0.00%,0,0,0.00%,0,0.00%,0.00%,0,0,0.00%,0,0.00%,0.00%,Rp0,Rp0,Rp0,0,0,0,0,0,0,0,0,Rp0,2,0,0.00%,0,0.00%,0.00%,1,0,0.00%,0,0.00%,0.00%
Paket Hemat 3 Item Mesin Bor 13mm Gerinda 4inch dengan Mesin Las Mikayo 450Watt,1730795390393484797,GMV & produk terjual = 0,Aktif,Rp0,Rp0,Rp0,Rp0,Rp0,Rp0,Rp0,Rp0,Rp0,Rp0,Rp0,Rp0,Rp0,Rp0,Rp0,0,0,0,0,Rp0,33,0,0.00%,0,0.00%,0.00%,25,0,0.00%,0,0.00%,0.00%,Rp0,Rp0,Rp0,Rp0,Rp0,0,0,25,0,0,0,0.00%,0.00%,Rp0,0,Rp0,Rp0,Rp0,0,0,0,0,0,0,0,0,Rp0,0,0,0,0.00%,0,0.00%,0.00%,0,0,0.00%,0,0.00%,0.00%,Rp0,Rp0,Rp0,0,0,0,0,0,0,0,0,Rp0,0,0,0,0.00%,0,0.00%,0.00%,0,0,0.00%,0,0.00%,0.00%,Rp0,Rp0,Rp0,Rp0,Rp0,Rp0,Rp0,0,0,0,0,Rp0,0,0,0,0,0,0.00%,0,0.00%,0.00%,0,0,0.00%,0,0.00%,0.00%,0,0,0.00%,0,0.00%,0.00%,0,0,0.00%,0,0.00%,0.00%,0,0,0.00%,0,0.00%,0.00%,0,0,0.00%,0,0.00%,0.00%,Rp0,Rp0,Rp0,0,0,0,0,0,0,0,0,Rp0,33,0,0.00%,0,0.00%,0.00%,25,0,0.00%,0,0.00%,0.00%
YUKIDO GARANSI SEUMUR HIDUP KUNCI RING PAS SET 11 PCS,1729675525264935421,GMV & produk terjual = 0,Aktif,Rp0,Rp0,Rp0,Rp0,Rp0,Rp0,Rp0,Rp0,Rp0,Rp0,Rp0,Rp0,Rp0,Rp0,Rp0,0,0,0,0,Rp0,1172,21,1.79%,0,0.00%,0.00%,900,18,2.00%,0,0.00%,0.00%,Rp0,Rp0,Rp0,Rp0,Rp0,0,0,124,1,1,0,0.81%,0.00%,Rp0,0,Rp0,Rp0,Rp0,0,0,0,0,0,0,0,0,Rp0,0,4,0,0.00%,0,0.00%,0.00%,2,0,0.00%,0,0.00%,0.00%,Rp0,Rp0,Rp0,0,0,0,0,0,0,0,0,Rp0,0,8,0,0.00%,0,0.00%,0.00%,6,0,0.00%,0,0.00%,0.00%,Rp0,Rp0,Rp0,Rp0,Rp0,Rp0,Rp0,0,0,0,0,Rp0,5,10,0,977,19,1.94%,0,0.00%,0.00%,750,16,2.13%,0,0.00%,0.00%,658,13,1.98%,0,0.00%,0.00%,525,11,2.10%,0,0.00%,0.00%,275,4,1.45%,0,0.00%,0.00%,210,4,1.90%,0,0.00%,0.00%,Rp0,Rp0,Rp0,0,0,0,0,0,0,0,0,Rp0,183,2,1.09%,0,0.00%,0.00%,142,2,1.41%,0,0.00%,0.00%
"Mesin Potong Keramik Marble Cutter 4"" Mesin Pemotongan Keramik Granit Kayu 4 Inch Merah Profesional",1732359424555845117,GMV & produk terjual = 0,Aktif,Rp0,Rp0,Rp0,Rp0,Rp0,Rp0,Rp0,Rp0,Rp0,Rp0,Rp0,Rp0,Rp0,Rp0,Rp0,0,0,0,0,Rp0,7,0,0.00%,0,0.00%,0.00%,5,0,0.00%,0,0.00%,0.00%,Rp0,Rp0,Rp0,Rp0,Rp0,0,0,2,0,0,0,0.00%,0.00%,Rp0,0,Rp0,Rp0,Rp0,0,0,0,0,0,0,0,0,Rp0,0,0,0,0.00%,0,0.00%,0.00%,0,0,0.00%,0,0.00%,0.00%,Rp0,Rp0,Rp0,0,0,0,0,0,0,0,0,Rp0,0,0,0,0.00%,0,0.00%,0.00%,0,0,0.00%,0,0.00%,0.00%,Rp0,Rp0,Rp0,Rp0,Rp0,Rp0,Rp0,0,0,0,0,Rp0,0,0,0,0,0,0.00%,0,0.00%,0.00%,0,0,0.00%,0,0.00%,0.00%,0,0,0.00%,0,0.00%,0.00%,0,0,0.00%,0,0.00%,0.00%,0,0,0.00%,0,0.00%,0.00%,0,0,0.00%,0,0.00%,0.00%,Rp0,Rp0,Rp0,0,0,0,0,0,0,0,0,Rp0,7,0,0.00%,0,0.00%,0.00%,5,0,0.00%,0,0.00%,0.00%
"COVER SARUNG BAR CHAINSAW MINI SARUNG BAR /GUIDE BAR COVER SENSO 20""/22""/24"" G3 TYPE 5800",1730203772963358205,GMV & produk terjual = 0,Aktif,Rp0,Rp0,Rp0,Rp0,Rp0,Rp0,Rp0,Rp0,Rp0,Rp0,Rp0,Rp0,Rp0,Rp0,Rp0,0,0,0,0,Rp0,41,1,2.44%,0,0.00%,0.00%,34,1,2.94%,0,0.00%,0.00%,Rp0,Rp0,Rp0,Rp0,Rp0,0,0,25,1,1,0,4.00%,0.00%,Rp0,0,Rp0,Rp0,Rp0,0,0,0,0,0,0,0,0,Rp0,0,0,0,0.00%,0,0.00%,0.00%,0,0,0.00%,0,0.00%,0.00%,Rp0,Rp0,Rp0,0,0,0,0,0,0,0,0,Rp0,0,0,0,0.00%,0,0.00%,0.00%,0,0,0.00%,0,0.00%,0.00%,Rp0,Rp0,Rp0,Rp0,Rp0,Rp0,Rp0,0,0,0,0,Rp0,0,0,0,0,0,0.00%,0,0.00%,0.00%,0,0,0.00%,0,0.00%,0.00%,0,0,0.00%,0,0.00%,0.00%,0,0,0.00%,0,0.00%,0.00%,0,0,0.00%,0,0.00%,0.00%,0,0,0.00%,0,0.00%,0.00%,Rp0,Rp0,Rp0,0,0,0,0,0,0,0,0,Rp0,41,1,2.44%,0,0.00%,0.00%,34,1,2.94%,0,0.00%,0.00%
Alat Buka Kran Cabut Pipa Patah Rusak 1/2 In 3/4 Screw Double Head Extractor Multifungsi,1729941139816024573,GMV & produk terjual = 0,Aktif,Rp0,Rp0,Rp0,Rp0,Rp0,Rp0,Rp0,Rp0,Rp0,Rp0,Rp0,Rp0,Rp0,Rp0,Rp0,0,0,0,0,Rp0,1780,5,0.28%,1,20.00%,0.00%,1667,5,0.30%,1,20.00%,0.00%,Rp0,Rp0,Rp0,Rp0,Rp0,0,0,1041,2,2,0,0.19%,0.00%,Rp0,0,Rp0,Rp0,Rp0,0,0,0,0,0,0,0,0,Rp0,0,0,0,0.00%,0,0.00%,0.00%,0,0,0.00%,0,0.00%,0.00%,Rp0,Rp0,Rp0,0,0,0,0,0,0,0,0,Rp0,0,13,0,0.00%,0,0.00%,0.00%,13,0,0.00%,0,0.00%,0.00%,Rp0,Rp0,Rp0,Rp0,Rp0,Rp0,Rp0,0,0,0,0,Rp0,0,0,0,2,0,0.00%,0,0.00%,0.00%,2,0,0.00%,0,0.00%,0.00%,0,0,0.00%,0,0.00%,0.00%,0,0,0.00%,0,0.00%,0.00%,0,0,0.00%,0,0.00%,0.00%,0,0,0.00%,0,0.00%,0.00%,Rp0,Rp0,Rp0,0,0,0,0,0,0,0,0,Rp0,1766,5,0.28%,1,20.00%,0.00%,1646,5,0.30%,1,20.00%,0.00%
Mata Gerinda Potong Keramik 4 in Diamond Wheel Multi Cutting ,1729646479589149181,GMV & produk terjual = 0,Nonaktif,Rp0,Rp0,Rp0,Rp0,Rp0,Rp0,Rp0,Rp0,Rp0,Rp0,Rp0,Rp0,Rp0,Rp0,Rp0,0,0,0,0,Rp0,4,0,0.00%,0,0.00%,0.00%,3,0,0.00%,0,0.00%,0.00%,Rp0,Rp0,Rp0,Rp0,Rp0,0,0,4,0,0,0,0.00%,0.00%,Rp0,0,Rp0,Rp0,Rp0,0,0,0,0,0,0,0,0,Rp0,0,0,0,0.00%,0,0.00%,0.00%,0,0,0.00%,0,0.00%,0.00%,Rp0,Rp0,Rp0,0,0,0,0,0,0,0,0,Rp0,0,0,0,0.00%,0,0.00%,0.00%,0,0,0.00%,0,0.00%,0.00%,Rp0,Rp0,Rp0,Rp0,Rp0,Rp0,Rp0,0,0,0,0,Rp0,0,0,0,0,0,0.00%,0,0.00%,0.00%,0,0,0.00%,0,0.00%,0.00%,0,0,0.00%,0,0.00%,0.00%,0,0,0.00%,0,0.00%,0.00%,0,0,0.00%,0,0.00%,0.00%,0,0,0.00%,0,0.00%,0.00%,Rp0,Rp0,Rp0,0,0,0,0,0,0,0,0,Rp0,4,0,0.00%,0,0.00%,0.00%,3,0,0.00%,0,0.00%,0.00%
Paket Hemat KIKIR GERGAJI DIAMOND SET 6PCS Dengan RUSH SIWALAN GERGAJI Termurahhh,1730784438134670845,GMV & produk terjual = 0,Aktif,Rp0,Rp0,Rp0,Rp0,Rp0,Rp0,Rp0,Rp0,Rp0,Rp0,Rp0,Rp0,Rp0,Rp0,Rp0,0,0,0,0,Rp0,97,1,1.03%,0,0.00%,0.00%,90,1,1.11%,0,0.00%,0.00%,Rp0,Rp0,Rp0,Rp0,Rp0,0,0,66,1,1,0,1.52%,0.00%,Rp0,0,Rp0,Rp0,Rp0,0,0,0,0,0,0,0,0,Rp0,0,0,0,0.00%,0,0.00%,0.00%,0,0,0.00%,0,0.00%,0.00%,Rp0,Rp0,Rp0,0,0,0,0,0,0,0,0,Rp0,0,0,0,0.00%,0,0.00%,0.00%,0,0,0.00%,0,0.00%,0.00%,Rp0,Rp0,Rp0,Rp0,Rp0,Rp0,Rp0,0,0,0,0,Rp0,0,0,0,0,0,0.00%,0,0.00%,0.00%,0,0,0.00%,0,0.00%,0.00%,0,0,0.00%,0,0.00%,0.00%,0,0,0.00%,0,0.00%,0.00%,0,0,0.00%,0,0.00%,0.00%,0,0,0.00%,0,0.00%,0.00%,Rp0,Rp0,Rp0,0,0,0,0,0,0,0,0,Rp0,97,1,1.03%,0,0.00%,0.00%,90,1,1.11%,0,0.00%,0.00%
Mesin Gerinda Tangan 4 inch Angle Grinder Kualitas Tinggi Potong Poles Piringan Amplas Murah,1729618287383709181,GMV & produk terjual = 0,Aktif,Rp0,Rp0,Rp0,Rp0,Rp0,Rp0,Rp0,Rp0,Rp0,Rp0,Rp0,Rp0,Rp0,Rp0,Rp0,0,0,0,0,Rp0,6,0,0.00%,0,0.00%,0.00%,2,0,0.00%,0,0.00%,0.00%,Rp0,Rp0,Rp0,Rp0,Rp0,0,0,5,0,0,0,0.00%,0.00%,Rp0,0,Rp0,Rp0,Rp0,0,0,0,0,0,0,0,0,Rp0,0,0,0,0.00%,0,0.00%,0.00%,0,0,0.00%,0,0.00%,0.00%,Rp0,Rp0,Rp0,0,0,0,0,0,0,0,0,Rp0,0,0,0,0.00%,0,0.00%,0.00%,0,0,0.00%,0,0.00%,0.00%,Rp0,Rp0,Rp0,Rp0,Rp0,Rp0,Rp0,0,0,0,0,Rp0,0,0,0,0,0,0.00%,0,0.00%,0.00%,0,0,0.00%,0,0.00%,0.00%,0,0,0.00%,0,0.00%,0.00%,0,0,0.00%,0,0.00%,0.00%,0,0,0.00%,0,0.00%,0.00%,0,0,0.00%,0,0.00%,0.00%,Rp0,Rp0,Rp0,0,0,0,0,0,0,0,0,Rp0,6,0,0.00%,0,0.00%,0.00%,2,0,0.00%,0,0.00%,0.00%
RYU GERINDA BOR 10 MM -  Gerinda 4 Inch RDR10-3RE+RSG100-3 2 Mesin 370W 3200rpm 580W 11.000 rpm Garansi Service,1729562268485322237,GMV & produk terjual = 0,Aktif,Rp0,Rp0,Rp0,Rp0,Rp0,Rp0,Rp0,Rp0,Rp0,Rp0,Rp0,Rp0,Rp0,Rp0,Rp0,0,0,0,0,Rp0,29,1,3.45%,0,0.00%,0.00%,20,1,5.00%,0,0.00%,0.00%,Rp0,Rp0,Rp0,Rp0,Rp0,0,0,12,0,0,0,0.00%,0.00%,Rp0,0,Rp0,Rp0,Rp0,0,0,0,0,0,0,0,0,Rp0,0,1,0,0.00%,0,0.00%,0.00%,1,0,0.00%,0,0.00%,0.00%,Rp0,Rp0,Rp0,0,0,0,0,0,0,0,0,Rp0,0,0,0,0.00%,0,0.00%,0.00%,0,0,0.00%,0,0.00%,0.00%,Rp0,Rp0,Rp0,Rp0,Rp0,Rp0,Rp0,0,0,0,0,Rp0,0,0,0,2,0,0.00%,0,0.00%,0.00%,2,0,0.00%,0,0.00%,0.00%,0,0,0.00%,0,0.00%,0.00%,0,0,0.00%,0,0.00%,0.00%,2,0,0.00%,0,0.00%,0.00%,2,0,0.00%,0,0.00%,0.00%,Rp0,Rp0,Rp0,0,0,0,0,0,0,0,0,Rp0,26,1,3.85%,0,0.00%,0.00%,17,1,5.88%,0,0.00%,0.00%
TANG LAS JERMAN 800 AMP - KURT HAUFE ELECTRODE HOLDER 800 AMPERE - STANG LAS 800A GERMANY,1733181355094541821,GMV & produk terjual = 0,Aktif,Rp0,Rp0,Rp0,Rp0,Rp0,Rp0,Rp0,Rp0,Rp0,Rp0,Rp0,Rp0,Rp0,Rp0,Rp0,0,0,0,0,Rp0,3,0,0.00%,0,0.00%,0.00%,3,0,0.00%,0,0.00%,0.00%,Rp0,Rp0,Rp0,Rp0,Rp0,0,0,1,0,0,0,0.00%,0.00%,Rp0,0,Rp0,Rp0,Rp0,0,0,0,0,0,0,0,0,Rp0,0,1,0,0.00%,0,0.00%,0.00%,1,0,0.00%,0,0.00%,0.00%,Rp0,Rp0,Rp0,0,0,0,0,0,0,0,0,Rp0,0,0,0,0.00%,0,0.00%,0.00%,0,0,0.00%,0,0.00%,0.00%,Rp0,Rp0,Rp0,Rp0,Rp0,Rp0,Rp0,0,0,0,0,Rp0,0,0,0,0,0,0.00%,0,0.00%,0.00%,0,0,0.00%,0,0.00%,0.00%,0,0,0.00%,0,0.00%,0.00%,0,0,0.00%,0,0.00%,0.00%,0,0,0.00%,0,0.00%,0.00%,0,0,0.00%,0,0.00%,0.00%,Rp0,Rp0,Rp0,0,0,0,0,0,0,0,0,Rp0,2,0,0.00%,0,0.00%,0.00%,2,0,0.00%,0,0.00%,0.00%
Yukido Tang Lancip Multifungsi 8 Inc/LONG NOSE PLIERS HEAVY DUTY AB88-2HD,1729715217889069565,GMV & produk terjual = 0,Aktif,Rp0,Rp0,Rp0,Rp0,Rp0,Rp0,Rp0,Rp0,Rp0,Rp0,Rp0,Rp0,Rp0,Rp0,Rp0,0,0,0,0,Rp0,825,18,2.18%,0,0.00%,0.00%,764,16,2.09%,0,0.00%,0.00%,Rp0,Rp0,Rp0,Rp0,Rp0,0,0,385,11,9,0,2.86%,0.00%,Rp0,0,Rp0,Rp0,Rp0,0,0,0,0,0,0,0,0,Rp0,0,0,0,0.00%,0,0.00%,0.00%,0,0,0.00%,0,0.00%,0.00%,Rp0,Rp0,Rp0,0,0,0,0,0,0,0,0,Rp0,0,10,0,0.00%,0,0.00%,0.00%,9,0,0.00%,0,0.00%,0.00%,Rp0,Rp0,Rp0,Rp0,Rp0,Rp0,Rp0,0,0,0,0,Rp0,2,3,0,138,0,0.00%,0,0.00%,0.00%,119,0,0.00%,0,0.00%,0.00%,74,0,0.00%,0,0.00%,0.00%,73,0,0.00%,0,0.00%,0.00%,47,0,0.00%,0,0.00%,0.00%,30,0,0.00%,0,0.00%,0.00%,Rp0,Rp0,Rp0,0,0,0,0,0,0,0,0,Rp0,674,18,2.67%,0,0.00%,0.00%,628,16,2.55%,0,0.00%,0.00%
"Mesin Las ARC 200A Travo Las MMA 200A Bonchi Japan Technology Las baja karbon, baja ringan, stainless steel, dan besi.",1730933714190566909,GMV & produk terjual = 0,Aktif,Rp0,Rp0,Rp0,Rp0,Rp0,Rp0,Rp0,Rp0,Rp0,Rp0,Rp0,Rp0,Rp0,Rp0,Rp0,0,0,0,0,Rp0,8,0,0.00%,0,0.00%,0.00%,6,0,0.00%,0,0.00%,0.00%,Rp0,Rp0,Rp0,Rp0,Rp0,0,0,4,0,0,0,0.00%,0.00%,Rp0,0,Rp0,Rp0,Rp0,0,0,0,0,0,0,0,0,Rp0,0,0,0,0.00%,0,0.00%,0.00%,0,0,0.00%,0,0.00%,0.00%,Rp0,Rp0,Rp0,0,0,0,0,0,0,0,0,Rp0,0,0,0,0.00%,0,0.00%,0.00%,0,0,0.00%,0,0.00%,0.00%,Rp0,Rp0,Rp0,Rp0,Rp0,Rp0,Rp0,0,0,0,0,Rp0,0,0,0,0,0,0.00%,0,0.00%,0.00%,0,0,0.00%,0,0.00%,0.00%,0,0,0.00%,0,0.00%,0.00%,0,0,0.00%,0,0.00%,0.00%,0,0,0.00%,0,0.00%,0.00%,0,0,0.00%,0,0.00%,0.00%,Rp0,Rp0,Rp0,0,0,0,0,0,0,0,0,Rp0,8,0,0.00%,0,0.00%,0.00%,6,0,0.00%,0,0.00%,0.00%
"MAILTANK SH30 MESIN BOR 10MM BOLAK BALIK UNTUK BOR TEMBOK KAYU DAN BESI BOR LISTRIK MURAH ORIGINAL BONUS MATA BOR  SET Multifungsi,kayu,besi",1729806943422416381,GMV & produk terjual = 0,Nonaktif,Rp0,Rp0,Rp0,Rp0,Rp0,Rp0,Rp0,Rp0,Rp0,Rp0,Rp0,Rp0,Rp0,Rp0,Rp0,0,0,0,0,Rp0,5,0,0.00%,0,0.00%,0.00%,4,0,0.00%,0,0.00%,0.00%,Rp0,Rp0,Rp0,Rp0,Rp0,0,0,4,0,0,0,0.00%,0.00%,Rp0,0,Rp0,Rp0,Rp0,0,0,0,0,0,0,0,0,Rp0,0,0,0,0.00%,0,0.00%,0.00%,0,0,0.00%,0,0.00%,0.00%,Rp0,Rp0,Rp0,0,0,0,0,0,0,0,0,Rp0,0,0,0,0.00%,0,0.00%,0.00%,0,0,0.00%,0,0.00%,0.00%,Rp0,Rp0,Rp0,Rp0,Rp0,Rp0,Rp0,0,0,0,0,Rp0,0,0,0,0,0,0.00%,0,0.00%,0.00%,0,0,0.00%,0,0.00%,0.00%,0,0,0.00%,0,0.00%,0.00%,0,0,0.00%,0,0.00%,0.00%,0,0,0.00%,0,0.00%,0.00%,0,0,0.00%,0,0.00%,0.00%,Rp0,Rp0,Rp0,0,0,0,0,0,0,0,0,Rp0,5,0,0.00%,0,0.00%,0.00%,4,0,0.00%,0,0.00%,0.00%
MESIN Router Trimmer Mesin Profil Kayu 400w Kairos Wood Trimer Ukir BMC,1729765518099056125,GMV & produk terjual = 0,Aktif,Rp0,Rp0,Rp0,Rp0,Rp0,Rp0,Rp0,Rp0,Rp0,Rp0,Rp0,Rp0,Rp0,Rp0,Rp0,0,0,0,0,Rp0,5628,466,8.28%,4,0.86%,0.00%,4515,383,8.48%,3,0.78%,0.00%,Rp0,Rp0,Rp0,Rp0,Rp0,0,0,3402,263,215,0,7.73%,0.00%,Rp0,0,Rp0,Rp0,Rp0,0,0,0,0,0,0,0,0,Rp0,0,0,0,0.00%,0,0.00%,0.00%,0,0,0.00%,0,0.00%,0.00%,Rp0,Rp0,Rp0,0,0,0,0,0,0,0,0,Rp0,0,114,14,12.28%,0,0.00%,0.00%,95,13,13.68%,0,0.00%,0.00%,Rp0,Rp0,Rp0,Rp0,Rp0,Rp0,Rp0,0,0,0,0,Rp0,3,1,2,1861,168,9.03%,1,0.60%,0.00%,1564,129,8.25%,1,0.78%,0.00%,1,0,0.00%,0,0.00%,0.00%,1,0,0.00%,0,0.00%,0.00%,1769,167,9.44%,1,0.60%,0.00%,1482,128,8.64%,1,0.78%,0.00%,Rp0,Rp0,Rp0,0,0,0,0,0,0,0,0,Rp0,3653,284,7.77%,3,1.06%,0.00%,2935,243,8.28%,2,0.82%,0.00%
Marble Cutter / Pemotong Keramik Granit YUKIDO,1729643041898072573,GMV & produk terjual = 0,Nonaktif,Rp0,Rp0,Rp0,Rp0,Rp0,Rp0,Rp0,Rp0,Rp0,Rp0,Rp0,Rp0,Rp0,Rp0,Rp0,0,0,0,0,Rp0,7,0,0.00%,0,0.00%,0.00%,2,0,0.00%,0,0.00%,0.00%,Rp0,Rp0,Rp0,Rp0,Rp0,0,0,0,0,0,0,0.00%,0.00%,Rp0,0,Rp0,Rp0,Rp0,0,0,0,0,0,0,0,0,Rp0,0,0,0,0.00%,0,0.00%,0.00%,0,0,0.00%,0,0.00%,0.00%,Rp0,Rp0,Rp0,0,0,0,0,0,0,0,0,Rp0,0,0,0,0.00%,0,0.00%,0.00%,0,0,0.00%,0,0.00%,0.00%,Rp0,Rp0,Rp0,Rp0,Rp0,Rp0,Rp0,0,0,0,0,Rp0,0,0,0,0,0,0.00%,0,0.00%,0.00%,0,0,0.00%,0,0.00%,0.00%,0,0,0.00%,0,0.00%,0.00%,0,0,0.00%,0,0.00%,0.00%,0,0,0.00%,0,0.00%,0.00%,0,0,0.00%,0,0.00%,0.00%,Rp0,Rp0,Rp0,0,0,0,0,0,0,0,0,Rp0,7,0,0.00%,0,0.00%,0.00%,2,0,0.00%,0,0.00%,0.00%
YUKIDO MATA SOCK PEMBUKA BAUT RUSAK / IMPACT BOLT NUT REMOVER,1729652408919820797,GMV & produk terjual = 0,Aktif,Rp0,Rp0,Rp0,Rp0,Rp0,Rp0,Rp0,Rp0,Rp0,Rp0,Rp0,Rp0,Rp0,Rp0,Rp0,0,0,0,0,Rp0,3185,220,6.91%,3,1.36%,0.00%,2715,183,6.74%,3,1.64%,0.00%,Rp0,Rp0,Rp0,Rp0,Rp0,0,0,1697,126,102,0,7.42%,0.00%,Rp0,0,Rp0,Rp0,Rp0,0,0,0,0,0,0,0,0,Rp0,1,12,0,0.00%,0,0.00%,0.00%,11,0,0.00%,0,0.00%,0.00%,Rp0,Rp0,Rp0,0,0,0,0,0,0,0,0,Rp0,0,0,0,0.00%,0,0.00%,0.00%,0,0,0.00%,0,0.00%,0.00%,Rp0,Rp0,Rp0,Rp0,Rp0,Rp0,Rp0,0,0,0,0,Rp0,5,2,3,1556,116,7.46%,1,0.86%,0.00%,1247,94,7.54%,1,1.06%,0.00%,36,2,5.56%,0,0.00%,0.00%,34,2,5.88%,0,0.00%,0.00%,1428,110,7.70%,1,0.91%,0.00%,1134,88,7.76%,1,1.14%,0.00%,Rp0,Rp0,Rp0,0,0,0,0,0,0,0,0,Rp0,1617,104,6.43%,2,1.92%,0.00%,1472,92,6.25%,2,2.17%,0.00%
BONCH I Mesin Las Solder Listrik  Mesin Las Welding Mig 120A  Mesin Las Listrik Inverter,1733420217722701309,GMV & produk terjual = 0,Aktif,Rp0,Rp0,Rp0,Rp0,Rp0,Rp0,Rp0,Rp0,Rp0,Rp0,Rp0,Rp0,Rp0,Rp0,Rp0,0,0,0,0,Rp0,237,4,1.69%,0,0.00%,0.00%,210,4,1.90%,0,0.00%,0.00%,Rp0,Rp0,Rp0,Rp0,Rp0,0,0,75,0,0,0,0.00%,0.00%,Rp0,0,Rp0,Rp0,Rp0,0,0,0,0,0,0,0,0,Rp0,2,86,2,2.33%,0,0.00%,0.00%,75,2,2.67%,0,0.00%,0.00%,Rp0,Rp0,Rp0,0,0,0,0,0,0,0,0,Rp0,0,23,0,0.00%,0,0.00%,0.00%,18,0,0.00%,0,0.00%,0.00%,Rp0,Rp0,Rp0,Rp0,Rp0,Rp0,Rp0,0,0,0,0,Rp0,0,0,0,0,0,0.00%,0,0.00%,0.00%,0,0,0.00%,0,0.00%,0.00%,0,0,0.00%,0,0.00%,0.00%,0,0,0.00%,0,0.00%,0.00%,0,0,0.00%,0,0.00%,0.00%,0,0,0.00%,0,0.00%,0.00%,Rp0,Rp0,Rp0,0,0,0,0,0,0,0,0,Rp0,128,2,1.56%,0,0.00%,0.00%,117,2,1.71%,0,0.00%,0.00%
3 MESIN SET - Mesin Las MIG/MMA Bor Dinding Set Mata Bor dan Gerinda Sudut Angle Grinder Gurinda dan Mata Gerinda Gratis Kawat Las MIG,1732177742232389117,GMV & produk terjual = 0,Aktif,Rp0,Rp0,Rp0,Rp0,Rp0,Rp0,Rp0,Rp0,Rp0,Rp0,Rp0,Rp0,Rp0,Rp0,Rp0,0,0,0,0,Rp0,38,0,0.00%,0,0.00%,0.00%,29,0,0.00%,0,0.00%,0.00%,Rp0,Rp0,Rp0,Rp0,Rp0,0,0,18,0,0,0,0.00%,0.00%,Rp0,0,Rp0,Rp0,Rp0,0,0,0,0,0,0,0,0,Rp0,0,0,0,0.00%,0,0.00%,0.00%,0,0,0.00%,0,0.00%,0.00%,Rp0,Rp0,Rp0,0,0,0,0,0,0,0,0,Rp0,0,0,0,0.00%,0,0.00%,0.00%,0,0,0.00%,0,0.00%,0.00%,Rp0,Rp0,Rp0,Rp0,Rp0,Rp0,Rp0,0,0,0,0,Rp0,0,0,0,0,0,0.00%,0,0.00%,0.00%,0,0,0.00%,0,0.00%,0.00%,0,0,0.00%,0,0.00%,0.00%,0,0,0.00%,0,0.00%,0.00%,0,0,0.00%,0,0.00%,0.00%,0,0,0.00%,0,0.00%,0.00%,Rp0,Rp0,Rp0,0,0,0,0,0,0,0,0,Rp0,38,0,0.00%,0,0.00%,0.00%,29,0,0.00%,0,0.00%,0.00%
WELHOME Kompor Gas Griller panggangan / bakaran sosis / ayam /sate /ikan 50 cm plat stainless,1731406389110408701,GMV & produk terjual = 0,Nonaktif,Rp0,Rp0,Rp0,Rp0,Rp0,Rp0,Rp0,Rp0,Rp0,Rp0,Rp0,Rp0,Rp0,Rp0,Rp0,0,0,0,0,Rp0,12,0,0.00%,0,0.00%,0.00%,3,0,0.00%,0,0.00%,0.00%,Rp0,Rp0,Rp0,Rp0,Rp0,0,0,1,0,0,0,0.00%,0.00%,Rp0,0,Rp0,Rp0,Rp0,0,0,0,0,0,0,0,0,Rp0,0,0,0,0.00%,0,0.00%,0.00%,0,0,0.00%,0,0.00%,0.00%,Rp0,Rp0,Rp0,0,0,0,0,0,0,0,0,Rp0,0,0,0,0.00%,0,0.00%,0.00%,0,0,0.00%,0,0.00%,0.00%,Rp0,Rp0,Rp0,Rp0,Rp0,Rp0,Rp0,0,0,0,0,Rp0,0,0,0,10,0,0.00%,0,0.00%,0.00%,1,0,0.00%,0,0.00%,0.00%,0,0,0.00%,0,0.00%,0.00%,0,0,0.00%,0,0.00%,0.00%,10,0,0.00%,0,0.00%,0.00%,1,0,0.00%,0,0.00%,0.00%,Rp0,Rp0,Rp0,0,0,0,0,0,0,0,0,Rp0,2,0,0.00%,0,0.00%,0.00%,2,0,0.00%,0,0.00%,0.00%
YUKIDO RECOIL GX / STATER MESIN GX 160/200,1729641687035972093,GMV & produk terjual = 0,Aktif,Rp0,Rp0,Rp0,Rp0,Rp0,Rp0,Rp0,Rp0,Rp0,Rp0,Rp0,Rp0,Rp0,Rp0,Rp0,0,0,0,0,Rp0,6,0,0.00%,0,0.00%,0.00%,3,0,0.00%,0,0.00%,0.00%,Rp0,Rp0,Rp0,Rp0,Rp0,0,0,5,0,0,0,0.00%,0.00%,Rp0,0,Rp0,Rp0,Rp0,0,0,0,0,0,0,0,0,Rp0,0,0,0,0.00%,0,0.00%,0.00%,0,0,0.00%,0,0.00%,0.00%,Rp0,Rp0,Rp0,0,0,0,0,0,0,0,0,Rp0,0,0,0,0.00%,0,0.00%,0.00%,0,0,0.00%,0,0.00%,0.00%,Rp0,Rp0,Rp0,Rp0,Rp0,Rp0,Rp0,0,0,0,0,Rp0,0,0,0,0,0,0.00%,0,0.00%,0.00%,0,0,0.00%,0,0.00%,0.00%,0,0,0.00%,0,0.00%,0.00%,0,0,0.00%,0,0.00%,0.00%,0,0,0.00%,0,0.00%,0.00%,0,0,0.00%,0,0.00%,0.00%,Rp0,Rp0,Rp0,0,0,0,0,0,0,0,0,Rp0,6,0,0.00%,0,0.00%,0.00%,3,0,0.00%,0,0.00%,0.00%
"Mata Gerinda Poles Steinless Bahan Wool Polishing Wool 4""/ Batu Gerinda Poles 4 inch Untuk Batu Stainless",1730466656020694525,GMV & produk terjual = 0,Nonaktif,Rp0,Rp0,Rp0,Rp0,Rp0,Rp0,Rp0,Rp0,Rp0,Rp0,Rp0,Rp0,Rp0,Rp0,Rp0,0,0,0,0,Rp0,23,0,0.00%,0,0.00%,0.00%,13,0,0.00%,0,0.00%,0.00%,Rp0,Rp0,Rp0,Rp0,Rp0,0,0,16,0,0,0,0.00%,0.00%,Rp0,0,Rp0,Rp0,Rp0,0,0,0,0,0,0,0,0,Rp0,0,0,0,0.00%,0,0.00%,0.00%,0,0,0.00%,0,0.00%,0.00%,Rp0,Rp0,Rp0,0,0,0,0,0,0,0,0,Rp0,0,0,0,0.00%,0,0.00%,0.00%,0,0,0.00%,0,0.00%,0.00%,Rp0,Rp0,Rp0,Rp0,Rp0,Rp0,Rp0,0,0,0,0,Rp0,0,0,0,2,0,0.00%,0,0.00%,0.00%,1,0,0.00%,0,0.00%,0.00%,0,0,0.00%,0,0.00%,0.00%,0,0,0.00%,0,0.00%,0.00%,2,0,0.00%,0,0.00%,0.00%,1,0,0.00%,0,0.00%,0.00%,Rp0,Rp0,Rp0,0,0,0,0,0,0,0,0,Rp0,21,0,0.00%,0,0.00%,0.00%,12,0,0.00%,0,0.00%,0.00%
ELLKA FLARING TOOLS SET / PEMEKAR PIPA TEMBAGA / PIPA AC Cutter Rem,1729920386210761213,GMV & produk terjual = 0,Nonaktif,Rp0,Rp0,Rp0,Rp0,Rp0,Rp0,Rp0,Rp0,Rp0,Rp0,Rp0,Rp0,Rp0,Rp0,Rp0,0,0,0,0,Rp0,9,6,66.67%,0,0.00%,0.00%,6,1,16.67%,0,0.00%,0.00%,Rp0,Rp0,Rp0,Rp0,Rp0,0,0,6,0,0,0,0.00%,0.00%,Rp0,0,Rp0,Rp0,Rp0,0,0,0,0,0,0,0,0,Rp0,0,0,0,0.00%,0,0.00%,0.00%,0,0,0.00%,0,0.00%,0.00%,Rp0,Rp0,Rp0,0,0,0,0,0,0,0,0,Rp0,0,0,0,0.00%,0,0.00%,0.00%,0,0,0.00%,0,0.00%,0.00%,Rp0,Rp0,Rp0,Rp0,Rp0,Rp0,Rp0,0,0,0,0,Rp0,0,0,0,2,6,300.00%,0,0.00%,0.00%,1,1,100.00%,0,0.00%,0.00%,0,0,0.00%,0,0.00%,0.00%,0,0,0.00%,0,0.00%,0.00%,2,6,300.00%,0,0.00%,0.00%,1,1,100.00%,0,0.00%,0.00%,Rp0,Rp0,Rp0,0,0,0,0,0,0,0,0,Rp0,7,0,0.00%,0,0.00%,0.00%,5,0,0.00%,0,0.00%,0.00%
Tang Las Listrik Massa Yukido,1729642920941292029,GMV & produk terjual = 0,Aktif,Rp0,Rp0,Rp0,Rp0,Rp0,Rp0,Rp0,Rp0,Rp0,Rp0,Rp0,Rp0,Rp0,Rp0,Rp0,0,0,0,0,Rp0,403,3,0.74%,1,33.33%,0.00%,373,3,0.80%,1,33.33%,0.00%,Rp0,Rp0,Rp0,Rp0,Rp0,0,0,236,1,1,0,0.42%,0.00%,Rp0,0,Rp0,Rp0,Rp0,0,0,0,0,0,0,0,0,Rp0,0,0,0,0.00%,0,0.00%,0.00%,0,0,0.00%,0,0.00%,0.00%,Rp0,Rp0,Rp0,0,0,0,0,0,0,0,0,Rp0,0,0,0,0.00%,0,0.00%,0.00%,0,0,0.00%,0,0.00%,0.00%,Rp0,Rp0,Rp0,Rp0,Rp0,Rp0,Rp0,0,0,0,0,Rp0,0,0,0,1,0,0.00%,0,0.00%,0.00%,1,0,0.00%,0,0.00%,0.00%,0,0,0.00%,0,0.00%,0.00%,0,0,0.00%,0,0.00%,0.00%,0,0,0.00%,0,0.00%,0.00%,0,0,0.00%,0,0.00%,0.00%,Rp0,Rp0,Rp0,0,0,0,0,0,0,0,0,Rp0,402,3,0.75%,1,33.33%,0.00%,372,3,0.81%,1,33.33%,0.00%
PAKET STANG LAS STANG MASSA YUKIDO STANG LAS 200Ampre STANG MASSA 300Ampre/500Ampre PAKET  HEMAT HARGA TERMURAH,1730268976339518973,GMV & produk terjual = 0,Aktif,Rp0,Rp0,Rp0,Rp0,Rp0,Rp0,Rp0,Rp0,Rp0,Rp0,Rp0,Rp0,Rp0,Rp0,Rp0,0,0,0,0,Rp0,171,4,2.34%,0,0.00%,0.00%,165,4,2.42%,0,0.00%,0.00%,Rp0,Rp0,Rp0,Rp0,Rp0,0,0,72,2,2,0,2.78%,0.00%,Rp0,0,Rp0,Rp0,Rp0,0,0,0,0,0,0,0,0,Rp0,0,0,0,0.00%,0,0.00%,0.00%,0,0,0.00%,0,0.00%,0.00%,Rp0,Rp0,Rp0,0,0,0,0,0,0,0,0,Rp0,0,0,0,0.00%,0,0.00%,0.00%,0,0,0.00%,0,0.00%,0.00%,Rp0,Rp0,Rp0,Rp0,Rp0,Rp0,Rp0,0,0,0,0,Rp0,0,0,0,0,0,0.00%,0,0.00%,0.00%,0,0,0.00%,0,0.00%,0.00%,0,0,0.00%,0,0.00%,0.00%,0,0,0.00%,0,0.00%,0.00%,0,0,0.00%,0,0.00%,0.00%,0,0,0.00%,0,0.00%,0.00%,Rp0,Rp0,Rp0,0,0,0,0,0,0,0,0,Rp0,171,4,2.34%,0,0.00%,0.00%,165,4,2.42%,0,0.00%,0.00%
YUKIDO Adaptor Adapter Sambungan Mesin Bor Impact Wrench ke Screwdriver Baut,1729932815742306813,GMV & produk terjual = 0,Aktif,Rp0,Rp0,Rp0,Rp0,Rp0,Rp0,Rp0,Rp0,Rp0,Rp0,Rp0,Rp0,Rp0,Rp0,Rp0,0,0,0,0,Rp0,6,0,0.00%,0,0.00%,0.00%,3,0,0.00%,0,0.00%,0.00%,Rp0,Rp0,Rp0,Rp0,Rp0,0,0,6,0,0,0,0.00%,0.00%,Rp0,0,Rp0,Rp0,Rp0,0,0,0,0,0,0,0,0,Rp0,0,0,0,0.00%,0,0.00%,0.00%,0,0,0.00%,0,0.00%,0.00%,Rp0,Rp0,Rp0,0,0,0,0,0,0,0,0,Rp0,0,0,0,0.00%,0,0.00%,0.00%,0,0,0.00%,0,0.00%,0.00%,Rp0,Rp0,Rp0,Rp0,Rp0,Rp0,Rp0,0,0,0,0,Rp0,0,0,0,0,0,0.00%,0,0.00%,0.00%,0,0,0.00%,0,0.00%,0.00%,0,0,0.00%,0,0.00%,0.00%,0,0,0.00%,0,0.00%,0.00%,0,0,0.00%,0,0.00%,0.00%,0,0,0.00%,0,0.00%,0.00%,Rp0,Rp0,Rp0,0,0,0,0,0,0,0,0,Rp0,6,0,0.00%,0,0.00%,0.00%,3,0,0.00%,0,0.00%,0.00%
TERMURAH!!!  YUKIDO Mesin Bor Beton 13mm Electric Impact Drill,1729695694521928189,GMV & produk terjual = 0,Aktif,Rp0,Rp0,Rp0,Rp0,Rp0,Rp0,Rp0,Rp0,Rp0,Rp0,Rp0,Rp0,Rp0,Rp0,Rp0,0,0,0,0,Rp0,3,0,0.00%,0,0.00%,0.00%,2,0,0.00%,0,0.00%,0.00%,Rp0,Rp0,Rp0,Rp0,Rp0,0,0,0,0,0,0,0.00%,0.00%,Rp0,0,Rp0,Rp0,Rp0,0,0,0,0,0,0,0,0,Rp0,0,0,0,0.00%,0,0.00%,0.00%,0,0,0.00%,0,0.00%,0.00%,Rp0,Rp0,Rp0,0,0,0,0,0,0,0,0,Rp0,0,0,0,0.00%,0,0.00%,0.00%,0,0,0.00%,0,0.00%,0.00%,Rp0,Rp0,Rp0,Rp0,Rp0,Rp0,Rp0,0,0,0,0,Rp0,0,0,0,0,0,0.00%,0,0.00%,0.00%,0,0,0.00%,0,0.00%,0.00%,0,0,0.00%,0,0.00%,0.00%,0,0,0.00%,0,0.00%,0.00%,0,0,0.00%,0,0.00%,0.00%,0,0,0.00%,0,0.00%,0.00%,Rp0,Rp0,Rp0,0,0,0,0,0,0,0,0,Rp0,3,0,0.00%,0,0.00%,0.00%,2,0,0.00%,0,0.00%,0.00%
MESIN BOR LISTRIK KUSUKA BY FUJIYAMA 10 MM ELECTRIC DRILL KR 60 SET - KUSUKA 10MM,1729561137978574333,GMV & produk terjual = 0,Nonaktif,Rp0,Rp0,Rp0,Rp0,Rp0,Rp0,Rp0,Rp0,Rp0,Rp0,Rp0,Rp0,Rp0,Rp0,Rp0,0,0,0,0,Rp0,2,0,0.00%,0,0.00%,0.00%,2,0,0.00%,0,0.00%,0.00%,Rp0,Rp0,Rp0,Rp0,Rp0,0,0,2,0,0,0,0.00%,0.00%,Rp0,0,Rp0,Rp0,Rp0,0,0,0,0,0,0,0,0,Rp0,0,0,0,0.00%,0,0.00%,0.00%,0,0,0.00%,0,0.00%,0.00%,Rp0,Rp0,Rp0,0,0,0,0,0,0,0,0,Rp0,0,0,0,0.00%,0,0.00%,0.00%,0,0,0.00%,0,0.00%,0.00%,Rp0,Rp0,Rp0,Rp0,Rp0,Rp0,Rp0,0,0,0,0,Rp0,0,0,0,0,0,0.00%,0,0.00%,0.00%,0,0,0.00%,0,0.00%,0.00%,0,0,0.00%,0,0.00%,0.00%,0,0,0.00%,0,0.00%,0.00%,0,0,0.00%,0,0.00%,0.00%,0,0,0.00%,0,0.00%,0.00%,Rp0,Rp0,Rp0,0,0,0,0,0,0,0,0,Rp0,2,0,0.00%,0,0.00%,0.00%,2,0,0.00%,0,0.00%,0.00%
PAKET TANG KUPAS KABEL FREE TESPEN MERAH PAKET HEMATT ALAT KELISTRIKAN,1730235829962900989,GMV & produk terjual = 0,Aktif,Rp0,Rp0,Rp0,Rp0,Rp0,Rp0,Rp0,Rp0,Rp0,Rp0,Rp0,Rp0,Rp0,Rp0,Rp0,0,0,0,0,Rp0,1,0,0.00%,0,0.00%,0.00%,1,0,0.00%,0,0.00%,0.00%,Rp0,Rp0,Rp0,Rp0,Rp0,0,0,1,0,0,0,0.00%,0.00%,Rp0,0,Rp0,Rp0,Rp0,0,0,0,0,0,0,0,0,Rp0,0,0,0,0.00%,0,0.00%,0.00%,0,0,0.00%,0,0.00%,0.00%,Rp0,Rp0,Rp0,0,0,0,0,0,0,0,0,Rp0,0,0,0,0.00%,0,0.00%,0.00%,0,0,0.00%,0,0.00%,0.00%,Rp0,Rp0,Rp0,Rp0,Rp0,Rp0,Rp0,0,0,0,0,Rp0,0,0,0,0,0,0.00%,0,0.00%,0.00%,0,0,0.00%,0,0.00%,0.00%,0,0,0.00%,0,0.00%,0.00%,0,0,0.00%,0,0.00%,0.00%,0,0,0.00%,0,0.00%,0.00%,0,0,0.00%,0,0.00%,0.00%,Rp0,Rp0,Rp0,0,0,0,0,0,0,0,0,Rp0,1,0,0.00%,0,0.00%,0.00%,1,0,0.00%,0,0.00%,0.00%
[ GROSIR 10 SET ]Kapi Set 4 pcs Stainlees Set Iron Scraper Set Wilmer Kapi Dempul Baja Skrap Kapi Set isi 4 Paint,1731131551696979453,GMV & produk terjual = 0,Aktif,Rp0,Rp0,Rp0,Rp0,Rp0,Rp0,Rp0,Rp0,Rp0,Rp0,Rp0,Rp0,Rp0,Rp0,Rp0,0,0,0,0,Rp0,8,0,0.00%,0,0.00%,0.00%,1,0,0.00%,0,0.00%,0.00%,Rp0,Rp0,Rp0,Rp0,Rp0,0,0,5,0,0,0,0.00%,0.00%,Rp0,0,Rp0,Rp0,Rp0,0,0,0,0,0,0,0,0,Rp0,0,0,0,0.00%,0,0.00%,0.00%,0,0,0.00%,0,0.00%,0.00%,Rp0,Rp0,Rp0,0,0,0,0,0,0,0,0,Rp0,0,0,0,0.00%,0,0.00%,0.00%,0,0,0.00%,0,0.00%,0.00%,Rp0,Rp0,Rp0,Rp0,Rp0,Rp0,Rp0,0,0,0,0,Rp0,0,0,0,0,0,0.00%,0,0.00%,0.00%,0,0,0.00%,0,0.00%,0.00%,0,0,0.00%,0,0.00%,0.00%,0,0,0.00%,0,0.00%,0.00%,0,0,0.00%,0,0.00%,0.00%,0,0,0.00%,0,0.00%,0.00%,Rp0,Rp0,Rp0,0,0,0,0,0,0,0,0,Rp0,8,0,0.00%,0,0.00%,0.00%,1,0,0.00%,0,0.00%,0.00%
KLEM C SET 3 PCS PENJEPIT CATOK KAYU CLAMP C SET,1729701457079667197,GMV & produk terjual = 0,Aktif,Rp0,Rp0,Rp0,Rp0,Rp0,Rp0,Rp0,Rp0,Rp0,Rp0,Rp0,Rp0,Rp0,Rp0,Rp0,0,0,0,0,Rp0,10,0,0.00%,0,0.00%,0.00%,6,0,0.00%,0,0.00%,0.00%,Rp0,Rp0,Rp0,Rp0,Rp0,0,0,7,0,0,0,0.00%,0.00%,Rp0,0,Rp0,Rp0,Rp0,0,0,0,0,0,0,0,0,Rp0,0,0,0,0.00%,0,0.00%,0.00%,0,0,0.00%,0,0.00%,0.00%,Rp0,Rp0,Rp0,0,0,0,0,0,0,0,0,Rp0,0,0,0,0.00%,0,0.00%,0.00%,0,0,0.00%,0,0.00%,0.00%,Rp0,Rp0,Rp0,Rp0,Rp0,Rp0,Rp0,0,0,0,0,Rp0,0,0,0,2,0,0.00%,0,0.00%,0.00%,2,0,0.00%,0,0.00%,0.00%,0,0,0.00%,0,0.00%,0.00%,0,0,0.00%,0,0.00%,0.00%,2,0,0.00%,0,0.00%,0.00%,2,0,0.00%,0,0.00%,0.00%,Rp0,Rp0,Rp0,0,0,0,0,0,0,0,0,Rp0,8,0,0.00%,0,0.00%,0.00%,4,0,0.00%,0,0.00%,0.00%
Pisau Cutter Besar L500 Cutter Merah - Pemotong Kertas PVC Kardus Kater Pisau Cutter Blade,1731249217953039869,GMV & produk terjual = 0,Aktif,Rp0,Rp0,Rp0,Rp0,Rp0,Rp0,Rp0,Rp0,Rp0,Rp0,Rp0,Rp0,Rp0,Rp0,Rp0,0,0,0,0,Rp0,166,1,0.60%,0,0.00%,0.00%,157,1,0.64%,0,0.00%,0.00%,Rp0,Rp0,Rp0,Rp0,Rp0,0,0,102,1,1,0,0.98%,0.00%,Rp0,0,Rp0,Rp0,Rp0,0,0,0,0,0,0,0,0,Rp0,0,0,0,0.00%,0,0.00%,0.00%,0,0,0.00%,0,0.00%,0.00%,Rp0,Rp0,Rp0,0,0,0,0,0,0,0,0,Rp0,0,0,0,0.00%,0,0.00%,0.00%,0,0,0.00%,0,0.00%,0.00%,Rp0,Rp0,Rp0,Rp0,Rp0,Rp0,Rp0,0,0,0,0,Rp0,0,0,0,0,0,0.00%,0,0.00%,0.00%,0,0,0.00%,0,0.00%,0.00%,0,0,0.00%,0,0.00%,0.00%,0,0,0.00%,0,0.00%,0.00%,0,0,0.00%,0,0.00%,0.00%,0,0,0.00%,0,0.00%,0.00%,Rp0,Rp0,Rp0,0,0,0,0,0,0,0,0,Rp0,166,1,0.60%,0,0.00%,0.00%,157,1,0.64%,0,0.00%,0.00%
Mailtank SH-191 Mesin Bor Baterai 12V Cordless Drill 10mm Dapat 2 Baterai BONUS KOPER DAN SET MATA BOR,1729736487342081533,GMV & produk terjual = 0,Aktif,Rp0,Rp0,Rp0,Rp0,Rp0,Rp0,Rp0,Rp0,Rp0,Rp0,Rp0,Rp0,Rp0,Rp0,Rp0,0,0,0,0,Rp0,61,3,4.92%,0,0.00%,0.00%,54,3,5.56%,0,0.00%,0.00%,Rp0,Rp0,Rp0,Rp0,Rp0,0,0,49,2,2,0,4.08%,0.00%,Rp0,0,Rp0,Rp0,Rp0,0,0,0,0,0,0,0,0,Rp0,0,0,0,0.00%,0,0.00%,0.00%,0,0,0.00%,0,0.00%,0.00%,Rp0,Rp0,Rp0,0,0,0,0,0,0,0,0,Rp0,0,0,0,0.00%,0,0.00%,0.00%,0,0,0.00%,0,0.00%,0.00%,Rp0,Rp0,Rp0,Rp0,Rp0,Rp0,Rp0,0,0,0,0,Rp0,0,0,0,6,0,0.00%,0,0.00%,0.00%,6,0,0.00%,0,0.00%,0.00%,0,0,0.00%,0,0.00%,0.00%,0,0,0.00%,0,0.00%,0.00%,6,0,0.00%,0,0.00%,0.00%,6,0,0.00%,0,0.00%,0.00%,Rp0,Rp0,Rp0,0,0,0,0,0,0,0,0,Rp0,55,3,5.45%,0,0.00%,0.00%,49,3,6.12%,0,0.00%,0.00%
YUKIDO Tang Kombinasi 6 Inch 7 Inch Linesman Pliers,1729986728648280573,GMV & produk terjual = 0,Aktif,Rp0,Rp0,Rp0,Rp0,Rp0,Rp0,Rp0,Rp0,Rp0,Rp0,Rp0,Rp0,Rp0,Rp0,Rp0,0,0,0,0,Rp0,594,8,1.35%,0,0.00%,0.00%,549,8,1.46%,0,0.00%,0.00%,Rp0,Rp0,Rp0,Rp0,Rp0,0,0,341,5,5,0,1.47%,0.00%,Rp0,0,Rp0,Rp0,Rp0,0,0,0,0,0,0,0,0,Rp0,0,0,0,0.00%,0,0.00%,0.00%,0,0,0.00%,0,0.00%,0.00%,Rp0,Rp0,Rp0,0,0,0,0,0,0,0,0,Rp0,0,0,0,0.00%,0,0.00%,0.00%,0,0,0.00%,0,0.00%,0.00%,Rp0,Rp0,Rp0,Rp0,Rp0,Rp0,Rp0,0,0,0,0,Rp0,0,0,0,0,0,0.00%,0,0.00%,0.00%,0,0,0.00%,0,0.00%,0.00%,0,0,0.00%,0,0.00%,0.00%,0,0,0.00%,0,0.00%,0.00%,0,0,0.00%,0,0.00%,0.00%,0,0,0.00%,0,0.00%,0.00%,Rp0,Rp0,Rp0,0,0,0,0,0,0,0,0,Rp0,594,8,1.35%,0,0.00%,0.00%,538,8,1.49%,0,0.00%,0.00%
YUKIDO Pompa Minyak Stanlis DC 12Volt Electrik Diesel Transfer Pump Solar Oil Pump 50L/Min,1729643536509274621,GMV & produk terjual = 0,Aktif,Rp0,Rp0,Rp0,Rp0,Rp0,Rp0,Rp0,Rp0,Rp0,Rp0,Rp0,Rp0,Rp0,Rp0,Rp0,0,0,0,0,Rp0,1,0,0.00%,0,0.00%,0.00%,1,0,0.00%,0,0.00%,0.00%,Rp0,Rp0,Rp0,Rp0,Rp0,0,0,1,0,0,0,0.00%,0.00%,Rp0,0,Rp0,Rp0,Rp0,0,0,0,0,0,0,0,0,Rp0,0,0,0,0.00%,0,0.00%,0.00%,0,0,0.00%,0,0.00%,0.00%,Rp0,Rp0,Rp0,0,0,0,0,0,0,0,0,Rp0,0,0,0,0.00%,0,0.00%,0.00%,0,0,0.00%,0,0.00%,0.00%,Rp0,Rp0,Rp0,Rp0,Rp0,Rp0,Rp0,0,0,0,0,Rp0,0,0,0,0,0,0.00%,0,0.00%,0.00%,0,0,0.00%,0,0.00%,0.00%,0,0,0.00%,0,0.00%,0.00%,0,0,0.00%,0,0.00%,0.00%,0,0,0.00%,0,0.00%,0.00%,0,0,0.00%,0,0.00%,0.00%,Rp0,Rp0,Rp0,0,0,0,0,0,0,0,0,Rp0,1,0,0.00%,0,0.00%,0.00%,1,0,0.00%,0,0.00%,0.00%
"Paket lengkap / Tekiro Alat Pompa / Kepala Isi Angin 6"" - Air Chuck 6 Inch + Air Duster Gun Tekiro Alat Semprot Angin Tekiro COD",1729748536325146109,GMV & produk terjual = 0,Aktif,Rp0,Rp0,Rp0,Rp0,Rp0,Rp0,Rp0,Rp0,Rp0,Rp0,Rp0,Rp0,Rp0,Rp0,Rp0,0,0,0,0,Rp0,349,18,5.16%,1,5.56%,0.00%,303,14,4.62%,1,7.14%,0.00%,Rp0,Rp0,Rp0,Rp0,Rp0,0,0,193,9,6,0,4.66%,0.00%,Rp0,0,Rp0,Rp0,Rp0,0,0,0,0,0,0,0,0,Rp0,0,0,0,0.00%,0,0.00%,0.00%,0,0,0.00%,0,0.00%,0.00%,Rp0,Rp0,Rp0,0,0,0,0,0,0,0,0,Rp0,0,0,0,0.00%,0,0.00%,0.00%,0,0,0.00%,0,0.00%,0.00%,Rp0,Rp0,Rp0,Rp0,Rp0,Rp0,Rp0,0,0,0,0,Rp0,0,0,0,60,3,5.00%,0,0.00%,0.00%,41,3,7.32%,0,0.00%,0.00%,0,0,0.00%,0,0.00%,0.00%,0,0,0.00%,0,0.00%,0.00%,59,3,5.08%,0,0.00%,0.00%,40,3,7.50%,0,0.00%,0.00%,Rp0,Rp0,Rp0,0,0,0,0,0,0,0,0,Rp0,289,15,5.19%,1,6.67%,0.00%,267,11,4.12%,1,9.09%,0.00%
YUKIDO Mesin Gerinda Tangan Baterai 48V Cordless Brushless Free Koper Gerinda Tangan Tanpa Kabel,1729643520634161661,GMV & produk terjual = 0,Aktif,Rp0,Rp0,Rp0,Rp0,Rp0,Rp0,Rp0,Rp0,Rp0,Rp0,Rp0,Rp0,Rp0,Rp0,Rp0,0,0,0,0,Rp0,1384,29,2.10%,0,0.00%,0.00%,1266,28,2.21%,0,0.00%,0.00%,Rp0,Rp0,Rp0,Rp0,Rp0,0,0,612,9,9,0,1.47%,0.00%,Rp0,0,Rp0,Rp0,Rp0,0,0,0,0,0,0,0,0,Rp0,0,1,0,0.00%,0,0.00%,0.00%,1,0,0.00%,0,0.00%,0.00%,Rp0,Rp0,Rp0,0,0,0,0,0,0,0,0,Rp0,0,149,4,2.68%,0,0.00%,0.00%,131,4,3.05%,0,0.00%,0.00%,Rp0,Rp0,Rp0,Rp0,Rp0,Rp0,Rp0,0,0,0,0,Rp0,0,0,0,5,0,0.00%,0,0.00%,0.00%,5,0,0.00%,0,0.00%,0.00%,0,0,0.00%,0,0.00%,0.00%,0,0,0.00%,0,0.00%,0.00%,2,0,0.00%,0,0.00%,0.00%,2,0,0.00%,0,0.00%,0.00%,Rp0,Rp0,Rp0,0,0,0,0,0,0,0,0,Rp0,1229,25,2.03%,0,0.00%,0.00%,1108,24,2.17%,0,0.00%,0.00%
"Ratchet Handle Iwa Gagang rachet 1/2 x 10"" Stang Mata Socket Ratchet",1729992715060349437,GMV & produk terjual = 0,Aktif,Rp0,Rp0,Rp0,Rp0,Rp0,Rp0,Rp0,Rp0,Rp0,Rp0,Rp0,Rp0,Rp0,Rp0,Rp0,0,0,0,0,Rp0,865,11,1.27%,0,0.00%,0.00%,779,10,1.28%,0,0.00%,0.00%,Rp0,Rp0,Rp0,Rp0,Rp0,0,0,472,7,6,0,1.48%,0.00%,Rp0,0,Rp0,Rp0,Rp0,0,0,0,0,0,0,0,0,Rp0,0,0,0,0.00%,0,0.00%,0.00%,0,0,0.00%,0,0.00%,0.00%,Rp0,Rp0,Rp0,0,0,0,0,0,0,0,0,Rp0,0,1,0,0.00%,0,0.00%,0.00%,1,0,0.00%,0,0.00%,0.00%,Rp0,Rp0,Rp0,Rp0,Rp0,Rp0,Rp0,0,0,0,0,Rp0,1,0,1,53,1,1.89%,0,0.00%,0.00%,17,1,5.88%,0,0.00%,0.00%,0,0,0.00%,0,0.00%,0.00%,0,0,0.00%,0,0.00%,0.00%,53,1,1.89%,0,0.00%,0.00%,17,1,5.88%,0,0.00%,0.00%,Rp0,Rp0,Rp0,0,0,0,0,0,0,0,0,Rp0,811,10,1.23%,0,0.00%,0.00%,757,9,1.19%,0,0.00%,0.00%
Yukido Adapter Bor Cover Saw Sambungan Bor Menjadi Gergaji,1729643070585080317,GMV & produk terjual = 0,Nonaktif,Rp0,Rp0,Rp0,Rp0,Rp0,Rp0,Rp0,Rp0,Rp0,Rp0,Rp0,Rp0,Rp0,Rp0,Rp0,0,0,0,0,Rp0,13,0,0.00%,0,0.00%,0.00%,6,0,0.00%,0,0.00%,0.00%,Rp0,Rp0,Rp0,Rp0,Rp0,0,0,12,0,0,0,0.00%,0.00%,Rp0,0,Rp0,Rp0,Rp0,0,0,0,0,0,0,0,0,Rp0,0,0,0,0.00%,0,0.00%,0.00%,0,0,0.00%,0,0.00%,0.00%,Rp0,Rp0,Rp0,0,0,0,0,0,0,0,0,Rp0,0,0,0,0.00%,0,0.00%,0.00%,0,0,0.00%,0,0.00%,0.00%,Rp0,Rp0,Rp0,Rp0,Rp0,Rp0,Rp0,0,0,0,0,Rp0,0,0,0,0,0,0.00%,0,0.00%,0.00%,0,0,0.00%,0,0.00%,0.00%,0,0,0.00%,0,0.00%,0.00%,0,0,0.00%,0,0.00%,0.00%,0,0,0.00%,0,0.00%,0.00%,0,0,0.00%,0,0.00%,0.00%,Rp0,Rp0,Rp0,0,0,0,0,0,0,0,0,Rp0,13,0,0.00%,0,0.00%,0.00%,6,0,0.00%,0,0.00%,0.00%
Ellka Tespen Aki DC Motor Mobil Kendaraan Tespen Kabel DC 6-24 V Eco,1730228058512918013,GMV & produk terjual = 0,Nonaktif,Rp0,Rp0,Rp0,Rp0,Rp0,Rp0,Rp0,Rp0,Rp0,Rp0,Rp0,Rp0,Rp0,Rp0,Rp0,0,0,0,0,Rp0,10,0,0.00%,0,0.00%,0.00%,7,0,0.00%,0,0.00%,0.00%,Rp0,Rp0,Rp0,Rp0,Rp0,0,0,8,0,0,0,0.00%,0.00%,Rp0,0,Rp0,Rp0,Rp0,0,0,0,0,0,0,0,0,Rp0,0,0,0,0.00%,0,0.00%,0.00%,0,0,0.00%,0,0.00%,0.00%,Rp0,Rp0,Rp0,0,0,0,0,0,0,0,0,Rp0,0,0,0,0.00%,0,0.00%,0.00%,0,0,0.00%,0,0.00%,0.00%,Rp0,Rp0,Rp0,Rp0,Rp0,Rp0,Rp0,0,0,0,0,Rp0,0,0,0,2,0,0.00%,0,0.00%,0.00%,2,0,0.00%,0,0.00%,0.00%,0,0,0.00%,0,0.00%,0.00%,0,0,0.00%,0,0.00%,0.00%,2,0,0.00%,0,0.00%,0.00%,2,0,0.00%,0,0.00%,0.00%,Rp0,Rp0,Rp0,0,0,0,0,0,0,0,0,Rp0,8,0,0.00%,0,0.00%,0.00%,5,0,0.00%,0,0.00%,0.00%
MDON MESIN LAS MIG MMA 120 A WELDING MACHINE TERMURAH,1729560953851774461,GMV & produk terjual = 0,Nonaktif,Rp0,Rp0,Rp0,Rp0,Rp0,Rp0,Rp0,Rp0,Rp0,Rp0,Rp0,Rp0,Rp0,Rp0,Rp0,0,0,0,0,Rp0,3,0,0.00%,0,0.00%,0.00%,3,0,0.00%,0,0.00%,0.00%,Rp0,Rp0,Rp0,Rp0,Rp0,0,0,1,0,0,0,0.00%,0.00%,Rp0,0,Rp0,Rp0,Rp0,0,0,0,0,0,0,0,0,Rp0,0,0,0,0.00%,0,0.00%,0.00%,0,0,0.00%,0,0.00%,0.00%,Rp0,Rp0,Rp0,0,0,0,0,0,0,0,0,Rp0,0,0,0,0.00%,0,0.00%,0.00%,0,0,0.00%,0,0.00%,0.00%,Rp0,Rp0,Rp0,Rp0,Rp0,Rp0,Rp0,0,0,0,0,Rp0,0,0,0,2,0,0.00%,0,0.00%,0.00%,2,0,0.00%,0,0.00%,0.00%,0,0,0.00%,0,0.00%,0.00%,0,0,0.00%,0,0.00%,0.00%,2,0,0.00%,0,0.00%,0.00%,2,0,0.00%,0,0.00%,0.00%,Rp0,Rp0,Rp0,0,0,0,0,0,0,0,0,Rp0,1,0,0.00%,0,0.00%,0.00%,1,0,0.00%,0,0.00%,0.00%
Adaptor Sambungan Chainsaw - Gerinda Menjadi Gergaji Chainsaw Senso Gurinda,1729675569059564029,GMV & produk terjual = 0,Aktif,Rp0,Rp0,Rp0,Rp0,Rp0,Rp0,Rp0,Rp0,Rp0,Rp0,Rp0,Rp0,Rp0,Rp0,Rp0,0,0,0,0,Rp0,61,3,4.92%,0,0.00%,0.00%,52,3,5.77%,0,0.00%,0.00%,Rp0,Rp0,Rp0,Rp0,Rp0,0,0,40,2,2,0,5.00%,0.00%,Rp0,0,Rp0,Rp0,Rp0,0,0,0,0,0,0,0,0,Rp0,0,0,0,0.00%,0,0.00%,0.00%,0,0,0.00%,0,0.00%,0.00%,Rp0,Rp0,Rp0,0,0,0,0,0,0,0,0,Rp0,0,1,0,0.00%,0,0.00%,0.00%,1,0,0.00%,0,0.00%,0.00%,Rp0,Rp0,Rp0,Rp0,Rp0,Rp0,Rp0,0,0,0,0,Rp0,0,0,0,32,3,9.38%,0,0.00%,0.00%,26,3,11.54%,0,0.00%,0.00%,0,0,0.00%,0,0.00%,0.00%,0,0,0.00%,0,0.00%,0.00%,32,3,9.38%,0,0.00%,0.00%,26,3,11.54%,0,0.00%,0.00%,Rp0,Rp0,Rp0,0,0,0,0,0,0,0,0,Rp0,28,0,0.00%,0,0.00%,0.00%,25,0,0.00%,0,0.00%,0.00%
YUKIDO + GRATIS KAOS YUKIDO RANDOM JET CLEANER STEAM MOTOR / MOBIL Car Dinamo,1729641737602501117,GMV & produk terjual = 0,Aktif,Rp0,Rp0,Rp0,Rp0,Rp0,Rp0,Rp0,Rp0,Rp0,Rp0,Rp0,Rp0,Rp0,Rp0,Rp0,0,0,0,0,Rp0,6,3,50.00%,0,0.00%,0.00%,4,2,50.00%,0,0.00%,0.00%,Rp0,Rp0,Rp0,Rp0,Rp0,0,0,4,3,2,0,75.00%,0.00%,Rp0,0,Rp0,Rp0,Rp0,0,0,0,0,0,0,0,0,Rp0,0,0,0,0.00%,0,0.00%,0.00%,0,0,0.00%,0,0.00%,0.00%,Rp0,Rp0,Rp0,0,0,0,0,0,0,0,0,Rp0,0,0,0,0.00%,0,0.00%,0.00%,0,0,0.00%,0,0.00%,0.00%,Rp0,Rp0,Rp0,Rp0,Rp0,Rp0,Rp0,0,0,0,0,Rp0,0,0,0,0,0,0.00%,0,0.00%,0.00%,0,0,0.00%,0,0.00%,0.00%,0,0,0.00%,0,0.00%,0.00%,0,0,0.00%,0,0.00%,0.00%,0,0,0.00%,0,0.00%,0.00%,0,0,0.00%,0,0.00%,0.00%,Rp0,Rp0,Rp0,0,0,0,0,0,0,0,0,Rp0,6,3,50.00%,0,0.00%,0.00%,4,2,50.00%,0,0.00%,0.00%
"Kunci Shocket Set Lengkap Wrench 46pcs (1/4"") Full Lengkap Socket Tool Kit Pas Ring Motor Mobil",1730985716664403453,GMV & produk terjual = 0,Nonaktif,Rp0,Rp0,Rp0,Rp0,Rp0,Rp0,Rp0,Rp0,Rp0,Rp0,Rp0,Rp0,Rp0,Rp0,Rp0,0,0,0,0,Rp0,15,0,0.00%,0,0.00%,0.00%,11,0,0.00%,0,0.00%,0.00%,Rp0,Rp0,Rp0,Rp0,Rp0,0,0,10,0,0,0,0.00%,0.00%,Rp0,0,Rp0,Rp0,Rp0,0,0,0,0,0,0,0,0,Rp0,0,0,0,0.00%,0,0.00%,0.00%,0,0,0.00%,0,0.00%,0.00%,Rp0,Rp0,Rp0,0,0,0,0,0,0,0,0,Rp0,0,0,0,0.00%,0,0.00%,0.00%,0,0,0.00%,0,0.00%,0.00%,Rp0,Rp0,Rp0,Rp0,Rp0,Rp0,Rp0,0,0,0,0,Rp0,0,0,0,0,0,0.00%,0,0.00%,0.00%,0,0,0.00%,0,0.00%,0.00%,0,0,0.00%,0,0.00%,0.00%,0,0,0.00%,0,0.00%,0.00%,0,0,0.00%,0,0.00%,0.00%,0,0,0.00%,0,0.00%,0.00%,Rp0,Rp0,Rp0,0,0,0,0,0,0,0,0,Rp0,15,0,0.00%,0,0.00%,0.00%,11,0,0.00%,0,0.00%,0.00%
TOPMAX GLUE GUN 20W / LEM TEMBAK FREE ISI REFIL 10PCS HOT MELT GLUE GUN,1729650800916531709,GMV & produk terjual = 0,Nonaktif,Rp0,Rp0,Rp0,Rp0,Rp0,Rp0,Rp0,Rp0,Rp0,Rp0,Rp0,Rp0,Rp0,Rp0,Rp0,0,0,0,0,Rp0,3,0,0.00%,0,0.00%,0.00%,3,0,0.00%,0,0.00%,0.00%,Rp0,Rp0,Rp0,Rp0,Rp0,0,0,1,0,0,0,0.00%,0.00%,Rp0,0,Rp0,Rp0,Rp0,0,0,0,0,0,0,0,0,Rp0,0,0,0,0.00%,0,0.00%,0.00%,0,0,0.00%,0,0.00%,0.00%,Rp0,Rp0,Rp0,0,0,0,0,0,0,0,0,Rp0,0,0,0,0.00%,0,0.00%,0.00%,0,0,0.00%,0,0.00%,0.00%,Rp0,Rp0,Rp0,Rp0,Rp0,Rp0,Rp0,0,0,0,0,Rp0,0,0,0,1,0,0.00%,0,0.00%,0.00%,1,0,0.00%,0,0.00%,0.00%,0,0,0.00%,0,0.00%,0.00%,0,0,0.00%,0,0.00%,0.00%,1,0,0.00%,0,0.00%,0.00%,1,0,0.00%,0,0.00%,0.00%,Rp0,Rp0,Rp0,0,0,0,0,0,0,0,0,Rp0,2,0,0.00%,0,0.00%,0.00%,2,0,0.00%,0,0.00%,0.00%
YUKIDO PEMOTONG RUMPUT 2 BATRAI CORDLESS 48 V,1729655365017176573,GMV & produk terjual = 0,Aktif,Rp0,Rp0,Rp0,Rp0,Rp0,Rp0,Rp0,Rp0,Rp0,Rp0,Rp0,Rp0,Rp0,Rp0,Rp0,0,0,0,0,Rp0,6,0,0.00%,0,0.00%,0.00%,5,0,0.00%,0,0.00%,0.00%,Rp0,Rp0,Rp0,Rp0,Rp0,0,0,4,0,0,0,0.00%,0.00%,Rp0,0,Rp0,Rp0,Rp0,0,0,0,0,0,0,0,0,Rp0,0,0,0,0.00%,0,0.00%,0.00%,0,0,0.00%,0,0.00%,0.00%,Rp0,Rp0,Rp0,0,0,0,0,0,0,0,0,Rp0,0,0,0,0.00%,0,0.00%,0.00%,0,0,0.00%,0,0.00%,0.00%,Rp0,Rp0,Rp0,Rp0,Rp0,Rp0,Rp0,0,0,0,0,Rp0,0,0,0,0,0,0.00%,0,0.00%,0.00%,0,0,0.00%,0,0.00%,0.00%,0,0,0.00%,0,0.00%,0.00%,0,0,0.00%,0,0.00%,0.00%,0,0,0.00%,0,0.00%,0.00%,0,0,0.00%,0,0.00%,0.00%,Rp0,Rp0,Rp0,0,0,0,0,0,0,0,0,Rp0,6,0,0.00%,0,0.00%,0.00%,5,0,0.00%,0,0.00%,0.00%
YUKIDO SPRAY GUN K3 ALAT SEMPROT CAT MINI SPEED DUCO K3,1729671877779098109,GMV & produk terjual = 0,Aktif,Rp0,Rp0,Rp0,Rp0,Rp0,Rp0,Rp0,Rp0,Rp0,Rp0,Rp0,Rp0,Rp0,Rp0,Rp0,0,0,0,0,Rp0,1,0,0.00%,0,0.00%,0.00%,1,0,0.00%,0,0.00%,0.00%,Rp0,Rp0,Rp0,Rp0,Rp0,0,0,1,0,0,0,0.00%,0.00%,Rp0,0,Rp0,Rp0,Rp0,0,0,0,0,0,0,0,0,Rp0,0,0,0,0.00%,0,0.00%,0.00%,0,0,0.00%,0,0.00%,0.00%,Rp0,Rp0,Rp0,0,0,0,0,0,0,0,0,Rp0,0,0,0,0.00%,0,0.00%,0.00%,0,0,0.00%,0,0.00%,0.00%,Rp0,Rp0,Rp0,Rp0,Rp0,Rp0,Rp0,0,0,0,0,Rp0,0,0,0,0,0,0.00%,0,0.00%,0.00%,0,0,0.00%,0,0.00%,0.00%,0,0,0.00%,0,0.00%,0.00%,0,0,0.00%,0,0.00%,0.00%,0,0,0.00%,0,0.00%,0.00%,0,0,0.00%,0,0.00%,0.00%,Rp0,Rp0,Rp0,0,0,0,0,0,0,0,0,Rp0,1,0,0.00%,0,0.00%,0.00%,1,0,0.00%,0,0.00%,0.00%
TEKIRO Kunci Socket Set 21 PCS Mata Shock 6 PT (4-19MM) 1/4In - 3/8In,1729668394991977981,GMV & produk terjual = 0,Aktif,Rp0,Rp0,Rp0,Rp0,Rp0,Rp0,Rp0,Rp0,Rp0,Rp0,Rp0,Rp0,Rp0,Rp0,Rp0,0,0,0,0,Rp0,14,0,0.00%,0,0.00%,0.00%,2,0,0.00%,0,0.00%,0.00%,Rp0,Rp0,Rp0,Rp0,Rp0,0,0,11,0,0,0,0.00%,0.00%,Rp0,0,Rp0,Rp0,Rp0,0,0,0,0,0,0,0,0,Rp0,0,0,0,0.00%,0,0.00%,0.00%,0,0,0.00%,0,0.00%,0.00%,Rp0,Rp0,Rp0,0,0,0,0,0,0,0,0,Rp0,0,0,0,0.00%,0,0.00%,0.00%,0,0,0.00%,0,0.00%,0.00%,Rp0,Rp0,Rp0,Rp0,Rp0,Rp0,Rp0,0,0,0,0,Rp0,0,0,0,0,0,0.00%,0,0.00%,0.00%,0,0,0.00%,0,0.00%,0.00%,0,0,0.00%,0,0.00%,0.00%,0,0,0.00%,0,0.00%,0.00%,0,0,0.00%,0,0.00%,0.00%,0,0,0.00%,0,0.00%,0.00%,Rp0,Rp0,Rp0,0,0,0,0,0,0,0,0,Rp0,14,0,0.00%,0,0.00%,0.00%,2,0,0.00%,0,0.00%,0.00%
Makita Mesin Bor Tangan Listrik M 0600 B 400W 10MM Driver Drill M0600B Maktec MT 60,1733532403843040765,GMV & produk terjual = 0,Aktif,Rp0,Rp0,Rp0,Rp0,Rp0,Rp0,Rp0,Rp0,Rp0,Rp0,Rp0,Rp0,Rp0,Rp0,Rp0,0,0,0,0,Rp0,252,16,6.35%,0,0.00%,0.00%,188,12,6.38%,0,0.00%,0.00%,Rp0,Rp0,Rp0,Rp0,Rp0,0,0,185,14,10,0,7.57%,0.00%,Rp0,0,Rp0,Rp0,Rp0,0,0,0,0,0,0,0,0,Rp0,0,1,0,0.00%,0,0.00%,0.00%,1,0,0.00%,0,0.00%,0.00%,Rp0,Rp0,Rp0,0,0,0,0,0,0,0,0,Rp0,0,0,0,0.00%,0,0.00%,0.00%,0,0,0.00%,0,0.00%,0.00%,Rp0,Rp0,Rp0,Rp0,Rp0,Rp0,Rp0,0,0,0,0,Rp0,0,0,0,123,10,8.13%,0,0.00%,0.00%,95,7,7.37%,0,0.00%,0.00%,0,0,0.00%,0,0.00%,0.00%,0,0,0.00%,0,0.00%,0.00%,118,10,8.47%,0,0.00%,0.00%,93,7,7.53%,0,0.00%,0.00%,Rp0,Rp0,Rp0,0,0,0,0,0,0,0,0,Rp0,128,6,4.69%,0,0.00%,0.00%,96,5,5.21%,0,0.00%,0.00%
4PCS Roda PVC Hidup 1.5 Inch Roda Kastor Caster Etelase Gerobak Trolley Troli,1729587264888866301,GMV & produk terjual = 0,Nonaktif,Rp0,Rp0,Rp0,Rp0,Rp0,Rp0,Rp0,Rp0,Rp0,Rp0,Rp0,Rp0,Rp0,Rp0,Rp0,0,0,0,0,Rp0,1,0,0.00%,0,0.00%,0.00%,1,0,0.00%,0,0.00%,0.00%,Rp0,Rp0,Rp0,Rp0,Rp0,0,0,1,0,0,0,0.00%,0.00%,Rp0,0,Rp0,Rp0,Rp0,0,0,0,0,0,0,0,0,Rp0,0,0,0,0.00%,0,0.00%,0.00%,0,0,0.00%,0,0.00%,0.00%,Rp0,Rp0,Rp0,0,0,0,0,0,0,0,0,Rp0,0,0,0,0.00%,0,0.00%,0.00%,0,0,0.00%,0,0.00%,0.00%,Rp0,Rp0,Rp0,Rp0,Rp0,Rp0,Rp0,0,0,0,0,Rp0,0,0,0,0,0,0.00%,0,0.00%,0.00%,0,0,0.00%,0,0.00%,0.00%,0,0,0.00%,0,0.00%,0.00%,0,0,0.00%,0,0.00%,0.00%,0,0,0.00%,0,0.00%,0.00%,0,0,0.00%,0,0.00%,0.00%,Rp0,Rp0,Rp0,0,0,0,0,0,0,0,0,Rp0,1,0,0.00%,0,0.00%,0.00%,1,0,0.00%,0,0.00%,0.00%
YUKIDO Bor Baterai 36V 13MM Set Tool Kit - Cordless Drill 36V Set 2 Battery,1729634975444404733,GMV & produk terjual = 0,Aktif,Rp0,Rp0,Rp0,Rp0,Rp0,Rp0,Rp0,Rp0,Rp0,Rp0,Rp0,Rp0,Rp0,Rp0,Rp0,0,0,0,0,Rp0,11,1,9.09%,0,0.00%,0.00%,5,1,20.00%,0,0.00%,0.00%,Rp0,Rp0,Rp0,Rp0,Rp0,0,0,9,1,1,0,11.11%,0.00%,Rp0,0,Rp0,Rp0,Rp0,0,0,0,0,0,0,0,0,Rp0,0,0,0,0.00%,0,0.00%,0.00%,0,0,0.00%,0,0.00%,0.00%,Rp0,Rp0,Rp0,0,0,0,0,0,0,0,0,Rp0,0,0,0,0.00%,0,0.00%,0.00%,0,0,0.00%,0,0.00%,0.00%,Rp0,Rp0,Rp0,Rp0,Rp0,Rp0,Rp0,0,0,0,0,Rp0,0,0,0,0,0,0.00%,0,0.00%,0.00%,0,0,0.00%,0,0.00%,0.00%,0,0,0.00%,0,0.00%,0.00%,0,0,0.00%,0,0.00%,0.00%,0,0,0.00%,0,0.00%,0.00%,0,0,0.00%,0,0.00%,0.00%,Rp0,Rp0,Rp0,0,0,0,0,0,0,0,0,Rp0,11,1,9.09%,0,0.00%,0.00%,5,1,20.00%,0,0.00%,0.00%
YUKIDO AIR CHUK Alat Pengisi Angin Ban / Air Tire Chuck Alat Pengisi Isi Angin Ban Sepeda Motor Mobil,1730450449059841533,GMV & produk terjual = 0,Aktif,Rp0,Rp0,Rp0,Rp0,Rp0,Rp0,Rp0,Rp0,Rp0,Rp0,Rp0,Rp0,Rp0,Rp0,Rp0,0,0,0,0,Rp0,1,0,0.00%,0,0.00%,0.00%,1,0,0.00%,0,0.00%,0.00%,Rp0,Rp0,Rp0,Rp0,Rp0,0,0,1,0,0,0,0.00%,0.00%,Rp0,0,Rp0,Rp0,Rp0,0,0,0,0,0,0,0,0,Rp0,0,0,0,0.00%,0,0.00%,0.00%,0,0,0.00%,0,0.00%,0.00%,Rp0,Rp0,Rp0,0,0,0,0,0,0,0,0,Rp0,0,0,0,0.00%,0,0.00%,0.00%,0,0,0.00%,0,0.00%,0.00%,Rp0,Rp0,Rp0,Rp0,Rp0,Rp0,Rp0,0,0,0,0,Rp0,0,0,0,0,0,0.00%,0,0.00%,0.00%,0,0,0.00%,0,0.00%,0.00%,0,0,0.00%,0,0.00%,0.00%,0,0,0.00%,0,0.00%,0.00%,0,0,0.00%,0,0.00%,0.00%,0,0,0.00%,0,0.00%,0.00%,Rp0,Rp0,Rp0,0,0,0,0,0,0,0,0,Rp0,1,0,0.00%,0,0.00%,0.00%,1,0,0.00%,0,0.00%,0.00%
Kunci Filter Oli Model Sabuk 8 Inch -Oil Filter Belt Kunci Oli Filter Kulit Sabuk Wrench Belt 8 Inch - 7604,1729718258686395901,GMV & produk terjual = 0,Aktif,Rp0,Rp0,Rp0,Rp0,Rp0,Rp0,Rp0,Rp0,Rp0,Rp0,Rp0,Rp0,Rp0,Rp0,Rp0,0,0,0,0,Rp0,1308,23,1.76%,4,17.39%,0.00%,1147,21,1.83%,3,14.29%,0.00%,Rp0,Rp0,Rp0,Rp0,Rp0,0,0,808,12,12,0,1.49%,0.00%,Rp0,0,Rp0,Rp0,Rp0,0,0,0,0,0,0,0,0,Rp0,0,1,0,0.00%,0,0.00%,0.00%,1,0,0.00%,0,0.00%,0.00%,Rp0,Rp0,Rp0,0,0,0,0,0,0,0,0,Rp0,0,2,0,0.00%,0,0.00%,0.00%,2,0,0.00%,0,0.00%,0.00%,Rp0,Rp0,Rp0,Rp0,Rp0,Rp0,Rp0,0,0,0,0,Rp0,1,0,1,4,0,0.00%,0,0.00%,0.00%,4,0,0.00%,0,0.00%,0.00%,0,0,0.00%,0,0.00%,0.00%,0,0,0.00%,0,0.00%,0.00%,4,0,0.00%,0,0.00%,0.00%,4,0,0.00%,0,0.00%,0.00%,Rp0,Rp0,Rp0,0,0,0,0,0,0,0,0,Rp0,1301,23,1.77%,4,17.39%,0.00%,1126,20,1.78%,3,15.00%,0.00%
YUKIDO Gerinda Listrik 450 Watt Mesin Gerinda Tangan Selepan Listrik Bonus 2 Mata - AB-90FW,1730089793114965501,GMV & produk terjual = 0,Aktif,Rp0,Rp0,Rp0,Rp0,Rp0,Rp0,Rp0,Rp0,Rp0,Rp0,Rp0,Rp0,Rp0,Rp0,Rp0,0,0,0,0,Rp0,261,23,8.81%,0,0.00%,0.00%,218,18,8.26%,0,0.00%,0.00%,Rp0,Rp0,Rp0,Rp0,Rp0,0,0,12,1,1,0,8.33%,0.00%,Rp0,0,Rp0,Rp0,Rp0,0,0,0,0,0,0,0,0,Rp0,3,65,1,1.54%,0,0.00%,0.00%,59,1,1.69%,0,0.00%,0.00%,Rp0,Rp0,Rp0,0,0,0,0,0,0,0,0,Rp0,1,16,4,25.00%,0,0.00%,0.00%,14,2,14.29%,0,0.00%,0.00%,Rp0,Rp0,Rp0,Rp0,Rp0,Rp0,Rp0,0,0,0,0,Rp0,1,0,1,157,12,7.64%,0,0.00%,0.00%,127,10,7.87%,0,0.00%,0.00%,0,0,0.00%,0,0.00%,0.00%,0,0,0.00%,0,0.00%,0.00%,134,11,8.21%,0,0.00%,0.00%,124,9,7.26%,0,0.00%,0.00%,Rp0,Rp0,Rp0,0,0,0,0,0,0,0,0,Rp0,23,6,26.09%,0,0.00%,0.00%,19,5,26.32%,0,0.00%,0.00%
Adaptor Bor Cover Saw Sanbungan mesin bor menjadi mesin Jigsaw untuk Potong Kayu Triplek Pipa PVC ataupun Paralon,1731520592934176253,GMV & produk terjual = 0,Aktif,Rp0,Rp0,Rp0,Rp0,Rp0,Rp0,Rp0,Rp0,Rp0,Rp0,Rp0,Rp0,Rp0,Rp0,Rp0,0,0,0,0,Rp0,2296,66,2.87%,1,1.52%,0.00%,2060,59,2.86%,1,1.69%,0.00%,Rp0,Rp0,Rp0,Rp0,Rp64.640,1,1,1242,27,26,0,2.17%,0.00%,Rp0,0,Rp0,Rp0,Rp0,0,0,0,0,0,0,0,0,Rp0,0,0,0,0.00%,0,0.00%,0.00%,0,0,0.00%,0,0.00%,0.00%,Rp0,Rp0,Rp0,0,0,0,0,0,0,0,0,Rp0,0,9,0,0.00%,0,0.00%,0.00%,8,0,0.00%,0,0.00%,0.00%,Rp0,Rp0,Rp0,Rp0,Rp0,Rp0,Rp0,0,0,0,0,Rp0,0,0,0,27,2,7.41%,0,0.00%,0.00%,22,1,4.55%,0,0.00%,0.00%,0,0,0.00%,0,0.00%,0.00%,0,0,0.00%,0,0.00%,0.00%,23,2,8.70%,0,0.00%,0.00%,19,1,5.26%,0,0.00%,0.00%,Rp0,Rp0,Rp0,0,0,0,0,0,0,0,0,Rp0,2260,64,2.83%,1,1.56%,0.00%,2032,58,2.85%,1,1.72%,0.00%
PAKET 2 ITEM TANG LAS KURT HAUFE TANG LAS 800A DENGAN TANG MASSA YUKIDO 300/500 AMPERE,1729801264941467133,GMV & produk terjual = 0,Nonaktif,Rp0,Rp0,Rp0,Rp0,Rp0,Rp0,Rp0,Rp0,Rp0,Rp0,Rp0,Rp0,Rp0,Rp0,Rp0,0,0,0,0,Rp0,2,0,0.00%,0,0.00%,0.00%,1,0,0.00%,0,0.00%,0.00%,Rp0,Rp0,Rp0,Rp0,Rp0,0,0,0,0,0,0,0.00%,0.00%,Rp0,0,Rp0,Rp0,Rp0,0,0,0,0,0,0,0,0,Rp0,0,0,0,0.00%,0,0.00%,0.00%,0,0,0.00%,0,0.00%,0.00%,Rp0,Rp0,Rp0,0,0,0,0,0,0,0,0,Rp0,0,0,0,0.00%,0,0.00%,0.00%,0,0,0.00%,0,0.00%,0.00%,Rp0,Rp0,Rp0,Rp0,Rp0,Rp0,Rp0,0,0,0,0,Rp0,0,0,0,0,0,0.00%,0,0.00%,0.00%,0,0,0.00%,0,0.00%,0.00%,0,0,0.00%,0,0.00%,0.00%,0,0,0.00%,0,0.00%,0.00%,0,0,0.00%,0,0.00%,0.00%,0,0,0.00%,0,0.00%,0.00%,Rp0,Rp0,Rp0,0,0,0,0,0,0,0,0,Rp0,2,0,0.00%,0,0.00%,0.00%,1,0,0.00%,0,0.00%,0.00%
[RYU] Paket 2 Mesin Serut dan Mesin Bor 10 mm - Mesin Planer Sugu Kayu + Mesin Electric Drill 10 mm,1730663003373602301,GMV & produk terjual = 0,Aktif,Rp0,Rp0,Rp0,Rp0,Rp0,Rp0,Rp0,Rp0,Rp0,Rp0,Rp0,Rp0,Rp0,Rp0,Rp0,0,0,0,0,Rp0,18,0,0.00%,0,0.00%,0.00%,15,0,0.00%,0,0.00%,0.00%,Rp0,Rp0,Rp0,Rp0,Rp0,0,0,14,0,0,0,0.00%,0.00%,Rp0,0,Rp0,Rp0,Rp0,0,0,0,0,0,0,0,0,Rp0,0,0,0,0.00%,0,0.00%,0.00%,0,0,0.00%,0,0.00%,0.00%,Rp0,Rp0,Rp0,0,0,0,0,0,0,0,0,Rp0,0,0,0,0.00%,0,0.00%,0.00%,0,0,0.00%,0,0.00%,0.00%,Rp0,Rp0,Rp0,Rp0,Rp0,Rp0,Rp0,0,0,0,0,Rp0,0,0,0,0,0,0.00%,0,0.00%,0.00%,0,0,0.00%,0,0.00%,0.00%,0,0,0.00%,0,0.00%,0.00%,0,0,0.00%,0,0.00%,0.00%,0,0,0.00%,0,0.00%,0.00%,0,0,0.00%,0,0.00%,0.00%,Rp0,Rp0,Rp0,0,0,0,0,0,0,0,0,Rp0,18,0,0.00%,0,0.00%,0.00%,15,0,0.00%,0,0.00%,0.00%
FUJIYAMA 25 PCS Wheel Batu Mata Gerinda Potong Besi Logam Lebih Awet Dan Kuat Cocok Untuk Industri,1733410302733354493,GMV & produk terjual = 0,Aktif,Rp0,Rp0,Rp0,Rp0,Rp0,Rp0,Rp0,Rp0,Rp0,Rp0,Rp0,Rp0,Rp0,Rp0,Rp0,0,0,0,0,Rp0,389,1,0.26%,0,0.00%,0.00%,349,1,0.29%,0,0.00%,0.00%,Rp0,Rp0,Rp0,Rp0,Rp0,0,0,221,1,1,0,0.45%,0.00%,Rp0,0,Rp0,Rp0,Rp0,0,0,0,0,0,0,0,0,Rp0,0,0,0,0.00%,0,0.00%,0.00%,0,0,0.00%,0,0.00%,0.00%,Rp0,Rp0,Rp0,0,0,0,0,0,0,0,0,Rp0,0,0,0,0.00%,0,0.00%,0.00%,0,0,0.00%,0,0.00%,0.00%,Rp0,Rp0,Rp0,Rp0,Rp0,Rp0,Rp0,0,0,0,0,Rp0,2,2,0,55,0,0.00%,0,0.00%,0.00%,50,0,0.00%,0,0.00%,0.00%,10,0,0.00%,0,0.00%,0.00%,9,0,0.00%,0,0.00%,0.00%,43,0,0.00%,0,0.00%,0.00%,39,0,0.00%,0,0.00%,0.00%,Rp0,Rp0,Rp0,0,0,0,0,0,0,0,0,Rp0,334,1,0.30%,0,0.00%,0.00%,293,1,0.34%,0,0.00%,0.00%
Tang Lancip 6 Inchi YUKIDO,1729643872730319357,GMV & produk terjual = 0,Aktif,Rp0,Rp0,Rp0,Rp0,Rp0,Rp0,Rp0,Rp0,Rp0,Rp0,Rp0,Rp0,Rp0,Rp0,Rp0,0,0,0,0,Rp0,1,0,0.00%,0,0.00%,0.00%,1,0,0.00%,0,0.00%,0.00%,Rp0,Rp0,Rp0,Rp0,Rp0,0,0,0,0,0,0,0.00%,0.00%,Rp0,0,Rp0,Rp0,Rp0,0,0,0,0,0,0,0,0,Rp0,0,0,0,0.00%,0,0.00%,0.00%,0,0,0.00%,0,0.00%,0.00%,Rp0,Rp0,Rp0,0,0,0,0,0,0,0,0,Rp0,0,0,0,0.00%,0,0.00%,0.00%,0,0,0.00%,0,0.00%,0.00%,Rp0,Rp0,Rp0,Rp0,Rp0,Rp0,Rp0,0,0,0,0,Rp0,0,0,0,0,0,0.00%,0,0.00%,0.00%,0,0,0.00%,0,0.00%,0.00%,0,0,0.00%,0,0.00%,0.00%,0,0,0.00%,0,0.00%,0.00%,0,0,0.00%,0,0.00%,0.00%,0,0,0.00%,0,0.00%,0.00%,Rp0,Rp0,Rp0,0,0,0,0,0,0,0,0,Rp0,1,0,0.00%,0,0.00%,0.00%,1,0,0.00%,0,0.00%,0.00%
YUKIDO Kunci Inggris 12 inch,1729642272446777853,GMV & produk terjual = 0,Aktif,Rp0,Rp0,Rp0,Rp0,Rp0,Rp0,Rp0,Rp0,Rp0,Rp0,Rp0,Rp0,Rp0,Rp0,Rp0,0,0,0,0,Rp0,1,0,0.00%,0,0.00%,0.00%,1,0,0.00%,0,0.00%,0.00%,Rp0,Rp0,Rp0,Rp0,Rp0,0,0,1,0,0,0,0.00%,0.00%,Rp0,0,Rp0,Rp0,Rp0,0,0,0,0,0,0,0,0,Rp0,0,0,0,0.00%,0,0.00%,0.00%,0,0,0.00%,0,0.00%,0.00%,Rp0,Rp0,Rp0,0,0,0,0,0,0,0,0,Rp0,0,0,0,0.00%,0,0.00%,0.00%,0,0,0.00%,0,0.00%,0.00%,Rp0,Rp0,Rp0,Rp0,Rp0,Rp0,Rp0,0,0,0,0,Rp0,0,0,0,0,0,0.00%,0,0.00%,0.00%,0,0,0.00%,0,0.00%,0.00%,0,0,0.00%,0,0.00%,0.00%,0,0,0.00%,0,0.00%,0.00%,0,0,0.00%,0,0.00%,0.00%,0,0,0.00%,0,0.00%,0.00%,Rp0,Rp0,Rp0,0,0,0,0,0,0,0,0,Rp0,1,0,0.00%,0,0.00%,0.00%,1,0,0.00%,0,0.00%,0.00%
"Mesin Gerinda 4"" inch dan Adaptor Chainsaw Gerinda Set",1729987224731814397,GMV & produk terjual = 0,Aktif,Rp0,Rp0,Rp0,Rp0,Rp0,Rp0,Rp0,Rp0,Rp0,Rp0,Rp0,Rp0,Rp0,Rp0,Rp0,0,0,0,0,Rp0,16,2,12.50%,0,0.00%,0.00%,14,2,14.29%,0,0.00%,0.00%,Rp0,Rp0,Rp0,Rp0,Rp0,0,0,11,2,2,0,18.18%,0.00%,Rp0,0,Rp0,Rp0,Rp0,0,0,0,0,0,0,0,0,Rp0,0,0,0,0.00%,0,0.00%,0.00%,0,0,0.00%,0,0.00%,0.00%,Rp0,Rp0,Rp0,0,0,0,0,0,0,0,0,Rp0,0,0,0,0.00%,0,0.00%,0.00%,0,0,0.00%,0,0.00%,0.00%,Rp0,Rp0,Rp0,Rp0,Rp0,Rp0,Rp0,0,0,0,0,Rp0,0,0,0,0,0,0.00%,0,0.00%,0.00%,0,0,0.00%,0,0.00%,0.00%,0,0,0.00%,0,0.00%,0.00%,0,0,0.00%,0,0.00%,0.00%,0,0,0.00%,0,0.00%,0.00%,0,0,0.00%,0,0.00%,0.00%,Rp0,Rp0,Rp0,0,0,0,0,0,0,0,0,Rp0,16,2,12.50%,0,0.00%,0.00%,14,2,14.29%,0,0.00%,0.00%
YUKIDO Mesin Steam Cuci Mobil Jet Cleaner alat cuci motor JET20FW Car,1729635083309844989,GMV & produk terjual = 0,Aktif,Rp0,Rp0,Rp0,Rp0,Rp0,Rp0,Rp0,Rp0,Rp0,Rp0,Rp0,Rp0,Rp0,Rp0,Rp0,0,0,0,0,Rp0,8,0,0.00%,0,0.00%,0.00%,5,0,0.00%,0,0.00%,0.00%,Rp0,Rp0,Rp0,Rp0,Rp0,0,0,3,0,0,0,0.00%,0.00%,Rp0,0,Rp0,Rp0,Rp0,0,0,0,0,0,0,0,0,Rp0,0,0,0,0.00%,0,0.00%,0.00%,0,0,0.00%,0,0.00%,0.00%,Rp0,Rp0,Rp0,0,0,0,0,0,0,0,0,Rp0,0,0,0,0.00%,0,0.00%,0.00%,0,0,0.00%,0,0.00%,0.00%,Rp0,Rp0,Rp0,Rp0,Rp0,Rp0,Rp0,0,0,0,0,Rp0,0,0,0,0,0,0.00%,0,0.00%,0.00%,0,0,0.00%,0,0.00%,0.00%,0,0,0.00%,0,0.00%,0.00%,0,0,0.00%,0,0.00%,0.00%,0,0,0.00%,0,0.00%,0.00%,0,0,0.00%,0,0.00%,0.00%,Rp0,Rp0,Rp0,0,0,0,0,0,0,0,0,Rp0,8,0,0.00%,0,0.00%,0.00%,5,0,0.00%,0,0.00%,0.00%
PAKET KUNCI CVT HONDA DAN YAMAHA ALAT BONGKAR CVT KUNCI CVT YUKIDO TRAKER CVT PAKET TRAKER LENGKAP,1731171270715409917,GMV & produk terjual = 0,Nonaktif,Rp0,Rp0,Rp0,Rp0,Rp0,Rp0,Rp0,Rp0,Rp0,Rp0,Rp0,Rp0,Rp0,Rp0,Rp0,0,0,0,0,Rp0,1,0,0.00%,0,0.00%,0.00%,1,0,0.00%,0,0.00%,0.00%,Rp0,Rp0,Rp0,Rp0,Rp0,0,0,1,0,0,0,0.00%,0.00%,Rp0,0,Rp0,Rp0,Rp0,0,0,0,0,0,0,0,0,Rp0,0,0,0,0.00%,0,0.00%,0.00%,0,0,0.00%,0,0.00%,0.00%,Rp0,Rp0,Rp0,0,0,0,0,0,0,0,0,Rp0,0,0,0,0.00%,0,0.00%,0.00%,0,0,0.00%,0,0.00%,0.00%,Rp0,Rp0,Rp0,Rp0,Rp0,Rp0,Rp0,0,0,0,0,Rp0,0,0,0,0,0,0.00%,0,0.00%,0.00%,0,0,0.00%,0,0.00%,0.00%,0,0,0.00%,0,0.00%,0.00%,0,0,0.00%,0,0.00%,0.00%,0,0,0.00%,0,0.00%,0.00%,0,0,0.00%,0,0.00%,0.00%,Rp0,Rp0,Rp0,0,0,0,0,0,0,0,0,Rp0,1,0,0.00%,0,0.00%,0.00%,1,0,0.00%,0,0.00%,0.00%
Cup Sealer Mesin Press Tutup Gelas Plastik Manual Sealing Machine CUP sealer Vacuum,1730466285305890301,GMV & produk terjual = 0,Aktif,Rp0,Rp0,Rp0,Rp0,Rp0,Rp0,Rp0,Rp0,Rp0,Rp0,Rp0,Rp0,Rp0,Rp0,Rp0,0,0,0,0,Rp0,1,0,0.00%,0,0.00%,0.00%,1,0,0.00%,0,0.00%,0.00%,Rp0,Rp0,Rp0,Rp0,Rp0,0,0,1,0,0,0,0.00%,0.00%,Rp0,0,Rp0,Rp0,Rp0,0,0,0,0,0,0,0,0,Rp0,0,0,0,0.00%,0,0.00%,0.00%,0,0,0.00%,0,0.00%,0.00%,Rp0,Rp0,Rp0,0,0,0,0,0,0,0,0,Rp0,0,0,0,0.00%,0,0.00%,0.00%,0,0,0.00%,0,0.00%,0.00%,Rp0,Rp0,Rp0,Rp0,Rp0,Rp0,Rp0,0,0,0,0,Rp0,0,0,0,0,0,0.00%,0,0.00%,0.00%,0,0,0.00%,0,0.00%,0.00%,0,0,0.00%,0,0.00%,0.00%,0,0,0.00%,0,0.00%,0.00%,0,0,0.00%,0,0.00%,0.00%,0,0,0.00%,0,0.00%,0.00%,Rp0,Rp0,Rp0,0,0,0,0,0,0,0,0,Rp0,1,0,0.00%,0,0.00%,0.00%,1,0,0.00%,0,0.00%,0.00%
TEKIRO TORX KEY LONG SET/KUNCI L SET 9 PCS kunci L BINTANG T10 - T50,1729651046757467645,GMV & produk terjual = 0,Aktif,Rp0,Rp0,Rp0,Rp0,Rp0,Rp0,Rp0,Rp0,Rp0,Rp0,Rp0,Rp0,Rp0,Rp0,Rp0,0,0,0,0,Rp0,3,0,0.00%,0,0.00%,0.00%,2,0,0.00%,0,0.00%,0.00%,Rp0,Rp0,Rp0,Rp0,Rp0,0,0,3,0,0,0,0.00%,0.00%,Rp0,0,Rp0,Rp0,Rp0,0,0,0,0,0,0,0,0,Rp0,0,0,0,0.00%,0,0.00%,0.00%,0,0,0.00%,0,0.00%,0.00%,Rp0,Rp0,Rp0,0,0,0,0,0,0,0,0,Rp0,0,0,0,0.00%,0,0.00%,0.00%,0,0,0.00%,0,0.00%,0.00%,Rp0,Rp0,Rp0,Rp0,Rp0,Rp0,Rp0,0,0,0,0,Rp0,0,0,0,0,0,0.00%,0,0.00%,0.00%,0,0,0.00%,0,0.00%,0.00%,0,0,0.00%,0,0.00%,0.00%,0,0,0.00%,0,0.00%,0.00%,0,0,0.00%,0,0.00%,0.00%,0,0,0.00%,0,0.00%,0.00%,Rp0,Rp0,Rp0,0,0,0,0,0,0,0,0,Rp0,3,0,0.00%,0,0.00%,0.00%,2,0,0.00%,0,0.00%,0.00%
Heat Air Gun Hot Gun Pemanas Heatgun Pemanas Stiker Layar suhu 300- 500,1729559342432617981,GMV & produk terjual = 0,Nonaktif,Rp0,Rp0,Rp0,Rp0,Rp0,Rp0,Rp0,Rp0,Rp0,Rp0,Rp0,Rp0,Rp0,Rp0,Rp0,0,0,0,0,Rp0,3,0,0.00%,0,0.00%,0.00%,2,0,0.00%,0,0.00%,0.00%,Rp0,Rp0,Rp0,Rp0,Rp0,0,0,1,0,0,0,0.00%,0.00%,Rp0,0,Rp0,Rp0,Rp0,0,0,0,0,0,0,0,0,Rp0,0,0,0,0.00%,0,0.00%,0.00%,0,0,0.00%,0,0.00%,0.00%,Rp0,Rp0,Rp0,0,0,0,0,0,0,0,0,Rp0,0,0,0,0.00%,0,0.00%,0.00%,0,0,0.00%,0,0.00%,0.00%,Rp0,Rp0,Rp0,Rp0,Rp0,Rp0,Rp0,0,0,0,0,Rp0,0,0,0,0,0,0.00%,0,0.00%,0.00%,0,0,0.00%,0,0.00%,0.00%,0,0,0.00%,0,0.00%,0.00%,0,0,0.00%,0,0.00%,0.00%,0,0,0.00%,0,0.00%,0.00%,0,0,0.00%,0,0.00%,0.00%,Rp0,Rp0,Rp0,0,0,0,0,0,0,0,0,Rp0,3,0,0.00%,0,0.00%,0.00%,2,0,0.00%,0,0.00%,0.00%
YUKIDO DEEP IMPACT SOCKET KIT / MATA SOCK IMPACT SET 10PCS (8-24MM),1729637396834847229,GMV & produk terjual = 0,Nonaktif,Rp0,Rp0,Rp0,Rp0,Rp0,Rp0,Rp0,Rp0,Rp0,Rp0,Rp0,Rp0,Rp0,Rp0,Rp0,0,0,0,0,Rp0,1,0,0.00%,0,0.00%,0.00%,1,0,0.00%,0,0.00%,0.00%,Rp0,Rp0,Rp0,Rp0,Rp0,0,0,1,0,0,0,0.00%,0.00%,Rp0,0,Rp0,Rp0,Rp0,0,0,0,0,0,0,0,0,Rp0,0,0,0,0.00%,0,0.00%,0.00%,0,0,0.00%,0,0.00%,0.00%,Rp0,Rp0,Rp0,0,0,0,0,0,0,0,0,Rp0,0,0,0,0.00%,0,0.00%,0.00%,0,0,0.00%,0,0.00%,0.00%,Rp0,Rp0,Rp0,Rp0,Rp0,Rp0,Rp0,0,0,0,0,Rp0,0,0,0,0,0,0.00%,0,0.00%,0.00%,0,0,0.00%,0,0.00%,0.00%,0,0,0.00%,0,0.00%,0.00%,0,0,0.00%,0,0.00%,0.00%,0,0,0.00%,0,0.00%,0.00%,0,0,0.00%,0,0.00%,0.00%,Rp0,Rp0,Rp0,0,0,0,0,0,0,0,0,Rp0,1,0,0.00%,0,0.00%,0.00%,1,0,0.00%,0,0.00%,0.00%
Stang Tang Las  KURT HAUFE 800 A - Welding Electtode Holder Germany,1733181354362766845,GMV & produk terjual = 0,Aktif,Rp0,Rp0,Rp0,Rp0,Rp0,Rp0,Rp0,Rp0,Rp0,Rp0,Rp0,Rp0,Rp0,Rp0,Rp0,0,0,0,0,Rp0,2,0,0.00%,0,0.00%,0.00%,2,0,0.00%,0,0.00%,0.00%,Rp0,Rp0,Rp0,Rp0,Rp0,0,0,0,0,0,0,0.00%,0.00%,Rp0,0,Rp0,Rp0,Rp0,0,0,0,0,0,0,0,0,Rp0,0,1,0,0.00%,0,0.00%,0.00%,1,0,0.00%,0,0.00%,0.00%,Rp0,Rp0,Rp0,0,0,0,0,0,0,0,0,Rp0,0,0,0,0.00%,0,0.00%,0.00%,0,0,0.00%,0,0.00%,0.00%,Rp0,Rp0,Rp0,Rp0,Rp0,Rp0,Rp0,0,0,0,0,Rp0,0,0,0,0,0,0.00%,0,0.00%,0.00%,0,0,0.00%,0,0.00%,0.00%,0,0,0.00%,0,0.00%,0.00%,0,0,0.00%,0,0.00%,0.00%,0,0,0.00%,0,0.00%,0.00%,0,0,0.00%,0,0.00%,0.00%,Rp0,Rp0,Rp0,0,0,0,0,0,0,0,0,Rp0,1,0,0.00%,0,0.00%,0.00%,1,0,0.00%,0,0.00%,0.00%
PAKET 3 ITEM SELANG RECOIL HOUSE YUKIDO AIR CHUCK YUKIDO AIR DUSTER SELANG RECOIL HOUSE12M / 6M / 9M /4.5M TERMURAH,1731112995837871613,GMV & produk terjual = 0,Aktif,Rp0,Rp0,Rp0,Rp0,Rp0,Rp0,Rp0,Rp0,Rp0,Rp0,Rp0,Rp0,Rp0,Rp0,Rp0,0,0,0,0,Rp0,1,0,0.00%,0,0.00%,0.00%,1,0,0.00%,0,0.00%,0.00%,Rp0,Rp0,Rp0,Rp0,Rp0,0,0,1,0,0,0,0.00%,0.00%,Rp0,0,Rp0,Rp0,Rp0,0,0,0,0,0,0,0,0,Rp0,0,0,0,0.00%,0,0.00%,0.00%,0,0,0.00%,0,0.00%,0.00%,Rp0,Rp0,Rp0,0,0,0,0,0,0,0,0,Rp0,0,0,0,0.00%,0,0.00%,0.00%,0,0,0.00%,0,0.00%,0.00%,Rp0,Rp0,Rp0,Rp0,Rp0,Rp0,Rp0,0,0,0,0,Rp0,0,0,0,0,0,0.00%,0,0.00%,0.00%,0,0,0.00%,0,0.00%,0.00%,0,0,0.00%,0,0.00%,0.00%,0,0,0.00%,0,0.00%,0.00%,0,0,0.00%,0,0.00%,0.00%,0,0,0.00%,0,0.00%,0.00%,Rp0,Rp0,Rp0,0,0,0,0,0,0,0,0,Rp0,1,0,0.00%,0,0.00%,0.00%,1,0,0.00%,0,0.00%,0.00%
"Paket Bengkel Komplit Kunci Shock 10pcs 8-24mm 1/2""  Kunci T 4pcs 8-14mm Kunci L Biasa Set 8pcs Obeng Plus Min S2 6"" Tang Kombinasi 6""",1730864141760955901,GMV & produk terjual = 0,Nonaktif,Rp0,Rp0,Rp0,Rp0,Rp0,Rp0,Rp0,Rp0,Rp0,Rp0,Rp0,Rp0,Rp0,Rp0,Rp0,0,0,0,0,Rp0,13,3,23.08%,0,0.00%,0.00%,6,2,33.33%,0,0.00%,0.00%,Rp0,Rp0,Rp0,Rp0,Rp0,0,0,12,3,2,0,25.00%,0.00%,Rp0,0,Rp0,Rp0,Rp0,0,0,0,0,0,0,0,0,Rp0,0,0,0,0.00%,0,0.00%,0.00%,0,0,0.00%,0,0.00%,0.00%,Rp0,Rp0,Rp0,0,0,0,0,0,0,0,0,Rp0,0,1,0,0.00%,0,0.00%,0.00%,1,0,0.00%,0,0.00%,0.00%,Rp0,Rp0,Rp0,Rp0,Rp0,Rp0,Rp0,0,0,0,0,Rp0,0,0,0,0,0,0.00%,0,0.00%,0.00%,0,0,0.00%,0,0.00%,0.00%,0,0,0.00%,0,0.00%,0.00%,0,0,0.00%,0,0.00%,0.00%,0,0,0.00%,0,0.00%,0.00%,0,0,0.00%,0,0.00%,0.00%,Rp0,Rp0,Rp0,0,0,0,0,0,0,0,0,Rp0,12,3,25.00%,0,0.00%,0.00%,5,2,40.00%,0,0.00%,0.00%
Mesin Potong Keramik Tile Marble Cutter GDC 140 BOSCH GDC140,1733025459545802237,GMV & produk terjual = 0,Aktif,Rp0,Rp0,Rp0,Rp0,Rp0,Rp0,Rp0,Rp0,Rp0,Rp0,Rp0,Rp0,Rp0,Rp0,Rp0,0,0,0,0,Rp0,2863,160,5.59%,1,0.63%,0.00%,2408,155,6.44%,1,0.65%,0.00%,Rp0,Rp0,Rp0,Rp0,Rp0,0,0,501,13,12,0,2.59%,0.00%,Rp0,0,Rp0,Rp0,Rp0,0,0,0,0,0,0,0,0,Rp0,6,717,24,3.35%,0,0.00%,0.00%,606,22,3.63%,0,0.00%,0.00%,Rp0,Rp0,Rp0,0,0,0,0,0,0,0,0,Rp0,1,1260,95,7.54%,0,0.00%,0.00%,979,88,8.99%,0,0.00%,0.00%,Rp0,Rp0,Rp0,Rp0,Rp0,Rp0,Rp0,0,0,0,0,Rp0,4,5,0,351,14,3.99%,0,0.00%,0.00%,315,14,4.44%,0,0.00%,0.00%,339,14,4.13%,0,0.00%,0.00%,304,14,4.61%,0,0.00%,0.00%,0,0,0.00%,0,0.00%,0.00%,0,0,0.00%,0,0.00%,0.00%,Rp0,Rp0,Rp0,0,0,0,0,0,0,0,0,Rp0,535,27,5.05%,1,3.70%,0.00%,470,23,4.89%,1,4.35%,0.00%
Charger Aki Motor Mobil Truk 12v 6A Pulse Intelligent Battery Charger Edon,1729767530756146685,GMV & produk terjual = 0,Nonaktif,Rp0,Rp0,Rp0,Rp0,Rp0,Rp0,Rp0,Rp0,Rp0,Rp0,Rp0,Rp0,Rp0,Rp0,Rp0,0,0,0,0,Rp0,3,0,0.00%,0,0.00%,0.00%,1,0,0.00%,0,0.00%,0.00%,Rp0,Rp0,Rp0,Rp0,Rp0,0,0,3,0,0,0,0.00%,0.00%,Rp0,0,Rp0,Rp0,Rp0,0,0,0,0,0,0,0,0,Rp0,0,0,0,0.00%,0,0.00%,0.00%,0,0,0.00%,0,0.00%,0.00%,Rp0,Rp0,Rp0,0,0,0,0,0,0,0,0,Rp0,0,0,0,0.00%,0,0.00%,0.00%,0,0,0.00%,0,0.00%,0.00%,Rp0,Rp0,Rp0,Rp0,Rp0,Rp0,Rp0,0,0,0,0,Rp0,0,0,0,0,0,0.00%,0,0.00%,0.00%,0,0,0.00%,0,0.00%,0.00%,0,0,0.00%,0,0.00%,0.00%,0,0,0.00%,0,0.00%,0.00%,0,0,0.00%,0,0.00%,0.00%,0,0,0.00%,0,0.00%,0.00%,Rp0,Rp0,Rp0,0,0,0,0,0,0,0,0,Rp0,3,0,0.00%,0,0.00%,0.00%,1,0,0.00%,0,0.00%,0.00%
RYU 3 ITEM BOR 10 MM + LAS 450 WATT + GERINDA 4 INCH,1729562268325545469,GMV & produk terjual = 0,Nonaktif,Rp0,Rp0,Rp0,Rp0,Rp0,Rp0,Rp0,Rp0,Rp0,Rp0,Rp0,Rp0,Rp0,Rp0,Rp0,0,0,0,0,Rp0,25,0,0.00%,0,0.00%,0.00%,10,0,0.00%,0,0.00%,0.00%,Rp0,Rp0,Rp0,Rp0,Rp0,0,0,10,0,0,0,0.00%,0.00%,Rp0,0,Rp0,Rp0,Rp0,0,0,0,0,0,0,0,0,Rp0,0,1,0,0.00%,0,0.00%,0.00%,1,0,0.00%,0,0.00%,0.00%,Rp0,Rp0,Rp0,0,0,0,0,0,0,0,0,Rp0,0,0,0,0.00%,0,0.00%,0.00%,0,0,0.00%,0,0.00%,0.00%,Rp0,Rp0,Rp0,Rp0,Rp0,Rp0,Rp0,0,0,0,0,Rp0,0,0,0,0,0,0.00%,0,0.00%,0.00%,0,0,0.00%,0,0.00%,0.00%,0,0,0.00%,0,0.00%,0.00%,0,0,0.00%,0,0.00%,0.00%,0,0,0.00%,0,0.00%,0.00%,0,0,0.00%,0,0.00%,0.00%,Rp0,Rp0,Rp0,0,0,0,0,0,0,0,0,Rp0,24,0,0.00%,0,0.00%,0.00%,9,0,0.00%,0,0.00%,0.00%
YUKIDO IMPACT WRENCH JUMBO 600 N/M PEMBUKA BAUT RODA TRUK MOBIL MOTOR Torsi,1729634965537720829,GMV & produk terjual = 0,Aktif,Rp0,Rp0,Rp0,Rp0,Rp0,Rp0,Rp0,Rp0,Rp0,Rp0,Rp0,Rp0,Rp0,Rp0,Rp0,0,0,0,0,Rp0,2,0,0.00%,0,0.00%,0.00%,2,0,0.00%,0,0.00%,0.00%,Rp0,Rp0,Rp0,Rp0,Rp0,0,0,2,0,0,0,0.00%,0.00%,Rp0,0,Rp0,Rp0,Rp0,0,0,0,0,0,0,0,0,Rp0,0,0,0,0.00%,0,0.00%,0.00%,0,0,0.00%,0,0.00%,0.00%,Rp0,Rp0,Rp0,0,0,0,0,0,0,0,0,Rp0,0,0,0,0.00%,0,0.00%,0.00%,0,0,0.00%,0,0.00%,0.00%,Rp0,Rp0,Rp0,Rp0,Rp0,Rp0,Rp0,0,0,0,0,Rp0,0,0,0,0,0,0.00%,0,0.00%,0.00%,0,0,0.00%,0,0.00%,0.00%,0,0,0.00%,0,0.00%,0.00%,0,0,0.00%,0,0.00%,0.00%,0,0,0.00%,0,0.00%,0.00%,0,0,0.00%,0,0.00%,0.00%,Rp0,Rp0,Rp0,0,0,0,0,0,0,0,0,Rp0,2,0,0.00%,0,0.00%,0.00%,2,0,0.00%,0,0.00%,0.00%
POMPA GEMUK TANGAN BERTEKANAN TINGGI 500CC,1729718534515231229,GMV & produk terjual = 0,Nonaktif,Rp0,Rp0,Rp0,Rp0,Rp0,Rp0,Rp0,Rp0,Rp0,Rp0,Rp0,Rp0,Rp0,Rp0,Rp0,0,0,0,0,Rp0,6,0,0.00%,0,0.00%,0.00%,3,0,0.00%,0,0.00%,0.00%,Rp0,Rp0,Rp0,Rp0,Rp0,0,0,4,0,0,0,0.00%,0.00%,Rp0,0,Rp0,Rp0,Rp0,0,0,0,0,0,0,0,0,Rp0,0,0,0,0.00%,0,0.00%,0.00%,0,0,0.00%,0,0.00%,0.00%,Rp0,Rp0,Rp0,0,0,0,0,0,0,0,0,Rp0,0,0,0,0.00%,0,0.00%,0.00%,0,0,0.00%,0,0.00%,0.00%,Rp0,Rp0,Rp0,Rp0,Rp0,Rp0,Rp0,0,0,0,0,Rp0,0,0,0,0,0,0.00%,0,0.00%,0.00%,0,0,0.00%,0,0.00%,0.00%,0,0,0.00%,0,0.00%,0.00%,0,0,0.00%,0,0.00%,0.00%,0,0,0.00%,0,0.00%,0.00%,0,0,0.00%,0,0.00%,0.00%,Rp0,Rp0,Rp0,0,0,0,0,0,0,0,0,Rp0,6,0,0.00%,0,0.00%,0.00%,3,0,0.00%,0,0.00%,0.00%
"PAKET 2item YUKIDO MATA KUNCI SOCK CVT 39x41 DOUBLE HEAD SOCKET + GAGANG SOCK L 1/2"" IN",1729641405022176765,GMV & produk terjual = 0,Nonaktif,Rp0,Rp0,Rp0,Rp0,Rp0,Rp0,Rp0,Rp0,Rp0,Rp0,Rp0,Rp0,Rp0,Rp0,Rp0,0,0,0,0,Rp0,2,0,0.00%,0,0.00%,0.00%,2,0,0.00%,0,0.00%,0.00%,Rp0,Rp0,Rp0,Rp0,Rp0,0,0,2,0,0,0,0.00%,0.00%,Rp0,0,Rp0,Rp0,Rp0,0,0,0,0,0,0,0,0,Rp0,0,0,0,0.00%,0,0.00%,0.00%,0,0,0.00%,0,0.00%,0.00%,Rp0,Rp0,Rp0,0,0,0,0,0,0,0,0,Rp0,0,0,0,0.00%,0,0.00%,0.00%,0,0,0.00%,0,0.00%,0.00%,Rp0,Rp0,Rp0,Rp0,Rp0,Rp0,Rp0,0,0,0,0,Rp0,0,0,0,0,0,0.00%,0,0.00%,0.00%,0,0,0.00%,0,0.00%,0.00%,0,0,0.00%,0,0.00%,0.00%,0,0,0.00%,0,0.00%,0.00%,0,0,0.00%,0,0.00%,0.00%,0,0,0.00%,0,0.00%,0.00%,Rp0,Rp0,Rp0,0,0,0,0,0,0,0,0,Rp0,2,0,0.00%,0,0.00%,0.00%,2,0,0.00%,0,0.00%,0.00%
Mata Bor Besi HSS 8Pcs 3mm - 10mm 8 pcs Mata Bor Besi Kayu Set,1731296205436978685,GMV & produk terjual = 0,Nonaktif,Rp0,Rp0,Rp0,Rp0,Rp0,Rp0,Rp0,Rp0,Rp0,Rp0,Rp0,Rp0,Rp0,Rp0,Rp0,0,0,0,0,Rp0,543,3,0.55%,0,0.00%,0.00%,270,2,0.74%,0,0.00%,0.00%,Rp0,Rp0,Rp0,Rp0,Rp0,0,0,409,1,1,0,0.24%,0.00%,Rp0,0,Rp0,Rp0,Rp0,0,0,0,0,0,0,0,0,Rp0,0,0,0,0.00%,0,0.00%,0.00%,0,0,0.00%,0,0.00%,0.00%,Rp0,Rp0,Rp0,0,0,0,0,0,0,0,0,Rp0,0,0,0,0.00%,0,0.00%,0.00%,0,0,0.00%,0,0.00%,0.00%,Rp0,Rp0,Rp0,Rp0,Rp0,Rp0,Rp0,0,0,0,0,Rp0,0,0,0,6,0,0.00%,0,0.00%,0.00%,6,0,0.00%,0,0.00%,0.00%,0,0,0.00%,0,0.00%,0.00%,0,0,0.00%,0,0.00%,0.00%,6,0,0.00%,0,0.00%,0.00%,6,0,0.00%,0,0.00%,0.00%,Rp0,Rp0,Rp0,0,0,0,0,0,0,0,0,Rp0,537,3,0.56%,0,0.00%,0.00%,262,2,0.76%,0,0.00%,0.00%
Mikayo Impact Drill 13mm Electric Drill 13 mm Mesin Bor Beton Tembok,1729943461088102909,GMV & produk terjual = 0,Aktif,Rp0,Rp0,Rp0,Rp0,Rp0,Rp0,Rp0,Rp0,Rp0,Rp0,Rp0,Rp0,Rp0,Rp0,Rp0,0,0,0,0,Rp0,13,0,0.00%,0,0.00%,0.00%,11,0,0.00%,0,0.00%,0.00%,Rp0,Rp0,Rp0,Rp0,Rp0,0,0,7,0,0,0,0.00%,0.00%,Rp0,0,Rp0,Rp0,Rp0,0,0,0,0,0,0,0,0,Rp0,0,0,0,0.00%,0,0.00%,0.00%,0,0,0.00%,0,0.00%,0.00%,Rp0,Rp0,Rp0,0,0,0,0,0,0,0,0,Rp0,0,2,0,0.00%,0,0.00%,0.00%,1,0,0.00%,0,0.00%,0.00%,Rp0,Rp0,Rp0,Rp0,Rp0,Rp0,Rp0,0,0,0,0,Rp0,0,0,0,0,0,0.00%,0,0.00%,0.00%,0,0,0.00%,0,0.00%,0.00%,0,0,0.00%,0,0.00%,0.00%,0,0,0.00%,0,0.00%,0.00%,0,0,0.00%,0,0.00%,0.00%,0,0,0.00%,0,0.00%,0.00%,Rp0,Rp0,Rp0,0,0,0,0,0,0,0,0,Rp0,11,0,0.00%,0,0.00%,0.00%,10,0,0.00%,0,0.00%,0.00%
PROMO !! Grosir 100 Pasang Sarung Tangan Kerja Proyek Safety Glove Premium Karet Anti Slip Tebal Dan Kuat,1730727063410017789,GMV & produk terjual = 0,Nonaktif,Rp0,Rp0,Rp0,Rp0,Rp0,Rp0,Rp0,Rp0,Rp0,Rp0,Rp0,Rp0,Rp0,Rp0,Rp0,0,0,0,0,Rp0,1,0,0.00%,0,0.00%,0.00%,1,0,0.00%,0,0.00%,0.00%,Rp0,Rp0,Rp0,Rp0,Rp0,0,0,0,0,0,0,0.00%,0.00%,Rp0,0,Rp0,Rp0,Rp0,0,0,0,0,0,0,0,0,Rp0,0,0,0,0.00%,0,0.00%,0.00%,0,0,0.00%,0,0.00%,0.00%,Rp0,Rp0,Rp0,0,0,0,0,0,0,0,0,Rp0,0,0,0,0.00%,0,0.00%,0.00%,0,0,0.00%,0,0.00%,0.00%,Rp0,Rp0,Rp0,Rp0,Rp0,Rp0,Rp0,0,0,0,0,Rp0,0,0,0,0,0,0.00%,0,0.00%,0.00%,0,0,0.00%,0,0.00%,0.00%,0,0,0.00%,0,0.00%,0.00%,0,0,0.00%,0,0.00%,0.00%,0,0,0.00%,0,0.00%,0.00%,0,0,0.00%,0,0.00%,0.00%,Rp0,Rp0,Rp0,0,0,0,0,0,0,0,0,Rp0,1,0,0.00%,0,0.00%,0.00%,1,0,0.00%,0,0.00%,0.00%
PROMO TERMURAH!! YUKIDO CORDLESS IMPACT WRENCH 400 N/M BUKA BAUT BATERAI TORSI BESAR,1729634973102475773,GMV & produk terjual = 0,Aktif,Rp0,Rp0,Rp0,Rp0,Rp0,Rp0,Rp0,Rp0,Rp0,Rp0,Rp0,Rp0,Rp0,Rp0,Rp0,0,0,0,0,Rp0,9,0,0.00%,0,0.00%,0.00%,4,0,0.00%,0,0.00%,0.00%,Rp0,Rp0,Rp0,Rp0,Rp0,0,0,9,0,0,0,0.00%,0.00%,Rp0,0,Rp0,Rp0,Rp0,0,0,0,0,0,0,0,0,Rp0,0,0,0,0.00%,0,0.00%,0.00%,0,0,0.00%,0,0.00%,0.00%,Rp0,Rp0,Rp0,0,0,0,0,0,0,0,0,Rp0,0,0,0,0.00%,0,0.00%,0.00%,0,0,0.00%,0,0.00%,0.00%,Rp0,Rp0,Rp0,Rp0,Rp0,Rp0,Rp0,0,0,0,0,Rp0,0,0,0,0,0,0.00%,0,0.00%,0.00%,0,0,0.00%,0,0.00%,0.00%,0,0,0.00%,0,0.00%,0.00%,0,0,0.00%,0,0.00%,0.00%,0,0,0.00%,0,0.00%,0.00%,0,0,0.00%,0,0.00%,0.00%,Rp0,Rp0,Rp0,0,0,0,0,0,0,0,0,Rp0,9,0,0.00%,0,0.00%,0.00%,4,0,0.00%,0,0.00%,0.00%
"YUKIDO Paket Batu Potong Bati Poles Gerinda isi 2 Mata 4"" untuk Stanlis Besi Plat Ukuran 100x6x16mm Speed Max 80m/s 15300rpm",1733604339918472701,GMV & produk terjual = 0,Aktif,Rp0,Rp0,Rp0,Rp0,Rp0,Rp0,Rp0,Rp0,Rp0,Rp0,Rp0,Rp0,Rp0,Rp0,Rp0,0,0,0,0,Rp0,1833,25,1.36%,1,4.00%,0.00%,1674,24,1.43%,1,4.17%,0.00%,Rp0,Rp0,Rp0,Rp0,Rp0,0,0,1077,15,15,0,1.39%,0.00%,Rp0,0,Rp0,Rp0,Rp0,0,0,0,0,0,0,0,0,Rp0,0,0,0,0.00%,0,0.00%,0.00%,0,0,0.00%,0,0.00%,0.00%,Rp0,Rp0,Rp0,0,0,0,0,0,0,0,0,Rp0,0,0,0,0.00%,0,0.00%,0.00%,0,0,0.00%,0,0.00%,0.00%,Rp0,Rp0,Rp0,Rp0,Rp0,Rp0,Rp0,0,0,0,0,Rp0,0,0,0,0,0,0.00%,0,0.00%,0.00%,0,0,0.00%,0,0.00%,0.00%,0,0,0.00%,0,0.00%,0.00%,0,0,0.00%,0,0.00%,0.00%,0,0,0.00%,0,0.00%,0.00%,0,0,0.00%,0,0.00%,0.00%,Rp0,Rp0,Rp0,0,0,0,0,0,0,0,0,Rp0,1834,25,1.36%,1,4.00%,0.00%,1656,24,1.45%,1,4.17%,0.00%
"WATERPUMP 2"" TGP 50 Mesin Pompa Air Irigasi Sawah 2 Inch 4 Tak 7.0 HP 600 L/Min Diameter 50 mm",1733363140545250813,GMV & produk terjual = 0,Aktif,Rp0,Rp0,Rp0,Rp0,Rp0,Rp0,Rp0,Rp0,Rp0,Rp0,Rp0,Rp0,Rp0,Rp0,Rp0,0,0,0,0,Rp0,781,12,1.54%,0,0.00%,0.00%,702,11,1.57%,0,0.00%,0.00%,Rp0,Rp0,Rp0,Rp0,Rp0,0,0,550,6,5,0,1.09%,0.00%,Rp0,0,Rp0,Rp0,Rp0,0,0,0,0,0,0,0,0,Rp0,0,0,0,0.00%,0,0.00%,0.00%,0,0,0.00%,0,0.00%,0.00%,Rp0,Rp0,Rp0,0,0,0,0,0,0,0,0,Rp0,0,0,0,0.00%,0,0.00%,0.00%,0,0,0.00%,0,0.00%,0.00%,Rp0,Rp0,Rp0,Rp0,Rp0,Rp0,Rp0,0,0,0,0,Rp0,0,0,0,0,0,0.00%,0,0.00%,0.00%,0,0,0.00%,0,0.00%,0.00%,0,0,0.00%,0,0.00%,0.00%,0,0,0.00%,0,0.00%,0.00%,0,0,0.00%,0,0.00%,0.00%,0,0,0.00%,0,0.00%,0.00%,Rp0,Rp0,Rp0,0,0,0,0,0,0,0,0,Rp0,781,12,1.54%,0,0.00%,0.00%,701,11,1.57%,0,0.00%,0.00%
Spraygun F75 Tabung Bawah 600 ml Yukido Spet Gun Cat Semprot,1729642352626665981,GMV & produk terjual = 0,Aktif,Rp0,Rp0,Rp0,Rp0,Rp0,Rp0,Rp0,Rp0,Rp0,Rp0,Rp0,Rp0,Rp0,Rp0,Rp0,0,0,0,0,Rp0,4,0,0.00%,0,0.00%,0.00%,2,0,0.00%,0,0.00%,0.00%,Rp0,Rp0,Rp0,Rp0,Rp0,0,0,3,0,0,0,0.00%,0.00%,Rp0,0,Rp0,Rp0,Rp0,0,0,0,0,0,0,0,0,Rp0,0,0,0,0.00%,0,0.00%,0.00%,0,0,0.00%,0,0.00%,0.00%,Rp0,Rp0,Rp0,0,0,0,0,0,0,0,0,Rp0,0,0,0,0.00%,0,0.00%,0.00%,0,0,0.00%,0,0.00%,0.00%,Rp0,Rp0,Rp0,Rp0,Rp0,Rp0,Rp0,0,0,0,0,Rp0,0,0,0,0,0,0.00%,0,0.00%,0.00%,0,0,0.00%,0,0.00%,0.00%,0,0,0.00%,0,0.00%,0.00%,0,0,0.00%,0,0.00%,0.00%,0,0,0.00%,0,0.00%,0.00%,0,0,0.00%,0,0.00%,0.00%,Rp0,Rp0,Rp0,0,0,0,0,0,0,0,0,Rp0,4,0,0.00%,0,0.00%,0.00%,2,0,0.00%,0,0.00%,0.00%
YUKIDO CORDLESS BOR & GERINDA 48V COMBO SET baterai,1729637943096871421,GMV & produk terjual = 0,Aktif,Rp0,Rp0,Rp0,Rp0,Rp0,Rp0,Rp0,Rp0,Rp0,Rp0,Rp0,Rp0,Rp0,Rp0,Rp0,0,0,0,0,Rp0,1,0,0.00%,0,0.00%,0.00%,1,0,0.00%,0,0.00%,0.00%,Rp0,Rp0,Rp0,Rp0,Rp0,0,0,1,0,0,0,0.00%,0.00%,Rp0,0,Rp0,Rp0,Rp0,0,0,0,0,0,0,0,0,Rp0,0,0,0,0.00%,0,0.00%,0.00%,0,0,0.00%,0,0.00%,0.00%,Rp0,Rp0,Rp0,0,0,0,0,0,0,0,0,Rp0,0,0,0,0.00%,0,0.00%,0.00%,0,0,0.00%,0,0.00%,0.00%,Rp0,Rp0,Rp0,Rp0,Rp0,Rp0,Rp0,0,0,0,0,Rp0,0,0,0,0,0,0.00%,0,0.00%,0.00%,0,0,0.00%,0,0.00%,0.00%,0,0,0.00%,0,0.00%,0.00%,0,0,0.00%,0,0.00%,0.00%,0,0,0.00%,0,0.00%,0.00%,0,0,0.00%,0,0.00%,0.00%,Rp0,Rp0,Rp0,0,0,0,0,0,0,0,0,Rp0,1,0,0.00%,0,0.00%,0.00%,1,0,0.00%,0,0.00%,0.00%
Mata Bor HSS Set 13 Pcs Drill Bit Mata Bor Besi Set 1.5-6mm,1729966369904560637,GMV & produk terjual = 0,Aktif,Rp0,Rp0,Rp0,Rp0,Rp0,Rp0,Rp0,Rp0,Rp0,Rp0,Rp0,Rp0,Rp0,Rp0,Rp0,0,0,0,0,Rp0,1,0,0.00%,0,0.00%,0.00%,1,0,0.00%,0,0.00%,0.00%,Rp0,Rp0,Rp0,Rp0,Rp0,0,0,1,0,0,0,0.00%,0.00%,Rp0,0,Rp0,Rp0,Rp0,0,0,0,0,0,0,0,0,Rp0,0,0,0,0.00%,0,0.00%,0.00%,0,0,0.00%,0,0.00%,0.00%,Rp0,Rp0,Rp0,0,0,0,0,0,0,0,0,Rp0,0,0,0,0.00%,0,0.00%,0.00%,0,0,0.00%,0,0.00%,0.00%,Rp0,Rp0,Rp0,Rp0,Rp0,Rp0,Rp0,0,0,0,0,Rp0,0,0,0,0,0,0.00%,0,0.00%,0.00%,0,0,0.00%,0,0.00%,0.00%,0,0,0.00%,0,0.00%,0.00%,0,0,0.00%,0,0.00%,0.00%,0,0,0.00%,0,0.00%,0.00%,0,0,0.00%,0,0.00%,0.00%,Rp0,Rp0,Rp0,0,0,0,0,0,0,0,0,Rp0,1,0,0.00%,0,0.00%,0.00%,1,0,0.00%,0,0.00%,0.00%
Seal tape tebal 10 METER / isolasi pipa kran keran VPR SEALTAPE VPR,1732901171124405757,GMV & produk terjual = 0,Aktif,Rp0,Rp0,Rp0,Rp0,Rp0,Rp0,Rp0,Rp0,Rp0,Rp0,Rp0,Rp0,Rp0,Rp0,Rp0,0,0,0,0,Rp0,1718,15,0.87%,2,13.33%,0.00%,1546,14,0.91%,2,14.29%,0.00%,Rp0,Rp0,Rp0,Rp0,Rp0,0,0,1111,10,9,0,0.90%,0.00%,Rp0,0,Rp0,Rp0,Rp0,0,0,0,0,0,0,0,0,Rp0,0,0,0,0.00%,0,0.00%,0.00%,0,0,0.00%,0,0.00%,0.00%,Rp0,Rp0,Rp0,0,0,0,0,0,0,0,0,Rp0,0,1,0,0.00%,0,0.00%,0.00%,1,0,0.00%,0,0.00%,0.00%,Rp0,Rp0,Rp0,Rp0,Rp0,Rp0,Rp0,0,0,0,0,Rp0,0,0,0,1,0,0.00%,0,0.00%,0.00%,1,0,0.00%,0,0.00%,0.00%,0,0,0.00%,0,0.00%,0.00%,0,0,0.00%,0,0.00%,0.00%,0,0,0.00%,0,0.00%,0.00%,0,0,0.00%,0,0.00%,0.00%,Rp0,Rp0,Rp0,0,0,0,0,0,0,0,0,Rp0,1715,15,0.87%,2,13.33%,0.00%,1517,14,0.92%,2,14.29%,0.00%
YUKIDO OBENG KETOK FREE MATA OBENG KETOK 6PCS,1729641690725583357,GMV & produk terjual = 0,Aktif,Rp0,Rp0,Rp0,Rp0,Rp0,Rp0,Rp0,Rp0,Rp0,Rp0,Rp0,Rp0,Rp0,Rp0,Rp0,0,0,0,0,Rp0,1,0,0.00%,0,0.00%,0.00%,1,0,0.00%,0,0.00%,0.00%,Rp0,Rp0,Rp0,Rp0,Rp0,0,0,0,0,0,0,0.00%,0.00%,Rp0,0,Rp0,Rp0,Rp0,0,0,0,0,0,0,0,0,Rp0,0,0,0,0.00%,0,0.00%,0.00%,0,0,0.00%,0,0.00%,0.00%,Rp0,Rp0,Rp0,0,0,0,0,0,0,0,0,Rp0,0,0,0,0.00%,0,0.00%,0.00%,0,0,0.00%,0,0.00%,0.00%,Rp0,Rp0,Rp0,Rp0,Rp0,Rp0,Rp0,0,0,0,0,Rp0,0,0,0,0,0,0.00%,0,0.00%,0.00%,0,0,0.00%,0,0.00%,0.00%,0,0,0.00%,0,0.00%,0.00%,0,0,0.00%,0,0.00%,0.00%,0,0,0.00%,0,0.00%,0.00%,0,0,0.00%,0,0.00%,0.00%,Rp0,Rp0,Rp0,0,0,0,0,0,0,0,0,Rp0,1,0,0.00%,0,0.00%,0.00%,1,0,0.00%,0,0.00%,0.00%
SATUAN Mata Bor HSS Drill Set Multifungsi Mata Bor untuk Beton Tembok Keramik Kayu Besi Kaca Satuan,1731948480041158141,GMV & produk terjual = 0,Aktif,Rp0,Rp0,Rp0,Rp0,Rp0,Rp0,Rp0,Rp0,Rp0,Rp0,Rp0,Rp0,Rp0,Rp0,Rp0,0,0,0,0,Rp0,3334,153,4.59%,11,7.19%,0.00%,2951,138,4.68%,10,7.25%,0.00%,Rp0,Rp0,Rp0,Rp0,Rp0,0,0,2057,95,84,0,4.62%,0.00%,Rp0,0,Rp0,Rp0,Rp0,0,0,0,0,0,0,0,0,Rp0,2,56,2,3.57%,0,0.00%,0.00%,42,2,4.76%,0,0.00%,0.00%,Rp0,Rp0,Rp0,0,0,0,0,0,0,0,0,Rp0,0,1,0,0.00%,0,0.00%,0.00%,1,0,0.00%,0,0.00%,0.00%,Rp0,Rp0,Rp0,Rp0,Rp0,Rp0,Rp0,0,0,0,0,Rp0,0,0,0,0,0,0.00%,1,0.00%,0.00%,0,0,0.00%,1,0.00%,0.00%,0,0,0.00%,0,0.00%,0.00%,0,0,0.00%,0,0.00%,0.00%,0,0,0.00%,0,0.00%,0.00%,0,0,0.00%,0,0.00%,0.00%,Rp0,Rp0,Rp0,0,0,0,0,0,0,0,0,Rp0,3277,151,4.61%,10,6.62%,0.00%,2886,134,4.64%,9,6.72%,0.00%
Stamset Gun Mesin Tembak Beton Nail Gun Alat Tembak Paku Ke Beton Besi DLL dengan Mini Filter dan Kode Operasional Aman Bonus Paku 10,1731968261544314365,GMV & produk terjual = 0,Nonaktif,Rp0,Rp0,Rp0,Rp0,Rp0,Rp0,Rp0,Rp0,Rp0,Rp0,Rp0,Rp0,Rp0,Rp0,Rp0,0,0,0,0,Rp0,2,0,0.00%,0,0.00%,0.00%,1,0,0.00%,0,0.00%,0.00%,Rp0,Rp0,Rp0,Rp0,Rp0,0,0,2,0,0,0,0.00%,0.00%,Rp0,0,Rp0,Rp0,Rp0,0,0,0,0,0,0,0,0,Rp0,0,0,0,0.00%,0,0.00%,0.00%,0,0,0.00%,0,0.00%,0.00%,Rp0,Rp0,Rp0,0,0,0,0,0,0,0,0,Rp0,0,0,0,0.00%,0,0.00%,0.00%,0,0,0.00%,0,0.00%,0.00%,Rp0,Rp0,Rp0,Rp0,Rp0,Rp0,Rp0,0,0,0,0,Rp0,0,0,0,0,0,0.00%,0,0.00%,0.00%,0,0,0.00%,0,0.00%,0.00%,0,0,0.00%,0,0.00%,0.00%,0,0,0.00%,0,0.00%,0.00%,0,0,0.00%,0,0.00%,0.00%,0,0,0.00%,0,0.00%,0.00%,Rp0,Rp0,Rp0,0,0,0,0,0,0,0,0,Rp0,2,0,0.00%,0,0.00%,0.00%,1,0,0.00%,0,0.00%,0.00%
MATA GERINDA POLES STAINLESS 100 MM NON WOVEN PAD RED,1729561681193895421,GMV & produk terjual = 0,Aktif,Rp0,Rp0,Rp0,Rp0,Rp0,Rp0,Rp0,Rp0,Rp0,Rp0,Rp0,Rp0,Rp0,Rp0,Rp0,0,0,0,0,Rp0,1,0,0.00%,0,0.00%,0.00%,1,0,0.00%,0,0.00%,0.00%,Rp0,Rp0,Rp0,Rp0,Rp0,0,0,0,0,0,0,0.00%,0.00%,Rp0,0,Rp0,Rp0,Rp0,0,0,0,0,0,0,0,0,Rp0,0,0,0,0.00%,0,0.00%,0.00%,0,0,0.00%,0,0.00%,0.00%,Rp0,Rp0,Rp0,0,0,0,0,0,0,0,0,Rp0,0,0,0,0.00%,0,0.00%,0.00%,0,0,0.00%,0,0.00%,0.00%,Rp0,Rp0,Rp0,Rp0,Rp0,Rp0,Rp0,0,0,0,0,Rp0,0,0,0,0,0,0.00%,0,0.00%,0.00%,0,0,0.00%,0,0.00%,0.00%,0,0,0.00%,0,0.00%,0.00%,0,0,0.00%,0,0.00%,0.00%,0,0,0.00%,0,0.00%,0.00%,0,0,0.00%,0,0.00%,0.00%,Rp0,Rp0,Rp0,0,0,0,0,0,0,0,0,Rp0,1,0,0.00%,0,0.00%,0.00%,1,0,0.00%,0,0.00%,0.00%
YUKIDO Mesin Gerinda Tangan 4 inch Set Lengkap 13 Mata - Bonus Batu Potong Batu Poles Tatakan Amplas 10 lembar Amplas,1729588351595218429,GMV & produk terjual = 0,Aktif,Rp0,Rp0,Rp0,Rp0,Rp0,Rp0,Rp0,Rp0,Rp0,Rp0,Rp0,Rp0,Rp0,Rp0,Rp0,0,0,0,0,Rp0,2,0,0.00%,0,0.00%,0.00%,1,0,0.00%,0,0.00%,0.00%,Rp0,Rp0,Rp0,Rp0,Rp0,0,0,2,0,0,0,0.00%,0.00%,Rp0,0,Rp0,Rp0,Rp0,0,0,0,0,0,0,0,0,Rp0,0,0,0,0.00%,0,0.00%,0.00%,0,0,0.00%,0,0.00%,0.00%,Rp0,Rp0,Rp0,0,0,0,0,0,0,0,0,Rp0,0,0,0,0.00%,0,0.00%,0.00%,0,0,0.00%,0,0.00%,0.00%,Rp0,Rp0,Rp0,Rp0,Rp0,Rp0,Rp0,0,0,0,0,Rp0,0,0,0,0,0,0.00%,0,0.00%,0.00%,0,0,0.00%,0,0.00%,0.00%,0,0,0.00%,0,0.00%,0.00%,0,0,0.00%,0,0.00%,0.00%,0,0,0.00%,0,0.00%,0.00%,0,0,0.00%,0,0.00%,0.00%,Rp0,Rp0,Rp0,0,0,0,0,0,0,0,0,Rp0,2,0,0.00%,0,0.00%,0.00%,1,0,0.00%,0,0.00%,0.00%
Gunting Pemotong Rumput Dahan Ranting Gunting Ranting Pohon Gunting Tanaman Tanam Kebun ELLKA Bisa Dipanjangkan sampai 750mm,1732304155501299197,GMV & produk terjual = 0,Aktif,Rp0,Rp0,Rp0,Rp0,Rp0,Rp0,Rp0,Rp0,Rp0,Rp0,Rp0,Rp0,Rp0,Rp0,Rp0,0,0,0,0,Rp0,663,9,1.36%,0,0.00%,0.00%,616,8,1.30%,0,0.00%,0.00%,Rp0,Rp0,Rp0,Rp0,Rp0,0,0,227,3,3,0,1.32%,0.00%,Rp0,0,Rp0,Rp0,Rp0,0,0,0,0,0,0,0,0,Rp0,0,0,0,0.00%,0,0.00%,0.00%,0,0,0.00%,0,0.00%,0.00%,Rp0,Rp0,Rp0,0,0,0,0,0,0,0,0,Rp0,0,139,2,1.44%,0,0.00%,0.00%,123,2,1.63%,0,0.00%,0.00%,Rp0,Rp0,Rp0,Rp0,Rp0,Rp0,Rp0,0,0,0,0,Rp0,6,1,5,226,0,0.00%,0,0.00%,0.00%,213,0,0.00%,0,0.00%,0.00%,5,0,0.00%,0,0.00%,0.00%,5,0,0.00%,0,0.00%,0.00%,201,0,0.00%,0,0.00%,0.00%,189,0,0.00%,0,0.00%,0.00%,Rp0,Rp0,Rp0,0,0,0,0,0,0,0,0,Rp0,298,7,2.35%,0,0.00%,0.00%,278,6,2.16%,0,0.00%,0.00%
KUNCI RING UNIVERSAL SIZE 8-13MM DAN 14-24MM,1729718519801350653,GMV & produk terjual = 0,Aktif,Rp0,Rp0,Rp0,Rp0,Rp0,Rp0,Rp0,Rp0,Rp0,Rp0,Rp0,Rp0,Rp0,Rp0,Rp0,0,0,0,0,Rp0,1,0,0.00%,0,0.00%,0.00%,1,0,0.00%,0,0.00%,0.00%,Rp0,Rp0,Rp0,Rp0,Rp0,0,0,0,0,0,0,0.00%,0.00%,Rp0,0,Rp0,Rp0,Rp0,0,0,0,0,0,0,0,0,Rp0,0,0,0,0.00%,0,0.00%,0.00%,0,0,0.00%,0,0.00%,0.00%,Rp0,Rp0,Rp0,0,0,0,0,0,0,0,0,Rp0,0,0,0,0.00%,0,0.00%,0.00%,0,0,0.00%,0,0.00%,0.00%,Rp0,Rp0,Rp0,Rp0,Rp0,Rp0,Rp0,0,0,0,0,Rp0,0,0,0,0,0,0.00%,0,0.00%,0.00%,0,0,0.00%,0,0.00%,0.00%,0,0,0.00%,0,0.00%,0.00%,0,0,0.00%,0,0.00%,0.00%,0,0,0.00%,0,0.00%,0.00%,0,0,0.00%,0,0.00%,0.00%,Rp0,Rp0,Rp0,0,0,0,0,0,0,0,0,Rp0,1,0,0.00%,0,0.00%,0.00%,1,0,0.00%,0,0.00%,0.00%
YUKIDO KACAMATA LAS OTOMATIS / AUTO DARKENING WELDING GOOGLES,1729662326314928637,GMV & produk terjual = 0,Aktif,Rp0,Rp0,Rp0,Rp0,Rp0,Rp0,Rp0,Rp0,Rp0,Rp0,Rp0,Rp0,Rp0,Rp0,Rp0,0,0,0,0,Rp0,2,0,0.00%,0,0.00%,0.00%,2,0,0.00%,0,0.00%,0.00%,Rp0,Rp0,Rp0,Rp0,Rp0,0,0,1,0,0,0,0.00%,0.00%,Rp0,0,Rp0,Rp0,Rp0,0,0,0,0,0,0,0,0,Rp0,0,0,0,0.00%,0,0.00%,0.00%,0,0,0.00%,0,0.00%,0.00%,Rp0,Rp0,Rp0,0,0,0,0,0,0,0,0,Rp0,0,0,0,0.00%,0,0.00%,0.00%,0,0,0.00%,0,0.00%,0.00%,Rp0,Rp0,Rp0,Rp0,Rp0,Rp0,Rp0,0,0,0,0,Rp0,0,0,0,0,0,0.00%,0,0.00%,0.00%,0,0,0.00%,0,0.00%,0.00%,0,0,0.00%,0,0.00%,0.00%,0,0,0.00%,0,0.00%,0.00%,0,0,0.00%,0,0.00%,0.00%,0,0,0.00%,0,0.00%,0.00%,Rp0,Rp0,Rp0,0,0,0,0,0,0,0,0,Rp0,2,0,0.00%,0,0.00%,0.00%,2,0,0.00%,0,0.00%,0.00%
EKSTRA Kardus dan Bubble Wrap  Untuk Packingan Set Untuk Perlindungan Ekstra,1729611046371100157,GMV & produk terjual = 0,Nonaktif,Rp0,Rp0,Rp0,Rp0,Rp0,Rp0,Rp0,Rp0,Rp0,Rp0,Rp0,Rp0,Rp0,Rp0,Rp0,0,0,0,0,Rp0,1,0,0.00%,0,0.00%,0.00%,1,0,0.00%,0,0.00%,0.00%,Rp0,Rp0,Rp0,Rp0,Rp0,0,0,1,0,0,0,0.00%,0.00%,Rp0,0,Rp0,Rp0,Rp0,0,0,0,0,0,0,0,0,Rp0,0,0,0,0.00%,0,0.00%,0.00%,0,0,0.00%,0,0.00%,0.00%,Rp0,Rp0,Rp0,0,0,0,0,0,0,0,0,Rp0,0,0,0,0.00%,0,0.00%,0.00%,0,0,0.00%,0,0.00%,0.00%,Rp0,Rp0,Rp0,Rp0,Rp0,Rp0,Rp0,0,0,0,0,Rp0,0,0,0,0,0,0.00%,0,0.00%,0.00%,0,0,0.00%,0,0.00%,0.00%,0,0,0.00%,0,0.00%,0.00%,0,0,0.00%,0,0.00%,0.00%,0,0,0.00%,0,0.00%,0.00%,0,0,0.00%,0,0.00%,0.00%,Rp0,Rp0,Rp0,0,0,0,0,0,0,0,0,Rp0,1,0,0.00%,0,0.00%,0.00%,1,0,0.00%,0,0.00%,0.00%
RYu Mesin Bor 13 mm Beton Tembok - Impact Drill Variable Speed,1729644149566048765,GMV & produk terjual = 0,Aktif,Rp0,Rp0,Rp0,Rp0,Rp0,Rp0,Rp0,Rp0,Rp0,Rp0,Rp0,Rp0,Rp0,Rp0,Rp0,0,0,0,0,Rp0,3,0,0.00%,0,0.00%,0.00%,3,0,0.00%,0,0.00%,0.00%,Rp0,Rp0,Rp0,Rp0,Rp0,0,0,2,0,0,0,0.00%,0.00%,Rp0,0,Rp0,Rp0,Rp0,0,0,0,0,0,0,0,0,Rp0,0,0,0,0.00%,0,0.00%,0.00%,0,0,0.00%,0,0.00%,0.00%,Rp0,Rp0,Rp0,0,0,0,0,0,0,0,0,Rp0,0,0,0,0.00%,0,0.00%,0.00%,0,0,0.00%,0,0.00%,0.00%,Rp0,Rp0,Rp0,Rp0,Rp0,Rp0,Rp0,0,0,0,0,Rp0,0,0,0,0,0,0.00%,0,0.00%,0.00%,0,0,0.00%,0,0.00%,0.00%,0,0,0.00%,0,0.00%,0.00%,0,0,0.00%,0,0.00%,0.00%,0,0,0.00%,0,0.00%,0.00%,0,0,0.00%,0,0.00%,0.00%,Rp0,Rp0,Rp0,0,0,0,0,0,0,0,0,Rp0,3,0,0.00%,0,0.00%,0.00%,3,0,0.00%,0,0.00%,0.00%
Kunci Ring Pas set 8  Pcs 8-19 mm Kunci Ring Pas Original Kunci Pas Serbaguna Set Lengkap Perkakas Reparasi Mobil Rumah,1729718241957283325,GMV & produk terjual = 0,Aktif,Rp0,Rp0,Rp0,Rp0,Rp0,Rp0,Rp0,Rp0,Rp0,Rp0,Rp0,Rp0,Rp0,Rp0,Rp0,0,0,0,0,Rp0,1,0,0.00%,0,0.00%,0.00%,1,0,0.00%,0,0.00%,0.00%,Rp0,Rp0,Rp0,Rp0,Rp0,0,0,0,0,0,0,0.00%,0.00%,Rp0,0,Rp0,Rp0,Rp0,0,0,0,0,0,0,0,0,Rp0,0,0,0,0.00%,0,0.00%,0.00%,0,0,0.00%,0,0.00%,0.00%,Rp0,Rp0,Rp0,0,0,0,0,0,0,0,0,Rp0,0,0,0,0.00%,0,0.00%,0.00%,0,0,0.00%,0,0.00%,0.00%,Rp0,Rp0,Rp0,Rp0,Rp0,Rp0,Rp0,0,0,0,0,Rp0,0,0,0,0,0,0.00%,0,0.00%,0.00%,0,0,0.00%,0,0.00%,0.00%,0,0,0.00%,0,0.00%,0.00%,0,0,0.00%,0,0.00%,0.00%,0,0,0.00%,0,0.00%,0.00%,0,0,0.00%,0,0.00%,0.00%,Rp0,Rp0,Rp0,0,0,0,0,0,0,0,0,Rp0,1,0,0.00%,0,0.00%,0.00%,1,0,0.00%,0,0.00%,0.00%
HOLESAW KIT 13 16 PCS / Mata Bor Pelubang Kayu Pembolong Paralon Yukido,1729646434497432061,GMV & produk terjual = 0,Nonaktif,Rp0,Rp0,Rp0,Rp0,Rp0,Rp0,Rp0,Rp0,Rp0,Rp0,Rp0,Rp0,Rp0,Rp0,Rp0,0,0,0,0,Rp0,17,0,0.00%,0,0.00%,0.00%,1,0,0.00%,0,0.00%,0.00%,Rp0,Rp0,Rp0,Rp0,Rp0,0,0,0,0,0,0,0.00%,0.00%,Rp0,0,Rp0,Rp0,Rp0,0,0,0,0,0,0,0,0,Rp0,0,0,0,0.00%,0,0.00%,0.00%,0,0,0.00%,0,0.00%,0.00%,Rp0,Rp0,Rp0,0,0,0,0,0,0,0,0,Rp0,0,0,0,0.00%,0,0.00%,0.00%,0,0,0.00%,0,0.00%,0.00%,Rp0,Rp0,Rp0,Rp0,Rp0,Rp0,Rp0,0,0,0,0,Rp0,0,0,0,0,0,0.00%,0,0.00%,0.00%,0,0,0.00%,0,0.00%,0.00%,0,0,0.00%,0,0.00%,0.00%,0,0,0.00%,0,0.00%,0.00%,0,0,0.00%,0,0.00%,0.00%,0,0,0.00%,0,0.00%,0.00%,Rp0,Rp0,Rp0,0,0,0,0,0,0,0,0,Rp0,17,0,0.00%,0,0.00%,0.00%,1,0,0.00%,0,0.00%,0.00%
Seal tape tebal 10 METER / isolasi pipa kran keran VPR SEALTAPE VPR,1732901171414271485,GMV & produk terjual = 0,Aktif,Rp0,Rp0,Rp0,Rp0,Rp0,Rp0,Rp0,Rp0,Rp0,Rp0,Rp0,Rp0,Rp0,Rp0,Rp0,0,0,0,0,Rp0,1892,16,0.85%,3,18.75%,0.00%,1701,13,0.76%,3,23.08%,0.00%,Rp0,Rp0,Rp0,Rp0,Rp0,0,0,1181,10,8,0,0.85%,0.00%,Rp0,0,Rp0,Rp0,Rp0,0,0,0,0,0,0,0,0,Rp0,0,0,0,0.00%,0,0.00%,0.00%,0,0,0.00%,0,0.00%,0.00%,Rp0,Rp0,Rp0,0,0,0,0,0,0,0,0,Rp0,0,0,0,0.00%,0,0.00%,0.00%,0,0,0.00%,0,0.00%,0.00%,Rp0,Rp0,Rp0,Rp0,Rp0,Rp0,Rp0,0,0,0,0,Rp0,0,0,0,23,0,0.00%,0,0.00%,0.00%,21,0,0.00%,0,0.00%,0.00%,0,0,0.00%,0,0.00%,0.00%,0,0,0.00%,0,0.00%,0.00%,0,0,0.00%,0,0.00%,0.00%,0,0,0.00%,0,0.00%,0.00%,Rp0,Rp0,Rp0,0,0,0,0,0,0,0,0,Rp0,1869,16,0.86%,3,18.75%,0.00%,1649,13,0.79%,3,23.08%,0.00%
Swicth Saklar Mesin Profil Universal 2700 M2700 Gurinda 2300 2350 Modern,1729631951205271037,GMV & produk terjual = 0,Aktif,Rp0,Rp0,Rp0,Rp0,Rp0,Rp0,Rp0,Rp0,Rp0,Rp0,Rp0,Rp0,Rp0,Rp0,Rp0,0,0,0,0,Rp0,1,0,0.00%,0,0.00%,0.00%,1,0,0.00%,0,0.00%,0.00%,Rp0,Rp0,Rp0,Rp0,Rp0,0,0,1,0,0,0,0.00%,0.00%,Rp0,0,Rp0,Rp0,Rp0,0,0,0,0,0,0,0,0,Rp0,0,0,0,0.00%,0,0.00%,0.00%,0,0,0.00%,0,0.00%,0.00%,Rp0,Rp0,Rp0,0,0,0,0,0,0,0,0,Rp0,0,0,0,0.00%,0,0.00%,0.00%,0,0,0.00%,0,0.00%,0.00%,Rp0,Rp0,Rp0,Rp0,Rp0,Rp0,Rp0,0,0,0,0,Rp0,0,0,0,0,0,0.00%,0,0.00%,0.00%,0,0,0.00%,0,0.00%,0.00%,0,0,0.00%,0,0.00%,0.00%,0,0,0.00%,0,0.00%,0.00%,0,0,0.00%,0,0.00%,0.00%,0,0,0.00%,0,0.00%,0.00%,Rp0,Rp0,Rp0,0,0,0,0,0,0,0,0,Rp0,1,0,0.00%,0,0.00%,0.00%,1,0,0.00%,0,0.00%,0.00%
MESIN BOR LISTRIK BOLAK BALIK 10mm BOR TANGAN KUSUKA BY FUJIYAMA ASLI BISA UNTUK KAYU BESI BETON,1729698528187025917,GMV & produk terjual = 0,Aktif,Rp0,Rp0,Rp0,Rp0,Rp0,Rp0,Rp0,Rp0,Rp0,Rp0,Rp0,Rp0,Rp0,Rp0,Rp0,0,0,0,0,Rp0,2,0,0.00%,0,0.00%,0.00%,2,0,0.00%,0,0.00%,0.00%,Rp0,Rp0,Rp0,Rp0,Rp0,0,0,1,0,0,0,0.00%,0.00%,Rp0,0,Rp0,Rp0,Rp0,0,0,0,0,0,0,0,0,Rp0,0,0,0,0.00%,0,0.00%,0.00%,0,0,0.00%,0,0.00%,0.00%,Rp0,Rp0,Rp0,0,0,0,0,0,0,0,0,Rp0,0,0,0,0.00%,0,0.00%,0.00%,0,0,0.00%,0,0.00%,0.00%,Rp0,Rp0,Rp0,Rp0,Rp0,Rp0,Rp0,0,0,0,0,Rp0,0,0,0,0,0,0.00%,0,0.00%,0.00%,0,0,0.00%,0,0.00%,0.00%,0,0,0.00%,0,0.00%,0.00%,0,0,0.00%,0,0.00%,0.00%,0,0,0.00%,0,0.00%,0.00%,0,0,0.00%,0,0.00%,0.00%,Rp0,Rp0,Rp0,0,0,0,0,0,0,0,0,Rp0,2,0,0.00%,0,0.00%,0.00%,2,0,0.00%,0,0.00%,0.00%
Original Dudukan Gerinda Stand Holder Gerinda Circular Saw Mesin Pemotong 45 Derajat,1734431478246966781,GMV & produk terjual = 0,Aktif,Rp0,Rp0,Rp0,Rp0,Rp0,Rp0,Rp0,Rp0,Rp0,Rp0,Rp0,Rp0,Rp0,Rp0,Rp0,0,0,0,0,Rp0,3558,174,4.89%,12,6.90%,0.00%,3195,156,4.88%,10,6.41%,0.00%,Rp0,Rp0,Rp0,Rp0,Rp291.890,3,2,1720,74,64,0,4.30%,0.00%,Rp0,0,Rp0,Rp0,Rp0,0,0,0,0,0,0,0,0,Rp0,23,398,16,4.02%,0,0.00%,0.00%,347,14,4.03%,0,0.00%,0.00%,Rp0,Rp0,Rp0,0,0,0,0,0,0,0,0,Rp0,0,0,0,0.00%,0,0.00%,0.00%,0,0,0.00%,0,0.00%,0.00%,Rp0,Rp0,Rp0,Rp0,Rp0,Rp0,Rp0,0,0,0,0,Rp0,0,0,0,2,0,0.00%,0,0.00%,0.00%,2,0,0.00%,0,0.00%,0.00%,0,0,0.00%,0,0.00%,0.00%,0,0,0.00%,0,0.00%,0.00%,0,0,0.00%,0,0.00%,0.00%,0,0,0.00%,0,0.00%,0.00%,Rp0,Rp0,Rp0,0,0,0,0,0,0,0,0,Rp0,3157,158,5.00%,12,7.59%,0.00%,2806,140,4.99%,10,7.14%,0.00%
HARGA PROMO !!! FUJIYAMA Batu Asah Mata Pisau Planer TCT Sugu Serut Pasah - Batu Gosok,1733180681161573885,GMV & produk terjual = 0,Aktif,Rp0,Rp0,Rp0,Rp0,Rp0,Rp0,Rp0,Rp0,Rp0,Rp0,Rp0,Rp0,Rp0,Rp0,Rp0,0,0,0,0,Rp0,1264,64,5.06%,0,0.00%,0.00%,1181,62,5.25%,0,0.00%,0.00%,Rp0,Rp0,Rp0,Rp0,Rp0,0,0,689,30,30,0,4.35%,0.00%,Rp0,0,Rp0,Rp0,Rp0,0,0,0,0,0,0,0,0,Rp0,0,0,0,0.00%,0,0.00%,0.00%,0,0,0.00%,0,0.00%,0.00%,Rp0,Rp0,Rp0,0,0,0,0,0,0,0,0,Rp0,0,1,0,0.00%,0,0.00%,0.00%,1,0,0.00%,0,0.00%,0.00%,Rp0,Rp0,Rp0,Rp0,Rp0,Rp0,Rp0,0,0,0,0,Rp0,3,3,1,149,5,3.36%,0,0.00%,0.00%,140,5,3.57%,0,0.00%,0.00%,67,1,1.49%,0,0.00%,0.00%,66,1,1.52%,0,0.00%,0.00%,69,4,5.80%,0,0.00%,0.00%,61,4,6.56%,0,0.00%,0.00%,Rp0,Rp0,Rp0,0,0,0,0,0,0,0,0,Rp0,1114,59,5.30%,0,0.00%,0.00%,1026,56,5.46%,0,0.00%,0.00%
SIKAT KAWAT 9 INCH BRUSH SET 3 COPPER NYLON STAINLESS STEEL,1734165960828880381,GMV & produk terjual = 0,Aktif,Rp0,Rp0,Rp0,Rp0,Rp0,Rp0,Rp0,Rp0,Rp0,Rp0,Rp0,Rp0,Rp0,Rp0,Rp0,0,0,0,0,Rp0,1753,11,0.63%,1,9.09%,0.00%,1620,11,0.68%,1,9.09%,0.00%,Rp0,Rp0,Rp0,Rp0,Rp0,0,0,1073,6,6,0,0.56%,0.00%,Rp0,0,Rp0,Rp0,Rp0,0,0,0,0,0,0,0,0,Rp0,0,0,0,0.00%,0,0.00%,0.00%,0,0,0.00%,0,0.00%,0.00%,Rp0,Rp0,Rp0,0,0,0,0,0,0,0,0,Rp0,0,216,5,2.31%,0,0.00%,0.00%,183,5,2.73%,0,0.00%,0.00%,Rp0,Rp0,Rp0,Rp0,Rp0,Rp0,Rp0,0,0,0,0,Rp0,1,0,1,39,1,2.56%,0,0.00%,0.00%,36,1,2.78%,0,0.00%,0.00%,0,0,0.00%,0,0.00%,0.00%,0,0,0.00%,0,0.00%,0.00%,37,1,2.70%,0,0.00%,0.00%,34,1,2.94%,0,0.00%,0.00%,Rp0,Rp0,Rp0,0,0,0,0,0,0,0,0,Rp0,1499,5,0.33%,1,20.00%,0.00%,1387,5,0.36%,1,20.00%,0.00%
TOOLSET SH310 Bor Baterai 12V Mesin Bor Untuk Kayu Tembok Dilengkapi 2 baterai cas Koper dan Set Toolkit Mata Bor,1729661049452332541,GMV & produk terjual = 0,Aktif,Rp0,Rp0,Rp0,Rp0,Rp0,Rp0,Rp0,Rp0,Rp0,Rp0,Rp0,Rp0,Rp0,Rp0,Rp0,0,0,0,0,Rp0,3,0,0.00%,0,0.00%,0.00%,3,0,0.00%,0,0.00%,0.00%,Rp0,Rp0,Rp0,Rp0,Rp0,0,0,2,0,0,0,0.00%,0.00%,Rp0,0,Rp0,Rp0,Rp0,0,0,0,0,0,0,0,0,Rp0,0,0,0,0.00%,0,0.00%,0.00%,0,0,0.00%,0,0.00%,0.00%,Rp0,Rp0,Rp0,0,0,0,0,0,0,0,0,Rp0,0,0,0,0.00%,0,0.00%,0.00%,0,0,0.00%,0,0.00%,0.00%,Rp0,Rp0,Rp0,Rp0,Rp0,Rp0,Rp0,0,0,0,0,Rp0,0,0,0,0,0,0.00%,0,0.00%,0.00%,0,0,0.00%,0,0.00%,0.00%,0,0,0.00%,0,0.00%,0.00%,0,0,0.00%,0,0.00%,0.00%,0,0,0.00%,0,0.00%,0.00%,0,0,0.00%,0,0.00%,0.00%,Rp0,Rp0,Rp0,0,0,0,0,0,0,0,0,Rp0,3,0,0.00%,0,0.00%,0.00%,3,0,0.00%,0,0.00%,0.00%
1 BOX ISI 50 PC Glue Korea Lem Power Perekat Super Rekat / Lem Korea G Original Asli,1733013230419019261,GMV & produk terjual = 0,Nonaktif,Rp0,Rp0,Rp0,Rp0,Rp0,Rp0,Rp0,Rp0,Rp0,Rp0,Rp0,Rp0,Rp0,Rp0,Rp0,0,0,0,0,Rp0,3,0,0.00%,0,0.00%,0.00%,1,0,0.00%,0,0.00%,0.00%,Rp0,Rp0,Rp0,Rp0,Rp0,0,0,3,0,0,0,0.00%,0.00%,Rp0,0,Rp0,Rp0,Rp0,0,0,0,0,0,0,0,0,Rp0,0,0,0,0.00%,0,0.00%,0.00%,0,0,0.00%,0,0.00%,0.00%,Rp0,Rp0,Rp0,0,0,0,0,0,0,0,0,Rp0,0,0,0,0.00%,0,0.00%,0.00%,0,0,0.00%,0,0.00%,0.00%,Rp0,Rp0,Rp0,Rp0,Rp0,Rp0,Rp0,0,0,0,0,Rp0,0,0,0,0,0,0.00%,0,0.00%,0.00%,0,0,0.00%,0,0.00%,0.00%,0,0,0.00%,0,0.00%,0.00%,0,0,0.00%,0,0.00%,0.00%,0,0,0.00%,0,0.00%,0.00%,0,0,0.00%,0,0.00%,0.00%,Rp0,Rp0,Rp0,0,0,0,0,0,0,0,0,Rp0,3,0,0.00%,0,0.00%,0.00%,1,0,0.00%,0,0.00%,0.00%
NEWW BONCH I Gerinda 4In Tangan Listrik Lengkap Termurah 7 Mata Logam,1729618276171679229,GMV & produk terjual = 0,Aktif,Rp0,Rp0,Rp0,Rp0,Rp0,Rp0,Rp0,Rp0,Rp0,Rp0,Rp0,Rp0,Rp0,Rp0,Rp0,0,0,0,0,Rp0,4,0,0.00%,0,0.00%,0.00%,4,0,0.00%,0,0.00%,0.00%,Rp0,Rp0,Rp0,Rp0,Rp0,0,0,2,0,0,0,0.00%,0.00%,Rp0,0,Rp0,Rp0,Rp0,0,0,0,0,0,0,0,0,Rp0,0,0,0,0.00%,0,0.00%,0.00%,0,0,0.00%,0,0.00%,0.00%,Rp0,Rp0,Rp0,0,0,0,0,0,0,0,0,Rp0,0,0,0,0.00%,0,0.00%,0.00%,0,0,0.00%,0,0.00%,0.00%,Rp0,Rp0,Rp0,Rp0,Rp0,Rp0,Rp0,0,0,0,0,Rp0,0,0,0,0,0,0.00%,0,0.00%,0.00%,0,0,0.00%,0,0.00%,0.00%,0,0,0.00%,0,0.00%,0.00%,0,0,0.00%,0,0.00%,0.00%,0,0,0.00%,0,0.00%,0.00%,0,0,0.00%,0,0.00%,0.00%,Rp0,Rp0,Rp0,0,0,0,0,0,0,0,0,Rp0,4,0,0.00%,0,0.00%,0.00%,4,0,0.00%,0,0.00%,0.00%
FUJIYAMA MESIN LAS MIG TANPA GAS MIG120 & MMA 120A 2in1 FUJIYAMA ORIGINAL JAPAN (migi130) 120 130 Flux Core,1733117961476277757,GMV & produk terjual = 0,Aktif,Rp0,Rp0,Rp0,Rp0,Rp0,Rp0,Rp0,Rp0,Rp0,Rp0,Rp0,Rp0,Rp0,Rp0,Rp0,0,0,0,0,Rp0,294,9,3.06%,0,0.00%,0.00%,278,7,2.52%,0,0.00%,0.00%,Rp0,Rp0,Rp0,Rp0,Rp0,0,0,164,3,3,0,1.83%,0.00%,Rp0,0,Rp0,Rp0,Rp0,0,0,0,0,0,0,0,0,Rp0,0,0,0,0.00%,0,0.00%,0.00%,0,0,0.00%,0,0.00%,0.00%,Rp0,Rp0,Rp0,0,0,0,0,0,0,0,0,Rp0,0,0,0,0.00%,0,0.00%,0.00%,0,0,0.00%,0,0.00%,0.00%,Rp0,Rp0,Rp0,Rp0,Rp0,Rp0,Rp0,0,0,0,0,Rp0,0,0,0,0,0,0.00%,0,0.00%,0.00%,0,0,0.00%,0,0.00%,0.00%,0,0,0.00%,0,0.00%,0.00%,0,0,0.00%,0,0.00%,0.00%,0,0,0.00%,0,0.00%,0.00%,0,0,0.00%,0,0.00%,0.00%,Rp0,Rp0,Rp0,0,0,0,0,0,0,0,0,Rp0,294,9,3.06%,0,0.00%,0.00%,272,7,2.57%,0,0.00%,0.00%
Spray Gun F75 Bawah Spet Cat Semprot Plus Selang Recoil Hose 4.5 - 12 m,1729711568905668093,GMV & produk terjual = 0,Aktif,Rp0,Rp0,Rp0,Rp0,Rp0,Rp0,Rp0,Rp0,Rp0,Rp0,Rp0,Rp0,Rp0,Rp0,Rp0,0,0,0,0,Rp0,18,0,0.00%,0,0.00%,0.00%,1,0,0.00%,0,0.00%,0.00%,Rp0,Rp0,Rp0,Rp0,Rp0,0,0,18,0,0,0,0.00%,0.00%,Rp0,0,Rp0,Rp0,Rp0,0,0,0,0,0,0,0,0,Rp0,0,0,0,0.00%,0,0.00%,0.00%,0,0,0.00%,0,0.00%,0.00%,Rp0,Rp0,Rp0,0,0,0,0,0,0,0,0,Rp0,0,0,0,0.00%,0,0.00%,0.00%,0,0,0.00%,0,0.00%,0.00%,Rp0,Rp0,Rp0,Rp0,Rp0,Rp0,Rp0,0,0,0,0,Rp0,0,0,0,0,0,0.00%,0,0.00%,0.00%,0,0,0.00%,0,0.00%,0.00%,0,0,0.00%,0,0.00%,0.00%,0,0,0.00%,0,0.00%,0.00%,0,0,0.00%,0,0.00%,0.00%,0,0,0.00%,0,0.00%,0.00%,Rp0,Rp0,Rp0,0,0,0,0,0,0,0,0,Rp0,18,0,0.00%,0,0.00%,0.00%,1,0,0.00%,0,0.00%,0.00%
"YUKIDO TCT MATA GERINDA UNTUK KAYU 4""X40T",1729645027398945277,GMV & produk terjual = 0,Nonaktif,Rp0,Rp0,Rp0,Rp0,Rp0,Rp0,Rp0,Rp0,Rp0,Rp0,Rp0,Rp0,Rp0,Rp0,Rp0,0,0,0,0,Rp0,1,0,0.00%,0,0.00%,0.00%,1,0,0.00%,0,0.00%,0.00%,Rp0,Rp0,Rp0,Rp0,Rp0,0,0,1,0,0,0,0.00%,0.00%,Rp0,0,Rp0,Rp0,Rp0,0,0,0,0,0,0,0,0,Rp0,0,0,0,0.00%,0,0.00%,0.00%,0,0,0.00%,0,0.00%,0.00%,Rp0,Rp0,Rp0,0,0,0,0,0,0,0,0,Rp0,0,0,0,0.00%,0,0.00%,0.00%,0,0,0.00%,0,0.00%,0.00%,Rp0,Rp0,Rp0,Rp0,Rp0,Rp0,Rp0,0,0,0,0,Rp0,0,0,0,0,0,0.00%,0,0.00%,0.00%,0,0,0.00%,0,0.00%,0.00%,0,0,0.00%,0,0.00%,0.00%,0,0,0.00%,0,0.00%,0.00%,0,0,0.00%,0,0.00%,0.00%,0,0,0.00%,0,0.00%,0.00%,Rp0,Rp0,Rp0,0,0,0,0,0,0,0,0,Rp0,1,0,0.00%,0,0.00%,0.00%,1,0,0.00%,0,0.00%,0.00%
Gunting Kawat Besi 8 inch Pemotong Baja Tang Potong Bolt Cutter Kawat Ayam Beton,1729688066592310781,GMV & produk terjual = 0,Aktif,Rp0,Rp0,Rp0,Rp0,Rp0,Rp0,Rp0,Rp0,Rp0,Rp0,Rp0,Rp0,Rp0,Rp0,Rp0,0,0,0,0,Rp0,9,0,0.00%,0,0.00%,0.00%,3,0,0.00%,0,0.00%,0.00%,Rp0,Rp0,Rp0,Rp0,Rp0,0,0,9,0,0,0,0.00%,0.00%,Rp0,0,Rp0,Rp0,Rp0,0,0,0,0,0,0,0,0,Rp0,0,0,0,0.00%,0,0.00%,0.00%,0,0,0.00%,0,0.00%,0.00%,Rp0,Rp0,Rp0,0,0,0,0,0,0,0,0,Rp0,0,0,0,0.00%,0,0.00%,0.00%,0,0,0.00%,0,0.00%,0.00%,Rp0,Rp0,Rp0,Rp0,Rp0,Rp0,Rp0,0,0,0,0,Rp0,0,0,0,0,0,0.00%,0,0.00%,0.00%,0,0,0.00%,0,0.00%,0.00%,0,0,0.00%,0,0.00%,0.00%,0,0,0.00%,0,0.00%,0.00%,0,0,0.00%,0,0.00%,0.00%,0,0,0.00%,0,0.00%,0.00%,Rp0,Rp0,Rp0,0,0,0,0,0,0,0,0,Rp0,9,0,0.00%,0,0.00%,0.00%,3,0,0.00%,0,0.00%,0.00%
Sand Blaster Spraygun Perontok Cat - Paint Remover Penghilang Karat Cat Alat Semprot Pasir Perontok Cat,1729658518769141245,GMV & produk terjual = 0,Aktif,Rp0,Rp0,Rp0,Rp0,Rp0,Rp0,Rp0,Rp0,Rp0,Rp0,Rp0,Rp0,Rp0,Rp0,Rp0,0,0,0,0,Rp0,3,0,0.00%,0,0.00%,0.00%,2,0,0.00%,0,0.00%,0.00%,Rp0,Rp0,Rp0,Rp0,Rp0,0,0,2,0,0,0,0.00%,0.00%,Rp0,0,Rp0,Rp0,Rp0,0,0,0,0,0,0,0,0,Rp0,0,0,0,0.00%,0,0.00%,0.00%,0,0,0.00%,0,0.00%,0.00%,Rp0,Rp0,Rp0,0,0,0,0,0,0,0,0,Rp0,0,0,0,0.00%,0,0.00%,0.00%,0,0,0.00%,0,0.00%,0.00%,Rp0,Rp0,Rp0,Rp0,Rp0,Rp0,Rp0,0,0,0,0,Rp0,0,0,0,0,0,0.00%,0,0.00%,0.00%,0,0,0.00%,0,0.00%,0.00%,0,0,0.00%,0,0.00%,0.00%,0,0,0.00%,0,0.00%,0.00%,0,0,0.00%,0,0.00%,0.00%,0,0,0.00%,0,0.00%,0.00%,Rp0,Rp0,Rp0,0,0,0,0,0,0,0,0,Rp0,3,0,0.00%,0,0.00%,0.00%,2,0,0.00%,0,0.00%,0.00%
Stand Drill - Stand bor duduk - Dudukan bor - standing mesin bor tangan KDK mobile drill stand,1729662814639130109,GMV & produk terjual = 0,Nonaktif,Rp0,Rp0,Rp0,Rp0,Rp0,Rp0,Rp0,Rp0,Rp0,Rp0,Rp0,Rp0,Rp0,Rp0,Rp0,0,0,0,0,Rp0,1,0,0.00%,0,0.00%,0.00%,1,0,0.00%,0,0.00%,0.00%,Rp0,Rp0,Rp0,Rp0,Rp0,0,0,0,0,0,0,0.00%,0.00%,Rp0,0,Rp0,Rp0,Rp0,0,0,0,0,0,0,0,0,Rp0,0,0,0,0.00%,0,0.00%,0.00%,0,0,0.00%,0,0.00%,0.00%,Rp0,Rp0,Rp0,0,0,0,0,0,0,0,0,Rp0,0,0,0,0.00%,0,0.00%,0.00%,0,0,0.00%,0,0.00%,0.00%,Rp0,Rp0,Rp0,Rp0,Rp0,Rp0,Rp0,0,0,0,0,Rp0,0,0,0,0,0,0.00%,0,0.00%,0.00%,0,0,0.00%,0,0.00%,0.00%,0,0,0.00%,0,0.00%,0.00%,0,0,0.00%,0,0.00%,0.00%,0,0,0.00%,0,0.00%,0.00%,0,0,0.00%,0,0.00%,0.00%,Rp0,Rp0,Rp0,0,0,0,0,0,0,0,0,Rp0,1,0,0.00%,0,0.00%,0.00%,1,0,0.00%,0,0.00%,0.00%
Paket Hemat 3 Item Mesin Bor Gerinda Set Cover Dengan Jigsaw Bonus 2 Mata Jigsaw Fullset Lengkap,1730801090204501501,GMV & produk terjual = 0,Aktif,Rp0,Rp0,Rp0,Rp0,Rp0,Rp0,Rp0,Rp0,Rp0,Rp0,Rp0,Rp0,Rp0,Rp0,Rp0,0,0,0,0,Rp0,2,0,0.00%,0,0.00%,0.00%,2,0,0.00%,0,0.00%,0.00%,Rp0,Rp0,Rp0,Rp0,Rp0,0,0,0,0,0,0,0.00%,0.00%,Rp0,0,Rp0,Rp0,Rp0,0,0,0,0,0,0,0,0,Rp0,0,0,0,0.00%,0,0.00%,0.00%,0,0,0.00%,0,0.00%,0.00%,Rp0,Rp0,Rp0,0,0,0,0,0,0,0,0,Rp0,0,0,0,0.00%,0,0.00%,0.00%,0,0,0.00%,0,0.00%,0.00%,Rp0,Rp0,Rp0,Rp0,Rp0,Rp0,Rp0,0,0,0,0,Rp0,0,0,0,0,0,0.00%,0,0.00%,0.00%,0,0,0.00%,0,0.00%,0.00%,0,0,0.00%,0,0.00%,0.00%,0,0,0.00%,0,0.00%,0.00%,0,0,0.00%,0,0.00%,0.00%,0,0,0.00%,0,0.00%,0.00%,Rp0,Rp0,Rp0,0,0,0,0,0,0,0,0,Rp0,2,0,0.00%,0,0.00%,0.00%,2,0,0.00%,0,0.00%,0.00%
Catok Paron / Ragum Yukido 5 INCHI,1729643053378275837,GMV & produk terjual = 0,Aktif,Rp0,Rp0,Rp0,Rp0,Rp0,Rp0,Rp0,Rp0,Rp0,Rp0,Rp0,Rp0,Rp0,Rp0,Rp0,0,0,0,0,Rp0,2,0,0.00%,0,0.00%,0.00%,1,0,0.00%,0,0.00%,0.00%,Rp0,Rp0,Rp0,Rp0,Rp0,0,0,2,0,0,0,0.00%,0.00%,Rp0,0,Rp0,Rp0,Rp0,0,0,0,0,0,0,0,0,Rp0,0,0,0,0.00%,0,0.00%,0.00%,0,0,0.00%,0,0.00%,0.00%,Rp0,Rp0,Rp0,0,0,0,0,0,0,0,0,Rp0,0,0,0,0.00%,0,0.00%,0.00%,0,0,0.00%,0,0.00%,0.00%,Rp0,Rp0,Rp0,Rp0,Rp0,Rp0,Rp0,0,0,0,0,Rp0,0,0,0,0,0,0.00%,0,0.00%,0.00%,0,0,0.00%,0,0.00%,0.00%,0,0,0.00%,0,0.00%,0.00%,0,0,0.00%,0,0.00%,0.00%,0,0,0.00%,0,0.00%,0.00%,0,0,0.00%,0,0.00%,0.00%,Rp0,Rp0,Rp0,0,0,0,0,0,0,0,0,Rp0,2,0,0.00%,0,0.00%,0.00%,1,0,0.00%,0,0.00%,0.00%
Alat Pengikat Pemutar Kawat Bendrat Besi Otomatis Rebar Hook MURAH,1729962322217699837,GMV & produk terjual = 0,Aktif,Rp0,Rp0,Rp0,Rp0,Rp0,Rp0,Rp0,Rp0,Rp0,Rp0,Rp0,Rp0,Rp0,Rp0,Rp0,0,0,0,0,Rp0,6,0,0.00%,0,0.00%,0.00%,2,0,0.00%,0,0.00%,0.00%,Rp0,Rp0,Rp0,Rp0,Rp0,0,0,1,0,0,0,0.00%,0.00%,Rp0,0,Rp0,Rp0,Rp0,0,0,0,0,0,0,0,0,Rp0,0,0,0,0.00%,0,0.00%,0.00%,0,0,0.00%,0,0.00%,0.00%,Rp0,Rp0,Rp0,0,0,0,0,0,0,0,0,Rp0,0,0,0,0.00%,0,0.00%,0.00%,0,0,0.00%,0,0.00%,0.00%,Rp0,Rp0,Rp0,Rp0,Rp0,Rp0,Rp0,0,0,0,0,Rp0,0,0,0,0,0,0.00%,0,0.00%,0.00%,0,0,0.00%,0,0.00%,0.00%,0,0,0.00%,0,0.00%,0.00%,0,0,0.00%,0,0.00%,0.00%,0,0,0.00%,0,0.00%,0.00%,0,0,0.00%,0,0.00%,0.00%,Rp0,Rp0,Rp0,0,0,0,0,0,0,0,0,Rp0,6,0,0.00%,0,0.00%,0.00%,2,0,0.00%,0,0.00%,0.00%
Spray Gun Air Filter Coupler Set Dengan Coupler SM PF20- Saringan Udara Angin Kompresor,1733645575747700221,GMV & produk terjual = 0,Aktif,Rp0,Rp0,Rp0,Rp0,Rp0,Rp0,Rp0,Rp0,Rp0,Rp0,Rp0,Rp0,Rp0,Rp0,Rp0,0,0,0,0,Rp0,785,24,3.06%,3,12.50%,0.00%,670,22,3.28%,3,13.64%,0.00%,Rp0,Rp0,Rp0,Rp0,Rp0,0,0,430,14,12,0,3.26%,0.00%,Rp0,0,Rp0,Rp0,Rp0,0,0,0,0,0,0,0,0,Rp0,4,27,1,3.70%,0,0.00%,0.00%,27,1,3.70%,0,0.00%,0.00%,Rp0,Rp0,Rp0,0,0,0,0,0,0,0,0,Rp0,1,70,2,2.86%,0,0.00%,0.00%,59,2,3.39%,0,0.00%,0.00%,Rp0,Rp0,Rp0,Rp0,Rp0,Rp0,Rp0,0,0,0,0,Rp0,0,0,0,0,0,0.00%,0,0.00%,0.00%,0,0,0.00%,0,0.00%,0.00%,0,0,0.00%,0,0.00%,0.00%,0,0,0.00%,0,0.00%,0.00%,0,0,0.00%,0,0.00%,0.00%,0,0,0.00%,0,0.00%,0.00%,Rp0,Rp0,Rp0,0,0,0,0,0,0,0,0,Rp0,689,21,3.05%,3,14.29%,0.00%,573,19,3.32%,3,15.79%,0.00%
YUKIDO MESIN LAS DIGITAL SUDAH DAPAT KACAMATA LAS OTOMATIS,1729692298356034045,GMV & produk terjual = 0,Aktif,Rp0,Rp0,Rp0,Rp0,Rp0,Rp0,Rp0,Rp0,Rp0,Rp0,Rp0,Rp0,Rp0,Rp0,Rp0,0,0,0,0,Rp0,1,0,0.00%,0,0.00%,0.00%,1,0,0.00%,0,0.00%,0.00%,Rp0,Rp0,Rp0,Rp0,Rp0,0,0,0,0,0,0,0.00%,0.00%,Rp0,0,Rp0,Rp0,Rp0,0,0,0,0,0,0,0,0,Rp0,0,0,0,0.00%,0,0.00%,0.00%,0,0,0.00%,0,0.00%,0.00%,Rp0,Rp0,Rp0,0,0,0,0,0,0,0,0,Rp0,0,0,0,0.00%,0,0.00%,0.00%,0,0,0.00%,0,0.00%,0.00%,Rp0,Rp0,Rp0,Rp0,Rp0,Rp0,Rp0,0,0,0,0,Rp0,0,0,0,0,0,0.00%,0,0.00%,0.00%,0,0,0.00%,0,0.00%,0.00%,0,0,0.00%,0,0.00%,0.00%,0,0,0.00%,0,0.00%,0.00%,0,0,0.00%,0,0.00%,0.00%,0,0,0.00%,0,0.00%,0.00%,Rp0,Rp0,Rp0,0,0,0,0,0,0,0,0,Rp0,1,0,0.00%,0,0.00%,0.00%,1,0,0.00%,0,0.00%,0.00%
Universal Kunci L Roda Pelek Ban Mobil Tarik Panjang Pendek 19 & 21 mm,1733857864624211453,GMV & produk terjual = 0,Aktif,Rp0,Rp0,Rp0,Rp0,Rp0,Rp0,Rp0,Rp0,Rp0,Rp0,Rp0,Rp0,Rp0,Rp0,Rp0,0,0,0,0,Rp0,1871,74,3.96%,2,2.70%,0.00%,1495,61,4.08%,2,3.28%,0.00%,Rp0,Rp0,Rp0,Rp0,Rp0,0,0,699,32,27,0,4.58%,0.00%,Rp0,0,Rp0,Rp0,Rp0,0,0,0,0,0,0,0,0,Rp0,0,0,0,0.00%,0,0.00%,0.00%,0,0,0.00%,0,0.00%,0.00%,Rp0,Rp0,Rp0,0,0,0,0,0,0,0,0,Rp0,1,1216,56,4.61%,1,1.79%,0.00%,928,46,4.96%,1,2.17%,0.00%,Rp0,Rp0,Rp0,Rp0,Rp0,Rp0,Rp0,0,0,0,0,Rp0,1,0,1,276,14,5.07%,1,7.14%,0.00%,220,11,5.00%,1,9.09%,0.00%,0,0,0.00%,0,0.00%,0.00%,0,0,0.00%,0,0.00%,0.00%,271,14,5.17%,1,7.14%,0.00%,220,11,5.00%,1,9.09%,0.00%,Rp0,Rp0,Rp0,0,0,0,0,0,0,0,0,Rp0,379,4,1.06%,0,0.00%,0.00%,347,4,1.15%,0,0.00%,0.00%
Kunci Shock Sock Sok Set 10 Pcs 8-24 mm ( Ready Cod ) Kunci 1set lengkap / Kunci t 1 set lengkap murah / Kunci shock 1 set lengkap / Kunci bengkel motor komplit / Kunci pass 1 set lengkap,1736446960742991357,GMV & produk terjual = 0,Aktif,Rp0,Rp0,Rp0,Rp0,Rp0,Rp0,Rp0,Rp0,Rp0,Rp0,Rp0,Rp0,Rp0,Rp0,Rp0,0,0,0,0,Rp0,745,19,2.55%,0,0.00%,0.00%,636,15,2.36%,0,0.00%,0.00%,Rp0,Rp0,Rp0,Rp0,Rp0,0,0,232,2,2,0,0.86%,0.00%,Rp0,0,Rp0,Rp0,Rp0,0,0,0,0,0,0,0,0,Rp0,1,91,2,2.20%,0,0.00%,0.00%,84,2,2.38%,0,0.00%,0.00%,Rp0,Rp0,Rp0,0,0,0,0,0,0,0,0,Rp0,1,42,4,9.52%,0,0.00%,0.00%,19,2,10.53%,0,0.00%,0.00%,Rp0,Rp0,Rp0,Rp0,Rp0,Rp0,Rp0,0,0,0,0,Rp0,1,0,1,23,2,8.70%,0,0.00%,0.00%,0,0,0.00%,0,0.00%,0.00%,0,0,0.00%,0,0.00%,0.00%,0,0,0.00%,0,0.00%,0.00%,12,2,16.67%,0,0.00%,0.00%,0,0,0.00%,0,0.00%,0.00%,Rp0,Rp0,Rp0,0,0,0,0,0,0,0,0,Rp0,585,11,1.88%,0,0.00%,0.00%,227,2,0.88%,0,0.00%,0.00%
Staples Tembak Angin / Air Nailer Mesin Hekter Stapler Udara YUKIDO PRO Series F30 dan 1022J STAPLES PRO,1735754461476521469,GMV & produk terjual = 0,Aktif,Rp0,Rp0,Rp0,Rp0,Rp0,Rp0,Rp0,Rp0,Rp0,Rp0,Rp0,Rp0,Rp0,Rp0,Rp0,0,0,0,0,Rp0,7341,138,1.88%,2,1.45%,0.00%,6695,120,1.79%,2,1.67%,0.00%,Rp0,Rp0,Rp0,Rp0,Rp0,0,0,3330,42,37,0,1.26%,0.00%,Rp0,0,Rp0,Rp0,Rp0,0,0,0,0,0,0,0,0,Rp0,32,1084,22,2.03%,0,0.00%,0.00%,1007,17,1.69%,0,0.00%,0.00%,Rp0,Rp0,Rp0,0,0,0,0,0,0,0,0,Rp0,2,530,33,6.23%,1,3.03%,0.00%,363,29,7.99%,1,3.45%,0.00%,Rp0,Rp0,Rp0,Rp0,Rp0,Rp0,Rp0,0,0,0,0,Rp0,10,10,1,375,12,3.20%,0,0.00%,0.00%,334,12,3.59%,0,0.00%,0.00%,248,9,3.63%,0,0.00%,0.00%,230,9,3.91%,0,0.00%,0.00%,61,3,4.92%,0,0.00%,0.00%,46,3,6.52%,0,0.00%,0.00%,Rp0,Rp0,Rp0,0,0,0,0,0,0,0,0,Rp0,5352,71,1.33%,1,1.41%,0.00%,4979,61,1.23%,1,1.64%,0.00%
"Mata Bor Baja Kecepatan Tinggi Twist 2MM - 7 MM 4341 untuk Baja Tahan Karat, Besi, Aluminium, Kayu",1734165767353239037,GMV & produk terjual = 0,Aktif,Rp0,Rp0,Rp0,Rp0,Rp0,Rp0,Rp0,Rp0,Rp0,Rp0,Rp0,Rp0,Rp0,Rp0,Rp0,0,0,0,0,Rp0,2323,69,2.97%,0,0.00%,0.00%,2077,68,3.27%,0,0.00%,0.00%,Rp0,Rp0,Rp0,Rp0,Rp0,0,0,1469,44,44,0,3.00%,0.00%,Rp0,0,Rp0,Rp0,Rp0,0,0,0,0,0,0,0,0,Rp0,0,0,0,0.00%,0,0.00%,0.00%,0,0,0.00%,0,0.00%,0.00%,Rp0,Rp0,Rp0,0,0,0,0,0,0,0,0,Rp0,0,2,0,0.00%,0,0.00%,0.00%,2,0,0.00%,0,0.00%,0.00%,Rp0,Rp0,Rp0,Rp0,Rp0,Rp0,Rp0,0,0,0,0,Rp0,0,0,0,0,0,0.00%,0,0.00%,0.00%,0,0,0.00%,0,0.00%,0.00%,0,0,0.00%,0,0.00%,0.00%,0,0,0.00%,0,0.00%,0.00%,0,0,0.00%,0,0.00%,0.00%,0,0,0.00%,0,0.00%,0.00%,Rp0,Rp0,Rp0,0,0,0,0,0,0,0,0,Rp0,2320,69,2.97%,0,0.00%,0.00%,2060,68,3.30%,0,0.00%,0.00%
YUKIDO GEAR RACHET WRENCH / KUNCI RING PAS RACHET SET 7PCS,1729635948584077821,GMV & produk terjual = 0,Aktif,Rp0,Rp0,Rp0,Rp0,Rp0,Rp0,Rp0,Rp0,Rp0,Rp0,Rp0,Rp0,Rp0,Rp0,Rp0,0,0,0,0,Rp0,707,18,2.55%,1,5.56%,0.00%,634,17,2.68%,1,5.88%,0.00%,Rp0,Rp0,Rp0,Rp0,Rp0,0,0,405,12,11,0,2.96%,0.00%,Rp0,0,Rp0,Rp0,Rp0,0,0,0,0,0,0,0,0,Rp0,0,0,0,0.00%,0,0.00%,0.00%,0,0,0.00%,0,0.00%,0.00%,Rp0,Rp0,Rp0,0,0,0,0,0,0,0,0,Rp0,0,0,0,0.00%,0,0.00%,0.00%,0,0,0.00%,0,0.00%,0.00%,Rp0,Rp0,Rp0,Rp0,Rp0,Rp0,Rp0,0,0,0,0,Rp0,0,0,0,167,5,2.99%,0,0.00%,0.00%,139,5,3.60%,0,0.00%,0.00%,0,0,0.00%,0,0.00%,0.00%,0,0,0.00%,0,0.00%,0.00%,164,5,3.05%,0,0.00%,0.00%,136,5,3.68%,0,0.00%,0.00%,Rp0,Rp0,Rp0,0,0,0,0,0,0,0,0,Rp0,539,13,2.41%,1,7.69%,0.00%,482,12,2.49%,1,8.33%,0.00%
Dongkrak Penyangga Jack Stand 3TON Tahanan Dongkrak Mobil- 6720,1733422819351823869,GMV & produk terjual = 0,Aktif,Rp0,Rp0,Rp0,Rp0,Rp0,Rp0,Rp0,Rp0,Rp0,Rp0,Rp0,Rp0,Rp0,Rp0,Rp0,0,0,0,0,Rp0,16,0,0.00%,0,0.00%,0.00%,14,0,0.00%,0,0.00%,0.00%,Rp0,Rp0,Rp0,Rp0,Rp0,0,0,5,0,0,0,0.00%,0.00%,Rp0,0,Rp0,Rp0,Rp0,0,0,0,0,0,0,0,0,Rp0,0,1,0,0.00%,0,0.00%,0.00%,1,0,0.00%,0,0.00%,0.00%,Rp0,Rp0,Rp0,0,0,0,0,0,0,0,0,Rp0,0,0,0,0.00%,0,0.00%,0.00%,0,0,0.00%,0,0.00%,0.00%,Rp0,Rp0,Rp0,Rp0,Rp0,Rp0,Rp0,0,0,0,0,Rp0,0,0,0,0,0,0.00%,0,0.00%,0.00%,0,0,0.00%,0,0.00%,0.00%,0,0,0.00%,0,0.00%,0.00%,0,0,0.00%,0,0.00%,0.00%,0,0,0.00%,0,0.00%,0.00%,0,0,0.00%,0,0.00%,0.00%,Rp0,Rp0,Rp0,0,0,0,0,0,0,0,0,Rp0,15,0,0.00%,0,0.00%,0.00%,13,0,0.00%,0,0.00%,0.00%
HELM LAS OTOMATIS RB-4300 / KACAMATA LAS,1729657054475618813,GMV & produk terjual = 0,Aktif,Rp0,Rp0,Rp0,Rp0,Rp0,Rp0,Rp0,Rp0,Rp0,Rp0,Rp0,Rp0,Rp0,Rp0,Rp0,0,0,0,0,Rp0,1,0,0.00%,0,0.00%,0.00%,1,0,0.00%,0,0.00%,0.00%,Rp0,Rp0,Rp0,Rp0,Rp0,0,0,0,0,0,0,0.00%,0.00%,Rp0,0,Rp0,Rp0,Rp0,0,0,0,0,0,0,0,0,Rp0,0,0,0,0.00%,0,0.00%,0.00%,0,0,0.00%,0,0.00%,0.00%,Rp0,Rp0,Rp0,0,0,0,0,0,0,0,0,Rp0,0,0,0,0.00%,0,0.00%,0.00%,0,0,0.00%,0,0.00%,0.00%,Rp0,Rp0,Rp0,Rp0,Rp0,Rp0,Rp0,0,0,0,0,Rp0,0,0,0,0,0,0.00%,0,0.00%,0.00%,0,0,0.00%,0,0.00%,0.00%,0,0,0.00%,0,0.00%,0.00%,0,0,0.00%,0,0.00%,0.00%,0,0,0.00%,0,0.00%,0.00%,0,0,0.00%,0,0.00%,0.00%,Rp0,Rp0,Rp0,0,0,0,0,0,0,0,0,Rp0,1,0,0.00%,0,0.00%,0.00%,1,0,0.00%,0,0.00%,0.00%
Baut Rivet/Universal Klip Bumper Baut/Baut Rivet Mobil/419PCS/baut rivet serbaguna/Plastik Bemper Clip/Bumper Rivet Retainer/Cocok Untuk Semua Kendaraan,1729641181228075517,GMV & produk terjual = 0,Aktif,Rp0,Rp0,Rp0,Rp0,Rp0,Rp0,Rp0,Rp0,Rp0,Rp0,Rp0,Rp0,Rp0,Rp0,Rp0,0,0,0,0,Rp0,1538,52,3.38%,0,0.00%,0.00%,1415,46,3.25%,0,0.00%,0.00%,Rp0,Rp0,Rp0,Rp0,Rp0,0,0,850,23,19,0,2.71%,0.00%,Rp0,0,Rp0,Rp0,Rp0,0,0,0,0,0,0,0,0,Rp0,0,0,0,0.00%,0,0.00%,0.00%,0,0,0.00%,0,0.00%,0.00%,Rp0,Rp0,Rp0,0,0,0,0,0,0,0,0,Rp0,0,51,3,5.88%,0,0.00%,0.00%,39,2,5.13%,0,0.00%,0.00%,Rp0,Rp0,Rp0,Rp0,Rp0,Rp0,Rp0,0,0,0,0,Rp0,1,0,1,98,0,0.00%,0,0.00%,0.00%,82,0,0.00%,0,0.00%,0.00%,0,0,0.00%,0,0.00%,0.00%,0,0,0.00%,0,0.00%,0.00%,46,0,0.00%,0,0.00%,0.00%,36,0,0.00%,0,0.00%,0.00%,Rp0,Rp0,Rp0,0,0,0,0,0,0,0,0,Rp0,1390,49,3.53%,0,0.00%,0.00%,1285,44,3.42%,0,0.00%,0.00%
YUKIDO Kunci Inggris Adjustable Wrench All Size 8'' 10'' 12'' 15'' inch,1729642267504773629,GMV & produk terjual = 0,Aktif,Rp0,Rp0,Rp0,Rp0,Rp0,Rp0,Rp0,Rp0,Rp0,Rp0,Rp0,Rp0,Rp0,Rp0,Rp0,0,0,0,0,Rp0,922,33,3.58%,0,0.00%,0.00%,843,26,3.08%,0,0.00%,0.00%,Rp0,Rp0,Rp0,Rp0,Rp0,0,0,371,1,1,0,0.27%,0.00%,Rp0,0,Rp0,Rp0,Rp0,0,0,0,0,0,0,0,0,Rp0,1,3,0,0.00%,0,0.00%,0.00%,2,0,0.00%,0,0.00%,0.00%,Rp0,Rp0,Rp0,0,0,0,0,0,0,0,0,Rp0,1,83,9,10.84%,0,0.00%,0.00%,74,7,9.46%,0,0.00%,0.00%,Rp0,Rp0,Rp0,Rp0,Rp0,Rp0,Rp0,0,0,0,0,Rp0,3,0,3,179,11,6.15%,0,0.00%,0.00%,159,10,6.29%,0,0.00%,0.00%,0,0,0.00%,0,0.00%,0.00%,0,0,0.00%,0,0.00%,0.00%,144,11,7.64%,0,0.00%,0.00%,127,10,7.87%,0,0.00%,0.00%,Rp0,Rp0,Rp0,0,0,0,0,0,0,0,0,Rp0,655,13,1.98%,0,0.00%,0.00%,588,8,1.36%,0,0.00%,0.00%
"YUKIDO Tang Las Japan Technology 500A/1000A Tembaga Murni Tebal Arus Kuat & Stabil!Anti Panas, Anti Bocor Listrik, untuk Berbagai Ukuran Elektroda Aman Digunakan Seharian",1729642333665987069,GMV & produk terjual = 0,Aktif,Rp0,Rp0,Rp0,Rp0,Rp0,Rp0,Rp0,Rp0,Rp0,Rp0,Rp0,Rp0,Rp0,Rp0,Rp0,0,0,0,0,Rp0,1731,48,2.77%,1,2.08%,0.00%,1555,46,2.96%,1,2.17%,0.00%,Rp0,Rp0,Rp0,Rp0,Rp0,0,0,456,3,3,0,0.66%,0.00%,Rp0,0,Rp0,Rp0,Rp0,0,0,0,0,0,0,0,0,Rp0,0,0,0,0.00%,0,0.00%,0.00%,0,0,0.00%,0,0.00%,0.00%,Rp0,Rp0,Rp0,0,0,0,0,0,0,0,0,Rp0,1,430,20,4.65%,0,0.00%,0.00%,385,19,4.94%,0,0.00%,0.00%,Rp0,Rp0,Rp0,Rp0,Rp0,Rp0,Rp0,0,0,0,0,Rp0,3,0,3,540,11,2.04%,1,9.09%,0.00%,474,10,2.11%,1,10.00%,0.00%,0,0,0.00%,0,0.00%,0.00%,0,0,0.00%,0,0.00%,0.00%,499,10,2.00%,1,10.00%,0.00%,451,9,2.00%,1,11.11%,0.00%,Rp0,Rp0,Rp0,0,0,0,0,0,0,0,0,Rp0,760,17,2.24%,0,0.00%,0.00%,659,16,2.43%,0,0.00%,0.00%
"Mata Gerinda Poles 4"" Grinding Wheel Yukido Batu Grinda Poles",1729642366410721789,GMV & produk terjual = 0,Aktif,Rp0,Rp0,Rp0,Rp0,Rp0,Rp0,Rp0,Rp0,Rp0,Rp0,Rp0,Rp0,Rp0,Rp0,Rp0,0,0,0,0,Rp0,2115,62,2.93%,9,14.52%,0.00%,1721,50,2.91%,8,16.00%,0.00%,Rp0,Rp0,Rp0,Rp0,Rp0,0,0,1014,42,33,0,4.14%,0.00%,Rp0,0,Rp0,Rp0,Rp0,0,0,0,0,0,0,0,0,Rp0,1,310,4,1.29%,1,25.00%,0.00%,263,3,1.14%,1,33.33%,0.00%,Rp0,Rp0,Rp0,0,0,0,0,0,0,0,0,Rp0,0,0,0,0.00%,0,0.00%,0.00%,0,0,0.00%,0,0.00%,0.00%,Rp0,Rp0,Rp0,Rp0,Rp0,Rp0,Rp0,0,0,0,0,Rp0,0,0,0,187,1,0.53%,1,100.00%,0.00%,37,1,2.70%,1,100.00%,0.00%,0,0,0.00%,0,0.00%,0.00%,0,0,0.00%,0,0.00%,0.00%,6,0,0.00%,0,0.00%,0.00%,6,0,0.00%,0,0.00%,0.00%,Rp0,Rp0,Rp0,0,0,0,0,0,0,0,0,Rp0,1618,57,3.52%,7,12.28%,0.00%,1399,46,3.29%,6,13.04%,0.00%
Adaptor Chainsaw Gerinda Set Gerinda Menjadi Gergaji Chainsaw Set Dengan Mesin Gerinda 4 in,1729669840763520509,GMV & produk terjual = 0,Nonaktif,Rp0,Rp0,Rp0,Rp0,Rp0,Rp0,Rp0,Rp0,Rp0,Rp0,Rp0,Rp0,Rp0,Rp0,Rp0,0,0,0,0,Rp0,29,8,27.59%,0,0.00%,0.00%,13,2,15.38%,0,0.00%,0.00%,Rp0,Rp0,Rp0,Rp0,Rp0,0,0,24,6,1,0,25.00%,0.00%,Rp0,0,Rp0,Rp0,Rp0,0,0,0,0,0,0,0,0,Rp0,0,0,0,0.00%,0,0.00%,0.00%,0,0,0.00%,0,0.00%,0.00%,Rp0,Rp0,Rp0,0,0,0,0,0,0,0,0,Rp0,0,0,0,0.00%,0,0.00%,0.00%,0,0,0.00%,0,0.00%,0.00%,Rp0,Rp0,Rp0,Rp0,Rp0,Rp0,Rp0,0,0,0,0,Rp0,0,0,0,3,2,66.67%,0,0.00%,0.00%,2,1,50.00%,0,0.00%,0.00%,0,0,0.00%,0,0.00%,0.00%,0,0,0.00%,0,0.00%,0.00%,3,2,66.67%,0,0.00%,0.00%,2,1,50.00%,0,0.00%,0.00%,Rp0,Rp0,Rp0,0,0,0,0,0,0,0,0,Rp0,26,6,23.08%,0,0.00%,0.00%,10,1,10.00%,0,0.00%,0.00%
Fujiyama 9pcs Kunci L Long Hex Key Set T10-T50 Kunci L Set KUNCI awet  L BINTANG SET,1733449092059137533,GMV & produk terjual = 0,Aktif,Rp0,Rp0,Rp0,Rp0,Rp0,Rp0,Rp0,Rp0,Rp0,Rp0,Rp0,Rp0,Rp0,Rp0,Rp0,0,0,0,0,Rp0,337,7,2.08%,0,0.00%,0.00%,306,7,2.29%,0,0.00%,0.00%,Rp0,Rp0,Rp0,Rp0,Rp0,0,0,193,5,5,0,2.59%,0.00%,Rp0,0,Rp0,Rp0,Rp0,0,0,0,0,0,0,0,0,Rp0,0,0,0,0.00%,0,0.00%,0.00%,0,0,0.00%,0,0.00%,0.00%,Rp0,Rp0,Rp0,0,0,0,0,0,0,0,0,Rp0,0,0,0,0.00%,0,0.00%,0.00%,0,0,0.00%,0,0.00%,0.00%,Rp0,Rp0,Rp0,Rp0,Rp0,Rp0,Rp0,0,0,0,0,Rp0,0,0,0,3,0,0.00%,0,0.00%,0.00%,3,0,0.00%,0,0.00%,0.00%,0,0,0.00%,0,0.00%,0.00%,0,0,0.00%,0,0.00%,0.00%,3,0,0.00%,0,0.00%,0.00%,3,0,0.00%,0,0.00%,0.00%,Rp0,Rp0,Rp0,0,0,0,0,0,0,0,0,Rp0,334,7,2.10%,0,0.00%,0.00%,299,7,2.34%,0,0.00%,0.00%
YUKIDO Kunci Sok Set 24 Pcs SOK SET SHOCK dengan Adaptor 1/2 Inch dan Mata Sok 6pt hingga 12pt Universal Joint dan Ratchet Handle Car Repair Tool 24 pcs,1729637998168607229,GMV & produk terjual = 0,Aktif,Rp0,Rp0,Rp0,Rp0,Rp0,Rp0,Rp0,Rp0,Rp0,Rp0,Rp0,Rp0,Rp0,Rp0,Rp0,0,0,0,0,Rp0,7383,405,5.49%,6,1.48%,0.00%,6212,352,5.67%,6,1.70%,0.00%,Rp0,Rp0,Rp0,Rp0,Rp0,0,0,2429,107,93,0,4.41%,0.00%,Rp0,0,Rp0,Rp0,Rp0,0,0,0,0,0,0,0,0,Rp0,3,225,10,4.44%,0,0.00%,0.00%,198,10,5.05%,0,0.00%,0.00%,Rp0,Rp0,Rp0,0,0,0,0,0,0,0,0,Rp0,1,680,57,8.38%,0,0.00%,0.00%,568,47,8.27%,0,0.00%,0.00%,Rp0,Rp0,Rp0,Rp0,Rp0,Rp0,Rp0,0,0,0,0,Rp0,14,10,6,2536,172,6.78%,1,0.58%,0.00%,2059,150,7.29%,1,0.67%,0.00%,279,1,0.36%,0,0.00%,0.00%,245,1,0.41%,0,0.00%,0.00%,1917,166,8.66%,1,0.60%,0.00%,1602,146,9.11%,1,0.68%,0.00%,Rp0,Rp0,Rp0,0,0,0,0,0,0,0,0,Rp0,3941,166,4.21%,5,3.01%,0.00%,3423,148,4.32%,5,3.38%,0.00%
TEKIRO OBENG KETOK 5 PCS ORIGINAL / IMPACT DRIVER,1729701008370534909,GMV & produk terjual = 0,Aktif,Rp0,Rp0,Rp0,Rp0,Rp0,Rp0,Rp0,Rp0,Rp0,Rp0,Rp0,Rp0,Rp0,Rp0,Rp0,0,0,0,0,Rp0,19,0,0.00%,0,0.00%,0.00%,18,0,0.00%,0,0.00%,0.00%,Rp0,Rp0,Rp0,Rp0,Rp0,0,0,17,0,0,0,0.00%,0.00%,Rp0,0,Rp0,Rp0,Rp0,0,0,0,0,0,0,0,0,Rp0,0,0,0,0.00%,0,0.00%,0.00%,0,0,0.00%,0,0.00%,0.00%,Rp0,Rp0,Rp0,0,0,0,0,0,0,0,0,Rp0,0,0,0,0.00%,0,0.00%,0.00%,0,0,0.00%,0,0.00%,0.00%,Rp0,Rp0,Rp0,Rp0,Rp0,Rp0,Rp0,0,0,0,0,Rp0,0,0,0,0,0,0.00%,0,0.00%,0.00%,0,0,0.00%,0,0.00%,0.00%,0,0,0.00%,0,0.00%,0.00%,0,0,0.00%,0,0.00%,0.00%,0,0,0.00%,0,0.00%,0.00%,0,0,0.00%,0,0.00%,0.00%,Rp0,Rp0,Rp0,0,0,0,0,0,0,0,0,Rp0,19,0,0.00%,0,0.00%,0.00%,17,0,0.00%,0,0.00%,0.00%
Yukido Tang Potong Multifungsi 8INC / Diagonal Pliers Heavy Duty AB88-3HD,1729715219825068541,GMV & produk terjual = 0,Aktif,Rp0,Rp0,Rp0,Rp0,Rp0,Rp0,Rp0,Rp0,Rp0,Rp0,Rp0,Rp0,Rp0,Rp0,Rp0,0,0,0,0,Rp0,1026,37,3.61%,1,2.70%,0.00%,862,30,3.48%,1,3.33%,0.00%,Rp0,Rp0,Rp0,Rp0,Rp0,0,0,543,30,25,0,5.52%,0.00%,Rp0,0,Rp0,Rp0,Rp0,0,0,0,0,0,0,0,0,Rp0,0,0,0,0.00%,0,0.00%,0.00%,0,0,0.00%,0,0.00%,0.00%,Rp0,Rp0,Rp0,0,0,0,0,0,0,0,0,Rp0,0,38,1,2.63%,0,0.00%,0.00%,35,1,2.86%,0,0.00%,0.00%,Rp0,Rp0,Rp0,Rp0,Rp0,Rp0,Rp0,0,0,0,0,Rp0,2,3,0,486,20,4.12%,1,5.00%,0.00%,354,15,4.24%,1,6.67%,0.00%,124,0,0.00%,0,0.00%,0.00%,86,0,0.00%,0,0.00%,0.00%,339,20,5.90%,1,5.00%,0.00%,249,15,6.02%,1,6.67%,0.00%,Rp0,Rp0,Rp0,0,0,0,0,0,0,0,0,Rp0,501,16,3.19%,0,0.00%,0.00%,452,13,2.88%,0,0.00%,0.00%
Mata Shock Deep Impact Asli YUKIDO Japan 1 inch 20 21 24 26 27 30 32 33 34 36 38 41 mm  satuan Mata kunci Deep impact Socket,1735894341056300541,GMV & produk terjual = 0,Aktif,Rp0,Rp0,Rp0,Rp0,Rp0,Rp0,Rp0,Rp0,Rp0,Rp0,Rp0,Rp0,Rp0,Rp0,Rp0,0,0,0,0,Rp0,6354,79,1.24%,3,3.80%,0.00%,5655,72,1.27%,3,4.17%,0.00%,Rp0,Rp0,Rp0,Rp0,Rp0,0,0,2947,41,38,0,1.39%,0.00%,Rp0,0,Rp0,Rp0,Rp0,0,0,0,0,0,0,0,0,Rp0,16,688,7,1.02%,0,0.00%,0.00%,650,6,0.92%,0,0.00%,0.00%,Rp0,Rp0,Rp0,0,0,0,0,0,0,0,0,Rp0,1,79,0,0.00%,0,0.00%,0.00%,75,0,0.00%,0,0.00%,0.00%,Rp0,Rp0,Rp0,Rp0,Rp0,Rp0,Rp0,0,0,0,0,Rp0,6,2,5,475,2,0.42%,1,50.00%,0.00%,333,2,0.60%,1,50.00%,0.00%,114,1,0.88%,0,0.00%,0.00%,108,1,0.93%,0,0.00%,0.00%,135,1,0.74%,0,0.00%,0.00%,120,1,0.83%,0,0.00%,0.00%,Rp0,Rp0,Rp0,0,0,0,0,0,0,0,0,Rp0,5111,70,1.37%,2,2.86%,0.00%,4603,64,1.39%,2,3.13%,0.00%
Kunci Oli Filter 8 Inch Sabuk 200 mm - Oil Filter Wrench Belt EL8-9SFO,1729652317286271485,GMV & produk terjual = 0,Aktif,Rp0,Rp0,Rp0,Rp0,Rp0,Rp0,Rp0,Rp0,Rp0,Rp0,Rp0,Rp0,Rp0,Rp0,Rp0,0,0,0,0,Rp0,295,1,0.34%,0,0.00%,0.00%,264,1,0.38%,0,0.00%,0.00%,Rp0,Rp0,Rp0,Rp0,Rp0,0,0,160,1,1,0,0.63%,0.00%,Rp0,0,Rp0,Rp0,Rp0,0,0,0,0,0,0,0,0,Rp0,0,1,0,0.00%,0,0.00%,0.00%,1,0,0.00%,0,0.00%,0.00%,Rp0,Rp0,Rp0,0,0,0,0,0,0,0,0,Rp0,0,0,0,0.00%,0,0.00%,0.00%,0,0,0.00%,0,0.00%,0.00%,Rp0,Rp0,Rp0,Rp0,Rp0,Rp0,Rp0,0,0,0,0,Rp0,0,0,0,0,0,0.00%,0,0.00%,0.00%,0,0,0.00%,0,0.00%,0.00%,0,0,0.00%,0,0.00%,0.00%,0,0,0.00%,0,0.00%,0.00%,0,0,0.00%,0,0.00%,0.00%,0,0,0.00%,0,0.00%,0.00%,Rp0,Rp0,Rp0,0,0,0,0,0,0,0,0,Rp0,295,1,0.34%,0,0.00%,0.00%,259,1,0.39%,0,0.00%,0.00%
4 SET MATA BOR SET MATA BOR KAYU BESI BETON KERAMIK,1729740149978924541,GMV & produk terjual = 0,Aktif,Rp0,Rp0,Rp0,Rp0,Rp0,Rp0,Rp0,Rp0,Rp0,Rp0,Rp0,Rp0,Rp0,Rp0,Rp0,0,0,0,0,Rp0,802,18,2.24%,2,11.11%,0.00%,718,18,2.51%,2,11.11%,0.00%,Rp0,Rp0,Rp0,Rp0,Rp0,0,0,417,9,9,0,2.16%,0.00%,Rp0,0,Rp0,Rp0,Rp0,0,0,0,0,0,0,0,0,Rp0,0,0,0,0.00%,0,0.00%,0.00%,0,0,0.00%,0,0.00%,0.00%,Rp0,Rp0,Rp0,0,0,0,0,0,0,0,0,Rp0,0,0,0,0.00%,0,0.00%,0.00%,0,0,0.00%,0,0.00%,0.00%,Rp0,Rp0,Rp0,Rp0,Rp0,Rp0,Rp0,0,0,0,0,Rp0,0,0,0,0,0,0.00%,0,0.00%,0.00%,0,0,0.00%,0,0.00%,0.00%,0,0,0.00%,0,0.00%,0.00%,0,0,0.00%,0,0.00%,0.00%,0,0,0.00%,0,0.00%,0.00%,0,0,0.00%,0,0.00%,0.00%,Rp0,Rp0,Rp0,0,0,0,0,0,0,0,0,Rp0,802,18,2.24%,2,11.11%,0.00%,711,18,2.53%,2,11.11%,0.00%
